Event,Data_Source,Depth [m],Latitude,Longitude,symbiont-barren non-spinose,symbiont-barren spinose,symbiont-bearing non-spinose,symbiont-bearing spinose,symbiont-facultative non-spinose,symbiont-facultative spinose,symbiont-obligate spinose,undetermined non-spinose
117-723A,forcens_lgm,,18.0518,57.609,0.019,0.502,0,0,0.19,0.004,0.226,0.056
165-999A,forcens_lgm,,12.744,-78.7393,0.076,0.019,0,0.036,0.399,0,,0
17938-2,forcens_lgm,3.65,19.78,117.53,0.00903614457,0.06325301205,0,0.0391566265,0.68975903619,0,0.19879518077,0
17938-2,forcens_lgm,3.75,19.78,117.53,0.01529051988,0.06727828746,0,0.03058103976,0.62996941898,0,0.2354740061,0.00305810398
17938-2,forcens_lgm,3.85,19.78,117.53,0.01230769231,0.07076923077,0,0.02769230769,0.5753846154,0,0.30769230772,0
17938-2,forcens_lgm,3.95,19.78,117.53,0.01265822784,0.09071729958,0,0.0358649789,0.56118143463,0,0.29957805902,0
17938-2,forcens_lgm,4.05,19.78,117.53,0.00982800983,0.04422604423,0,0.02702702703,0.656019656,0,0.24570024572,0
17938-2,forcens_lgm,4.15,19.78,117.53,0.0107913669,0.1079136691,0,0.01798561151,0.55035971227,0,0.30575539564,0
17938-2,forcens_lgm,4.25,19.78,117.53,0.01766004415,0.09492273731,0,0.03311258278,0.50772626935,0,0.32891832234,0
17938-2,forcens_lgm,4.35,19.78,117.53,0.03265306123,0.07346938776,0,0.02448979592,0.56734693881,0,0.28163265308,0
17938-2,forcens_lgm,4.45,19.78,117.53,0.0070754717,0.04009433962,0,0.03066037736,0.68160377361,0,0.22877358492,0
17938-2,forcens_lgm,4.55,19.78,117.53,0.00549450549,0.07142857143,0,0.01648351648,0.57692307692,0,0.31318681319,0
17938-2,forcens_lgm,4.65,19.78,117.53,0.01285347043,0.05398457584,0,0.01028277635,0.5475578406,0,0.35218508993,0
17938-2,forcens_lgm,4.75,19.78,117.53,0.01355932204,0.04406779661,0,0.04406779661,0.66779661013,0,0.20677966107,0
17938-2,forcens_lgm,4.85,19.78,117.53,0.0522388,0.05970149253,0,0.0223880597,0.57089544173,0,0.26119402986,0.00373134328
17938-2,forcens_lgm,4.95,19.78,117.53,0.01608579088,0.03753351206,0,0.00804289544,0.71581769444,0,0.21179624665,0.00268096515
17938-2,forcens_lgm,5.05,19.78,117.53,0.02732240437,0.06010928962,0,0.0300546448,0.58196721314,0,0.28142076507,0.00273224044
17938-2,forcens_lgm,5.15,19.78,117.53,0.02960526316,0.04276315789,0,0.01973684211,0.60526315793,0,0.29276315789,0
17938-2,forcens_lgm,5.25,19.78,117.53,0.03413654619,0.0421686747,0,0.0140562249,0.62650602413,0,0.2771084337,0.00602409639
17938-2,forcens_lgm,5.35,19.78,117.53,0.0290102389,0.06484641638,0,0.03071672355,0.64675767916,0,0.22184300343,0.00341296928
17938-2,forcens_lgm,5.45,19.78,117.53,0.01428571429,0.1306122449,0,0.02653061224,0.54081632656,0,0.27959183671,0
17938-2,forcens_lgm,5.55,19.78,117.53,0.05394190871,0.0622406639,0,0.02074688796,0.64315352697,0,0.21161825722,0
17938-2,forcens_lgm,5.6,19.78,117.53,0.02502316961,0.07877664504,0,0.0092678406,0.64411492124,0,0.23632993511,0.00092678406
17938-2,forcens_lgm,5.65,19.78,117.53,0.0283286119,0.05099150142,0,0.02549575071,0.68555240791,0,0.18980169972,0
17938-2,forcens_lgm,5.75,19.78,117.53,0.0133037694,0.06208425721,0,0.0066518847,0.65410199561,0,0.24390243901,0.0044345898
17938-2,forcens_lgm,5.85,19.78,117.53,0.01678321678,0.04055944056,0,0.0055944056,0.79580419583,0,0.13566433566,0.0027972028
181-1123,forcens_lgm,,-41.786,-171.499,0.839786642244157,0.67400189952851,0,0,0.477680540008819,0,0.00853091821851362,0
202-1240,forcens_lgm,,0.02185,-86.46263,0.7604,,0,0.1011,,0,0.5929,0.0045
31-KL,forcens_lgm,1.61,18.75,115.87,0.0762195122,0.04268292683,0,0.01219512195,0.54573170733,0,0.30182926825,0.00914634146
31-KL,forcens_lgm,1.65,18.75,115.87,0.06965174129,0.06467661692,0,0.00995024876,0.56218905472,0,0.26368159205,0.00995024876
31-KL,forcens_lgm,1.69,18.75,115.87,0.08163265306,0.05612244898,0,0.01530612245,0.65306122447,0,0.18877551018,0
31-KL,forcens_lgm,1.73,18.75,115.87,0.05362776024,0.05047318612,0,0.01261829653,0.58044164033,0,0.27444794949,0
31-KL,forcens_lgm,1.77,18.75,115.87,0.04810996564,0.07560137457,0,0.00687285224,0.67353951886,0,0.17182130584,0.01718213058
31-KL,forcens_lgm,1.81,18.75,115.87,0.02926829268,0.08292682927,0,0.00975609756,0.69756097561,0,0.17073170734,0.00487804878
31-KL,forcens_lgm,1.85,18.75,115.87,0.04926108374,0.05418719212,0,0.00985221675,0.64532019704,0,0.21674876846,0
31-KL,forcens_lgm,1.89,18.75,115.87,0.02873563218,0.1091954023,0,0.01149425288,0.62068965513,0,0.20689655172,0
31-KL,forcens_lgm,1.97,18.75,115.87,0.03745318351,0.07490636704,0,0,0.61423220969,0,0.26217228465,0.00374531835
31-KL,forcens_lgm,2.01,18.75,115.87,0.06451612904,0.03870967742,0,0.01290322581,0.64516129034,0,0.20000000006,0
31-KL,forcens_lgm,2.05,18.75,115.87,0.03431372549,0.05882352941,0,0,0.57843137256,0,0.30392156858,0.01960784314
31-KL,forcens_lgm,2.09,18.75,115.87,0.0701754386,0.03070175439,0,0.00877192982,0.61842105269,0,0.25438596486,0.01315789474
31-KL,forcens_lgm,2.13,18.75,115.87,0.07291666666,0.05729166667,0,0.015625,0.67708333327,0,0.17708333334,0
31-KL,forcens_lgm,2.17,18.75,115.87,0.09523809524,0.02857142857,0,0.00476190476,0.71428571429,0,0.14285714284,0
6706-2,forcens_lgm,259,42.16,-124.94,0.549,0.421,0,0,0.03,0,0,0
80KB11,forcens_lgm,,36.5,24.3,0,0,0,0,0,0,0,0
A015558,forcens_lgm,0.58,8.983333333,51.73333333,0,0,0,0,0,0,0,0
A156-04,forcens_lgm,750,34.817,-74.683,0.0619195046439629,0.111455108359133,0,0.0619195046439629,0.303405572755418,0,0.461300309597523,0
A164-05,forcens_lgm,171,37.767,-71.235,0.336182336182336,0.0968660968660969,0,0.0227920227920228,0.441595441595442,0,0.102564102564103,0
A164-06,forcens_lgm,109,38.133,-69.851,0.516129032258065,0.155913978494624,0,0,0.252688172043011,0.00537634408602151,0.0698924731182796,0
A164-24,forcens_lgm,75,36.483,-69,0.166666666666667,0.0448717948717949,0,0.00641025641025641,0.544871794871795,0,0.237179487179487,0
A164-61,forcens_lgm,100,39.535,-68.783,0.323155216284987,0.175572519083969,0,0.0229007633587786,0.384223918575064,0,0.0916030534351145,0
A167-13,forcens_lgm,140,31.65,-75.35,0.161490683229814,0.046583850931677,0,0.0341614906832298,0.372670807453416,0,0.360248447204969,0
A167-14,forcens_lgm,100,31.467,-76.467,0.149847094801223,0.0397553516819572,0,0.055045871559633,0.35474006116208,0,0.388379204892966,0
A172-01,forcens_lgm,40,17.233,-73.467,0.0545073375262055,0.0230607966457023,0,0.0314465408805032,0.207547169811321,0,0.683438155136268,0
A172-02,forcens_lgm,60,16.2,-72.317,0.0423529411764706,0.0211764705882353,0,0.0611764705882353,0.291764705882353,0.00235294117647059,0.581176470588235,0
A173-04,forcens_lgm,72,33.867,-62.533,0.235988200589971,0.0471976401179941,0,0.00294985250737463,0.566371681415929,0,0.147492625368732,0
A179-15,forcens_lgm,149,24.8,-75.933,0.0506912442396313,0.00691244239631336,0,0.152073732718894,0.149769585253456,0,0.631336405529954,0
A179-15,forcens_lgm,162,24.8,-75.933,0.0513595166163142,0.00453172205438067,0,0.125377643504532,0.175226586102719,0,0.643504531722055,0
A180-09,forcens_lgm,60,39.45,-45.95,0.527777777777778,0.159090909090909,0,0,0.252525252525253,0,0.0505050505050505,0
A180-15,forcens_lgm,60,39.267,-36.7,0.356612184249629,0.102526002971768,0,0.00297176820208024,0.401188707280832,0,0.12778603268945,0
A180-16,forcens_lgm,70,38.35,-32.483,0.295384615384615,0.270769230769231,0,0.0123076923076923,0.307692307692308,0,0.0953846153846154,0
A180-32,forcens_lgm,60,29.117,-26.25,0.196480938416422,0.0234604105571848,0,0.0234604105571848,0.234604105571848,0,0.513196480938416,0
A180-39,forcens_lgm,30,25.833,-19.3,0.44468546637744,0.195227765726681,0,0.00433839479392625,0.160520607375271,0,0.193058568329718,0
A180-47,forcens_lgm,350,15.318,-17.918,0.0432569974554707,0.575063613231552,0,0.0330788804071247,0.175572519083969,0,0.173027989821883,0
A180-48,forcens_lgm,529,15.317,-18.1,0.0306406685236769,0.3008356545961,0,0.0167130919220056,0.192200557103064,0,0.45125348189415,0
A180-56,forcens_lgm,100,12.235,-17.767,0.159041394335512,0.442265795206972,0,0.0152505446623094,0.115468409586057,0,0.261437908496732,0
A180-72,forcens_lgm,46,0.585,-21.783,0.39612188365651,0.0277008310249307,0,0.00277008310249308,0.445983379501385,0,0.124653739612188,0
A180-73,forcens_lgm,60,0.167,-23,0.596889269406393,0.0206430745814307,0,0.0274923896499239,0.861253805175038,0,0.476455479452055,0
A180-74,forcens_lgm,50,-0.05,-24.167,0.379888268156425,0.053072625698324,0,0.00279329608938547,0.324022346368715,0,0.220670391061453,0
A180-76,forcens_lgm,60,-0.767,-26.033,0.25,0.00806451612903226,0,0.00403225806451613,0.471774193548387,0.00403225806451613,0.254032258064516,0
AII 125-8 JPC 20,forcens_lgm,,26.03816667,-110.9301667,,,0,0,0.934059523022253,0,0.570646625695548,0
BC15,forcens_lgm,,41.95,5.93,0,0,0,0,0,0,0,0
BOFS14K,forcens_lgm,0.36,58.6288,-19.4349,0.91,0.054,0,0,0.036,0,0,0
BOFS14K,forcens_lgm,0.38,58.6288,-19.4349,0.872,0.099,0,0,0.029,0,0,0
BOFS14K,forcens_lgm,0.4,58.6288,-19.4349,0.892,0.074,0,0,0.033,0,0,0
BOFS14K,forcens_lgm,0.42,58.6288,-19.4349,0.875,0.084,0,0,0.04,0,0,0
BOFS14K,forcens_lgm,0.44,58.6288,-19.4349,0.934,0.048,0,0,0.018,0,0,0
BOFS14K,forcens_lgm,0.46,58.6288,-19.4349,0.799,0.168,0,0,0.031,0,0,0
BOFS16K,forcens_lgm,0.44,59.4693,-23.2427,0.919,0.079,0,0,0.002,0,0,0
BOFS16K,forcens_lgm,0.48,59.4693,-23.2427,0.852,0.141,0,0,0.005,0,0,0
BOFS17K,forcens_lgm,0.74,58.001,-16.5014,0.899,0.057,0,0,0.043,0,0,0
BOFS17K,forcens_lgm,0.76,58.001,-16.5014,0.926,0.036,0,0,0.037,0,0,0
BOFS17K,forcens_lgm,0.78,58.001,-16.5014,0.931,0.038,0,0,0.029,0,0,0
BOFS17K,forcens_lgm,0.8,58.001,-16.5014,0.822,0.116,0,0,0.061,0,0,0
BOFS17K,forcens_lgm,0.82,58.001,-16.5014,0.915,0.07,0,0,0.016,0,0,0
BOFS17K,forcens_lgm,0.84,58.001,-16.5014,0.815,0.125,0,0,0.06,0,0,0
BOFS17K,forcens_lgm,0.86,58.001,-16.5014,0.824,0.138,0,0,0.038,0,0,0
BOFS17K,forcens_lgm,0.88,58.001,-16.5014,0.8,0.134,0,0,0.065,0,0,0
BOFS17K,forcens_lgm,0.9,58.001,-16.5014,0.815,0.152,0,0,0.033,0,0,0
BOFS17K,forcens_lgm,0.92,58.001,-16.5014,0.681,0.262,0,0,0.058,0,0,0
BOFS17K,forcens_lgm,0.94,58.001,-16.5014,0.698,0.234,0,0,0.057,0,0.01,0
BOFS17K,forcens_lgm,0.96,58.001,-16.5014,0.59,0.323,0,0,0.068,0,0.02,0
BOFS17K,forcens_lgm,0.98,58.001,-16.5014,0.555,0.344,0,0,0.082,0,0.02,0
BOFS17K,forcens_lgm,1,58.001,-16.5014,0.516,0.403,0,0,0.064,0,0.013,0
BOFS17K,forcens_lgm,1.02,58.001,-16.5014,0.548,0.391,0,0,0.049,0,0.013,0
BOFS17K,forcens_lgm,1.04,58.001,-16.5014,0.604,0.339,0,0,0.042,0,0.01,0
BOFS31/1K,forcens_lgm,0.54,18.9979,-20.1621,0.421,0.304,0,0.004,0.184,0,0.063,0
BOFS31/1K,forcens_lgm,0.56,18.9979,-20.1621,0.426,0.283,0,0.009,0.214,0,0.043,0
BOFS31/1K,forcens_lgm,0.58,18.9979,-20.1621,0.43,0.296,0.002,0.003,0.217,0,0.044,0
BOFS31/1K,forcens_lgm,0.6,18.9979,-20.1621,0.394,0.271,0,0.006,0.236,0,0.076,0
BOFS31/1K,forcens_lgm,0.62,18.9979,-20.1621,0.388,0.295,0,0.003,0.216,0,0.06,0
BOFS31/1K,forcens_lgm,0.64,18.9979,-20.1621,0.382,0.292,0,0,0.226,0,0.069,0
BOFS31/1K,forcens_lgm,0.66,18.9979,-20.1621,0.399,0.276,0,0.003,0.207,0,0.084,0
BOFS31/1K,forcens_lgm,0.68,18.9979,-20.1621,0.327,0.339,0,0,0.233,0,0.081,0
BOFS5K,forcens_lgm,0.78,50.6876,-21.8635,0.983,0.012,0,0,0.002,0,0,0
BOFS5K,forcens_lgm,0.8,50.6876,-21.8635,0.935,0.048,0,0,0.007,0,0.003,0
BOFS5K,forcens_lgm,0.82,50.6876,-21.8635,0.943,0.041,0,0,0.017,0,0,0
BOFS5K,forcens_lgm,0.84,50.6876,-21.8635,0.954,0.03,0,0,0.016,0,0,0
BOFS5K,forcens_lgm,0.86,50.6876,-21.8635,0.968,0.027,0,0,0.002,0,0.002,0
BOFS5K,forcens_lgm,0.88,50.6876,-21.8635,0.967,0.028,0,0,0.002,0,0.002,0
BOFS5K,forcens_lgm,0.9,50.6876,-21.8635,0.948,0.028,0,0,0.022,0,0.004,0
BOFS5K,forcens_lgm,0.92,50.6876,-21.8635,0.947,0.045,0,0,0.007,0,0,0
BOFS5K,forcens_lgm,0.94,50.6876,-21.8635,0.928,0.051,0,0,0.019,0,0.003,0
BOFS5K,forcens_lgm,0.96,50.6876,-21.8635,0.924,0.048,0,0,0.029,0,0,0
BOFS8K,forcens_lgm,0.86,52.5033,-22.0623,0.972,0.011,0,0,0.017,0,0,0
BOFS8K,forcens_lgm,0.88,52.5033,-22.0623,0.956,0.039,0,0,0.006,0,0,0
BOFS8K,forcens_lgm,0.9,52.5033,-22.0623,0.992,0.005,0,0,0.003,0,0,0
BOFS8K,forcens_lgm,0.92,52.5033,-22.0623,0.973,0.01,0,0,0.017,0,0,0
BOFS8K,forcens_lgm,0.94,52.5033,-22.0623,0.993,0.003,0,0,0.005,0,0,0
BOFS8K,forcens_lgm,0.96,52.5033,-22.0623,0.98,0.004,0,0,0.015,0,0,0
BOFS8K,forcens_lgm,0.98,52.5033,-22.0623,0.97,0.019,0,0,0.007,0,0,0
BOFS8K,forcens_lgm,1,52.5033,-22.0623,0.978,0.01,0,0,0.013,0,0,0
BOFS8K,forcens_lgm,1.02,52.5033,-22.0623,0.976,0.022,0,0,0.003,0,0,0
BOFS8K,forcens_lgm,1.04,52.5033,-22.0623,0.965,0.014,0,0,0.021,0,0,0
BOFS8K,forcens_lgm,1.06,52.5033,-22.0623,0.965,0.025,0,0,0.009,0,0,0
BOFS8K,forcens_lgm,1.08,52.5033,-22.0623,0.962,0.034,0,0,0.005,0,0,0
BOFS8K,forcens_lgm,1.1,52.5033,-22.0623,0.965,0.029,0,0,0.006,0,0,0
BOFS8K,forcens_lgm,1.12,52.5033,-22.0623,0.971,0.025,0,0,0.003,0,0,0
BOFS8K,forcens_lgm,1.14,52.5033,-22.0623,0.961,0.028,0,0,0.01,0,0,0
BOFS8K,forcens_lgm,1.16,52.5033,-22.0623,0.942,0.055,0,0,0.003,0,0,0
BOFS8K,forcens_lgm,1.18,52.5033,-22.0623,0.951,0.042,0,0,0.008,0,0,0
BOFS8K,forcens_lgm,1.2,52.5033,-22.0623,0.942,0.036,0,0,0.021,0,0,0
BS79-22,forcens_lgm,,38.231,14.23,0,0,0,0,0,0,0,0
BS79-33,forcens_lgm,,38.157,14.018,0,0,0,0,0,0,0,0
BS79-37,forcens_lgm,,38.215,13.269,0,0,0,0,0,0,0,0
BS79-38,forcens_lgm,,38.247,13.346,0,0,0,0,0,0,0,0
CD154 17-17K,forcens_lgm,0.52,-33.32,29.47,0.07960199004,0.04554152315,0.00038270188,0.01990049751,0.51282051286,0,0.32721010336,0.003061615
CD154 17-17K,forcens_lgm,0.56,-33.32,29.47,0.11224105461,0.03917137476,0,0.01054613936,0.52580037673,0.00150659134,0.29077212801,0.0120527307
CD154 17-17K,forcens_lgm,0.6,-33.32,29.47,0.12612612612,0.05405405405,0.00056306306,0.02027027027,0.48536036031,0,0.29391891888,0.00225225225
CD154 17-17K,forcens_lgm,0.64,-33.32,29.47,0.11711711712,0.04523273273,0,0.03303303303,0.51201201201,0,0.27890390391,0
CH82-24,forcens_lgm,0.68,43.465,-30.66,0.169,0.541,0,0,0.097,0.145,0.048,0
CHAT 1K,forcens_lgm,40,-41.58333333,-171.5,0.38110749181,0.1726384365,0,0,0.4071661238,0,0.03908794788,0
CHAT 1K,forcens_lgm,50,-41.58333333,-171.5,0.43444730078,0.21593830334,0,0,0.30591259641,0,0.04370179949,0
D13989,forcens_lgm,,35.9,-7.409666667,,,0,0.03759654446,,0,,0
DED8707,forcens_lgm,,39.41,13.34,0,0,0,0,0,0,0,0
DGKS9603,forcens_lgm,169,28.148,127.271,0.08007718283,0.06271104679,0,0.0328027014,0.31934394594,0,0.37771345875,0
DGKS9603,forcens_lgm,171,28.148,127.271,0.07763221737,0.06695778749,0,0.03250849102,0.31683648713,0,0.37360504605,0
DGKS9603,forcens_lgm,173,28.148,127.271,0.07976934166,0.0682364248,0,0.03652090341,0.32484382504,0,0.35944257572,0
DGKS9603,forcens_lgm,175,28.148,127.271,0.05407011289,0.13963161022,0,0.09447415329,0.28045157459,0,0.32471776587,0
DGKS9603,forcens_lgm,177,28.148,127.271,0.05558876269,0.1416616856,0,0.09892408846,0.28989838612,0,0.32157800361,0
DGKS9603,forcens_lgm,180,28.148,127.271,0.05652435357,0.13650030066,0,0.09079975947,0.30006013233,0,0.32050511124,0
DGKS9603,forcens_lgm,182,28.148,127.271,0.05886200132,0.12426422499,0,0.08502289077,0.31393067362,0,0.3243950294,0
DGKS9603,forcens_lgm,184,28.148,127.271,0.05643044621,0.12335958005,0,0.08234908137,0.31102362205,0,0.32611548552,0
DGKS9603,forcens_lgm,186,28.148,127.271,0.05678851176,0.12075718015,0,0.08485639687,0.31266318541,0,0.32539164489,0
DGKS9603,forcens_lgm,188,28.148,127.271,0.06427289048,0.12423698385,0,0.07612208259,0.29084380606,0,0.32675044882,0
DGKS9603,forcens_lgm,191,28.148,127.271,0.06434911242,0.12573964497,0,0.08357988166,0.29142011838,0,0.31915680474,0
DGKS9603,forcens_lgm,193,28.148,127.271,0.05545680767,0.13082118734,0,0.08674013509,0.29434767156,0,0.30927835056,0
DGKS9603,forcens_lgm,195,28.148,127.271,0.05919220055,0.12883008357,0,0.08774373259,0.28969359336,0,0.30501392753,0
DGKS9603,forcens_lgm,197,28.148,127.271,0.05941931127,0.13099257259,0,0.08912896691,0.29439567863,0,0.30452397029,0
DGKS9603,forcens_lgm,199,28.148,127.271,0.05825242719,0.11812297734,0,0.08414239482,0.30177993524,0,0.31715210361,0
DGKS9603,forcens_lgm,201,28.148,127.271,0.06870828425,0.12092658029,0,0.08480565371,0.29839026311,0,0.30624263844,0
DGKS9603,forcens_lgm,204,28.148,127.271,0.06279287723,0.12183692596,0,0.08528584817,0.29240862229,0,0.31958762888,0
DGKS9603,forcens_lgm,206,28.148,127.271,0.06996819628,0.10904134485,0,0.05724670604,0.30940481599,0,0.32530667876,0
DGKS9603,forcens_lgm,208,28.148,127.271,0.07074395253,0.11684162483,0,0.061159288,0.30579643995,0,0.32359653127,0
DGKS9603,forcens_lgm,210,28.148,127.271,0.06124093473,0.14746172441,0,0.06526994359,0.25946817079,0,0.31909750199,0
DGKS9603,forcens_lgm,212,28.148,127.271,0.06418039895,0.15611448395,0,0.04249783174,0.28274067646,0,0.33000867299,0
DGKS9603,forcens_lgm,215,28.148,127.271,0.06292517007,0.14880952381,0,0.04336734694,0.29251700684,0,0.32142857145,0
DSDP site 588,forcens_lgm,0.42,-26.11,161.2266667,0.1324,0.1457,0,0.043,0.2748,0,0.3807,0
DSDP site 591,forcens_lgm,0.4,-31.58433333,164.4486667,0.22289999996,0.2707,0,0.0064,0.3184,0,0.1751,0
DSDP site 592,forcens_lgm,0.31,-36.47333333,165.4421667,0.3573,0.2943,0,0,0.3182,0,0.027,0
DSDP site 593,forcens_lgm,0.38,-40.5078,167.6745,0.3125,0.4425,0,0,0.24,0,0.0025,0.005
DSDP site 594,forcens_lgm,2.52,-45.5235,174.948,0,0,0,0,0,0,0,0
E-34,forcens_lgm,,19.26883333,-94.5115,0.766324477680712,0.565534806156582,0.00719433588793585,0,,0,,0
E-35,forcens_lgm,,19.16266667,-94.535,0.560767065923053,0.234733403530315,0.0155714274697076,0.0113905804011546,1.00435062031617,0,,0.015775727888022
E-37,forcens_lgm,,18.961,-94.50916667,0.704277744330724,0.204872366044551,0.004,0.004,0.0949913706602448,0,,0.00378787878787879
E26-001,forcens_lgm,0.61,-40.28333333,168.34,0,0,0,0,0,0,0,0
E27-030,forcens_lgm,0.6,-45.0667,147.2283,0,0,0,0,0,0,0,0
E36-023,forcens_lgm,0.19,-43.9167,150.0505556,0.20831168,0.607,0,0,0.1789,0,0.0064,0
E45-027,forcens_lgm,0.3,-43.23333333,105.5833333,0,0,0,0,0,0,0,0
E45-029,forcens_lgm,0.39,-44.88333333,106.5166667,0.355,0.493,0,0,0.153,0,0,0
E45-078,forcens_lgm,0.31,-45.037,114.348,0,0,0,0,0,0,0,0
E45-102,forcens_lgm,0.24,-33.61666667,113.5833333,0,0,0,0,0,0,0,0
E48-003,forcens_lgm,0.22,-41.02,100.0116667,0.205,0.618,0,0,0.169,0,0,0
E48-011,forcens_lgm,0.22,-29.7,97.58333333,0,0,0,0,0,0,0,0
E48-022,forcens_lgm,0.82,-39.895,85.41,0.35,0.507,0,0,0.129,0,0.004,0
E48-023,forcens_lgm,0.55,-39.515,83.72333333,0.379,0.418,0,0,0.13,0,0.063,0
E48-027,forcens_lgm,0.62,-38.54166667,79.89833333,0.329,0.501,0,0.003,0.154,0,0.009,0
E48-028,forcens_lgm,0.73,-38.54833333,79.91833333,0.382,0.403,0,0.006,0.178,0,0.024,0
E48-035,forcens_lgm,0.355,-30.35333333,86.485,0,0,0,0,0,0,0,0
E49-018,forcens_lgm,0.5,-46.05,90.16666667,0.622,0.238,0,0,0.134,0,0.006,0
E49-021,forcens_lgm,0.49,-42.18333333,94.88333333,0.238,0.578,0,0,0.175,0,0.009,0
E49-023,forcens_lgm,0.59,-47.11666667,95.08333333,0.851,0.1,0,0,0.049,0,0,0
E55-006,forcens_lgm,0.4,-38.8533,141.0633,0,0,0,0,0,0,0,0
EN6601-10,forcens_lgm,30.5,6.65,-21.9,0.147138964577657,0.0463215258855586,0,0.0217983651226158,0.198910081743869,0,0.583106267029973,0
FR1/94-GC03,forcens_lgm,0.3,-44.2606,149.9963889,0,0,0,0,0,0,0,0
FR10/95-GC05,forcens_lgm,0.67,-14.00916667,121.0263333,0.07387,0.032,0,0.0777,0.4464,0,0.36207,0
FR10/95-GC11,forcens_lgm,0.29,-17.64283333,114.9988333,0.063,0.0532,0,0.0797,0.3954,0,0.3986,0.0033
FR10/95-GC14,forcens_lgm,0.39,-20.04516667,112.6621667,0.033,0.245,0,0.0364,0.3907,0,0.2914,0
FR10/95-GC17,forcens_lgm,1.43,-22.129,113.5018333,0.013,0.143,0,0.055,0.561,0.003,0.22,0
FR10/95-GC20,forcens_lgm,0.64,-24.7445,111.8291667,0.003,0.119,0,0.053,0.56,0,0.262,0
FR10/95-GC29,forcens_lgm,0.91,-30.99183333,114.5895,0.04,0.129,0,0.016,0.576,0.003,0.201,0
FR2/96-GC10,forcens_lgm,0.26,-24.46416667,108.5101667,0.016,0.095,0,0.044,0.507,0.003,0.311,0
FR2/96-GC17,forcens_lgm,0.43,-12.24666667,112.7378333,0.1266,0.0849,0,0.009,0.4505,0,0.3164,0
FR2/96-GC27,forcens_lgm,1.29,-18.56183333,116.2668333,0.033,0.0463,0,0.0832,0.2549,0,0.5692,0.0033
GIK12309-2,forcens_lgm,1.62,26.8383,-15.11,0.333,0.318,0.001,0.003,0.286,0,0.037,0
GIK12309-2,forcens_lgm,1.73,26.8383,-15.11,0.275,0.409,0.001,0,0.233,0,0.065,0
GIK12309-2,forcens_lgm,1.82,26.8383,-15.11,0.332,0.352,0,0,0.247,0,0.059,0
GIK12310-4,forcens_lgm,1.11,23.4983,-18.7167,0.409,0.354,0,0.002,0.2,0,0.036,0
GIK12310-4,forcens_lgm,1.22,23.4983,-18.7167,0.416,0.304,0,0,0.241,0,0.04,0
GIK12328-5,forcens_lgm,1.8,21.145,-18.5733,0.265,0.446,0.001,0,0.237,0,0.044,0
GIK12328-5,forcens_lgm,1.9,21.145,-18.5733,0.204,0.412,0,0.003,0.353,0,0.023,0
GIK12328-5,forcens_lgm,2,21.145,-18.5733,0.248,0.312,0.002,0.002,0.361,0,0.068,0
GIK12328-5,forcens_lgm,2.1,21.145,-18.5733,0.267,0.335,0.002,0,0.383,0,0.01,0
GIK12329-6,forcens_lgm,0.49,19.3667,-19.93,0.329,0.257,0,0.002,0.328,0,0.082,0
GIK12337-5,forcens_lgm,1.6,15.9533,-18.1333,0.17,0.451,0,0.006,0.215,0,0.155,0
GIK12345-5,forcens_lgm,4.3,15.48,-17.36,0.309,0.2,0,0.014,0.332,0,0.146,0
GIK12345-5,forcens_lgm,4.4,15.48,-17.36,0.301,0.22,0,0.017,0.289,0,0.171,0
GIK12345-5,forcens_lgm,4.5,15.48,-17.36,0.232,0.223,0,0.017,0.366,0,0.162,0
GIK12345-5,forcens_lgm,4.6,15.48,-17.36,0.203,0.25,0,0.009,0.408,0,0.13,0
GIK12345-5,forcens_lgm,4.7,15.48,-17.36,0.155,0.312,0,0.007,0.392,0,0.133,0
GIK12345-5,forcens_lgm,4.8,15.48,-17.36,0.11,0.33,0,0.011,0.355,0,0.194,0
GIK12345-5,forcens_lgm,4.9,15.48,-17.36,0.135,0.404,0,0.011,0.274,0,0.175,0
GIK12347-2,forcens_lgm,3,15.825,-17.8617,0.361,0.233,0,0.009,0.261,0,0.136,0
GIK12347-2,forcens_lgm,3.1,15.825,-17.8617,0.352,0.234,0,0.01,0.299,0,0.103,0
GIK12347-2,forcens_lgm,3.2,15.825,-17.8617,0.395,0.196,0,0.006,0.305,0,0.096,0
GIK12379-1,forcens_lgm,2.33,23.135,-17.745,0.345,0.388,0,0.002,0.24,0,0.019,0
GIK12379-1,forcens_lgm,2.42,23.135,-17.745,0.317,0.384,0,0.001,0.264,0,0.028,0
GIK12379-1,forcens_lgm,2.52,23.135,-17.745,0.291,0.45,0,0.002,0.226,0,0.025,0
GIK12379-1,forcens_lgm,2.63,23.135,-17.745,0.462,0.261,0,0.001,0.242,0,0.026,0
GIK12379-1,forcens_lgm,2.73,23.135,-17.745,0.298,0.45,0,0.002,0.215,0,0.031,0
GIK12392-1,forcens_lgm,1.12,25.1717,-16.845,0.386,0.417,0,0,0.173,0,0.019,0
GIK12392-1,forcens_lgm,1.22,25.1717,-16.845,0.365,0.384,0,0.003,0.21,0.001,0.03,0
GIK12392-1,forcens_lgm,1.32,25.1717,-16.845,0.312,0.498,0,0,0.156,0,0.025,0
GIK12392-1,forcens_lgm,1.42,25.1717,-16.845,0.343,0.413,0,0.003,0.213,0,0.019,0
GIK13289-3,forcens_lgm,1.1,18.0732,-18.0092,0.276,0.385,0,0.004,0.306,0,0.028,0
GIK13289-3,forcens_lgm,1.2,18.0732,-18.0092,0.23,0.397,0,0,0.273,0,0.095,0
GIK13289-3,forcens_lgm,1.3,18.0732,-18.0092,0.145,0.523,0,0.003,0.24,0,0.088,0
GIK13291-1,forcens_lgm,1.2,18.1175,-18.075,0.311,0.306,0,0,0.299,0,0.05,0
GIK13291-1,forcens_lgm,1.3,18.1175,-18.075,0.235,0.477,0,0,0.197,0,0.066,0
GIK13291-1,forcens_lgm,1.38,18.1175,-18.075,0.153,0.4,0,0.006,0.316,0,0.081,0
GIK13291-1,forcens_lgm,1.44,18.1175,-18.075,0.119,0.493,0,0.005,0.302,0,0.061,0
GIK13291-1,forcens_lgm,1.5,18.1175,-18.075,0.121,0.482,0,0.008,0.365,0,0.016,0
GIK13291-1,forcens_lgm,1.6,18.1175,-18.075,0.119,0.456,0,0,0.354,0,0.04,0
GIK13519-1,forcens_lgm,0.27,5.67,-19.8517,0.11,0.106,0,0.02,0.158,0,0.606,0
GIK13519-1,forcens_lgm,0.3,5.67,-19.8517,0.122,0.102,0,0.027,0.197,0,0.552,0
GIK13519-1,forcens_lgm,0.35,5.67,-19.8517,0.06,0.058,0,0.008,0.225,0,0.649,0
GIK13521-1,forcens_lgm,0.36,3.02,-22.0317,0.17,0.026,0,0.005,0.338,0,0.458,0
GIK13521-1,forcens_lgm,0.39,3.02,-22.0317,0.312,0.041,0,0,0.465,0,0.169,0
GIK13521-1,forcens_lgm,0.42,3.02,-22.0317,0.321,0.021,0,0,0.564,0,0.088,0
GIK15612-2,forcens_lgm,0.53,44.36,-26.5433,0.705,0.258,0,0,0.032,0,0.006,0
GIK15612-2,forcens_lgm,0.56,44.36,-26.5433,0.689,0.269,0,0,0.031,0,0.01,0
GIK15612-2,forcens_lgm,0.6,44.36,-26.5433,0.675,0.255,0,0,0.066,0,0.004,0
GIK15612-2,forcens_lgm,0.67,44.36,-26.5433,0.599,0.357,0,0,0.042,0,0.002,0
GIK15627-3,forcens_lgm,0.2,29.1667,-12.0867,0.262,0.407,0,0.002,0.25,0,0.043,0
GIK15627-3,forcens_lgm,0.23,29.1667,-12.0867,0.17,0.373,0,0.01,0.191,0.021,0.231,0
GIK15627-3,forcens_lgm,0.24,29.1667,-12.0867,0.291,0.42,0,0.004,0.182,0,0.095,0
GIK15627-3,forcens_lgm,0.3,29.1667,-12.0867,0.203,0.447,0,0.009,0.269,0,0.055,0
GIK15627-3,forcens_lgm,0.34,29.1667,-12.0867,0.296,0.373,0,0,0.228,0,0.074,0
GIK15637-1,forcens_lgm,0.51,27.005,-18.9867,0.286,0.204,0,0,0.31,0.003,0.192,0
GIK15637-1,forcens_lgm,0.52,27.005,-18.9867,0.299,0.163,0,0.008,0.362,0,0.164,0
GIK15637-1,forcens_lgm,0.54,27.005,-18.9867,0.241,0.133,0,0.009,0.404,0.004,0.201,0
GIK15637-1,forcens_lgm,0.56,27.005,-18.9867,0.266,0.182,0,0,0.322,0,0.224,0
GIK15637-1,forcens_lgm,0.57,27.005,-18.9867,0.282,0.151,0,0.006,0.359,0,0.203,0
GIK15669-1,forcens_lgm,0.7,34.8917,-7.815,0.332,0.21,0,0.006,0.348,0,0.097,0
GIK15669-1,forcens_lgm,0.75,34.8917,-7.815,0.205,0.276,0,0.006,0.366,0,0.136,0
GIK15669-1,forcens_lgm,0.8,34.8917,-7.815,0.245,0.14,0,0,0.427,0,0.187,0
GIK15669-1,forcens_lgm,0.85,34.8917,-7.815,0.197,0.185,0,0.01,0.362,0,0.227,0
GIK15669-1,forcens_lgm,0.9,34.8917,-7.815,0.189,0.296,0,0.004,0.32,0,0.174,0
GIK16017-2,forcens_lgm,2.45,21.245,-17.8033,0.237,0.452,0,0,0.267,0,0.044,0
GIK16017-2,forcens_lgm,2.5,21.245,-17.8033,0.159,0.502,0,0,0.271,0,0.063,0
GIK16017-2,forcens_lgm,2.55,21.245,-17.8033,0.321,0.409,0,0,0.235,0,0.034,0
GIK16017-2,forcens_lgm,2.6,21.245,-17.8033,0.233,0.415,0,0.004,0.31,0,0.037,0
GIK16017-2,forcens_lgm,2.65,21.245,-17.8033,0.213,0.469,0,0.003,0.26,0,0.055,0
GIK16017-2,forcens_lgm,2.7,21.245,-17.8033,0.252,0.403,0,0,0.282,0,0.065,0
GIK16017-2,forcens_lgm,2.75,21.245,-17.8033,0.21,0.446,0,0.003,0.275,0,0.066,0
GIK16396-1,forcens_lgm,3.3,61.8722,-11.2423,0.982,0.017,0,0,0,0,0,0
GIK16396-1,forcens_lgm,3.5,61.8722,-11.2423,0.965,0.035,0,0,0,0,0,0
GIK16396-1,forcens_lgm,3.6,61.8722,-11.2423,0.988,0.013,0,0,0,0,0,0
GIK16396-1,forcens_lgm,3.7,61.8722,-11.2423,0.991,0.009,0,0,0,0,0,0
GIK16396-1,forcens_lgm,3.8,61.8722,-11.2423,0.995,0.002,0,0,0.003,0,0,0
GIK16396-1,forcens_lgm,3.9,61.8722,-11.2423,0.992,0.007,0,0,0,0,0,0
GIK16396-1,forcens_lgm,3.98,61.8722,-11.2423,0.992,0.007,0,0,0.001,0,0,0
GIK16396-1,forcens_lgm,4.02,61.8722,-11.2423,0.974,0.026,0,0,0,0,0,0
GIK16396-1,forcens_lgm,4.1,61.8722,-11.2423,0.978,0.022,0,0,0,0,0,0
GIK16396-1,forcens_lgm,4.2,61.8722,-11.2423,,0.043,0,0,0,0,0,0
GIK16396-1,forcens_lgm,4.3,61.8722,-11.2423,0.965,0.036,0,0,0,0,0,0
GIK16396-1,forcens_lgm,4.4,61.8722,-11.2423,0.978,0.021,0,0,0,0,0,0
GIK16396-1,forcens_lgm,4.5,61.8722,-11.2423,0.985,0.015,0,0,0,0,0,0
GIK16396-1,forcens_lgm,4.6,61.8722,-11.2423,0.991,0.009,0,0,0,0,0,0
GIK16396-1,forcens_lgm,4.7,61.8722,-11.2423,0.997,0.004,0,0,0,0,0,0
GIK16396-1,forcens_lgm,4.8,61.8722,-11.2423,0.994,0.004,0,0,0,0,0,0
GIK16396-1,forcens_lgm,4.9,61.8722,-11.2423,0.993,0.008,0,0,0,0,0,0
GIK16396-1,forcens_lgm,4.98,61.8722,-11.2423,0.987,0.011,0,0,0.003,0,0,0
GIK16396-1,forcens_lgm,5.02,61.8722,-11.2423,0.997,0.003,0,0,0,0,0,0
GIK16396-1,forcens_lgm,5.1,61.8722,-11.2423,0.992,0.008,0,0,0,0,0,0
GIK16396-1,forcens_lgm,5.2,61.8722,-11.2423,0.987,0.013,0,0,0.001,0,0,0
GIK16396-1,forcens_lgm,5.3,61.8722,-11.2423,0.979,0.029,0,0,0.001,0.001,0,0
GIK16396-1,forcens_lgm,5.4,61.8722,-11.2423,0.969,0.03,0,0,0,0,0,0
GIK16397-2,forcens_lgm,0.1,61.8725,-11.1787,0.98,0.014,0,0,0.006,0,0,0
GIK16397-2,forcens_lgm,0.6,61.8725,-11.1787,0.985,0.015,0,0,0,0,0,0
GIK16397-2,forcens_lgm,0.7,61.8725,-11.1787,0.983,0.017,0,0,0,0,0,0
GIK16397-2,forcens_lgm,0.82,61.8725,-11.1787,0.983,0.017,0,0,0,0,0,0
GIK16397-2,forcens_lgm,1.02,61.8725,-11.1787,0.976,0.02,0,0,0.003,0,0,0
GIK16397-2,forcens_lgm,1.2,61.8725,-11.1787,0.974,0.023,0,0,0.003,0,0,0
GIK16397-2,forcens_lgm,1.6,61.8725,-11.1787,0.969,0.027,0,0,0.005,0,0,0
GIK16415-2,forcens_lgm,0.45,9.5667,-19.095,0.141,0.057,0,0,0.622,0,0.182,0
GIK16457-2,forcens_lgm,0.3,5.385,-21.7517,0.103,0.06,0,0,0.24,0,0.592,0
GIK16458-1,forcens_lgm,0.26,5.335,-22.0533,0.076,0.044,0,0.005,0.175,0,0.7,0
GIK16458-1,forcens_lgm,0.28,5.335,-22.0533,0.068,0.05,0,0,0.167,0,0.716,0
GIK16458-1,forcens_lgm,0.3,5.335,-22.0533,0.086,0.052,0,0,0.182,0,0.681,0
GIK16458-2,forcens_lgm,0.29,5.335,-22.055,0.057,0.042,0,0.017,0.145,0,0.749,0
GIK16458-2,forcens_lgm,0.32,5.335,-22.055,0.023,0.049,0,0.008,0.14,0,0.781,0
GIK16772-2,forcens_lgm,0.3,-1.35,-11.9617,0.143,0.08,0,0.01,0.629,0,0.134,0
GIK16772-2,forcens_lgm,0.4,-1.35,-11.9617,0.317,0.066,0,0.006,0.539,0,0.069,0
GIK16776-1,forcens_lgm,0.25,3.735,-11.3983,0.009,0,0,0,0.678,0,0.312,0
GIK16776-1,forcens_lgm,0.4,3.735,-11.3983,0.043,0.056,0,0,0.55,0,0.35,0
GIK16867-2,forcens_lgm,0.55,-2.2017,5.1017,0.143,0.107,0,0.006,0.414,0,0.329,0
GIK16867-2,forcens_lgm,0.65,-2.2017,5.1017,0.154,0.166,0,0,0.37,0,0.311,0
GIK17045-3,forcens_lgm,0.95,52.425,-16.665,0.879,0.107,0,0,0.014,0,0,0
GIK17049-6,forcens_lgm,1.6,55.26,-26.725,,0.037,0,0,0.003,0.001,0,0
GIK17050-1,forcens_lgm,3.75,55.47,-27.8883,0.963,0.037,0,0,0,0,0,0
GIK17050-1,forcens_lgm,3.85,55.47,-27.8883,0.9,0.093,0,0,0.004,0,0.003,0
GIK17050-1,forcens_lgm,3.95,55.47,-27.8883,0.779,0.209,0,0,0.012,0.002,0,0
GIK17051-3,forcens_lgm,2.1,56.1633,-31.99,0.938,0.049,0,0,0.014,0,0,0
GIK17055-1,forcens_lgm,0.8,48.215,-27.0567,0.875,0.124,0,0,0,0,0,0
GIK17055-1,forcens_lgm,0.85,48.215,-27.0567,0.785,0.215,0,0,0,0,0,0
GIK17724-2,forcens_lgm,0.47,76,8.3333,0.998,0.001,0,0,0,0,0,0
GIK17724-2,forcens_lgm,0.53,76,8.3333,0.999,0,0,0,0,0,0,0
GIK17724-2,forcens_lgm,0.57,76,8.3333,0.998,0.002,0,0,0,0,0,0
GIK17724-2,forcens_lgm,0.58,76,8.3333,1,0,0,0,0,0,0,0
GIK17724-2,forcens_lgm,0.62,76,8.3333,1,0,0,0,0,0,0,0
GIK17725-1,forcens_lgm,0.3,77.46,4.58,0.992,0,0,0,0.008,0,0,0
GIK17730-4,forcens_lgm,1.4,72.1117,7.3883,0.995,0,0,0,0.004,0,0,0
GIK17730-4,forcens_lgm,1.45,72.1117,7.3883,0.983,0.012,0.002,0,0.004,0,0,0
GIK17730-4,forcens_lgm,1.47,72.1117,7.3883,0.998,0.003,0,0,0,0,0,0
GIK17730-4,forcens_lgm,1.5,72.1117,7.3883,,0.025,0.006,0,0,0,0,0
GIK17730-4,forcens_lgm,1.55,72.1117,7.3883,,0.019,0.002,0,0.013,0,0,0
GIK17730-4,forcens_lgm,1.57,72.1117,7.3883,1,0,0.001,0,0,0,0,0
GIK17940-2,forcens_lgm,875,20.11666667,117.3833333,0.123,0.165,0,0.031,0.412,0,0.208,0
GIK17940-2,forcens_lgm,885,20.11666667,117.3833333,0.127,0.156,0,0.035,0.433,0,0.196,0
GIK17940-2,forcens_lgm,895,20.11666667,117.3833333,0.109,0.143,0,0.02,0.427,0,0.235,0
GIK17940-2,forcens_lgm,905,20.11666667,117.3833333,0.111,0.149,0,0.019,0.423,0,0.247,0
GIK17940-2,forcens_lgm,915,20.11666667,117.3833333,0.125,0.15,0,0.023,0.338,0,0.318,0
GIK17940-2,forcens_lgm,925,20.11666667,117.3833333,0.122,0.124,0,0.011,0.401,0,0.243,0
GIK17940-2,forcens_lgm,935,20.11666667,117.3833333,0.119,0.164,0,0.017,0.408,0,0.249,0
GIK17954,forcens_lgm,102.5,14.79666667,111.525,0.154,0.104,0,0.01,0.259,0,0.441,0
GIK17954,forcens_lgm,112.5,14.79666667,111.525,0.166,0.082,0,0.025,0.248,0,0.44,0
GIK17954,forcens_lgm,122.5,14.79666667,111.525,0.166,0.079,0,0.027,0.21,0,0.506,0
GIK23056-2,forcens_lgm,0.3,68.5017,3.8383,0.949,0.043,0.002,0,0.005,0,0,0
GIK23056-2,forcens_lgm,0.35,68.5017,3.8383,0.981,0.019,0,0,0,0,0,0
GIK23065-2,forcens_lgm,0.3,68.495,0.8317,0.932,0.066,0,0,0.002,0,0,0
GIK23065-2,forcens_lgm,0.32,68.495,0.8317,0.998,0.003,0,0,0,0,0,0
GIK23065-2,forcens_lgm,0.34,68.495,0.8317,0.999,0,0,0,0.001,0,0,0
GIK23071-3,forcens_lgm,1.17,67.085,2.9083,0.998,0,0,0,0.002,0,0,0
GIK23071-3,forcens_lgm,1.18,67.085,2.9083,1,0,0,0,0,0,0,0
GIK23071-3,forcens_lgm,1.2,67.085,2.9083,1,0,0,0,0,0,0,0
GIK23071-3,forcens_lgm,1.28,67.085,2.9083,1,0,0,0,0,0,0,0
GIK23071-3,forcens_lgm,1.29,67.085,2.9083,1,0,0,0,0,0,0,0
GIK23071-3,forcens_lgm,1.3,67.085,2.9083,0.999,0,0,0,0,0,0,0
GIK23071-3,forcens_lgm,1.32,67.085,2.9083,0.998,0,0,0,0.002,0,0,0
GIK23071-3,forcens_lgm,1.34,67.085,2.9083,0.999,0,0,0,0.001,0,0,0
GIK23071-3,forcens_lgm,1.36,67.085,2.9083,1,0,0,0,0,0,0,0
GIK23071-3,forcens_lgm,1.38,67.085,2.9083,1,0,0,0,0,0,0,0
GIK23071-3,forcens_lgm,1.41,67.085,2.9083,1,0,0,0,0,0,0,0
GIK23071-3,forcens_lgm,1.43,67.085,2.9083,0.999,0,0,0,0.001,0,0,0
GIK23071-3,forcens_lgm,1.45,67.085,2.9083,0.997,0,0,0,0.003,0,0,0
GIK23071-3,forcens_lgm,1.47,67.085,2.9083,0.995,0,0,0,0.005,0,0,0
GIK23071-3,forcens_lgm,1.49,67.085,2.9083,1,0,0,0,0,0,0,0
GIK23071-3,forcens_lgm,1.53,67.085,2.9083,0.998,0.001,0,0,0.001,0,0,0
GIK23071-3,forcens_lgm,1.55,67.085,2.9083,0.998,0.001,0,0,0.001,0,0,0
GIK23071-3,forcens_lgm,1.57,67.085,2.9083,0.999,0,0,0,0.001,0,0,0
GIK23071-3,forcens_lgm,1.59,67.085,2.9083,1,0,0,0,0,0,0,0
GIK23071-3,forcens_lgm,1.61,67.085,2.9083,0.998,0.002,0,0,0,0,0,0
GIK23071-3,forcens_lgm,1.62,67.085,2.9083,0.999,0.001,0,0,0,0,0,0
GIK23071-3,forcens_lgm,1.64,67.085,2.9083,0.99,0.008,0,0,0.002,0,0,0
GIK23074-1,forcens_lgm,2.06,66.6667,4.905,0.998,0.002,0,0,0,0,0,0
GIK23074-1,forcens_lgm,2.1,66.6667,4.905,0.979,0.004,0,0,0.017,0,0,0
GIK23074-1,forcens_lgm,2.22,66.6667,4.905,0.996,0.002,0,0,0.001,0,0,0
GIK23074-1,forcens_lgm,2.32,66.6667,4.905,1,0,0,0,0.001,0,0,0
GIK23074-1,forcens_lgm,2.42,66.6667,4.905,1,0,0,0,0,0,0,0
GIK23074-1,forcens_lgm,2.52,66.6667,4.905,1,0,0,0,0,0,0,0
GIK23074-1,forcens_lgm,2.62,66.6667,4.905,0.988,0.001,0,0,0.011,0,0,0
GIK23074-1,forcens_lgm,2.71,66.6667,4.905,0.995,0.001,0,0,0.004,0,0,0
GIK23074-1,forcens_lgm,2.81,66.6667,4.905,0.995,0,0,0,0.005,0,0,0
GIK23074-1,forcens_lgm,2.91,66.6667,4.905,1,0,0,0,0,0,0,0
GIK23074-1,forcens_lgm,3.01,66.6667,4.905,1,0,0,0,0,0,0,0
GIK23074-1,forcens_lgm,3.11,66.6667,4.905,0.994,0,0,0,0.001,0,0,0
GIK23074-1,forcens_lgm,3.21,66.6667,4.905,1,0,0,0,0,0,0,0
GIK23074-1,forcens_lgm,3.31,66.6667,4.905,0.997,0,0,0,0.004,0,0,0
GIK23074-1,forcens_lgm,3.51,66.6667,4.905,0.988,0.004,0,0,0.007,0,0,0
GIK23074-1,forcens_lgm,3.71,66.6667,4.905,1,0,0,0,0,0,0,0
GIK23074-1,forcens_lgm,3.91,66.6667,4.905,0.977,0.016,0,0,0.008,0,0,0
GIK23074-1,forcens_lgm,3.93,66.6667,4.905,0.981,0.019,0,0,0,0,0,0
GIK23074-1,forcens_lgm,3.95,66.6667,4.905,0.973,0.027,0,0,0,0,0,0
GIK23074-1,forcens_lgm,4.11,66.6667,4.905,0.993,0.002,0,0,0.004,0,0,0
GIK23074-1,forcens_lgm,4.17,66.6667,4.905,1,0,0,0,0,0,0,0
GIK23262-2,forcens_lgm,2.6,72.2252,14.4273,0.991,0.007,0,0,0.002,0,0,0
GIK23294-4,forcens_lgm,1.2,72.3797,-10.5923,0.996,0.004,0,0,0,0,0,0
GIK23351-1,forcens_lgm,0.6,70.3622,-18.2053,0.994,0.001,0,0,0.005,0,0,0
GIK23354-6,forcens_lgm,0.8,70.3315,-10.6288,0,0,0,0,0,0,0,0
GIK23419-8,forcens_lgm,0.4,54.9617,-19.755,0.909,0.051,0,0,0.035,0.001,0.005,0
GIK23519-5,forcens_lgm,0.68,64.7973,-29.5958,0.984,0.011,0,0,0.003,0,0,0
GIK23519-5,forcens_lgm,0.78,64.7973,-29.5958,0.978,0.022,0,0,0,0,0,0
GIK23519-5,forcens_lgm,0.88,64.7973,-29.5958,0.996,0.004,0,0,0,0,0,0
GL-1090,forcens_lgm,,-24.92,-42.51,0.0331,0.0177,0,0.0442,0.2478,0,0.6548,0
GL-77,forcens_lgm,,-21.20611,-40.04722,0.0972394755003451,0.0623878536922015,0,0.0785369220151829,0.634920634920635,0,,0
GeoB 3302-1,forcens_lgm,,-33.218333,-72.09,,,0,0,,0,,0
GeoB10029-4,forcens_lgm,,-1.4945,100.128,0.235393147157853,0.0731828084769261,0,0.117448999801941,0.788671023965142,0,0.764507823331353,0.0207961972667855
GeoB10038-4,forcens_lgm,,-5.9375,103.246,0.258888014592797,0.239323652491148,0.00261096605744125,0.0890768625487321,0.7660502879216,0.00261096605744125,0.572266533137809,0.0639507850781502
GeoB10042-1,forcens_lgm,,-7.1135,104.6425,0.345253353840895,0.194608220114501,0,0.0464410834828676,1.05246517986841,0,0.327907374177561,0.0333247885157652
GeoB10043-3,forcens_lgm,,-7.30917,105.05867,0.292429046182054,0.309518125214867,0,0.0473423354597196,0.938528973604798,0,0.356129913289278,0.0560516062492838
GeoB10053-7,forcens_lgm,,-8.6765,112.8725,0.439725147897336,0.485225552990813,0.00239234449760766,0.114939541709342,0.524351468272773,0,0.391060427717566,0.0423055169145635
GeoB10069-3,forcens_lgm,,-9.59483,120.917,0.410706256405842,0.620487954398794,0.00301810865191147,0.322879844190637,0.882649104925189,0,0.656036365508886,0.0987973242008576
GeoB1008-3,forcens_lgm,2.18,-6.5823,10.3186,0.139,0.4131,0,7e-04,0.2693,0,0.1778,0
GeoB1008-3,forcens_lgm,2.23,-6.5823,10.3186,0.1867,0.2045,0,0,0.4367,0,0.1655,0.0065
GeoB1008-3,forcens_lgm,2.28,-6.5823,10.3186,0.1271,0.3633,0,0.006,0.3662,0,0.1361,0.0015
GeoB1008-3,forcens_lgm,2.33,-6.5823,10.3186,0.237,0.1996,0,0,0.3825,0,0.1708,0.0099
GeoB1008-3,forcens_lgm,2.38,-6.5823,10.3186,0.2342,0.2045,0,0,0.3432,0,0.2091,0.0091
GeoB1008-3,forcens_lgm,2.43,-6.5823,10.3186,0.2206,0.2753,0,0,0.1593,0,0.3201,0.0249
GeoB1008-3,forcens_lgm,2.48,-6.5823,10.3186,0.1415,0.2217,0,0,0.1509,0,0.4339,0.0519
GeoB1008-3,forcens_lgm,2.53,-6.5823,10.3186,0.226,0.3979,0,0.0087,0.137,0,0.2174,0.013
GeoB1008-3,forcens_lgm,2.58,-6.5823,10.3186,0.1473,0.2898,0,0,0.1739,0,0.3744,0.0145
GeoB1008-3,forcens_lgm,2.63,-6.5823,10.3186,0.1854,0.4057,0,0.005,0.2204,0,0.1723,0.0116
GeoB1016-3,forcens_lgm,0.73,-11.7705,11.6819,0.1848,0.2817,0,0.0078,0.3224,0,0.1744,0.0291
GeoB1016-3,forcens_lgm,0.78,-11.7705,11.6819,0.1185,0.0983,0,0.0145,0.4654,0,0.2833,0.0202
GeoB1016-3,forcens_lgm,0.88,-11.7705,11.6819,0.252,0.0879,0,0.002,0.2949,0,0.3341,0.0293
GeoB1028-5,forcens_lgm,0.93,-20.104,9.1858,0.4782,0.3357,0,0.005,0.1611,0,0.0201,0
GeoB1028-5,forcens_lgm,0.98,-20.104,9.1858,0.464,0.317,0,0.001,0.099,0,0.09,0
GeoB1028-5,forcens_lgm,1.03,-20.104,9.1858,0.4769,0.3,0,0,0.166,0,0.0573,0
GeoB1028-5,forcens_lgm,1.08,-20.104,9.1858,0.437,0.19,0,0.006,0.102,0,0.23,0
GeoB1031-4,forcens_lgm,0.28,-21.88,7.1017,0.3671,0.2007,0,0.0113,0.3054,0,0.1154,0
GeoB1031-4,forcens_lgm,0.33,-21.88,7.1017,0.4342,0.2327,0,0.0117,0.213,0,0.1086,0
GeoB1032-3,forcens_lgm,0.38,-22.915,6.0367,0.4415,0.1628,0,0.0198,0.2648,0,0.1111,0
GeoB1032-3,forcens_lgm,0.43,-22.915,6.0367,0.4415,0.1412,0,0.0159,0.2237,0,0.1778,0
GeoB1034-3,forcens_lgm,0.23,-21.735,5.4217,0.3647,0.1934,0,0.0071,0.2789,0,0.1561,0
GeoB1041-3,forcens_lgm,0.53,-3.475,-7.6,0.1863,0.1811,0,0,0.4508,0,0.1819,0
GeoB1041-3,forcens_lgm,0.58,-3.475,-7.6,0.2191,0.1308,0,0,0.4829,0,0.1673,0
GeoB1101-5,forcens_lgm,0.33,1.6583,-10.98,0.1838,0.0317,0,0,0.4927,0,0.292,0
GeoB1101-5,forcens_lgm,0.38,1.6583,-10.98,0.1238,0.0248,0,0.0013,0.605,0,0.2308,0.0143
GeoB1105-4,forcens_lgm,0.78,-1.665,-12.4283,0.2059,0.1917,0,0.0326,0.3868,0,0.1831,0
GeoB1105-4,forcens_lgm,0.83,-1.665,-12.4283,0.2493,0.1551,0,0.0036,0.3934,0,0.1932,0
GeoB1105-4,forcens_lgm,0.93,-1.665,-12.4283,0.3992,0.0991,0,0.0101,0.3193,0,0.1654,0
GeoB1105-4,forcens_lgm,1.03,-1.665,-12.4283,0.3389,0.1171,0,0.0075,0.3142,0,0.2172,0
GeoB1112-4,forcens_lgm,0.48,-5.7783,-10.75,0.1936,0.1492,0,0.0099,0.3194,0,0.3281,0
GeoB1112-4,forcens_lgm,0.53,-5.7783,-10.75,0.2138,0.1428,0,0.0136,0.2591,0,0.3638,0
GeoB1112-4,forcens_lgm,0.58,-5.7783,-10.75,0.1819,0.1408,0,0.0015,0.3226,0,0.3533,0
GeoB1115-4,forcens_lgm,0.63,-3.5583,-12.58,0.1487,0.1853,0,0.0123,0.3849,0,0.2616,0.0071
GeoB1115-4,forcens_lgm,0.68,-3.5583,-12.58,0.086,0.2062,0,0.0031,0.4166,0,0.287,0.001
GeoB1117-2,forcens_lgm,0.53,-3.815,-14.8967,0.2309,0.0812,0,0.0127,0.2411,0,0.4341,0
GeoB1117-2,forcens_lgm,0.58,-3.815,-14.8967,0.176,0.1465,0,0.0325,0.3876,0,0.2573,0
GeoB1117-2,forcens_lgm,0.63,-3.815,-14.8967,0.2793,0.1001,0,0.0122,0.43,0,0.1784,0
GeoB1214-1,forcens_lgm,0.23,-24.69,7.24,0.3863,0.205,0,0.0286,0.2517,0,0.1229,0.0052
GeoB1214-1,forcens_lgm,0.28,-24.69,7.24,0.4262,0.2272,0,0.0225,0.2141,0,0.11,0
GeoB1220-1,forcens_lgm,0.33,-24.0333,5.3067,0.4746,0.17,0,0.016,0.176,0.008,0.1553,0
GeoB1220-1,forcens_lgm,0.38,-24.0333,5.3067,0.418,0.1834,0,0.0426,0.2079,0,0.148,0
GeoB12615-4,forcens_lgm,,-7.138333,39.840833,0.20079575596817,0.150397877984085,0.00610079575596817,0.115915119363395,0.50132625994695,0.0026525198938992,0.943501326259947,0.0793103448275862
GeoB1306-1,forcens_lgm,0.19,-35.2067,-26.765,0.6595,0.1402,0,0,0.145,0,0.0514,0.0041
GeoB1309-2,forcens_lgm,0.18,-31.6667,-28.6667,0.3537,0.0526,0,0.0274,0.1522,0,0.4142,0
GeoB1312-2,forcens_lgm,0.13,-31.6617,-29.6567,0.2995,0.0063,0,0.0257,0.1653,0,0.5032,0
GeoB1413-4,forcens_lgm,0.19,-15.68,-9.455,0.1654,0.1054,0,0.0394,0.2865,0,0.4035,0
GeoB1413-4,forcens_lgm,0.23,-15.68,-9.455,0.1993,0.1069,0,0.0403,0.2553,0,0.3981,0
GeoB1417-1,forcens_lgm,0.33,-20.3667,-12.7067,0.1663,0.1897,0,0.0806,0.1756,0,0.3814,0.0064
GeoB1417-1,forcens_lgm,0.38,-20.3667,-12.7067,0.1133,0.1768,0,0.0643,0.2242,0.0035,0.414,0.0035
GeoB1419-2,forcens_lgm,0.23,-15.5367,-17.0683,0.0564,0.1445,0,0.0778,0.157,0,0.5612,0.0029
GeoB1501-4,forcens_lgm,0.33,-3.6783,-32.0067,0.2031,0.0157,0,0,0.1669,0,0.6063,0.0079
GeoB1501-4,forcens_lgm,0.38,-3.6783,-32.0067,0.1538,0.0181,0,0,0.1556,0.0017,0.6674,0.0035
GeoB1503-1,forcens_lgm,0.28,2.3117,-30.6467,0.1748,0.0572,0,0.0501,0.3317,0,0.3864,0
GeoB1503-1,forcens_lgm,0.33,2.3117,-30.6467,0.1946,0.0823,0,0.0533,0.2836,0,0.3863,0
GeoB1505-1,forcens_lgm,0.48,2.27,-33.01,0.1919,0.0425,0,0.0139,0.2592,0,0.491,0.0017
GeoB1505-1,forcens_lgm,0.53,2.27,-33.01,0.1984,0.0295,0,0.0024,0.2409,0,0.5289,0
GeoB1508-4,forcens_lgm,0.28,5.3333,-34.025,0.0902,0.003,0,0.0178,0.1723,0,0.7169,0
GeoB1515-1,forcens_lgm,0.48,4.2383,-43.6667,0.1223,0.013,0,0.0174,0.1686,0,0.6787,0
GeoB1515-1,forcens_lgm,0.53,4.2383,-43.6667,0.1299,0.0095,0,0.0142,0.1527,0,0.6867,0.0071
GeoB1515-1,forcens_lgm,0.63,4.2383,-43.6667,0.1162,0.0182,0,0.0093,0.1251,0,0.7304,0.001
GeoB1523-1,forcens_lgm,0.38,3.8317,-41.6217,0.1445,0.0048,0,0.0191,0.1527,0,0.679,0
GeoB1523-1,forcens_lgm,0.43,3.8317,-41.6217,0.1267,0.0139,0,0.0124,0.1575,0,0.6895,0
GeoB16224-1,forcens_lgm,,6.656333,-52.083167,0.327087831719719,0.184814028000279,0,0.0485738664066309,0.440473288291426,0,0.991397924357456,0.0076530612244898
GeoB1701-4,forcens_lgm,0.98,1.95,3.5517,0.1057,0.0299,0,0.0088,0.4845,0.0018,0.3586,0.0106
GeoB1701-4,forcens_lgm,1.03,1.95,3.5517,0.0679,0.0342,0,0.0233,0.4329,0,0.4387,0.0032
GeoB1701-4,forcens_lgm,1.08,1.95,3.5517,0.0715,0.0461,0,0.0188,0.4412,0,0.415,0.0075
GeoB1701-4,forcens_lgm,1.13,1.95,3.5517,0.1861,0.0193,0,0.0281,0.403,0,0.3635,0
GeoB1701-4,forcens_lgm,1.18,1.95,3.5517,0.2457,0.0438,0,0.0097,0.3772,0.0024,0.3212,0
GeoB1706-2,forcens_lgm,1.23,-19.5617,11.175,0.6151,0.2217,0,0.0209,0.113,0,0.021,0
GeoB1706-2,forcens_lgm,1.28,-19.5617,11.175,0.801,0.1104,0,0.0221,0.0442,0,0.022,0
GeoB1706-2,forcens_lgm,1.33,-19.5617,11.175,0.8135,0.1314,0,0,0.0423,0,0.0085,0
GeoB1706-2,forcens_lgm,1.38,-19.5617,11.175,0.8129,0.0886,0,0.0148,0.0542,0,0.0197,0
GeoB1711-4,forcens_lgm,1.73,-23.315,12.3767,0.823,0.122,0,0,0.052,0,0.003,0
GeoB1711-4,forcens_lgm,1.78,-23.315,12.3767,0.738,0.184,0,0,0.079,0,0,0
GeoB1711-4,forcens_lgm,1.83,-23.315,12.3767,0.813,0.127,0,0,0.062,0,0,0
GeoB1711-4,forcens_lgm,1.88,-23.315,12.3767,0.75,0.112,0,0,0.131,0,0.003,0
GeoB1711-4,forcens_lgm,1.93,-23.315,12.3767,0.666,0.175,0,0,0.15,0,0.003,0
GeoB1711-4,forcens_lgm,1.98,-23.315,12.3767,0.763,0.131,0,0,0.095,0,0.009,0
GeoB1711-4,forcens_lgm,2.03,-23.315,12.3767,0.811,0.1,0,0,0.082,0,0,0
GeoB1711-4,forcens_lgm,2.08,-23.315,12.3767,0.823,0.104,0,0.002,0.056,0,0.002,0
GeoB1711-4,forcens_lgm,2.13,-23.315,12.3767,0.846,0.087,0,0.003,0.052,0,0,0
GeoB1711-4,forcens_lgm,2.18,-23.315,12.3767,0.737,0.19,0,0,0.065,0,0.007,0
GeoB1711-4,forcens_lgm,2.23,-23.315,12.3767,0.795,0.142,0,0,0.055,0,0.003,0
GeoB1711-4,forcens_lgm,2.28,-23.315,12.3767,0.739,0.178,0,0,0.069,0,0.008,0
GeoB1711-4,forcens_lgm,2.33,-23.315,12.3767,0.691,0.192,0,0,0.106,0,0.004,0
GeoB1711-4,forcens_lgm,2.38,-23.315,12.3767,0.803,0.154,0,0,0.028,0,0.01,0
GeoB1711-4,forcens_lgm,2.43,-23.315,12.3767,0.895,0.065,0,0,0.025,0,0.005,0
GeoB1711-4,forcens_lgm,2.48,-23.315,12.3767,0.763,0.118,0,0,0.114,0,0,0
GeoB1711-4,forcens_lgm,2.53,-23.315,12.3767,0.762,0.173,0,0,0.065,0,0,0
GeoB1722-1,forcens_lgm,0.23,-29.45,11.75,0.483,0.1239,0,0.0126,0.325,0,0.0555,0
GeoB1722-1,forcens_lgm,0.28,-29.45,11.75,0.6561,0.1084,0,0.0052,0.1621,0,0.0681,0
GeoB18530-1,forcens_lgm,,42.8395,-49.23483333,,0.464829311885612,0,0,0.117747989276139,0,0,0
GeoB1903-3,forcens_lgm,0.48,-8.675,-11.845,0.1046,0.0472,0,0.0444,0.3525,0.0029,0.4454,0.0029
GeoB1903-3,forcens_lgm,0.53,-8.675,-11.845,0.2013,0.0531,0,0.0218,0.3058,0.0019,0.4055,0.0104
GeoB1903-3,forcens_lgm,0.58,-8.675,-11.845,0.1996,0.0477,0,0.0652,0.2344,0.0012,0.452,0
GeoB1905-3,forcens_lgm,0.38,-17.1433,-13.9867,0.0922,0.0955,0,0.093,0.2484,0.0024,0.4676,0
GeoB1905-3,forcens_lgm,0.43,-17.1433,-13.9867,0.0755,0.0393,0,0.143,0.1334,0.0033,0.6053,0
GeoB2004-2,forcens_lgm,0.68,-30.87,14.3433,0.6355,0.1323,0,0.0022,0.1619,0.0044,0.064,0
GeoB2004-2,forcens_lgm,0.73,-30.87,14.3433,0.6445,0.1442,0,0.0069,0.1423,0,0.0623,0
GeoB2004-2,forcens_lgm,0.78,-30.87,14.3433,0.7248,0.1229,0,0.0107,0.1046,0.0015,0.0356,0
GeoB2016-1,forcens_lgm,0.18,-31.9,-1.33,0.3453,0.3321,0,0.0114,0.1818,0,0.1225,0.0069
GeoB2019-1,forcens_lgm,0.33,-36.06,-8.7783,0.3927,0.3755,0,0.0037,0.2068,0,0.0173,0.0037
GeoB2021-5,forcens_lgm,0.13,-36.8333,-14.4033,0.3979,0.3343,0,0,0.2553,0,0.0126,0
GeoB20616-1,forcens_lgm,,-25.589,33.334,0.249123418088935,0.136305584581447,0,0.0679089748055265,0.817996052478811,0,0.701567398119122,0.0270985719261581
GeoB2104-3,forcens_lgm,,-27.285,-46.373333,0.233838284477671,0.104200275427897,0.00294117647058824,0.110603974031084,0.504869171748967,0,1.03766476490262,0
GeoB2109-1,forcens_lgm,0.48,-27.9117,-45.8817,0.1371,0.0392,0,0.0456,0.3021,0,0.4715,0.0046
GeoB2109-1,forcens_lgm,0.53,-27.9117,-45.8817,0.1485,0.0659,0,0.0568,0.2552,0,0.4736,0
GeoB2109-1,forcens_lgm,0.58,-27.9117,-45.8817,0.1655,0.0486,0,0.054,0.3668,0,0.3578,0.0072
GeoB2109-1,forcens_lgm,0.63,-27.9117,-45.8817,0.1472,0.0407,0,0.0979,0.2591,0,0.452,0.003
GeoB2116-4,forcens_lgm,0.28,-25.5117,-35.9983,0.3837,0.0443,0,0,0.2219,0,0.3499,0
GeoB2117-1,forcens_lgm,0.23,-23.0383,-36.6517,0.0536,0.0919,0,0.0258,0.0902,0,0.7385,0
GeoB2125-1,forcens_lgm,0.33,-20.8233,-39.8633,0.036,0.0217,0,0.0502,0.3325,0,0.559,0
GeoB2125-1,forcens_lgm,0.38,-20.8233,-39.8633,0.025,0.0143,0,0.0537,0.3503,0.0072,0.5479,0
GeoB2202-4,forcens_lgm,0.78,-8.1983,-34.265,0.0399,0.0075,0,0.0283,0.156,0,0.7666,0
GeoB2202-4,forcens_lgm,0.83,-8.1983,-34.265,0.0379,0.0013,0,0.0378,0.1726,0,0.7406,0
GeoB2202-4,forcens_lgm,0.88,-8.1983,-34.265,0.0333,0.01,0,0.0618,0.1962,0,0.6874,0
GeoB2202-4,forcens_lgm,0.93,-8.1983,-34.265,0.0211,0.0073,0,0.0705,0.202,0,0.6981,0
GeoB2204-2,forcens_lgm,0.33,-8.5283,-34.0217,0.0409,0.0062,0,0.0141,0.156,0,0.7828,0
GeoB2204-2,forcens_lgm,0.38,-8.5283,-34.0217,0.041,0.0062,0,0.0246,0.1421,0,0.7811,0
GeoB2215-10,forcens_lgm,0.43,0.0067,-23.495,0.2924,0.099,0,0.0172,0.2721,0,0.313,0.0065
GeoB2215-10,forcens_lgm,0.48,0.0067,-23.495,0.3976,0.0392,0,0.0034,0.3634,0,0.1962,0
GeoB2819-1,forcens_lgm,0.13,-30.8483,-38.3433,0.3686,0.1386,0,0.0285,0.1757,0,0.2844,0.0044
GeoB3104-1,forcens_lgm,1.73,-3.6667,-37.7167,0.0337,0,0,0.0167,0.2997,0,0.6501,0
GeoB3104-1,forcens_lgm,1.78,-3.6667,-37.7167,0.0595,0,0,0.0158,0.3373,0,0.5874,0
GeoB3104-1,forcens_lgm,1.83,-3.6667,-37.7167,0.0673,0,0,0.0177,0.2985,0,0.6166,0
GeoB3104-1,forcens_lgm,1.88,-3.6667,-37.7167,0.0657,0,0,0.0429,0.3189,0,0.5726,0
GeoB3104-1,forcens_lgm,1.98,-3.6667,-37.7167,0.0888,0,0,0.048,0.2701,0,0.5929,0
GeoB3117-1,forcens_lgm,2.98,-4.295,-37.0917,0.068,0,0,0.0486,0.2859,0,0.5972,0
GeoB3117-1,forcens_lgm,3.03,-4.295,-37.0917,0.0758,0,0,0.0449,0.2897,0,0.5895,0
GeoB3117-1,forcens_lgm,3.13,-4.295,-37.0917,0.0691,0,0,0.1008,0.262,0,0.568,0
GeoB3117-1,forcens_lgm,3.23,-4.295,-37.0917,0.0599,0,0,0.0271,0.3048,0,0.6083,0
GeoB3117-1,forcens_lgm,3.33,-4.295,-37.0917,0.0538,0.0098,0,0.0245,0.2613,0,0.6509,0
GeoB3117-1,forcens_lgm,3.43,-4.295,-37.0917,0.0473,0,0,0.0131,0.2056,0,0.7338,0
GeoB3117-1,forcens_lgm,3.53,-4.295,-37.0917,0.0276,0.0034,0,0.0207,0.1973,0,0.7509,0
GeoB3175-1,forcens_lgm,1.68,-7.0533,-34.4633,0.0637,0.0227,0,0.0226,0.0942,0,0.7901,0
GeoB3175-1,forcens_lgm,1.73,-7.0533,-34.4633,0.0529,0.0338,0,0.0406,0.0928,0,0.7796,0
GeoB3175-1,forcens_lgm,1.78,-7.0533,-34.4633,0.043,0.0553,0,0.032,0.0866,0,0.7834,0
GeoB3175-1,forcens_lgm,1.83,-7.0533,-34.4633,0.0651,0.0105,0,0.0296,0.1042,0,0.7905,0
GeoB3176-1,forcens_lgm,3.43,-7.0117,-34.4417,0.0426,0.0091,0,0.0335,0.1841,0,0.7277,0
GeoB3176-1,forcens_lgm,3.48,-7.0117,-34.4417,0.049,0.0225,0,0.0406,0.1905,0,0.6974,0
GeoB3176-1,forcens_lgm,3.53,-7.0117,-34.4417,0.0491,0.0388,0,0.0485,0.1186,0,0.7448,0
GeoB3176-1,forcens_lgm,3.58,-7.0117,-34.4417,0.0214,0.0127,0,0.0164,0.1416,0,0.8081,0
GeoB3603-2,forcens_lgm,0.33,-35.125,17.5433,0.647,0.163,0,0,0.1581,0,0.0321,0
GeoB3603-2,forcens_lgm,0.38,-35.125,17.5433,0.5978,0.1708,0,0,0.2011,0,0.0305,0
GeoB3722-2,forcens_lgm,0.83,-25.25,12.0217,0.881,0.0408,0,0,0.0769,0,0.0013,0
GeoB3722-2,forcens_lgm,0.88,-25.25,12.0217,0.8093,0.0866,0,0,0.0901,0,0.0139,0
GeoB3722-2,forcens_lgm,0.93,-25.25,12.0217,0.911,0.0244,0,0,0.0609,0,0.0037,0
GeoB3722-2,forcens_lgm,0.98,-25.25,12.0217,0.8942,0.0529,0,0,0.0513,0,0.0017,0
GeoB3801-6,forcens_lgm,0.18,-29.5117,-8.305,0.2501,0.1919,0,0.0418,0.2326,0,0.2717,0.012
GeoB3808-6,forcens_lgm,0.18,-30.8117,-14.7117,0.2342,0.2536,0,0.0289,0.226,0,0.2398,0.0176
GeoB3813-3,forcens_lgm,0.13,-32.2683,-21.9667,0.4397,0.1539,0,0.0089,0.2189,0,0.1786,0
GeoB5112-5,forcens_lgm,0.16,-23.825,-16.2583,0.0996,0.0769,0,0.1165,0.2512,0,0.4557,0
GeoB5115-2,forcens_lgm,0.14,-24.1433,-14.0433,0.0951,0.0889,0,0.0973,0.2221,0,0.4957,0
GeoB5115-2,forcens_lgm,0.15,-24.1433,-14.0433,0.1136,0.0797,0,0.1135,0.1954,0,0.4976,0
GeoB5115-2,forcens_lgm,0.16,-24.1433,-14.0433,0.0943,0.0844,0,0.0769,0.2715,0,0.4703,0
GeoB5115-2,forcens_lgm,0.17,-24.1433,-14.0433,0.0913,0.0677,0,0.0946,0.2636,0,0.4812,0
GeoB5121-2,forcens_lgm,0.16,-24.1833,-12.0217,0.1244,0.0838,0,0.1349,0.2376,0,0.407,0.0071
GeoB5133-3,forcens_lgm,0.18,-19.0867,-10.1917,0.131,0.112,0,0.0743,0.2204,0,0.4549,0.0076
GeoB5140-3,forcens_lgm,0.1,-19.0517,-16.6133,0.0993,0.0726,0,0.2435,0.1901,0.0041,0.3777,0.0122
GeoB5140-3,forcens_lgm,0.11,-19.0517,-16.6133,0.0818,0.0616,0,0.2218,0.197,0.0052,0.4241,0.0084
GeoB5140-3,forcens_lgm,0.12,-19.0517,-16.6133,0.1087,0.0805,0,0.1921,0.1507,0.0088,0.4473,0.0117
GeoB7010-2,forcens_lgm,,8.57,-53.205,0.165512376555085,0.284917275875337,0,0.0633485406475018,0.420308177137727,0.00605544256948643,1.05395848220011,0.00294985250737463
HU87-033-008,forcens_lgm,2.23,62.6485,-53.8845,1,0,0,0,0,0,0,0
HU87-033-008,forcens_lgm,2.35,62.6485,-53.8845,1,0,0,0,0,0,0,0
HU87-033-008,forcens_lgm,2.68,62.6485,-53.8845,1,0,0,0,0,0,0,0
HU87-033-008,forcens_lgm,3.03,62.6485,-53.8845,1,0,0,0,0,0,0,0
HU87-033-008,forcens_lgm,3.14,62.6485,-53.8845,1,0,0,0,0,0,0,0
HU90-013-013,forcens_lgm,4.78,58.2098,-48.3733,0.987,0.014,0,0,0,0,0,0
HU91-045-090,forcens_lgm,3,50.3898,-45.26,0.966,0.029,0,0,0.005,0,0,0
HU91-045-090,forcens_lgm,3.1,50.3898,-45.26,0.933,0.045,0,0,0.023,0,0,0
HU91-045-090,forcens_lgm,3.19,50.3898,-45.26,0.996,0.003,0,0,0,0,0,0
HU91-045-090,forcens_lgm,3.36,50.3898,-45.26,0.993,0.006,0,0,0,0,0,0
JM96-1225/1+2,forcens_lgm,,64.905,-29.29,,0.16990639796,0.00316455696,0,0.15253352809,0,0,0
K12,forcens_lgm,2.8675,2.688888889,127.7361111,0.066,0.105,0,0.015,0.74,0,0.129,0
K708-4,forcens_lgm,58,49.984,-25.018,0.976470588235294,0.0188235294117647,0,0,0.00470588235294118,0,0,0
K708-6,forcens_lgm,60,51.552,-29.567,0.935,0.065,0,0,0,0,0,0
K708-7,forcens_lgm,53,53.933,-24.083,0.942084942084942,0.0347490347490348,0,0,0.0231660231660232,0,0,0
K708-8,forcens_lgm,83,52.736,-22.55,0.930379746835443,0.0395569620253165,0,0,0.0300632911392405,0,0,0
K714-3,forcens_lgm,82,57.486,-27.519,0.919517102615694,0.0704225352112676,0,0,0.0100603621730382,0,0,0
KC24-19,forcens_lgm,,42.14966667,-10.48766667,,,0,0.0151551054188288,,0,0.96351624144095,0.0130315210492913
KET8003,forcens_lgm,,38.49,14.3,0,0,0,0,0,0,0,0
KET8019,forcens_lgm,,40.33,13.21,0,0,0,0,0,0,0,0
KET8022,forcens_lgm,,40.35,11.43,0,0,0,0,0,0,0,0
KET8039,forcens_lgm,,36.32,11.41,0,0,0,0,0,0,0,0
KET8216,forcens_lgm,,41.31,17.59,0,0,0,0,0,0,0,0
KF09,forcens_lgm,2.6,37.1113,-32.2868,0.267,0.233,0,0.005,0.385,0,0.102,0
KF09,forcens_lgm,2.9,37.1113,-32.2868,0.245,0.202,0,0,0.438,0,0.112,0
KF09,forcens_lgm,3.1,37.1113,-32.2868,0.247,0.202,0.001,0.008,0.408,0,0.116,0
KF13,forcens_lgm,1.8,37.5783,-31.8422,0.301,0.248,0,0.004,0.347,0.003,0.081,0
KF13,forcens_lgm,1.9,37.5783,-31.8422,0.305,0.201,0,0.008,0.382,0,0.094,0
KF16,forcens_lgm,6,37.999,-31.1283,0.309,0.322,0,0.005,0.297,0,0.063,0
KH90-3-P2,forcens_lgm,0.631,-1.170166667,160.007,0.00201816347,0.12613521697,0,0.03531786074,0.35116044397,0,0.44096871844,0.01109989909
KH90-3-P2,forcens_lgm,0.677,-1.170166667,160.007,0.00300902708,0.1374122367,0,0.02407221665,0.3500501505,0,0.44633901704,0.00501504514
KH92-1-3a,forcens_lgm,0.324,8.015666667,139.6401667,0.02316213495,0.10473313192,0,0.03927492447,0.24874118834,0,0.51863041291,0
KH92-1-5a,forcens_lgm,0.222,3.531833333,141.8616667,0,0.055,0,0.02,0.34,0,0.55,0
KL96,forcens_lgm,,32.77,19.19,0,0,0,0,0,0,0,0
KN708-1,forcens_lgm,1,50,-23.75,0.964,0.032,0,0,0.003,0,0,0
KS310,forcens_lgm,,35.55,-1.57,,,0,0.003,0.377,0,0.119,0
LC01,forcens_lgm,,40.26,6.887,0,0,0,0,0,0,0,0
LC04,forcens_lgm,,38.65,6.11,0,0,0,0,0,0,0,0
LC07,forcens_lgm,,38.14,10.07,0,0,0,0,0,0,0,0
LC21,forcens_lgm,,35.66,26.58,0,0,0,0,0,0,0,0
LV29-114-3,forcens_lgm,4.05,49.375667,152.877933,0.839805825242718,0.155339805825243,0,0,0.00485436893203884,0,0,0
M12392,forcens_lgm,172.5,25.167,-16.85,0.402121504339441,0.351976856316297,0,0.00482160077145612,0.212150433944069,0,0.0279652844744455,0.00096432015429122
M35003-4,forcens_lgm,3.1,12.09,-61.2433,0.057,0.112,0,0.005,0.252,0,0.573,0
M35003-4,forcens_lgm,3.2,12.09,-61.2433,0.107,0.095,0,0.032,0.195,0,0.554,0
M35003-4,forcens_lgm,3.3,12.09,-61.2433,0.119,0.101,0,0.042,0.116,0,0.62,0
M35003-4,forcens_lgm,3.4,12.09,-61.2433,0.123,0.071,0,0.031,0.133,0,0.64,0
M35003-4,forcens_lgm,3.5,12.09,-61.2433,0.072,0.068,0,0.032,0.178,0,0.633,0
M35003-4,forcens_lgm,3.6,12.09,-61.2433,0.046,0.102,0,0.024,0.131,0,0.683,0
M35027-1,forcens_lgm,0.5,17.6483,-67.1667,0.008,0.034,0,0.121,0.28,0,0.535,0
M35027-1,forcens_lgm,0.53,17.6483,-67.1667,0.05,0.044,0,0.041,0.172,0,0.663,0
M35027-1,forcens_lgm,0.55,17.6483,-67.1667,0.039,0.049,0,0.061,0.214,0,0.637,0
M35027-1,forcens_lgm,0.57,17.6483,-67.1667,0.075,0.073,0,0.079,0.206,0,0.558,0
M35027-1,forcens_lgm,0.6,17.6483,-67.1667,0.259,0.045,0.004,0.322,0.035,0,0.369,0
M35027-1,forcens_lgm,0.62,17.6483,-67.1667,0.218,0.029,0.004,0.371,0.013,0,0.349,0
M39029-7,forcens_lgm,,36.05,8.233,,,0,0.017,,0,,0.011
MD 95-2043,forcens_lgm,,36.143,-2.621,0,0,0,0,0,0,0,0
MD01-2390,forcens_lgm,,6.6353,113.409,0.724290736915183,0.201016458217818,0,0.0731801807230434,,0,,0
MD01-2398,forcens_lgm,,23.9918,124.413,0.417467172817526,0.749964858606901,0.00380228136882129,0.252875677644825,,0,,0.00303030303030303
MD01-2409,forcens_lgm,,41.5608,141.868,0,0,0,0,0,0,0,0
MD012394,forcens_lgm,5.09,13.78,110.25,0.045113,0.041354,0,0.041353,0.530075,0,0.31203,0.003759
MD012394,forcens_lgm,5.14,13.78,110.25,0.04143615661,0.07182287201,0,0.02486149341,0.458563342,0,0.33701748318,0
MD012394,forcens_lgm,5.19,13.78,110.25,0.03352,0.039106,0,0.047485,0.460894,0,0.346369,0.002793
MD012394,forcens_lgm,5.24,13.78,110.25,0.030303,0.04329,0,0.038961,0.506493,0,0.346321,0
MD012394,forcens_lgm,5.29,13.78,110.25,0.0288070513,0.032921914,0,0.05349823577,0.53497934535,0,0.30452594736,0
MD012394,forcens_lgm,5.34,13.78,110.25,0.03750030281,0.04687537851,0,0.05312542899,0.46562573181,0,0.33437568136,0
MD012394,forcens_lgm,5.39,13.78,110.25,0.045082,0.053278,0,0.028689,0.459016,0,0.352458,0
MD012394,forcens_lgm,5.44,13.78,110.25,0.036303,0.059406,0,0.026402,0.435644,0,0.396039,0.006601
MD012394,forcens_lgm,5.49,13.78,110.25,0.043334,0.03,0,0.023334,0.446667,0,0.376668,0.006667
MD012394,forcens_lgm,5.54,13.78,110.25,0.0491323637,0.08670529533,0,0.02312087568,0.41040459524,0,0.36416284387,0.01156043784
MD012394,forcens_lgm,5.59,13.78,110.25,0.02236423008,0.0734820403,0,0.02236423007,0.43769907152,0,0.3546315013,0
MD012394,forcens_lgm,5.64,13.78,110.25,0.042254,0.051644,0,0.02817,0.446009,0,0.356809,0
MD012394,forcens_lgm,5.69,13.78,110.25,0.03956881463,0.06115116578,0,0.05395738326,0.37769766846,0,0.41366858824,0
MD012394,forcens_lgm,5.74,13.78,110.25,0.02194357367,0.04702194358,0,0.05015673981,0.38557993732,0,0.43260188089,0
MD012394,forcens_lgm,5.79,13.78,110.25,0.060172,0.054442,0,0.040114,0.441261,0,0.329514,0
MD012394,forcens_lgm,5.84,13.78,110.25,0.0385673103,0.06336015026,0,0.01928365515,0.39944958428,0,0.40220266842,0
MD012416,forcens_lgm,184.5,51.268,167.7255,0.84142394823,0.1585760518,0,0,0,0,0,0
MD012416,forcens_lgm,190.5,51.268,167.7255,0.85479452056,0.1452054795,0,0,0,0,0,0
MD012416,forcens_lgm,194.5,51.268,167.7255,0.83756345176,0.1598984772,0,0,0.00253807107,0,0,0
MD012416,forcens_lgm,196.5,51.268,167.7255,0.81315789474,0.1815789474,0,0,0.00263157895,0,0,0
MD012416,forcens_lgm,197.5,51.268,167.7255,0.81279620858,0.182464455,0,0,0.00473933649,0,0,0
MD012416,forcens_lgm,200.5,51.268,167.7255,0.83384615381,0.16,0,0,0.00615384615,0,0,0
MD012416,forcens_lgm,202.5,51.268,167.7255,0.84478371501,0.1526717557,0,0,0.00254452926,0,0,0
MD012416,forcens_lgm,205.5,51.268,167.7255,0.88826815638,0.1117318436,0,0,0,0,0,0
MD012416,forcens_lgm,209.5,51.268,167.7255,0.83383685805,0.163141994,0,0,0.00302114804,0,0,0
MD02-2489,forcens_lgm,,54.3907,-148.9213,,1.03502714694,0.00710888167,0,0.00014795088,0,0,0
MD02-2520,forcens_lgm,,15.669,-95.3,0.254318802761747,,0.0234574548004207,0.080330752962396,,0,1.0257996429174,0
MD02-2523,forcens_lgm,,15.429,-94.2388,0.0521466908211139,0.718614171614125,0.0242722161016282,0.0592590518833861,,0,0.726437686123875,0
MD02-2529,forcens_lgm,,8.2055,-84.122,0.90332551752,0.3735834802,0,0.11708085915,,0,0.77578566829,0.00839230966
MD03-2607,forcens_lgm,,-36.9607,137.4065,,,0,0.101448993822616,1.04839941921359,0,0.629863073311748,0
MD03-2705,forcens_lgm,,18.083333,-21.15,,,0,0.19238032856,,0,,0.03123075242
MD04-2797CQ,forcens_lgm,,36.95,11.67,,,0,0.0770561043796266,,0,,0
MD04-2805,forcens_lgm,,34.5165,-7.0165,,,0,0.136164062707278,,0,,0
MD04-2829CQ,forcens_lgm,,58.94883333,-9.57166667,,,0.33839810886,0,,0,,0
MD04-2845,forcens_lgm,,45.34767,-5.2195,,,0,0,,0,0.1612,0
MD04-2861,forcens_lgm,,24.13,63.91,0.589756711717285,,0,0.280806992828526,0.263025195275129,0,,0.00217864923747277
MD06-2986,forcens_lgm,1.98,-43.4985,167.9,0.345054945054945,0.428571428571429,0,0,0.224175824175824,0,0.0021978021978022,0
MD06-2986,forcens_lgm,2.3,-43.4985,167.9,0.305322128851541,0.507002801120448,0,0,0.187675070028011,0,0,0
MD07-3082,forcens_lgm,,-49.167833,-76.567167,,,0,0,,0,0.02703090012,0
MD07-3088,forcens_lgm,,-46.071667,-75.687167,,,0,0,0.54991175631,0,0,0
MD07-3100,forcens_lgm,,-41.602167,-74.956667,,,0,0,,0,0.01853327157,0
MD76-131,forcens_lgm,1.9,15.32,72.34,0.019,0.123,0,0.059,0.264,0,0.531,0.005
MD77-169,forcens_lgm,1.51,10.13,95.03,0.019,0.097,0,0.046,0.356,0,0.474,0.01
MD77-171,forcens_lgm,2.61,11.46,94.09,0.029,0.112,0,0.125,0.308,0,0.41,0.017
MD77-179,forcens_lgm,0.52,18.22,91.01,0.019,0.117,0,0.089,0.494,0,0.275,0.007
MD77-180,forcens_lgm,1.81,18.28,89.51,0.012,0.118,0,0.051,0.386,0,0.42,0.01
MD77-191,forcens_lgm,6.72,7.3,76.43,0.053,0.318,0,0.082,0.335,0,0.206,0.006
MD77-194,forcens_lgm,3.11,10.28,75.14,0.038,0.277,0,0.095,0.223,0,0.361,0.006
MD77-203,forcens_lgm,3.41,20.42,59.34,0.009,0.306,0,0.014,0.094,0,0.577,0
MD84-632,forcens_lgm,,32.47,34.23,0,0,0,0,0,0,0,0
MD84627,forcens_lgm,,32.14,33.45,0,0,0,0,0,0,0,0
MD84629,forcens_lgm,,32.04,34.21,0,0,0,0,0,0,0,0
MD84641,forcens_lgm,,33.02,32.38,0,0,0,0,0,0,0,0
MD88-770,forcens_lgm,1.12,-46.01666667,96.46666667,0,0,0,0,0,0,0,0
MD90-917,forcens_lgm,,41.298,17.613,0,0,0,0,0,0,0,0
MD90901,forcens_lgm,,39.947,1.591,0,0,0,0,0,0,0,0
MD95-2010,forcens_lgm,3.1,66.6842,4.5662,0.986666666666667,0,0,0,0,0,0,0
MD95-2010,forcens_lgm,3.12,66.6842,4.5662,0.968609865470852,0.031390134529148,0,0,0,0,0,0
MD95-2010,forcens_lgm,3.17,66.6842,4.5662,0.975308641975309,0.0246913580246914,0,0,0,0,0,0
MD95-2010,forcens_lgm,3.2,66.6842,4.5662,0.990909090909091,0.00303030303030303,0,0,0,0,0,0
MD95-2010,forcens_lgm,3.3,66.6842,4.5662,0.976744186046511,0,0,0,0,0,0,0
MD95-2010,forcens_lgm,3.33,66.6842,4.5662,0.927536231884058,0.0676328502415459,0,0,0,0,0,0
MD95-2010,forcens_lgm,3.37,66.6842,4.5662,0.948356807511737,0.0516431924882629,0,0,0,0,0,0
MD95-2010,forcens_lgm,3.4,66.6842,4.5662,0.99344262295082,0,0,0,0,0,0,0
MD95-2010,forcens_lgm,3.43,66.6842,4.5662,0.956937799043062,0.0430622009569378,0,0,0,0,0,0
MD95-2010,forcens_lgm,3.47,66.6842,4.5662,0.966346153846154,0.0336538461538462,0,0,0,0,0,0
MD95-2010,forcens_lgm,3.5,66.6842,4.5662,0.980327868852459,0,0,0,0,0,0,0
MD95-2010,forcens_lgm,3.52,66.6842,4.5662,0.954954954954955,0.0450450450450451,0,0,0,0,0,0
MD95-2010,forcens_lgm,3.54,66.6842,4.5662,0.951219512195122,0.0439024390243902,0,0,0,0,0,0
MD95-2010,forcens_lgm,3.56,66.6842,4.5662,0.955284552845528,0.0447154471544715,0,0,0,0,0,0
MD95-2010,forcens_lgm,3.6,66.6842,4.5662,0.993197278911565,0,0,0,0,0,0,0
MD95-2010,forcens_lgm,3.62,66.6842,4.5662,0.929906542056075,0.0700934579439252,0,0,0,0,0,0
MD95-2010,forcens_lgm,3.66,66.6842,4.5662,0.95774647887324,0.0422535211267606,0,0,0,0,0,0
MD95-2010,forcens_lgm,3.68,66.6842,4.5662,0.961904761904762,0.0380952380952381,0,0,0,0,0,0
MD95-2010,forcens_lgm,3.7,66.6842,4.5662,0.981366459627329,0,0,0,0,0,0,0
MD95-2010,forcens_lgm,3.72,66.6842,4.5662,0.955357142857143,0.0446428571428571,0,0,0,0,0,0
MD95-2010,forcens_lgm,3.76,66.6842,4.5662,0.937799043062201,0.062200956937799,0,0,0,0,0,0
MD95-2010,forcens_lgm,3.8,66.6842,4.5662,0.964052287581699,0.0130718954248366,0,0,0,0,0,0
MD95-2010,forcens_lgm,3.83,66.6842,4.5662,0.947791164658635,0.0522088353413655,0,0,0,0,0,0
MD95-2010,forcens_lgm,3.85,66.6842,4.5662,0.970731707317073,0.0292682926829268,0,0,0,0,0,0
MD95-2010,forcens_lgm,3.88,66.6842,4.5662,0.963800904977376,0.0361990950226244,0,0,0,0,0,0
MD95-2010,forcens_lgm,3.9,66.6842,4.5662,0.971518987341772,0,0,0,0,0,0,0
MD95-2010,forcens_lgm,3.93,66.6842,4.5662,0.950413223140496,0.0495867768595041,0,0,0,0,0,0
MD95-2010,forcens_lgm,3.96,66.6842,4.5662,0.944444444444444,0.0555555555555556,0,0,0,0,0,0
MD95-2010,forcens_lgm,4,66.6842,4.5662,0.986348122866894,0.00341296928327645,0,0,0,0,0,0
MD95-2010,forcens_lgm,4.04,66.6842,4.5662,0.973094170403587,0.0269058295964126,0,0,0,0,0,0
MD95-2010,forcens_lgm,4.1,66.6842,4.5662,0.973856209150327,0.00326797385620915,0,0,0,0,0,0
MD95-2010,forcens_lgm,4.13,66.6842,4.5662,0.971544715447154,0.0284552845528455,0,0,0,0,0,0
MD95-2010,forcens_lgm,4.16,66.6842,4.5662,0.944186046511628,0.0558139534883721,0,0,0,0,0,0
MD95-2010,forcens_lgm,4.2,66.6842,4.5662,0.99025974025974,0,0,0,0,0,0,0
MD95-2010,forcens_lgm,4.27,66.6842,4.5662,0.981220657276995,0.0187793427230047,0,0,0,0,0,0
MD95-2010,forcens_lgm,4.3,66.6842,4.5662,0.986842105263158,0,0,0,0,0,0,0
MD95-2010,forcens_lgm,4.36,66.6842,4.5662,0.929245283018868,0.0707547169811321,0,0,0,0,0,0
MD95-2010,forcens_lgm,4.4,66.6842,4.5662,0.99344262295082,0,0,0,0,0,0,0
MD95-2010,forcens_lgm,4.43,66.6842,4.5662,0.976190476190476,0.0238095238095238,0,0,0,0,0,0
MD95-2010,forcens_lgm,4.47,66.6842,4.5662,0.963963963963964,0.036036036036036,0,0,0,0,0,0
MD95-2010,forcens_lgm,4.49,66.6842,4.5662,0.99047619047619,0.00952380952380953,0,0,0,0,0,0
MD95-2010,forcens_lgm,4.54,66.6842,4.5662,0.976303317535545,0.023696682464455,0,0,0,0,0,0
MD95-2010,forcens_lgm,4.59,66.6842,4.5662,0.99,0.01,0,0,0,0,0,0
MD95-2010,forcens_lgm,4.6,66.6842,4.5662,1,0,0,0,0,0,0,0
MD95-2011,forcens_lgm,10.41,66.9697,7.6393,0.957,0,0,0,0.043,0,0,0
MD95-2011,forcens_lgm,10.46,66.9697,7.6393,0.958,0.014,0,0,0.028,0,0,0
MD95-2011,forcens_lgm,10.52,66.9697,7.6393,0.949,0,0,0,0.05,0,0,0
MD95-2011,forcens_lgm,10.56,66.9697,7.6393,0.912,0,0,0,0.087,0,0,0
MD95-2011,forcens_lgm,10.62,66.9697,7.6393,0.965,0,0,0,0.035,0,0,0
MD95-2011,forcens_lgm,10.66,66.9697,7.6393,0.979,0,0,0,0.022,0,0,0
MD95-2011,forcens_lgm,10.71,66.9697,7.6393,0.985,0,0,0,0.015,0,0,0
MD95-2011,forcens_lgm,10.77,66.9697,7.6393,0.96,0.01,0,0,0.031,0,0,0
MD95-2011,forcens_lgm,10.81,66.9697,7.6393,0.954,0,0,0,0.046,0,0,0
MD95-2011,forcens_lgm,10.87,66.9697,7.6393,0.977,0,0,0,0.023,0,0,0
MD95-2011,forcens_lgm,10.91,66.9697,7.6393,0.962,0,0,0,0.038,0,0,0
MD95-2011,forcens_lgm,10.96,66.9697,7.6393,0.955,0.005,0,0,0.035,0,0.005,0
MD95-2011,forcens_lgm,11.02,66.9697,7.6393,0.973,0.007,0,0,0.021,0,0,0
MD95-2011,forcens_lgm,11.06,66.9697,7.6393,0.968,0,0,0,0.032,0,0,0
MD95-2011,forcens_lgm,11.12,66.9697,7.6393,1,0,0,0,0,0,0,0
MD95-2011,forcens_lgm,11.16,66.9697,7.6393,0.989,0,0,0,0.011,0,0,0
MD95-2011,forcens_lgm,11.21,66.9697,7.6393,0.994,0,0,0,0.005,0,0,0
MD95-2011,forcens_lgm,11.27,66.9697,7.6393,1,0,0,0,0,0,0,0
MD95-2011,forcens_lgm,11.31,66.9697,7.6393,0.98,0,0,0,0.02,0,0,0
MD95-2011,forcens_lgm,11.37,66.9697,7.6393,0.978,0,0,0,0.022,0,0,0
MD95-2011,forcens_lgm,11.77,66.9697,7.6393,0.988,0,0,0,0.012,0,0,0
MD95-2011,forcens_lgm,11.87,66.9697,7.6393,0.948,0,0,0,0.053,0,0,0
MD95-2011,forcens_lgm,11.91,66.9697,7.6393,0.942,0,0,0,0.058,0,0,0
MD95-2011,forcens_lgm,11.96,66.9697,7.6393,0.916,0,0,0,0.084,0,0,0
MD95-2011,forcens_lgm,12.21,66.9697,7.6393,0.957,0,0,0,0.043,0,0,0
MD95-2011,forcens_lgm,12.4,66.9697,7.6393,0.963,0,0,0,0.037,0,0,0
MD95-2011,forcens_lgm,12.61,66.9697,7.6393,0.938,0,0,0,0.061,0,0,0
MD95-2011,forcens_lgm,12.8,66.9697,7.6393,0.962,0,0,0,0.038,0,0,0
MD95-2011,forcens_lgm,13.01,66.9697,7.6393,0.979,0,0,0,0.021,0,0,0
MD95-2011,forcens_lgm,13.21,66.9697,7.6393,0.926,0,0,0,0.073,0,0,0
MD95-2011,forcens_lgm,13.4,66.9697,7.6393,0.933,0,0,0,0.067,0,0,0
MD95-2011,forcens_lgm,13.61,66.9697,7.6393,0.978,0,0,0,0.023,0,0,0
MD95-2011,forcens_lgm,13.8,66.9697,7.6393,0.927,0,0,0,0.073,0,0,0
MD95-2011,forcens_lgm,14.21,66.9697,7.6393,0.922,0,0,0,0.078,0,0,0
MD95-2011,forcens_lgm,14.4,66.9697,7.6393,0.878,0,0,0,0.122,0,0,0
MD95-2011,forcens_lgm,14.61,66.9697,7.6393,0.888,0,0,0,0.112,0,0,0
MD95-2011,forcens_lgm,14.8,66.9697,7.6393,0.94,0,0,0,0.06,0,0,0
MD95-2011,forcens_lgm,15.01,66.9697,7.6393,0.946,0,0,0,0.054,0,0,0
MD95-2012,forcens_lgm,3.12,72.151,11.4343,0.971,0.002,0,0,0.028,0,0,0
MD95-2012,forcens_lgm,3.15,72.151,11.4343,0.971,0.002,0,0,0.028,0,0,0
MD95-2012,forcens_lgm,3.21,72.151,11.4343,0.982,0,0,0,0.018,0,0,0
MD95-2012,forcens_lgm,3.25,72.151,11.4343,0.982,0,0,0,0.018,0,0,0
MD95-2012,forcens_lgm,3.31,72.151,11.4343,0.982,0,0,0,0.018,0,0,0
MD95-2012,forcens_lgm,3.35,72.151,11.4343,0.982,0,0,0,0.018,0,0,0
MD95-2012,forcens_lgm,3.42,72.151,11.4343,0.982,0,0,0,0.018,0,0,0
MD95-2012,forcens_lgm,3.46,72.151,11.4343,0.969,0.004,0,0,0.027,0,0,0
MD95-2012,forcens_lgm,3.52,72.151,11.4343,0.969,0.004,0,0,0.027,0,0,0
MD95-2012,forcens_lgm,3.56,72.151,11.4343,0.969,0.004,0,0,0.027,0,0,0
MD95-2012,forcens_lgm,3.62,72.151,11.4343,0.969,0.004,0,0,0.027,0,0,0
MD95-2012,forcens_lgm,3.65,72.151,11.4343,0.969,0.004,0,0,0.027,0,0,0
MD95-2012,forcens_lgm,3.71,72.151,11.4343,0.976,0.001,0,0,0.023,0,0,0
MD95-2012,forcens_lgm,3.75,72.151,11.4343,0.976,0.001,0,0,0.023,0,0,0
MD95-2012,forcens_lgm,3.81,72.151,11.4343,0.976,0.001,0,0,0.023,0,0,0
MD95-2012,forcens_lgm,3.85,72.151,11.4343,0.978,0.003,0,0,0.018,0,0,0
MD95-2012,forcens_lgm,3.92,72.151,11.4343,0.978,0.003,0,0,0.018,0,0,0
MD95-2012,forcens_lgm,3.96,72.151,11.4343,0.991,0,0,0,0.009,0,0,0
MD95-2012,forcens_lgm,4,72.151,11.4343,0.991,0,0,0,0.009,0,0,0
MD95-2012,forcens_lgm,4.11,72.151,11.4343,0.991,0,0,0,0.009,0,0,0
MD95-2012,forcens_lgm,4.21,72.151,11.4343,0.991,0,0,0,0,0,0,0
MD95-2012,forcens_lgm,4.3,72.151,11.4343,0.98,0,0,0,0.019,0,0,0
MD95-2012,forcens_lgm,4.41,72.151,11.4343,0.98,0,0,0,0.019,0,0,0
MD95-2012,forcens_lgm,4.5,72.151,11.4343,0.98,0,0,0,0.019,0,0,0
MD95-2012,forcens_lgm,4.61,72.151,11.4343,0.98,0,0,0,0.019,0,0,0
MD95-2012,forcens_lgm,4.71,72.151,11.4343,0.998,0,0,0,0,0,0,0
MD95-2012,forcens_lgm,4.8,72.151,11.4343,0.985,0,0,0,0.015,0,0,0
MD95-2012,forcens_lgm,4.91,72.151,11.4343,0.985,0,0,0,0.015,0,0,0
MD95-2012,forcens_lgm,5,72.151,11.4343,0.985,0,0,0,0.015,0,0,0
MD95-2012,forcens_lgm,5.11,72.151,11.4343,0.997,0,0,0,0,0,0,0
MD95-2012,forcens_lgm,5.21,72.151,11.4343,0.977,0,0,0,0.023,0,0,0
MD95-2012,forcens_lgm,5.3,72.151,11.4343,0.977,0,0,0,0.023,0,0,0
MD95-2012,forcens_lgm,5.41,72.151,11.4343,0.977,0,0,0,0.023,0,0,0
MD95-2012,forcens_lgm,5.5,72.151,11.4343,0.991,0,0,0,0.009,0,0,0
MD95-2039,forcens_lgm,3.6,40.5785,-10.3485,0.398,0.314,0,0,0.222,0,0.065,0
MD95-2039,forcens_lgm,3.7,40.5785,-10.3485,0.328,0.396,0,0.001,0.196,0,0.08,0
MD95-2039,forcens_lgm,3.8,40.5785,-10.3485,0.327,0.377,0,0,0.181,0,0.114,0
MD95-2039,forcens_lgm,3.9,40.5785,-10.3485,0.356,0.331,0,0,0.202,0,0.113,0
MD95-2039,forcens_lgm,4,40.5785,-10.3485,0.388,0.332,0,0,0.256,0,0.023,0
MD95-2040,forcens_lgm,3.35,40.5818,-9.8612,0.484,0.192,0,0,0.198,0,0.119,0
MD95-2040,forcens_lgm,3.38,40.5818,-9.8612,0.449,0.227,0,0,0.221,0,0.096,0
MD95-2040,forcens_lgm,3.41,40.5818,-9.8612,0.5,0.178,0,0,0.213,0,0.103,0
MD95-2040,forcens_lgm,3.44,40.5818,-9.8612,0.433,0.17,0,0,0.287,0,0.096,0
MD95-2040,forcens_lgm,3.47,40.5818,-9.8612,0.511,0.18,0,0.001,0.199,0,0.102,0
MD95-2040,forcens_lgm,3.5,40.5818,-9.8612,0.455,0.207,0,0,0.193,0,0.121,0
MD95-2040,forcens_lgm,3.53,40.5818,-9.8612,0.411,0.222,0,0.002,0.222,0,0.131,0
MD95-2040,forcens_lgm,3.56,40.5818,-9.8612,0.439,0.182,0,0.001,0.296,0,0.079,0
MD95-2040,forcens_lgm,3.59,40.5818,-9.8612,0.461,0.206,0,0.002,0.226,0,0.094,0
MD95-2040,forcens_lgm,3.62,40.5818,-9.8612,0.385,0.254,0,0.003,0.246,0,0.095,0
MD95-2040,forcens_lgm,3.65,40.5818,-9.8612,0.429,0.199,0,0,0.254,0,0.108,0
MD95-2040,forcens_lgm,3.68,40.5818,-9.8612,0.426,0.213,0,0,0.238,0,0.114,0
MD95-2040,forcens_lgm,3.71,40.5818,-9.8612,0.405,0.25,0,0,0.23,0,0.096,0
MD95-2040,forcens_lgm,3.74,40.5818,-9.8612,0.427,0.216,0,0,0.237,0,0.109,0
MD95-2040,forcens_lgm,3.77,40.5818,-9.8612,0.451,0.201,0,0.002,0.23,0,0.105,0
MD95-2040,forcens_lgm,3.8,40.5818,-9.8612,0.399,0.254,0,0,0.21,0,0.119,0
MD95-2040,forcens_lgm,3.83,40.5818,-9.8612,0.394,0.225,0,0,0.254,0,0.105,0
MD95-2040,forcens_lgm,3.86,40.5818,-9.8612,0.427,0.273,0,0,0.22,0,0.077,0
MD95-2040,forcens_lgm,3.89,40.5818,-9.8612,0.417,0.244,0,0,0.215,0,0.109,0
MD95-2040,forcens_lgm,3.92,40.5818,-9.8612,0.445,0.207,0,0,0.234,0,0.109,0
MD95-2040,forcens_lgm,3.95,40.5818,-9.8612,0.41,0.186,0,0.002,0.272,0,0.116,0
MD95-2040,forcens_lgm,3.98,40.5818,-9.8612,0.384,0.227,0,0,0.232,0,0.143,0
MD95-2040,forcens_lgm,4.01,40.5818,-9.8612,0.369,0.304,0,0,0.19,0,0.128,0
MD95-2040,forcens_lgm,4.04,40.5818,-9.8612,0.493,0.207,0,0,0.214,0,0.078,0
MD95-2040,forcens_lgm,4.07,40.5818,-9.8612,0.478,0.225,0,0,0.204,0,0.081,0
MD95-2040,forcens_lgm,4.1,40.5818,-9.8612,0.441,0.275,0,0,0.192,0,0.077,0
MD95-2040,forcens_lgm,4.13,40.5818,-9.8612,0.447,0.265,0,0,0.218,0,0.058,0
MD95-2040,forcens_lgm,4.16,40.5818,-9.8612,0.491,0.25,0.002,0,0.18,0,0.065,0
MD95-2040,forcens_lgm,4.19,40.5818,-9.8612,0.376,0.325,0,0,0.194,0,0.096,0
MD95-2040,forcens_lgm,4.22,40.5818,-9.8612,0.439,0.275,0,0,0.162,0,0.117,0
MD95-2040,forcens_lgm,4.25,40.5818,-9.8612,0.425,0.3,0,0.003,0.21,0,0.06,0
MD95-2040,forcens_lgm,4.28,40.5818,-9.8612,0.473,0.251,0,0,0.173,0,0.09,0
MD95-2040,forcens_lgm,4.31,40.5818,-9.8612,0.415,0.315,0,0,0.133,0.002,0.135,0
MD95-2040,forcens_lgm,4.34,40.5818,-9.8612,0.47,0.218,0,0.001,0.283,0,0.028,0
MD95-2040,forcens_lgm,4.37,40.5818,-9.8612,0.497,0.222,0,0,0.173,0,0.105,0
MD95-2040,forcens_lgm,4.4,40.5818,-9.8612,0.529,0.228,0,0,0.178,0,0.065,0
MD95-2040,forcens_lgm,4.43,40.5818,-9.8612,0.463,0.245,0,0.001,0.218,0,0.074,0
MD95-2040,forcens_lgm,4.46,40.5818,-9.8612,0.504,0.24,0,0.001,0.191,0,0.061,0
MD95-2040,forcens_lgm,4.49,40.5818,-9.8612,0.469,0.23,0,0,0.212,0,0.084,0
MD95-2040,forcens_lgm,4.52,40.5818,-9.8612,0.586,0.223,0,0.001,0.144,0,0.042,0
MD95-2040,forcens_lgm,4.55,40.5818,-9.8612,0.46,0.279,0,0.002,0.187,0,0.073,0
MD95-2040,forcens_lgm,4.58,40.5818,-9.8612,0.484,0.223,0,0,0.179,0,0.108,0
MD95-2041,forcens_lgm,,37.833333,-9.510833,,,0.0022,0.0756,,0,,0
MD95-2042,forcens_lgm,,37.799833,-10.1665,,,0,0.0745928413717357,,0,,0
MD96-2048,forcens_lgm,,-26.1667,34.0167,0.44898245119,0.23054972035,0,0.07941760676,1.00038029408,0,,0
MD96-2085,forcens_lgm,,-29.7,12.93333333,,0.9317,0,0.00398,0.82992,0,0.26631,0
MD97-2121,forcens_lgm,740,-40.38,177.99,0.40978593269,0.24362895003,0,0,0.29561671766,0,0.03975535167,0
MD97-2121,forcens_lgm,749,-40.38,177.99,0.35585585581,0.17567567567,0,0,0.37837837843,0,0.07207207207,0
MD97-2121,forcens_lgm,830,-40.38,177.99,0.53878406713,0.1855345912,0,0,0.21698113205,0,0.01467505241,0
MD97-2138,forcens_lgm,,1.42,146.236,0.223488222935319,,0,0.297517212970414,,0,,0.0109490171990172
MD972142,forcens_lgm,2.775,12.69,119.47,0.00268817204,0.09677419355,0,0.05376344087,0.34408602155,0,0.47849462366,0.00537634409
MD972142,forcens_lgm,2.815,12.69,119.47,0.01724137931,0.09770114943,0,0.04310344828,0.36494252872,0,0.44252873559,0.00574712644
MD972142,forcens_lgm,2.895,12.69,119.47,0.00959232614,0.08393285372,0,0.03597122302,0.376498801,0,0.44604316555,0.00959232614
MD972142,forcens_lgm,2.975,12.69,119.47,0.03565365026,0.05432937182,0,0.05602716469,0.33955857388,0,0.480475382,0.00679117148
MD972142,forcens_lgm,3.055,12.69,119.47,0.0390625,0.1328125,0,0.04166666667,0.3177083333,0,0.4427083334,0.00520833333
MD972142,forcens_lgm,3.135,12.69,119.47,0.05865921788,0.05027932961,0,0.03351955307,0.3240223464,0,0.50837988825,0.01396648045
MD972148,forcens_lgm,9.955,19.8,117.54,0,0.1169354839,0,0.02822580645,0.49193548388,0,0.33064516125,0.01209677419
MD972148,forcens_lgm,10.035,19.8,117.54,0,0.05072463768,0,0,0.59782608696,0,0.34420289855,0.00362318841
MD972148,forcens_lgm,10.115,19.8,117.54,0,0.05405405405,0,0.01801801802,0.60360360362,0,0.28828828832,0.0045045045
MD972148,forcens_lgm,10.195,19.8,117.54,0,0.05140186916,0,0.00934579439,0.67289719626,0,0.23831775701,0.0046728972
MD972148,forcens_lgm,10.275,19.8,117.54,0.01593625498,0.05179282869,0,0.03585657371,0.58167330681,0,0.29880478089,0
MD972148,forcens_lgm,10.435,19.8,117.54,0.01229508197,0.03278688525,0,0.00409836066,0.67213114752,0,0.25000000002,0
MD972148,forcens_lgm,10.515,19.8,117.54,0.00790513834,0.07114624506,0,0.04743083004,0.54150197629,0,0.28853754945,0
MD972148,forcens_lgm,10.595,19.8,117.54,0.00423728814,0.03813559322,0,0.02966101695,0.56779661021,0,0.32203389829,0.01271186441
MD972148,forcens_lgm,10.675,19.8,117.54,0.01382488479,0.0599078341,0,0.02764976958,0.64976958522,0,0.21658986175,0.00460829493
MD972148,forcens_lgm,10.755,19.8,117.54,0.01025641026,0.04615384615,0,0.04615384615,0.61025641026,0,0.24102564102,0.02051282051
MD972148,forcens_lgm,10.835,19.8,117.54,0.00660792952,0.06828193833,0,0.02422907489,0.64096916305,0,0.2268722467,0
MD972148,forcens_lgm,10.915,19.8,117.54,0.02786377709,0.04643962848,0,0.01238390092,0.61919504643,0,0.26315789478,0.00619195046
MD972148,forcens_lgm,11.075,19.8,117.54,0.01351351352,0.08445945946,0,0.01351351352,0.58108108108,0,0.29391891888,0.00675675676
MD972148,forcens_lgm,11.155,19.8,117.54,0.0102739726,0.10273972602,0,0.02397260274,0.53424657532,0,0.30479452057,0.01369863014
MD972148,forcens_lgm,11.235,19.8,117.54,0.01818181819,0.08363636364,0,0.02909090909,0.55636363638,0,0.28363636367,0.02545454545
MD972148,forcens_lgm,11.315,19.8,117.54,0,0.09375,0,0.01953125,0.546875,0,0.3203125,0.0078125
MD972148,forcens_lgm,11.395,19.8,117.54,0.01454545455,0.07636363636,0,0.01090909091,0.57090909096,0,0.3054545455,0.00727272727
MD972148,forcens_lgm,11.475,19.8,117.54,0.0221238938,0.08407079646,0,0.0221238938,0.50442477875,0,0.34513274334,0.01327433628
MD972148,forcens_lgm,11.555,19.8,117.54,0.01872659176,0.0936329588,0,0.01123595506,0.59176029961,0,0.25468164792,0.01498127341
MD972148,forcens_lgm,11.635,19.8,117.54,0.00737100737,0.1253071253,0,0.01474201474,0.56756756757,0,0.25552825549,0.01228501229
MD972148,forcens_lgm,11.715,19.8,117.54,0.01834862386,0.08944954128,0,0.0114678899,0.59862385322,0,0.23853211006,0.02752293578
MD972148,forcens_lgm,11.795,19.8,117.54,0.03374233129,0.07055214724,0,0.02760736197,0.63190184057,0,0.19325153371,0.02760736196
MD972148,forcens_lgm,11.875,19.8,117.54,0.01672240803,0.09698996656,0,0.02006688964,0.6053511706,0,0.23745819399,0.01337792642
MD972148,forcens_lgm,11.955,19.8,117.54,0.00925925926,0.09953703704,0,0.02777777778,0.54398148149,0,0.27083333332,0.01388888889
MD972148,forcens_lgm,12.035,19.8,117.54,0.01428571428,0.10476190478,0,0.00714285714,0.60238095233,0,0.2142857143,0.0119047619
MD972148,forcens_lgm,12.115,19.8,117.54,0.01246882793,0.072319202,0,0.01246882794,0.59102244392,0,0.27680798005,0.01246882793
MD972148,forcens_lgm,12.195,19.8,117.54,0.00350877193,0.05614035088,0,0.00701754386,0.7473684211,0,0.17894736843,0
MD972148,forcens_lgm,12.275,19.8,117.54,0,0.07116104869,0,0.0074906367,0.65917602992,0,0.25093632957,0.01123595506
MD972148,forcens_lgm,12.355,19.8,117.54,0,0.1133603239,0,0.01619433198,0.58906882592,0,0.27327935222,0.00607287449
MD972148,forcens_lgm,12.435,19.8,117.54,0.00221238938,0.08185840708,0,0.0221238938,0.61283185839,0,0.27433628317,0.00442477876
MD972148,forcens_lgm,12.515,19.8,117.54,0.00409836066,0.0881147541,0,0.01844262295,0.62909836063,0,0.25409836065,0.00409836066
MD972148,forcens_lgm,12.595,19.8,117.54,0.00205761317,0.04732510288,0,0.02057613169,0.6851851852,0,0.24074074072,0.00205761317
MD972148,forcens_lgm,12.675,19.8,117.54,0.00531914894,0.08244680851,0,0.01861702127,0.54787234039,0,0.28989361698,0.01063829787
MD972148,forcens_lgm,12.755,19.8,117.54,0,0.06896551724,0,0.00766283525,0.67049808433,0,0.21455938698,0.00766283525
MD972148,forcens_lgm,12.835,19.8,117.54,0.0021691974,0.0737527115,0,0.02169197396,0.59436008675,0,0.26898047719,0.0021691974
MD972148,forcens_lgm,12.915,19.8,117.54,0,0.0618556701,0,0.02577319588,0.63917525771,0,0.25257731956,0.00515463918
MD972151,forcens_lgm,5.475,8.73,109.87,0.044304,0.044304,0,0.03481,0.462026,0,0.389241,0.015823
MD972151,forcens_lgm,5.555,8.73,109.87,0.047848,0.038278,0,0.00957,0.4689,0,0.382775,0.019139
MD972151,forcens_lgm,5.635,8.73,109.87,0.014836,0.071217,0,0.026706,0.48368,0,0.376855,0.008902
MD972151,forcens_lgm,5.715,8.73,109.87,0.044554,0.059406,0,0.019801,0.396039,0,0.440593,0.014851
MD972151,forcens_lgm,5.795,8.73,109.87,0.039841,0.039841,0,0.027888,0.422311,0,0.442231,0.015936
MD972151,forcens_lgm,5.875,8.73,109.87,0.035031,0.035032,0,0.022293,0.426751,0,0.449044,0.012739
MD972151,forcens_lgm,5.955,8.73,109.87,0.030303,0.037879,0,0.026515,0.431818,0,0.431818,0.037879
MD972151,forcens_lgm,6.035,8.73,109.87,0.018868,0.079245,0,0.033963,0.328303,0,0.498113,0.015094
MD972151,forcens_lgm,6.115,8.73,109.87,0.033419,0.059126,0,0.033419,0.419024,0,0.434446,0.010283
MD972151,forcens_lgm,6.195,8.73,109.87,0.020173,0.040346,0,0.028818,0.443804,0,0.446687,0.005764
MD972151,forcens_lgm,6.275,8.73,109.87,0.038673,0.055248,0,0.005525,0.43094,0,0.447514,0.013812
MD972151,forcens_lgm,6.355,8.73,109.87,0.008438,0.029536,0,0.021097,0.392405,0,0.502109,0.021097
MD972151,forcens_lgm,6.435,8.73,109.87,0.015946,0.034169,0,0.013667,0.414579,0,0.501138,0.01139
MD972151,forcens_lgm,6.515,8.73,109.87,0.005076,0.050761,0,0.020304,0.48731,0,0.426396,0.010152
MD98-2195,forcens_lgm,,31.64,128.94,,,0,,,0,,0
MD98-2196,forcens_lgm,,29.88,128.61,0.398958701826321,,0.00311526479750779,0.137777416581264,,0.00394477317554241,,0.0264865436849306
MD99-2281,forcens_lgm,,60.341833,-9.455667,,,0,0,,0,0,0
MD99-2285,forcens_lgm,,62.6938,-3.5723,,0.13857163616,0,0,0.05567448326,0,0,0
MD99-2303,forcens_lgm,2.1,77.519667,8.399667,0.947530864197531,0.0524691358024691,0,0,0,0,0,0
MD99-2303,forcens_lgm,2.2,77.519667,8.399667,0.947852760736196,0.049079754601227,0,0,0,0,0,0
MD99-2303,forcens_lgm,2.3,77.519667,8.399667,0.943977591036414,0.0560224089635854,0,0,0,0,0,0
MD99-2303,forcens_lgm,2.4,77.519667,8.399667,0.948012232415902,0.0519877675840979,0,0,0,0,0,0
MD99-2303,forcens_lgm,2.5,77.519667,8.399667,0.935483870967742,0.0586510263929619,0,0,0,0,0,0
MD99-2303,forcens_lgm,2.6,77.519667,8.399667,0.968944099378882,0.031055900621118,0,0,0,0,0,0
MD99-2303,forcens_lgm,2.7,77.519667,8.399667,0.983660130718954,0.0130718954248366,0,0,0,0,0,0
MD99-2303,forcens_lgm,2.8,77.519667,8.399667,0.956953642384106,0.043046357615894,0,0,0,0,0,0
MD99-2304,forcens_lgm,4.55,77.621067,9.948333,,0,0,0,0,0,0,0
MD99-2304,forcens_lgm,4.58,77.621067,9.948333,,0,0,0,0,0,0,0
MD99-2304,forcens_lgm,4.61,77.621067,9.948333,,0,0,0,0,0,0,0
MD99-2304,forcens_lgm,4.73,77.621067,9.948333,,0,0,0,0,0,0,0
MD99-2304,forcens_lgm,4.76,77.621067,9.948333,,0,0,0,0,0,0,0
MD99-2304,forcens_lgm,4.79,77.621067,9.948333,,0,0,0,0,0,0,0
MD99-2304,forcens_lgm,4.82,77.621067,9.948333,,0,0,0,0,0,0,0
MD99-2304,forcens_lgm,4.85,77.621067,9.948333,,0,0,0,0,0,0,0
MD99-2304,forcens_lgm,4.88,77.621067,9.948333,,0,0,0,0,0,0,0
MD99-2304,forcens_lgm,4.91,77.621067,9.948333,,0,0,0,0,0,0,0
MD99-2304,forcens_lgm,4.94,77.621067,9.948333,,0,0,0,0,0,0,0
MD99-2304,forcens_lgm,5.21,77.621067,9.948333,,0,0,0,0,0,0,0
MD99-2304,forcens_lgm,5.27,77.621067,9.948333,,0,0,0,0,0,0,0
MD99-2304,forcens_lgm,5.3,77.621067,9.948333,,0,0,0,0,0,0,0
MD99-2304,forcens_lgm,5.39,77.621067,9.948333,,0,0,0,0,0,0,0
MD99-2304,forcens_lgm,5.48,77.621067,9.948333,,0,0,0,0,0,0,0
MD99-2304,forcens_lgm,5.57,77.621067,9.948333,,0,0,0,0,0,0,0
MD99-2331,forcens_lgm,,42.15,-9.68333,,,0,0.00210084033613445,,0,0.904579523719027,0
MD99-2339,forcens_lgm,,35.8855,-7.52783,,,0.00198766289,0.14221881344,,0,,0
MD992344,forcens_lgm,,41.997,4.836,0,0,0,0,0,0,0,0
MD992346,forcens_lgm,,42.044,4.151,,,0,0,,0,0.18,0
ME0005A-3JC,forcens_lgm,,15.65666667,-95.2805,0.6110862468919,,0.0775226792327428,0.102655320269925,,0,0.583833156562008,0.0118343195266272
NA87-22,forcens_lgm,3.8,55.5,-14.5833,0.909,0.031,0,0,0.061,0,0,0
NA87-22,forcens_lgm,3.9,55.5,-14.5833,0.941,0.028,0,0,0.032,0,0,0
NA87-22,forcens_lgm,4,55.5,-14.5833,0.888,0.092,0,0,0.021,0,0,0
NA87-22,forcens_lgm,4.1,55.5,-14.5833,0.918,0.041,0,0,0.041,0,0,0
NA87-22,forcens_lgm,4.2,55.5,-14.5833,0.892,0.049,0,0,0.058,0,0,0
NA87-22,forcens_lgm,4.3,55.5,-14.5833,0.916,0.071,0,0,0.013,0,0,0
NA87-22,forcens_lgm,4.4,55.5,-14.5833,0.948,0.033,0,0,0.019,0,0,0
NS07-25,forcens_lgm,,6.66575,113.5489333,0.327736920980637,0.191510208585073,0,0.0314672858348837,,0,,0.0234423646061313
OD-041-04,forcens_lgm,0.14,84.0292,11.2383,0.993,0,0,0,0.007,0,0,0
OD-041-04,forcens_lgm,0.15,84.0292,11.2383,0.998,0.001,0,0,0.001,0,0,0
ODP 658C,forcens_lgm,,20.7492,-18.5808,,,0,0.0192206988666499,0.780247571723955,0,0.143444400037909,0
ODP 969,forcens_lgm,,33.839,24.884,0,0,0,0,0,0,0,0
ODP 973,forcens_lgm,,35.78,18.948,0,0,0,0,0,0,0,0
ODP 975,forcens_lgm,,38.89,4.5,0,0,0,0,0,0,0,0
ODP 977,forcens_lgm,,36.0317,-1.95528,0,0,0,0,0,0,0,0
ODP Site 883D,forcens_lgm,116,51.199,167.768,0.91030684503,0.089693155,0,0,0,0,0,0
ODP Site 883D,forcens_lgm,120,51.199,167.768,0.88828337872,0.1117166213,0,0,0,0,0,0
ODP Site 883D,forcens_lgm,123,51.199,167.768,0.86877828049,0.1312217195,0,0,0,0,0,0
ODP Site 883D,forcens_lgm,126,51.199,167.768,0.87358916483,0.1264108352,0,0,0,0,0,0
ODP Site 883D,forcens_lgm,130,51.199,167.768,0.86338797811,0.13114754094,0,0,0.00546448087,0,0,0
ODP Site 883D,forcens_lgm,133,51.199,167.768,0.87142857145,0.1285714286,0,0,0,0,0,0
ODP Site 883D,forcens_lgm,136,51.199,167.768,0.90989010989,0.08791208791,0,0,0,0,0.0021978022,0
ODP Site 883D,forcens_lgm,140,51.199,167.768,0.94382022469,0.05617977528,0,0,0,0,0,0
ODP Site 883D,forcens_lgm,143,51.199,167.768,0.92727272723,0.07272727273,0,0,0,0,0,0
ODP Site 883D,forcens_lgm,145,51.199,167.768,0.91176470591,0.08823529412,0,0,0,0,0,0
ODP site 828,forcens_lgm,12.38,-15.2889,166.2839,0.0258,0.0774,0,0.0128,0.3356,0,0.5221,0
ODP122-760A,forcens_lgm,0.39,-16.922,115.5413333,0,0,0,0,0,0,0,0
ODP122-762B,forcens_lgm,0.8,-19.88733333,112.254,0,0,0,0,0,0,0,0
ODP506B,forcens_lgm,97,0.61,-86.092,0.0619047619,0.17619047618,0,0.00238095238,0.59285714287,0,0.09761904762,0
ODP506B,forcens_lgm,100,0.61,-86.092,0.07610993657,0.1226215645,0,0.01268498943,0.63213530659,0,0.08245243128,0
ODP506B,forcens_lgm,102,0.61,-86.092,0.07303370786,0.1207865169,0,0.01123595506,0.64044943819,0,0.05617977528,0
ODP506B,forcens_lgm,110,0.61,-86.092,0.03134796239,0.08150470219,0,0.00940438871,0.71786833855,0,0.05956112853,0
ODP506B,forcens_lgm,114,0.61,-86.092,0.03072625698,0.1005586592,0,0.00558659218,0.66201117314,0,0.09776536314,0
ODP506B,forcens_lgm,118,0.61,-86.092,0.02906976744,0.1308139535,0,0.00581395348,0.63662790696,0,0.08720930233,0
ODP677B,forcens_lgm,104,1.202,-83.737,0.08092485549,0.07514450867,0,0.00578034682,0.65606936417,0,0.08959537572,0
ODP677B,forcens_lgm,107,1.202,-83.737,0.09302325581,0.05647840532,0,0,0.67441860466,0,0.06976744186,0
ODP677B,forcens_lgm,110,1.202,-83.737,0.05637982196,0.06528189911,0,0,0.71810089017,0,0.08902077151,0
ODP677B,forcens_lgm,113,1.202,-83.737,0.07277628032,0.06738544474,0,0.00539083558,0.61994609166,0,0.09703504043,0
ODP677B,forcens_lgm,116,1.202,-83.737,0.05537459283,0.04885993485,0,0.00325732899,0.70358306188,0,0.07817589576,0
ODP677B,forcens_lgm,119,1.202,-83.737,0.08888888888,0.06031746032,0,0,0.62222222227,0,0.07936507936,0
ODP846B,forcens_lgm,78,-3.05,-90.49,0.03,0.1233333333,0,0,0.74666666667,0,0.06333333333,0
ODP846B,forcens_lgm,81,-3.05,-90.49,0.04081632653,0.2653061224,0,0,0.62099125368,0,0.02040816327,0
ODP846B,forcens_lgm,85,-3.05,-90.49,0.07333333334,0.1933333333,0,0.00666666666,0.6566666667,0,0.03,0
ODP846B,forcens_lgm,88,-3.05,-90.49,0.1223529412,0.2141176471,0,0,0.60235294123,0,0.02588235294,0
ODP846B,forcens_lgm,89,-3.05,-90.49,0.05466237942,0.1382636656,0,0,0.69774919607,0,0.06109324759,0
ODP846B,forcens_lgm,93,-3.05,-90.49,0.02640264026,0.19141914186,0,0,0.69966996693,0,0.03630363036,0
ODP846B,forcens_lgm,97,-3.05,-90.49,0.05647840531,0.10631229234,0,0,0.75083056475,0,0.04318936877,0
ODP846B,forcens_lgm,100,-3.05,-90.49,0.1380368098,0.1503067485,0,0,0.62576687121,0,0.04907975461,0
ODP846B,forcens_lgm,104,-3.05,-90.49,0.02990033222,0.13289036547,0,0,0.74086378736,0,0.0830564784,0
ODP846B,forcens_lgm,108,-3.05,-90.49,0.04230769231,0.06153846154,0,0,0.78461538462,0,0.06923076923,0
OMEXII-9K,forcens_lgm,,42.33233333,-9.698666667,,,0,0.00402084405558415,,0,0.658436940997286,0
P69,forcens_lgm,3.9,-40.39666667,177.9966667,0,0,0,0,0,0,0,0
PC17,forcens_lgm,370,21.36,-158.19,0.0457,0.0256,0,0.1828,0.0932,0,0.5942,0.0018
PC17,forcens_lgm,374,21.36,-158.19,0.0737,0.0246,0,0.145,0.091,0,0.5921,0.0098
PC17,forcens_lgm,378,21.36,-158.19,0.0504,0.0192,0,0.137,0.1322,0,0.6106,0.0024
PE109-13,forcens_lgm,,42.572,-9.69,,,0,0,,0.0028169014084507,,0
PO200_10_28_1,forcens_lgm,,41.488,-9.722,,,0,0,0.904,0.003,0.382,0
PS1230-1,forcens_lgm,0.24,78.8553,-4.7812,1,0,0,0,0,0,0,0
PS1230-1,forcens_lgm,0.26,78.8553,-4.7812,1,0,0,0,0,0,0,0
PS1533-3,forcens_lgm,0.73,82.0317,15.1908,0.984,0.015,0,0,0.001,0,0,0
PS1533-3,forcens_lgm,0.79,82.0317,15.1908,0.985,0.015,0,0,0,0,0,0
PS1730-2,forcens_lgm,0.9,70.1165,-17.6943,1,0,0,0,0,0,0,0
PS1919-2,forcens_lgm,0.23,74.9967,-11.8267,1,0,0,0,0,0,0,0
PS1919-2,forcens_lgm,0.36,74.9967,-11.8267,1,0,0,0,0,0,0,0
PS1922-1,forcens_lgm,1.32,75.0003,-8.771,,0,0,0,0,0,0,0
PS1922-1,forcens_lgm,1.56,75.0003,-8.771,,0,0,0,0,0,0,0
PS1927-2,forcens_lgm,0.72,71.4967,-17.1483,1,0,0,0,0,0,0,0
PS1927-2,forcens_lgm,0.8,71.4967,-17.1483,1,0,0,0,0,0,0,0
PS1927-2,forcens_lgm,0.9,71.4967,-17.1483,1,0,0,0,0,0,0,0
PS1951-1,forcens_lgm,0.83,68.8417,-20.825,1,0,0,0,0,0,0,0
PS1951-1,forcens_lgm,0.94,68.8417,-20.825,1,0,0,0,0,0,0,0
PS1951-1,forcens_lgm,1,68.8417,-20.825,1,0,0,0,0,0,0,0
PS2129-1,forcens_lgm,0.3,81.3667,17.4717,0.997,0,0,0,0.003,0,0,0
PS2129-1,forcens_lgm,0.4,81.3667,17.4717,0.992,0.002,0,0,0.006,0,0,0
PS2138-1,forcens_lgm,1.72,81.535,30.5933,1,0,0,0,0,0,0,0
PS2138-1,forcens_lgm,1.92,81.535,30.5933,0.998,0.002,0,0,0,0,0,0
PS2138-1,forcens_lgm,2.13,81.535,30.5933,0.994,0.006,0,0,0,0,0,0
PS2138-1,forcens_lgm,2.23,81.535,30.5933,1,0,0,0,0,0,0,0
PS2446-4,forcens_lgm,3.1,82.3967,40.9083,1,0,0,0,0,0,0,0
PS2446-4,forcens_lgm,3.3,82.3967,40.9083,1,0,0,0,0,0,0,0
PS2446-4,forcens_lgm,3.5,82.3967,40.9083,1,0,0,0,0,0,0,0
PS2613-6,forcens_lgm,0.35,74.1767,-0.48,0.999,0,0,0,0.001,0,0,0
PS2613-6,forcens_lgm,0.4,74.1767,-0.48,1,0,0,0,0,0,0,0
PS2644-5,forcens_lgm,,67.8667,-21.765,,0,0,0,0,0,0,0
PS2837-5,forcens_lgm,3.89,81.2333,2.3817,0.996,0,0,0,0.004,0,0,0
PS2837-5,forcens_lgm,3.95,81.2333,2.3817,0.997,0,0,0,0.003,0,0,0
PS2837-5,forcens_lgm,3.97,81.2333,2.3817,1,0,0,0,0,0,0,0
PS2876-1,forcens_lgm,0.17,81.759,-9.4355,0.999,0,0,0,0.001,0,0,0
PS2876-1,forcens_lgm,0.27,81.759,-9.4355,0.993,0,0,0,0.006,0,0,0
PS2876-1,forcens_lgm,0.61,81.759,-9.4355,1,0,0,0,0,0,0,0
PS2876-1,forcens_lgm,0.83,81.759,-9.4355,0.999,0,0,0,0.001,0,0,0
PS2887-1,forcens_lgm,0.5,79.6,-4.6077,0.999,0,0,0,0.001,0,0,0
PS2887-1,forcens_lgm,0.52,79.6,-4.6077,1,0,0,0,0,0,0,0
PS2887-1,forcens_lgm,0.56,79.6,-4.6077,1,0,0,0,0,0,0,0
Q200,forcens_lgm,0.59,-45.995,172.025,0,0,0,0,0,0,0,0
Q585,forcens_lgm,0.73,-49.70333333,-177.99,0,0,0,0,0,0,0,0
R657 (S),forcens_lgm,0.5,-42.53333333,-178.4916667,0,0,0,0,0,0,0,0
R657 (W),forcens_lgm,0.5,-42.53333333,-178.4916667,0,0,0,0,0,0,0,0
RC08-018,forcens_lgm,20,-24.067,-15.117,0.0827067669172932,0.0350877192982456,0,0.107769423558897,0.233082706766917,0,0.533834586466165,0
RC08-039,forcens_lgm,0.7,-42.88333333,42.35,0,0,0,0,0,0,0,0
RC08-078,forcens_lgm,0.5,-44.78333333,-175.7666667,0,0,0,0,0,0,0,0
RC08-145,forcens_lgm,35,33.569,-62.383,0.249350649350649,0.223376623376623,0,0.0207792207792208,0.264935064935065,0,0.218181818181818,0.0025974025974026
RC09-049,forcens_lgm,70,11.184,-58.585,0.0746606334841629,0.0475113122171946,0,0.0384615384615385,0.149321266968326,0,0.678733031674208,0
RC09-049,forcens_lgm,85,11.184,-58.585,0.0805369127516779,0.0771812080536913,0,0.0402684563758389,0.167785234899329,0,0.61744966442953,0.0100671140939597
RC09-148,forcens_lgm,0.19,-29.68,113.7,0,0,0,0,0,0,0,0
RC09-150 (P),forcens_lgm,0.8,-31.28333333,114.5516667,0,0,0,0,0,0,0,0
RC09-150 (W),forcens_lgm,0.9,-31.28333333,114.5516667,0,0,0,0,0,0,0,0
RC09-161,forcens_lgm,1.6,19.56833333,59.595,0,0,0,0,0,0,0,0
RC09-162,forcens_lgm,0.5,19.07666667,60.42166667,0,0,0,0,0,0,0,0
RC09-225,forcens_lgm,135,54.968,-15.385,0.965,0.015,0,0,0.02,0,0,0
RC10-050,forcens_lgm,100,11.767,-81.086,0.0700636942675159,0.00636942675159236,0,0.0191082802547771,0.213375796178344,0,0.687898089171975,0
RC10-11,forcens_lgm,20,-11.183,-162.917,0.00411099691675231,0.0102774922918808,0,0.065775950668037,0.350462487153135,0,0.564234326824255,0
RC10-131,forcens_lgm,0.3,-14.53,157.97,0,0,0,0,0,0,0,0
RC10-16,forcens_lgm,9,33.083,158,0.2,0.120481927710843,0,0,0.624096385542169,0,0.0530120481927711,0.00240963855421687
RC10-62,forcens_lgm,51,3.333,-101.717,0.0565217391304348,0.0434782608695652,0,0.0130434782608696,0.760869565217391,0,0.126086956521739,0
RC10-97,forcens_lgm,44,0.917,-134.317,0.286792452830189,0.0289308176100629,0,0,0.623899371069182,0,0.0389937106918239,0.0213836477987421
RC11-021,forcens_lgm,30,-17.252,-35.967,0.0231958762886598,0.0077319587628866,0,0.0283505154639175,0.170103092783505,0,0.742268041237113,0
RC11-026,forcens_lgm,30,-28.583,-30.051,0.171912832929782,0.036319612590799,0,0.0338983050847458,0.150121065375303,0,0.583535108958838,0
RC11-086,forcens_lgm,45,-35.78,18.45,0.538461538461538,0.0817307692307692,0,0.00480769230769231,0.247596153846154,0,0.0961538461538461,0
RC11-120,forcens_lgm,0.74,-43.51666667,79.86666667,0,0,0,0,0,0,0,0
RC11-121,forcens_lgm,0.4,-39.71666667,82.25,0,0,0,0,0,0,0,0
RC11-126,forcens_lgm,0.2,-30.06666667,94.41666667,0,0,0,0,0,0,0,0
RC11-134,forcens_lgm,0.1,-33.06666667,110.55,0,0,0,0,0,0,0,0
RC11-145,forcens_lgm,0.29,-25.48333333,110.0166667,0,0,0,0,0,0,0,0
RC11-147,forcens_lgm,0.6,-19.05833333,112.75,0,0,0,0,0,0,0,0
RC11-210,forcens_lgm,40,1.817,-140.05,0.381625441696113,0.0353356890459364,0,0.0141342756183746,0.477031802120141,0,0.0671378091872792,0.0141342756183746
RC11-213,forcens_lgm,15,-6.133,-140.85,0.0542857142857143,0.0857142857142857,0,0.0642857142857143,0.412857142857143,0.00142857142857143,0.284285714285714,0.0728571428571429
RC11-22,forcens_lgm,30,-14.817,-139.967,0.022,0.017,0,0.094,0.29,0.002,0.553,0.015
RC11-23,forcens_lgm,45,-8.8,-110.8,0.153846153846154,0.0727272727272727,0,0.00559440559440559,0.478321678321678,0.0041958041958042,0.239160839160839,0.0307692307692308
RC11-86,forcens_lgm,0.4,-35.78,18.45,0.646,0.132,0,0,0.174,0,0.045,0
RC11-86,forcens_lgm,0.5,-35.78,18.45,0.6,0.125,0,0.007,0.23,0.003,0.034,0
RC12-10,forcens_lgm,40,-26,169.2,0.114239742558327,0.085277554304103,0,0.0080450522928399,0.274336283185841,0,0.514883346741754,0
RC12-109,forcens_lgm,0.4,-25.88333333,157.8666667,0,0,0,0,0,0,0,0
RC12-113 (A),forcens_lgm,0.5,-24.88,163.52,0,0,0,0,0,0,0,0
RC12-113 (M),forcens_lgm,0.4,-24.88,163.52,0.0458,0.0817,0,0.0361,0.2548,0,0.5393,0
RC12-234,forcens_lgm,70,-55.135,-63.985,0.885117493472585,0.0913838120104439,0,0,0.0130548302872063,0,0,0
RC12-241,forcens_lgm,70,-43.467,-57.651,0.375722543352601,0.326589595375723,0,0,0.257225433526012,0,0,0
RC12-267,forcens_lgm,0.73,-38.68,-25.78,0.576,0.042,0,0,0.379,0,0.004,0
RC12-291,forcens_lgm,80,-42.584,-17.8,0.512422360248447,0.229813664596273,0,0,0.226708074534162,0,0.0062111801242236,0
RC12-294,forcens_lgm,0.4,-37.27,-10.1,0.383,0.452,0,0,0.15,0,0.016,0
RC12-294,forcens_lgm,0.45,-37.27,-10.1,0.312,0.498,0,0,0.183,0,0.006,0
RC12-294,forcens_lgm,0.46,-37.27,-10.1,0.451,0.403,0,0,0.14,0,0.006,0
RC12-294,forcens_lgm,0.48,-37.27,-10.1,0.495,0.359,0,0,0.143,0.001,0.002,0
RC12-294,forcens_lgm,0.5,-37.27,-10.1,0.372,0.428,0,0,0.166,0,0.035,0
RC12-294,forcens_lgm,0.53,-37.27,-10.1,0.433,0.386,0.001,0,0.169,0,0.009,0
RC12-294,forcens_lgm,0.55,-37.27,-10.1,0.262,0.521,0,0,0.211,0,0.006,0
RC12-328,forcens_lgm,0.3,-3.95,60.6,0.07,0.07,0,0.03,0.327,0,0.495,0.006
RC12-339,forcens_lgm,0.7,9.133333333,90.03333333,0,0,0,0,0,0,0,0
RC12-340,forcens_lgm,0.7,12.7,90.017,0.027,0.022,0,0.098,0.441,0,0.401,0.01
RC12-341,forcens_lgm,0.6,13.05,89.583,0.043,0.032,0,0.145,0.44,0,0.323,0.017
RC12-343,forcens_lgm,0.6,15.167,90.567,0.009,0.033,0,0.085,0.516,0,0.351,0.006
RC12-344,forcens_lgm,2.9,12.767,96.067,0.025,0.063,0,0.078,0.193,0,0.622,0.021
RC12-36,forcens_lgm,20,15.1,124.133,0.012326656394453,0.0585516178736518,0,0.049306625577812,0.10939907550077,0,0.756548536209553,0
RC13-038,forcens_lgm,0.4,-14.51666667,177.1,0,0,0,0,0,0,0,0
RC13-11,forcens_lgm,50,-1.65,-103.633,0.488054607508532,0.052901023890785,0,0.00170648464163823,0.412969283276451,0,0.0409556313993174,0.00341296928327645
RC13-151,forcens_lgm,60,15.851,-74.784,0.0634005763688761,0.0172910662824208,0,0.0230547550432277,0.256484149855908,0,0.631123919308358,0
RC13-152,forcens_lgm,60,16.701,-75.435,0.0301003344481605,0.0100334448160535,0,0.020066889632107,0.153846153846154,0,0.785953177257525,0
RC13-153,forcens_lgm,0.59,15.065,-75.95,0.04,0.059,0,0.016,0.236,0.003,0.643,0
RC13-153,forcens_lgm,0.6,15.065,-75.95,0.06,0.019,0,0.038,0.24,0,0.64,0
RC13-158,forcens_lgm,80,13.169,-79.818,0.0457516339869281,0.0163398692810458,0,0.0588235294117647,0.212418300653595,0,0.660130718954248,0
RC13-159,forcens_lgm,83,14.685,-77.167,0.0472636815920398,0.0124378109452736,0,0.0373134328358209,0.241293532338309,0,0.649253731343284,0
RC13-17,forcens_lgm,30,19.083,-170.067,0.198473282442748,0.0343511450381679,0,0.152671755725191,0.270992366412214,0,0.278625954198473,0.00381679389312977
RC13-184,forcens_lgm,55,3.867,-43.3,0.12,0.00266666666666667,0,0,0.138666666666667,0,0.733333333333333,0
RC13-189,forcens_lgm,67.5,1.867,-30,0.275964391691395,0.0326409495548961,0,0.0118694362017804,0.299703264094956,0,0.376854599406528,0
RC13-197,forcens_lgm,110,4.517,-0.718,0.287610619469027,0.11283185840708,0,0.0154867256637168,0.143805309734513,0,0.413716814159292,0
RC13-205,forcens_lgm,50,-2.284,5.183,0.297376093294461,0.0291545189504373,0,0.0233236151603499,0.323615160349854,0,0.309037900874636,0
RC13-210,forcens_lgm,40,-9.135,-10.601,0.190600522193211,0.031331592689295,0,0.00783289817232376,0.29242819843342,0,0.446475195822454,0
RC13-227,forcens_lgm,40,-21.869,8.868,0.628342245989305,0.131016042780749,0,0,0.165775401069519,0,0.053475935828877,0
RC13-228,forcens_lgm,1.1,-22.33,11.198,0.711,0.226,0,0,0.039,0,0.022,0
RC13-228,forcens_lgm,1.15,-22.33,11.198,0.485,0.239,0,0.003,0.223,0,0.049,0
RC13-228,forcens_lgm,1.2,-22.33,11.198,0.606,0.231,0,0,0.128,0,0.036,0
RC13-228,forcens_lgm,1.25,-22.33,11.198,0.604,0.274,0,0,0.097,0,0.025,0
RC13-228,forcens_lgm,1.3,-22.33,11.198,0.757,0.148,0,0,0.076,0,0.019,0
RC13-228,forcens_lgm,1.35,-22.33,11.198,0.822,0.129,0,0,0.036,0,0.012,0
RC13-229,forcens_lgm,0.52,-25.49,11.307,0.733,0.03,0,0,0.211,0,0.026,0
RC13-229,forcens_lgm,0.55,-25.49,11.307,0.703,0.109,0,0,0.154,0,0.03,0
RC13-229,forcens_lgm,0.58,-25.49,11.307,0.814,0.076,0,0,0.094,0,0.017,0
RC13-229,forcens_lgm,0.6,-25.49,11.307,0.773,0.114,0,0,0.11,0,0.004,0
RC13-81,forcens_lgm,10,-19.017,-124.233,0.0482536764705882,0.0211397058823529,0,0.0243566176470588,0.298253676470588,0.00137867647058824,0.564338235294118,0.0174632352941176
RC13110,forcens_lgm,54,0.1,-95.65,0.107784431137725,0.0988023952095808,0,0,0.745508982035928,0,0.0479041916167665,0
RC13115,forcens_lgm,61,-1.633,-104.833,0.0754716981132076,0.0700808625336927,0,0,0.773584905660377,0,0.0754716981132076,0.00539083557951483
RC14-007,forcens_lgm,0.25,-35.51666667,44.75,0,0,0,0,0,0,0,0
RC14-009,forcens_lgm,0.7,-39.01666667,47.88333333,0,0,0,0,0,0,0,0
RC14-029,forcens_lgm,0.2,-10.92333333,88.315,0,0,0,0,0,0,0,0
RC14-035,forcens_lgm,0.4,-0.833333333,89.95,0,0,0,0,0,0,0,0
RC14-037,forcens_lgm,0.4,1.466666667,90.16666667,0,0,0,0,0,0,0,0
RC14-039,forcens_lgm,0.7,-5.857,90.52,0.033,0.121,0,0.021,0.468,0,0.327,0.03
RC14-039,forcens_lgm,70,5.85,90.517,0.0433884297520661,0.107438016528926,0,0.0185950413223141,0.512396694214876,0,0.289256198347108,0.0289256198347107
RC15-093,forcens_lgm,102,-46.086,-13.218,0.567398119122257,0.347962382445141,0,0,0.0783699059561129,0,0,0
RC15-094,forcens_lgm,120,-42.969,-20.851,0.680616740088106,0.0572687224669604,0,0,0.253303964757709,0,0,0
RC17-069,forcens_lgm,0.6,-31.5,32.6,0,0,0,0,0,0,0,0
RC17-073,forcens_lgm,0.3,-32.11666667,36.01666667,0,0,0,0,0,0,0,0
RC17-098,forcens_lgm,0.53,-13.21666667,65.61666667,0,0,0,0,0,0,0,0
RC17-108,forcens_lgm,0.4,-10.508,57.72,0,0,0,0,0,0,0,0
RC17-113,forcens_lgm,0.3,15.033,66.097,0,0,0,0,0,0,0,0
RC24-001,forcens_lgm,72,0.567,-13.35,0.245614035087719,0.0401002506265664,0,0.0050125313283208,0.488721804511278,0,0.210526315789474,0
RC24-008,forcens_lgm,120,-1.35,-11.917,0.28494623655914,0.0887096774193548,0,0,0.543010752688172,0,0.0779569892473118,0
RC24-027,forcens_lgm,72,-5.417,-0.367,0.107784431137725,0.029940119760479,0,0.0029940119760479,0.374251497005988,0,0.485029940119761,0
RC24-16,forcens_lgm,0.66,-5.038,-10.19,0.133,0.141,0,0.003,0.413,0,0.306,0
RC24-16,forcens_lgm,0.69,-5.038,-10.19,0.112,0.117,0,0.006,0.418,0,0.337,0
RC24-16,forcens_lgm,0.72,-5.038,-10.19,0.139,0.112,0,0,0.474,0,0.264,0
RC24-16,forcens_lgm,0.75,-5.038,-10.19,0.148,0.08,0,0,0.414,0,0.359,0
RC24-16,forcens_lgm,0.78,-5.038,-10.19,0.117,0.052,0,0,0.485,0,0.341,0
RC8-94,forcens_lgm,16,-27.283,-102.083,0.122051282051282,0.0353846153846154,0,0.0743589743589744,0.168717948717949,0,0.578461538461539,0.0082051282051282
RC9-124,forcens_lgm,40,-28.75,172.6,0.234657039711191,0.125451263537906,0,0.00992779783393502,0.226534296028881,0,0.40072202166065,0.00090252707581227
RC9-126,forcens_lgm,30,-33.233,168.733,0.276479750778816,0.197040498442368,0,0.00311526479750779,0.320872274143302,0,0.200155763239875,0
RC9-178,forcens_lgm,,33.733,27.917,0,0,0,0,0,0,0,0
RC9191,forcens_lgm,,38.2,18.033,0,0,0,0,0,0,0,0
RE05-034,forcens_lgm,40,42.383,-21.967,0.452747252747253,0.294505494505495,0,0,0.193406593406593,0,0.0505494505494506,0
RE05-036,forcens_lgm,70,46.917,-18.583,0.979351032448378,0.0176991150442478,0,0,0.00294985250737463,0,0,0
RE05-054,forcens_lgm,10,25.868,-19.051,0.464673913043478,0.190217391304348,0,0.00815217391304348,0.22554347826087,0.00543478260869565,0.105978260869565,0
RE05-057,forcens_lgm,100,19.652,-19.1,0.313769751693002,0.417607223476298,0,0.0112866817155756,0.18961625282167,0,0.0677200902934537,0
RE10-002,forcens_lgm,60,56.984,-12.467,0.946927374301676,0.053072625698324,0,0,0,0,0,0
RR9702A-63TC,forcens_lgm,16,-18.085,-79.04,0.175510204081633,0.2,0,0.00204081632653061,0.559183673469388,0,0.0591836734693878,0.00408163265306122
RR9702A-69TC,forcens_lgm,70,-16.007,-76.378,0.250602409638554,0.385542168674699,0,0,0.306024096385542,0,0.0578313253012048,0
RR9702A-69TC,forcens_lgm,80,-16.007,-76.378,0.432584269662921,0.120786516853933,0,0,0.404494382022472,0,0.0421348314606742,0
RS067-GC10,forcens_lgm,0.505,-38.86166667,140.1,0,0,0,0,0,0,0,0
RS096-GC21,forcens_lgm,0.29,-23.77216667,108.5006667,0,0,0,0,0,0,0,0
RS147-GC07,forcens_lgm,0.85,-45.15,146.2833333,0.477401129943503,0.319209039548023,0,0,0.18361581920904,0,0.00282485875706215,0
RS147-GC07,forcens_lgm,0.87,-45.15,146.2833333,0.488425925925926,0.305555555555556,0,0,0.168981481481482,0,0.00694444444444444,0
RS147-GC07,forcens_lgm,0.88,-45.15,146.2833333,0.363636363636364,0.41958041958042,0,0,0.174825174825175,0,0.0174825174825175,0
RS147-GC07,forcens_lgm,0.91,-45.15,146.2833333,0.410468319559229,0.410468319559229,0,0,0.137741046831956,0,0,0
RS147-GC07,forcens_lgm,0.935,-45.15,146.2833333,0.336823734729494,0.469458987783595,0,0,0.164048865619546,0,0.0226876090750436,0
RS147-GC07,forcens_lgm,0.985,-45.15,146.2833333,0.337579617834395,0.495222929936306,0,0,0.135350318471338,0,0.0222929936305732,0
RS147-GC14,forcens_lgm,0.25,-46.45,145.24,0,0,0,0,0,0,0,0
RS147-GC31,forcens_lgm,0.69,-44.53,149.05,0,0,0,0,0,0,0,0
S794,forcens_lgm,1.39,-35.31,177.9966667,0,0,0,0,0,0,0,0
SHI9006,forcens_lgm,5.99,-4.33223,117.59584,0,0,0,0,0,0,0,0
SHI9016,forcens_lgm,0.52,-8.455833333,128.238,0,0,0,0,0,0,0,0
SHI9022,forcens_lgm,5.79,-11.35444,122.03799,0,0,0,0,0,0,0,0
SHI9034,forcens_lgm,8.3,-9.09764,111.00721,0,0,0,0,0,0,0,0
SO189-119KL,forcens_lgm,,3.5178,96.3145,0.220942353799646,0.108349838423851,0,0.108078807463776,0.623485875117273,0.00377358490566038,0.909496507870322,0.0258730324194725
SO189-144KL,forcens_lgm,,1.155,98.066,0.132075471698113,0.0542452830188679,0,0.0589622641509434,0.363207547169811,0,0.384433962264151,0.00707547169811321
SO189-39KL,forcens_lgm,,-0.79,99.9085,0.266090207992522,0.0862724935732648,0,0.123075484926385,0.805795746669783,0,0.695003505491938,0.0237625613461089
SO201-2-77KL,forcens_lgm,2.54,56.3305,170.7,0.749596122778675,0.245557350565428,0.00323101777059774,0,0,0,0.00161550888529887,0
SO201-2-77KL,forcens_lgm,2.74,56.3305,170.7,0.751740139211137,0.248259860788863,0,0,0,0,0,0
SO201-2-85KL,forcens_lgm,1.35,57.505,170.413167,0.770661157024794,0.229338842975207,0,0,0,0,0,0
SO36-07,forcens_lgm,0.73,-42.25,144.75,0,0,0,0,0,0,0,0
SO36-21,forcens_lgm,0.2,-43.8,145.5,0,0,0,0,0,0,0,0
SO36-39,forcens_lgm,0.3,-45.87,145.99,0,0,0,0,0,0,0,0
SO36-47,forcens_lgm,0.5,-46.87,145.98,0,0,0,0,0,0,0,0
SO82_5-2,forcens_lgm,1,59.1862,-30.9048,0.983,0.014,0,0,0.003,0,0,0
SO82_5-2,forcens_lgm,1.05,59.1862,-30.9048,0.989,0.009,0,0,0.002,0,0,0
SO82_5-2,forcens_lgm,1.1,59.1862,-30.9048,0.992,0.006,0,0,0.002,0,0,0
SO82_5-2,forcens_lgm,1.15,59.1862,-30.9048,0.991,0.007,0,0,0.002,0,0,0
SO82_5-2,forcens_lgm,1.2,59.1862,-30.9048,0.975,0.017,0,0,0.004,0.003,0.001,0
SO82_5-2,forcens_lgm,1.21,59.1862,-30.9048,0.979,0.017,0,0,0.002,0,0.002,0
SO82_5-2,forcens_lgm,1.22,59.1862,-30.9048,0.983,0.016,0,0,0,0,0.001,0
SO82_5-2,forcens_lgm,1.23,59.1862,-30.9048,0.967,0.03,0,0,0.001,0,0.002,0
SO82_5-2,forcens_lgm,1.24,59.1862,-30.9048,0.962,0.036,0,0,0.001,0,0.001,0
SO82_5-2,forcens_lgm,1.25,59.1862,-30.9048,0.963,0.033,0,0,0.003,0,0.001,0
SO82_5-2,forcens_lgm,1.26,59.1862,-30.9048,0.97,0.025,0,0,0.004,0,0.001,0
SO82_5-2,forcens_lgm,1.27,59.1862,-30.9048,0.955,0.039,0,0,0.004,0,0.002,0
SO82_5-2,forcens_lgm,1.28,59.1862,-30.9048,0.963,0.029,0,0,0.008,0,0,0
SO82_5-2,forcens_lgm,1.29,59.1862,-30.9048,0.681,0.257,0,0,0.053,0,0.009,0
SO82_5-2,forcens_lgm,1.3,59.1862,-30.9048,0.453,0.463,0.002,0,0.062,0,0.022,0
SO82_5-2,forcens_lgm,1.31,59.1862,-30.9048,0.526,0.392,0,0,0.067,0,0.014,0
SO82_5-2,forcens_lgm,1.32,59.1862,-30.9048,0.912,0.083,0,0,0.005,0,0,0
SO82_5-2,forcens_lgm,1.33,59.1862,-30.9048,0.951,0.044,0,0,0.005,0,0,0
SO82_5-2,forcens_lgm,1.34,59.1862,-30.9048,0.959,0.035,0,0,0.003,0,0.003,0
SO82_5-2,forcens_lgm,1.35,59.1862,-30.9048,0.976,0.021,0,0,0.003,0,0,0
SP08-004,forcens_lgm,30,32.818,-18.518,0.218354430379747,0.240506329113924,0,0,0.287974683544304,0.00474683544303798,0.248417721518987,0
SU81-18,forcens_lgm,3.8,37.767,-10.183,0.481,0.181,0,0,0.3,0,0.038,0
SU81-18,forcens_lgm,3.9,37.767,-10.183,0.447,0.271,0,0,0.204,0,0.079,0
SU81-18,forcens_lgm,4,37.767,-10.183,0.289,0.426,0,0,0.206,0,0.076,0
SU81-18,forcens_lgm,4.1,37.767,-10.183,0.451,0.157,0,0,0.273,0,0.119,0
SU81-18,forcens_lgm,4.2,37.767,-10.183,0.323,0.249,0,0.003,0.327,0,0.097,0
SU81-18,forcens_lgm,4.3,37.767,-10.183,0.429,0.237,0,0,0.253,0,0.08,0
SU81-18,forcens_lgm,4.4,37.767,-10.183,0.359,0.279,0,0,0.275,0,0.088,0
SU81-18,forcens_lgm,4.5,37.767,-10.183,0.43,0.309,0,0.003,0.198,0,0.059,0
SU81-18,forcens_lgm,4.7,37.767,-10.183,0.57,0.192,0,0.007,0.155,0,0.074,0
SU81-18,forcens_lgm,4.8,37.767,-10.183,0.568,0.236,0,0.006,0.142,0,0.046,0
SU81-18,forcens_lgm,4.9,37.767,-10.183,0.503,0.302,0,0,0.142,0,0.052,0
SU81-18,forcens_lgm,5,37.767,-10.183,0.411,0.322,0,0,0.212,0,0.055,0
SU81-18,forcens_lgm,5.1,37.767,-10.183,0.341,0.571,0,0,0.077,0,0.01,0
SU81-18,forcens_lgm,5.2,37.767,-10.183,0.14,0.807,0,0,0.053,0,0,0
SU81-18,forcens_lgm,5.3,37.767,-10.183,0.325,0.378,0,0,0.269,0,0.028,0
SU8107,forcens_lgm,,35.57,-3.48,0,0,0,0,0,0,0,0
SU90-03,forcens_lgm,0.97,40.505,-32.0533,0.389,0.284,0,0,0.287,0,0.028,0
SU90-03,forcens_lgm,0.98,40.505,-32.0533,0.356,0.294,0,0,0.305,0,0.044,0
SU90-03,forcens_lgm,1,40.505,-32.0533,0.399,0.243,0,0,0.306,0,0.041,0
SU90-03,forcens_lgm,1.02,40.505,-32.0533,0.393,0.227,0,0,0.33,0,0.037,0
SU90-03,forcens_lgm,1.04,40.505,-32.0533,0.419,0.263,0,0.003,0.247,0,0.055,0
SU90-03,forcens_lgm,1.06,40.505,-32.0533,0.372,0.284,0,0,0.282,0,0.063,0
SU90-03,forcens_lgm,1.07,40.505,-32.0533,0.37,0.279,0,0,0.297,0,0.044,0
SU90-03,forcens_lgm,1.08,40.505,-32.0533,0.357,0.295,0,0,0.296,0,0.048,0
SU90-03,forcens_lgm,1.1,40.505,-32.0533,0.368,0.311,0,0,0.256,0,0.055,0
SU90-03,forcens_lgm,1.12,40.505,-32.0533,0.378,0.28,0,0,0.276,0,0.062,0
SU90-39,forcens_lgm,0.81,52.5667,-21.94,0.961,0.033,0,0,0.007,0,0,0
SU90-39,forcens_lgm,0.9,52.5667,-21.94,0.914,0.047,0,0,0.036,0,0,0
SU90-39,forcens_lgm,0.99,52.5667,-21.94,0.935,0.056,0,0,0.006,0,0,0
SU90-I02,forcens_lgm,,45.09,-39.438333,,0.232,0.01,0,0.035,0,0,0
SU90-I03,forcens_lgm,,51.878333,-39.781667,,0.141,0,0,0.004,0,0,0
SU90-I06,forcens_lgm,0.21,59.5217,-39.445,0.997,0,0,0,0.002,0,0,0
SU90-I06,forcens_lgm,0.23,59.5217,-39.445,0.991,0.005,0,0,0.004,0,0,0
SU92-03,forcens_lgm,,43.196,10.113,,,0.00160513643659711,0.0702173041435515,,0,0.451562438492013,0
SU92-21,forcens_lgm,0.8,36.5117,-23.7367,0.281,0.049,0,0,0.563,0,0.107,0
SU92-21,forcens_lgm,0.85,36.5117,-23.7367,0.354,0.101,0,0.013,0.422,0,0.109,0
T87/2/20G,forcens_lgm,,34.97,23.75,0,0,0,0,0,0,0,0
T89-40,forcens_lgm,,-21.6,6.783333333,0.315625,0.25,0,0.009375,0.28435,0,0.115625,0.003125
TAN0803-09,forcens_lgm,,-46.997,166.061,,,0.011,0,0.609,0,0.037,0
TAN1106-28,forcens_lgm,,-48.372,165.659,,0.412,0.004,0,0.234,0,0.018,0.15
TAN1106-34,forcens_lgm,,-49.302,165.166,,,0.013,0,0.716,0,0.027,0
TAN1106-43,forcens_lgm,,-50.449,164.878,,1.012,0,0,0.314,0,0.059,0
TAN1106-89,forcens_lgm,,-47.971,169.36,0.52,0.377,0,0,0.095,0,0.009,0
TR163-11,forcens_lgm,36,6.45,-85.822,0.08250825083,0.1122112211,0,0,0.4422442244,0,0.0594059406,0
TR163-33,forcens_lgm,76,-1.913,-82.568,0.0988700565,0.1807909605,0,0.00282485876,0.66101694915,0,0.0395480226,0
TR163-33,forcens_lgm,78,-1.913,-82.568,0.08666666667,0.21,0,0,0.63000000003,0,0.03333333333,0
TR163-33,forcens_lgm,82,-1.913,-82.568,0.09,0.2066666667,0,0.00333333333,0.63999999994,0,0.03999999999,0
TR163-33,forcens_lgm,84,-1.913,-82.568,0.07395498393,0.1318327974,0,0,0.72025723472,0,0.04823151126,0
TR163-33,forcens_lgm,86,-1.913,-82.568,0.06481481481,0.19444444445,0,0,0.64197530867,0,0.07407407407,0
TR163-33,forcens_lgm,88,-1.913,-82.568,0.08169014085,0.2394366197,0,0,0.62816901415,0,0.02253521127,0
TR163-33,forcens_lgm,90,-1.913,-82.568,0.09666666666,0.1666666667,0,0.00333333333,0.67000000003,0,0.04666666667,0
TR163-33,forcens_lgm,92,-1.913,-82.568,0.03144654088,0.20440251569,0,0,0.66981132071,0,0.05660377359,0
U938,forcens_lgm,1.3,-45.075,179.4983333,0,0,0,0,0,0,0,0
V  28294,forcens_lgm,4,28.433,139.967,0.233994589720469,0.126239855725879,0,0.0153291253381425,0.220468890892696,0,0.399458972046889,0.00045085662759242
V  28304,forcens_lgm,45,28.533,134.133,0.195182724252492,0.148671096345515,0,0.00415282392026578,0.290697674418605,0,0.352990033222591,0.00166112956810631
V  32139,forcens_lgm,1,31.567,151.1,0.173267326732673,0.0767326732673267,0,0,0.643564356435644,0,0.101485148514851,0.00495049504950495
V 19-53,forcens_lgm,45,-17.017,-113.517,0.336267605633803,0.00528169014084507,0,0.00880281690140845,0.417253521126761,0,0.117957746478873,0.11443661971831
V 19-55,forcens_lgm,23,-17,-114.183,0.0364526659412405,0.0391730141458107,0.00054406964091403,0.0315560391730141,0.426550598476605,0.00272034820457019,0.331338411316649,0.0473340587595212
V 19-64,forcens_lgm,15,-16.933,-121.2,0.0174102285092492,0.0272034820457019,0,0.0380848748639826,0.399347116430903,0.00108813928182807,0.464635473340588,0.0217627856365615
V 19-65,forcens_lgm,15,-16.65,-124.383,0.0540364583333333,0.013671875,0,0.0143229166666667,0.387369791666667,0.00325520833333333,0.466145833333333,0.033203125
V 19-96,forcens_lgm,15,0.867,172,0.0838709677419355,0.106451612903226,0,0.0032258064516129,0.541935483870968,0,0.258064516129032,0.00645161290322581
V 20-11,forcens_lgm,20,47.95,168.783,0.904205607476636,0.0934579439252336,0,0,0,0,0.00233644859813084,0
V 21-14,forcens_lgm,70,37.683,163.033,0.237037037037037,0.0716049382716049,0,0,0.679012345679012,0,0.00740740740740741,0
V 21-30,forcens_lgm,250,-1.217,-89.683,0.1785944551902,0.459703417150226,0,0.00451321727917473,0.322372662798195,0,0.0328820116054159,0
V 21-33,forcens_lgm,45,-3.8,-92.083,0.21630615640599,0.123128119800333,0,0,0.650582362728785,0,0.00998336106489185,0
V 28-23,forcens_lgm,20,-5.5,166.75,0.0154185022026432,0.0781938325991189,0,0.026431718061674,0.350220264317181,0,0.519823788546256,0.00110132158590308
V 28-24,forcens_lgm,20,11.067,138.533,0.0065437239738251,0.0618679357525283,0,0.0380725758477097,0.127305175490779,0,0.750148720999405,0.00059488399762046
V 32126,forcens_lgm,25,35.317,177.9,0.343891402714932,0.291101055806938,0,0,0.321266968325792,0,0.0361990950226244,0.00452488687782806
V04-008,forcens_lgm,50,37.218,-33.134,0.300314465408805,0.242138364779874,0,0.0235849056603774,0.259433962264151,0,0.166666666666667,0.00157232704402516
V04-032,forcens_lgm,30,35.05,-11.617,0.305239179954442,0.154897494305239,0,0.0182232346241458,0.211845102505695,0.00227790432801822,0.266514806378132,0
V10-49,forcens_lgm,,36.083,26.833,0,0,0,0,0,0,0,0
V10-51,forcens_lgm,,35.917,27.3,0,0,0,0,0,0,0,0
V14-077,forcens_lgm,0.29,-29.64166667,32.85833333,0,0,0,0,0,0,0,0
V14-081,forcens_lgm,0.35,-28.425,43.78333333,0,0,0,0,0,0,0,0
V14-101,forcens_lgm,0.7,8.65,58.56666667,0,0,0,0,0,0,0,0
V14-102,forcens_lgm,0.4,10.25,57.18333333,0,0,0,0,0,0,0,0
V15-157,forcens_lgm,50,-33.167,-49.783,0.219026548672566,0.0730088495575221,0,0.00663716814159292,0.360619469026549,0,0.320796460176991,0
V15-168,forcens_lgm,142,0.2,-39.9,0.189274447949527,0.0126182965299685,0,0.0126182965299685,0.293375394321767,0.00630914826498423,0.482649842271293,0
V15-168,forcens_lgm,160,0.2,-39.9,0.145539906103286,0.00704225352112676,0,0.00469483568075117,0.312206572769953,0,0.528169014084507,0
V15-168,forcens_lgm,163,0.2,-39.9,0.10989010989011,0.010989010989011,0,0.0164835164835165,0.423076923076923,0,0.428571428571429,0
V16-025,forcens_lgm,53,5.067,-36.8,0.0818181818181818,0.00606060606060606,0,0.0212121212121212,0.148484848484848,0.00303030303030303,0.703030303030303,0
V16-025,forcens_lgm,55,5.067,-36.8,0.0487804878048781,0.018970189701897,0,0.010840108401084,0.154471544715447,0,0.731707317073171,0.00542005420054201
V16-036,forcens_lgm,42,-19.368,-11.435,0.134268537074148,0.0220440881763527,0,0.0761523046092184,0.228456913827655,0,0.529058116232465,0
V16-089,forcens_lgm,0.4,-33.01666667,85.78333333,0,0,0,0,0,0,0,0
V16-20,forcens_lgm,0.36,17.933,-50.35,0.04,0.013,0,0.005,0.078,0,0.861,0
V16-20,forcens_lgm,0.38,17.933,-50.35,0.033,0.05,0.002,0.013,0.127,0,0.775,0
V16-20,forcens_lgm,0.4,17.933,-50.35,0.034,0.006,0,0.08,0.166,0,0.714,0
V16-20,forcens_lgm,0.44,17.933,-50.35,0.039,0.03,0,0.018,0.143,0,0.762,0
V16-205,forcens_lgm,0.19,15.4,-43.4,0.112,0.021,0,0.017,0.019,0,0.829,0
V17-039,forcens_lgm,100,11.75,-80.433,0.0507462686567164,0.00895522388059702,0,0.0358208955223881,0.164179104477612,0,0.734328358208955,0
V17-165,forcens_lgm,0.35,32.75,-41.9,0.182,0.148,0,0.015,0.334,0.007,0.312,0
V17-165,forcens_lgm,0.45,32.75,-41.9,0.185,0.156,0,0.002,0.358,0.004,0.284,0
V17-165,forcens_lgm,0.54,32.75,-41.9,0.124,0.147,0,0,0.335,0.002,0.363,0
V17-165,forcens_lgm,0.58,32.75,-41.9,0.197,0.204,0,0,0.276,0.002,0.315,0
V17-165,forcens_lgm,50,32.75,-41.9,0.180758017492711,0.043731778425656,0,0.00291545189504373,0.320699708454811,0,0.43731778425656,0
V18-110,forcens_lgm,30,-53.917,-44.7,0.979522184300341,0.0102389078498294,0,0,0.0102389078498294,0,0,0
V18-191,forcens_lgm,0.3,-32.433,46.567,0,0,0,0,0,0,0,0
V18-207,forcens_lgm,0.4,-25.63333333,87.11666667,0,0,0,0,0,0,0,0
V18-312,forcens_lgm,25,-2.85,-126.2,0.272401433691756,0.039426523297491,0,0.00716845878136201,0.587813620071685,0,0.0716845878136201,0.010752688172043
V18-318,forcens_lgm,15,3.167,-118.467,0.17,0.01,0,0,0.75,0,0.0633333333333333,0.00666666666666667
V18-357,forcens_lgm,0.6,15.033,-80.23,0.067,0.011,0,0.062,0.203,0,0.672,0
V18-357,forcens_lgm,0.61,15.033,-80.23,0.045,0.018,0,0.023,0.165,0,0.743,0
V18-357,forcens_lgm,0.65,15.033,-80.23,0.045,0.019,0,0.018,0.195,0,0.712,0
V18-357,forcens_lgm,0.7,15.033,-80.23,0.044,0.005,0,0.026,0.159,0,0.76,0
V18-357,forcens_lgm,0.71,15.033,-80.23,0.042,0.014,0,0.014,0.177,0,0.727,0
V18-357,forcens_lgm,0.79,15.033,-80.23,0.062,0.023,0,0.003,0.237,0.001,0.649,0
V18-357,forcens_lgm,0.85,15.033,-80.23,0.042,0.015,0,0.045,0.321,0,0.569,0
V19-019,forcens_lgm,80,13.233,-78.367,0.0347222222222222,0.0104166666666667,0.00694444444444444,0.0347222222222222,0.128472222222222,0,0.784722222222222,0
V19-021,forcens_lgm,60,11.8,-79.35,0.0324909747292419,0.0108303249097473,0,0.0469314079422383,0.194945848375451,0,0.711191335740072,0
V19-178,forcens_lgm,0.8,8.116666667,73.25,0,0,0,0,0,0,0,0
V19-185,forcens_lgm,0.3,6.7,59.33333333,0,0,0,0,0,0,0,0
V19-188,forcens_lgm,0.6,6.866666667,60.66666667,0,0,0,0,0,0,0,0
V19-201,forcens_lgm,0.7,-5.333333333,40.43333333,0,0,0,0,0,0,0,0
V19-202,forcens_lgm,0.4,-6.983333333,41.18333333,0,0,0,0,0,0,0,0
V19-204,forcens_lgm,0.3,-10.23333333,43.81666667,0,0,0,0,0,0,0,0
V19-240,forcens_lgm,60,-30.583,13.283,0.590673575129534,0.139896373056995,0,0.00259067357512953,0.126943005181347,0,0.116580310880829,0
V19-248,forcens_lgm,27,-24.567,4.833,0.292565947242206,0.124700239808153,0,0.0431654676258993,0.345323741007194,0,0.167865707434053,0.00239808153477218
V19-281,forcens_lgm,50,-3.317,4.65,0.156695156695157,0.11965811965812,0,0,0.364672364672365,0,0.341880341880342,0
V19-283,forcens_lgm,79,-1.283,5.533,0.24896265560166,0.04149377593361,0,0.0103734439834025,0.309128630705394,0,0.383817427385892,0
V19-29,forcens_lgm,120,-3.583,-83.933,0.447362123902722,0.592160887982099,0,0.00167294282607692,0.926995042043971,0,0.0309735813570778,0
V19-291,forcens_lgm,80,2,-5.25,0.208430913348946,0.053864168618267,0,0.00234192037470726,0.22248243559719,0,0.505854800936768,0
V19-309,forcens_lgm,31,31.167,-45.133,0.128342245989305,0.0882352941176471,0,0.0053475935828877,0.401069518716578,0.00802139037433155,0.368983957219251,0
V20-170,forcens_lgm,0.3,-21.8,69.23333333,0,0,0,0,0,0,0,0
V20-175,forcens_lgm,0.3,-22.3,68,0,0,0,0,0,0,0,0
V20-212,forcens_lgm,20,-28.217,-10.033,0.213068181818182,0.0284090909090909,0,0.0596590909090909,0.275568181818182,0,0.411931818181818,0.00284090909090909
V20-227,forcens_lgm,80,-4.233,-34.633,0.137142857142857,0.00571428571428571,0,0.00285714285714286,0.282857142857143,0,0.554285714285714,0
V20-228,forcens_lgm,61,-2.483,-36.417,0.0323275862068966,0.0021551724137931,0,0.0172413793103448,0.172413793103448,0,0.762931034482759,0
V20-241,forcens_lgm,30,22.133,-41.5,0.0749354005167959,0.0103359173126615,0,0.0956072351421188,0.116279069767442,0.00258397932816538,0.689922480620155,0
V20-242,forcens_lgm,29,23.367,-43.65,0.0392670157068063,0.00785340314136126,0,0.0863874345549738,0.157068062827225,0,0.696335078534031,0
V22-026,forcens_lgm,40,8.717,-41.25,0.120987654320988,0.0246913580246914,0,0.00493827160493827,0.177777777777778,0,0.666666666666667,0
V22-038,forcens_lgm,37.5,-9.55,-34.25,0.0420168067226891,0.00840336134453782,0,0,0.0588235294117647,0,0.890756302521008,0
V22-038,forcens_lgm,40,-9.55,-34.25,0.026431718061674,0,0,0.013215859030837,0.0770925110132159,0,0.86784140969163,0
V22-168,forcens_lgm,31,-17.467,-5.183,0.29639175257732,0.0257731958762887,0,0,0.414948453608247,0,0.237113402061856,0.0077319587628866
V22-171,forcens_lgm,20,-13.1,-9.333,0.276190476190476,0.07002442002442,0,0.0556166056166056,0.487240537240537,0,1.06080586080586,0.00274725274725275
V22-172,forcens_lgm,20,-12.667,-9.817,0.146099290780142,0.0269503546099291,0,0.0269503546099291,0.252482269503546,0.00141843971631206,0.527659574468085,0.00141843971631206
V22-174,forcens_lgm,0.55,-10.07,-12.82,0.212,0.014,0,0.097,0.216,0,0.451,0
V22-174,forcens_lgm,0.57,-10.07,-12.82,0.142,0.042,0,0.078,0.248,0.003,0.471,0
V22-174,forcens_lgm,0.6,-10.07,-12.82,0.31,0.158,0,0.085,0.536,0.002,0.896,0
V22-177,forcens_lgm,63,-7.75,-14.601,0.193029490616622,0.0616621983914209,0,0.0294906166219839,0.367292225201072,0,0.345844504021448,0
V22-177,forcens_lgm,70,-7.75,-14.601,0.196388261851016,0.0248306997742664,0,0.0225733634311512,0.306997742663657,0,0.433408577878104,0
V22-182,forcens_lgm,71,-0.535,-17.267,0.343195266272189,0.0552268244575937,0,0.0019723865877712,0.404339250493097,0,0.191321499013807,0
V22-182,forcens_lgm,72,-0.535,-17.267,0.295321637426901,0.064327485380117,0,0.00292397660818713,0.441520467836257,0,0.190058479532164,0
V22-186,forcens_lgm,30,3.383,-20.117,0.407268817204301,0.0213978494623656,0,0.00806451612903226,0.806150537634409,0,0.739688172043011,0
V22-188,forcens_lgm,30,4.667,-20.917,0.230729166666667,0.075,0,0.110416666666667,0.505208333333333,0,1.05885416666667,0
V22-196,forcens_lgm,70,13.833,-18.951,0.206467661691542,0.144278606965174,0,0.00746268656716418,0.432835820895522,0,0.189054726368159,0
V22-197,forcens_lgm,1.11,14.167,-18.58,0.579,0.08,0,0.003,0.218,0,0.119,0
V22-197,forcens_lgm,1.14,14.167,-18.58,0.544,0.122,0,0,0.241,0,0.084,0
V22-197,forcens_lgm,1.19,14.167,-18.58,0.416,0.164,0,0.004,0.259,0,0.151,0
V22-197,forcens_lgm,1.24,14.167,-18.58,0.452,0.098,0,0.004,0.298,0,0.14,0
V22-197,forcens_lgm,1.31,14.167,-18.58,0.423,0.153,0,0,0.301,0,0.124,0
V22-222,forcens_lgm,58,28.933,-43.65,0.102844638949672,0.0196936542669584,0,0.0765864332603939,0.179431072210066,0,0.61925601750547,0
V23-042,forcens_lgm,70,62.183,-27.933,0.940520446096654,0.0483271375464684,0,0,0.00743494423791822,0,0.00371747211895911,0
V23-082,forcens_lgm,110,52.584,-21.933,0.981515711645102,0.0129390018484288,0,0,0.00184842883548983,0,0,0
V23-083,forcens_lgm,99,49.868,-24.25,0.98876404494382,0.0112359550561798,0,0,0,0,0,0
V23-084,forcens_lgm,81,46.001,-16.917,0.835051546391753,0.103092783505155,0,0,0.0584192439862543,0,0.00343642611683849,0
V23-091,forcens_lgm,30,29.583,-28.567,0.194594594594595,0.0621621621621622,0,0.0324324324324324,0.256756756756757,0,0.437837837837838,0
V23-098,forcens_lgm,70,23.117,-19.3,0.532467532467532,0.292207792207792,0,0,0.0941558441558442,0.00324675324675325,0.0681818181818182,0
V23-100,forcens_lgm,0.38,21.3,-22.68,0.553,0.1,0,0.005,0.141,0.005,0.197,0
V23-110,forcens_lgm,26,17.633,-45.867,0.029810298102981,0,0,0.032520325203252,0.165311653116531,0,0.772357723577236,0
V23-81,forcens_lgm,2.65,54.25,-16.83,0.853,0.111,0,0,0.006,0,0,0
V23-81,forcens_lgm,2.75,54.25,-16.83,0.905,0.051,0,0,0,0,0,0
V23-81,forcens_lgm,2.85,54.25,-16.83,0.811,0.154,0,0,0,0,0,0
V23-81,forcens_lgm,2.95,54.25,-16.83,0.911,0.075,0,0,0.006,0,0,0
V24-001,forcens_lgm,265,36.5,-73.5,0.417763157894737,0.148026315789474,0,0.00657894736842105,0.282894736842105,0,0.118421052631579,0
V24-028,forcens_lgm,60,15.317,-77.95,0.0449438202247191,0.00561797752808989,0,0.0308988764044944,0.191011235955056,0,0.716292134831461,0
V24-157,forcens_lgm,0.3,-14.95,147.92,0,0,0,0,0,0,0,0
V24-161,forcens_lgm,0.5,-18.2,151.45,0,0,0,0,0,0,0,0
V24-170,forcens_lgm,0.4,-13.52,146.88,0,0,0,0,0,0,0,0
V24-184,forcens_lgm,0.3,-12.87,146.2,0,0,0,0,0,0,0,0
V24-221,forcens_lgm,30,-32.033,-2.817,0.290760869565217,0.0923913043478261,0,0,0.263586956521739,0,0.326086956521739,0.00271739130434783
V24-229,forcens_lgm,30,-34.45,-10.6,0.408408408408408,0.195195195195195,0,0,0.186186186186186,0,0.198198198198198,0
V24-235,forcens_lgm,10,-33.25,-19.55,0.319327731092437,0.0560224089635854,0,0.00840336134453782,0.182072829131653,0,0.414565826330532,0
V24-237,forcens_lgm,10,-32.2,-26.733,0.564705882352941,0.00588235294117647,0,0.00294117647058824,0.155882352941176,0,0.258823529411765,0
V24-240,forcens_lgm,20,-31.733,-28.2,0.593582887700535,0.0240641711229947,0,0,0.147058823529412,0,0.219251336898396,0
V25-042,forcens_lgm,60,12.55,-50.65,0.0677966101694915,0.0127118644067797,0,0,0.608050847457627,0,0.305084745762712,0
V25-044,forcens_lgm,30,11.501,-45.151,0.0544871794871795,0.0256410256410256,0,0.0416666666666667,0.243589743589744,0,0.634615384615385,0
V25-060,forcens_lgm,40,3.283,-34.833,0.114285714285714,0.0158730158730159,0,0.0285714285714286,0.2,0,0.628571428571429,0
V25-060,forcens_lgm,47.5,3.283,-34.833,0.134897360703812,0.0205278592375367,0,0.0117302052785924,0.231671554252199,0,0.601173020527859,0
V25-075,forcens_lgm,120,8.583,-53.167,0.0566448801742919,0.0697167755991285,0,0.0065359477124183,0.111111111111111,0,0.751633986928105,0
V25-56,forcens_lgm,0.5,-3.55,-35.23,0.218,0.039,0,0,0.297,0,0.442,0
V25-56,forcens_lgm,0.52,-3.55,-35.23,0.171,0.043,0,0.003,0.298,0,0.486,0
V25-56,forcens_lgm,0.55,-3.55,-35.23,0.157,0.028,0,0.009,0.345,0,0.459,0
V25-56,forcens_lgm,0.57,-3.55,-35.23,0.143,0.036,0,0.01,0.342,0,0.468,0
V25-56,forcens_lgm,0.6,-3.55,-35.23,0.161,0.009,0,0.015,0.325,0,0.484,0
V25-56,forcens_lgm,0.62,-3.55,-35.23,0.183,0.043,0,0.01,0.316,0,0.449,0
V25-56,forcens_lgm,0.65,-3.55,-35.23,0.312,0.017,0,0.006,0.527,0,0.125,0
V25-56,forcens_lgm,0.7,-3.55,-35.23,0.411,0.011,0,0.032,0.737,0.002,0.789,0
V25-56,forcens_lgm,0.76,-3.55,-35.23,0.33,0.021,0,0.005,0.51,0,0.092,0
V25-56,forcens_lgm,0.8,-3.55,-35.23,0.405,0.025,0,0.134,0.868,0.01,0.535,0
V25-56,forcens_lgm,0.85,-3.55,-35.23,0.34,0.017,0,0.008,0.479,0.002,0.098,0
V25-59,forcens_lgm,0.5,1.367,-33.48,0.218,0.039,0,0,0.297,0,0.442,0
V25-59,forcens_lgm,0.52,1.367,-33.48,0.171,0.043,0,0.003,0.298,0,0.486,0
V25-59,forcens_lgm,0.55,1.367,-33.48,0.157,0.028,0,0.009,0.345,0,0.459,0
V25-59,forcens_lgm,0.57,1.367,-33.48,0.143,0.036,0,0.01,0.342,0,0.468,0
V25-59,forcens_lgm,0.6,1.367,-33.48,0.161,0.009,0,0.015,0.325,0,0.484,0
V25-59,forcens_lgm,0.62,1.367,-33.48,0.183,0.043,0,0.01,0.316,0,0.449,0
V26-041,forcens_lgm,42,19.319,-26.102,0.294685990338164,0.0555555555555556,0,0.0241545893719807,0.214975845410628,0,0.408212560386473,0.00241545893719807
V26-041,forcens_lgm,43,19.319,-26.102,0.30188679245283,0.0534591194968554,0,0.00628930817610063,0.238993710691824,0,0.393081761006289,0
V26-046,forcens_lgm,45,9.552,-18.169,0.461615191369883,0.0669794591399439,0,0.0322521058075957,0.661223585045072,0,0.741909265553421,0
V26-053,forcens_lgm,50,0.3,-14.8,0.154185022026432,0.00881057268722467,0,0,0.748898678414097,0,0.0859030837004405,0
V26-063,forcens_lgm,30,-23.952,-37.951,0.053921568627451,0.0318627450980392,0,0.0367647058823529,0.259803921568627,0,0.605392156862745,0
V26-082,forcens_lgm,20,-27.751,-40.385,0.11219512195122,0.0268292682926829,0,0.0414634146341463,0.231707317073171,0,0.563414634146342,0
V26-104,forcens_lgm,150,-0.083,-41.783,0.109195402298851,0.00383141762452107,0,0.0268199233716475,0.283524904214559,0.00574712643678161,0.57088122605364,0
V26-104,forcens_lgm,155,-0.083,-41.783,0.100609756097561,0,0,0.00914634146341463,0.228658536585366,0.00609756097560976,0.652439024390244,0
V26-107,forcens_lgm,100,4.683,-46.867,0.111111111111111,0.00493827160493827,0,0.054320987654321,0.266666666666667,0,0.562962962962963,0
V26-124,forcens_lgm,0.64,16.133,-74.45,0.04,0.045,0,0.016,0.224,0.004,0.657,0
V26-124,forcens_lgm,0.71,16.133,-74.45,0.037,0.049,0,0.015,0.208,0,0.681,0
V26-124,forcens_lgm,0.74,16.133,-74.45,0.042,0.033,0,0.034,0.214,0.001,0.667,0
V27-017,forcens_lgm,35,50.085,-37.3,0.996996996996997,0,0,0,0.003003003003003,0,0,0
V27-019,forcens_lgm,35,52.085,-38.8,0.922360248447205,0.0496894409937888,0,0,0.0279503105590062,0,0,0
V27-020,forcens_lgm,80,54,-46.2,0.87603305785124,0.0716253443526171,0,0,0.0523415977961433,0,0,0
V27-110,forcens_lgm,47,56.885,-18.485,0.883495145631068,0.0752427184466019,0,0,0.0412621359223301,0,0,0
V27-116,forcens_lgm,60,52.834,-30.334,0.935828877005348,0.0454545454545455,0,0,0.018716577540107,0,0,0
V27-137,forcens_lgm,40,42.685,-17.067,0.772151898734177,0.108860759493671,0,0,0.0860759493670886,0,0.0177215189873418,0
V27-175,forcens_lgm,50,8.801,-22.103,0.173202614379085,0,0,0,0.428104575163399,0,0.398692810457516,0
V27-178,forcens_lgm,55,5.1,-26.65,0.106976744186047,0.0395348837209302,0,0.00232558139534884,0.255813953488372,0,0.588372093023256,0
V27-178,forcens_lgm,58,5.1,-26.65,0.0917721518987342,0.0221518987341772,0,0,0.193037974683544,0,0.689873417721519,0
V27-228,forcens_lgm,90,-10.068,11.435,0.31457800511509,0.0179028132992327,0,0.0051150895140665,0.153452685421995,0,0.460358056265985,0
V27-232,forcens_lgm,60,-0.219,7.535,0.129230769230769,0.0646153846153846,0,0.00307692307692308,0.209230769230769,0,0.553846153846154,0
V27-239,forcens_lgm,20,-7.819,-1.502,0.243243243243243,0.0567567567567568,0,0.0027027027027027,0.505405405405405,0,0.181081081081081,0
V27-248,forcens_lgm,82,3.05,-11.803,0.262295081967213,0,0,0.0163934426229508,0.278688524590164,0,0.442622950819672,0
V27-263,forcens_lgm,20,35.017,-40.917,0.254957507082153,0.135977337110482,0,0.0028328611898017,0.305949008498584,0,0.28328611898017,0.0056657223796034
V27-60,forcens_lgm,2,72.183,8.583,0.988,0.006,0,0,0.006,0,0,0
V27-86,forcens_lgm,0.6,66.6,1.117,0.995,0.002,0,0,0.003,0,0,0
V27-86,forcens_lgm,0.7,66.6,1.117,0.99,0.01,0,0,0,0,0,0
V28-089,forcens_lgm,72,44.533,-32.583,0.835699797160243,0.101419878296146,0,0,0.0425963488843813,0,0.0202839756592292,0
V28-119,forcens_lgm,80,17.033,-76.6,0.0672043010752688,0.00806451612903226,0,0.0456989247311828,0.18010752688172,0,0.696236559139785,0
V28-122,forcens_lgm,100,11.933,-78.683,0.0474576271186441,0.0135593220338983,0,0.0508474576271186,0.11864406779661,0,0.766101694915254,0
V28-127,forcens_lgm,0.6,11.65,-80.13,0.089,0.006,0,0.028,0.134,0,0.745,0
V28-129,forcens_lgm,80,11.117,-80.4,0.0612903225806452,0.0032258064516129,0,0.0483870967741936,0.196774193548387,0,0.680645161290323,0
V28-14,forcens_lgm,1.6,64.783,-29.57,0.994,0.006,0,0,0,0,0,0
V28-14,forcens_lgm,1.7,64.783,-29.57,0.996,0,0,0,0.003,0,0,0
V28-201,forcens_lgm,20,2.767,-173.933,0.0037037037037037,0.154320987654321,0,0.0777777777777778,0.367901234567901,0.00123456790123457,0.376543209876543,0.00987654320987654
V28-203,forcens_lgm,40,0.95,-179.417,0.0380859375,0.0927734375,0,0.0244140625,0.392578125,0,0.416015625,0.0224609375
V28-238,forcens_lgm,0.39,1.016666667,160.4833333,0,0,0,0,0,0,0,0
V28-239,forcens_lgm,0.52,3.25,159.1833333,0,0,0,0,0,0,0,0
V28-310,forcens_lgm,40,25.417,125.633,0.0124575311438279,0.0883352208380521,0,0.118912797281993,0.490373725934315,0,0.28312570781427,0
V28-342 (P),forcens_lgm,0.9,-14.1,120.5,0.027,0.086,0,0.077,0.405,0,0.405,0
V28-342 (W),forcens_lgm,0.89,-14.1,120.5,0,0,0,0,0,0,0,0
V28-345,forcens_lgm,0.9,-17.67,117.95,0.054,0.101,0,0.067,0.397,0,0.38,0
V28-56,forcens_lgm,0.6,68.033,-6.117,1,0,0,0,0,0,0,0
V28-56,forcens_lgm,0.7,68.033,-6.117,1,0,0,0,0,0,0,0
V28-56,forcens_lgm,0.8,68.033,-6.117,1,0,0,0,0,0,0,0
V29-015,forcens_lgm,0.7,11.95,88.733,0.008,0.084,0,0.064,0.436,0,0.338,0.07
V29-029,forcens_lgm,0.8,5.116666667,77.58333333,0,0,0,0,0,0,0,0
V29-030,forcens_lgm,0.8,3.083333333,76.25,0,0,0,0,0,0,0,0
V29-045,forcens_lgm,0.4,-6,69.817,0,0,0,0,0,0,0,0
V29-048,forcens_lgm,0.2,-6.266666667,63.43333333,0,0,0,0,0,0,0,0
V29-064,forcens_lgm,0.3,-27.283,74.867,0,0,0,0,0,0,0,0
V29-144,forcens_lgm,85,-0.2,6.05,0.198952879581152,0.049738219895288,0,0.0235602094240838,0.447643979057592,0,0.274869109947644,0
V29-172,forcens_lgm,40,33.7,-29.383,0.350806451612903,0.0120967741935484,0,0.0362903225806452,0.370967741935484,0,0.213709677419355,0
V29-173,forcens_lgm,25,33.7,-29.383,0.249201277955272,0.0543130990415336,0,0.012779552715655,0.319488817891374,0.00958466453674121,0.348242811501597,0
V29-174,forcens_lgm,40,36.286,-29.352,0.268115942028986,0.123188405797101,0,0,0.306763285024155,0,0.294685990338164,0
V29-177,forcens_lgm,42,41.534,-25.701,0.363095238095238,0.319444444444444,0,0.00198412698412698,0.275793650793651,0,0.0396825396825397,0
V29-178,forcens_lgm,49,42.836,-25.15,0.479381443298969,0.337628865979382,0,0,0.167525773195876,0,0.0154639175257732,0
V29-179,forcens_lgm,0.87,44.017,-24.53,0.623,0.21,0,0,0.147,0,0.018,0
V29-179,forcens_lgm,1.01,44.017,-24.53,0.549,0.28,0,0,0.146,0,0.024,0
V29-180,forcens_lgm,58,45.301,-23.868,0.63821892393321,0.272727272727273,0,0,0.0760667903525046,0,0.012987012987013,0
V30-036,forcens_lgm,40,5.35,-27.317,0.135509833275754,0.0474773841055366,0,0.00820825816027536,0.297256663211905,0,,0
V30-041K,forcens_lgm,44.5,0.217,-23.067,0.407202216066482,0.0858725761772853,0,0.0332409972299169,0.307479224376731,0.0110803324099723,0.130193905817175,0.0166204986149585
V30-051K,forcens_lgm,54,19.867,-19.917,0.375,0.253378378378378,0,0.00337837837837838,0.266891891891892,0,0.0878378378378378,0
V30-096,forcens_lgm,63,39.933,-33.133,0.318181818181818,0.301136363636364,0,0,0.306818181818182,0,0.0738636363636364,0
V30-099,forcens_lgm,32,43.15,-32.45,0.362862010221465,0.385008517887564,0,0,0.207836456558773,0,0.0442930153321976,0
V30-100,forcens_lgm,65,44.1,-32.5,0.529715762273902,0.338501291989664,0,0,0.121447028423773,0,0.0129198966408269,0
V30-40,forcens_lgm,0.48,-0.2,-23.15,0.242,0.051,0,0.011,0.302,0.003,0.391,0
V30-40,forcens_lgm,0.51,-0.2,-23.15,0.33,0.055,0,0,0.291,0,0.323,0
V30-40,forcens_lgm,0.54,-0.2,-23.15,0.288,0.069,0,0.01,0.368,0.002,0.258,0
V30-40,forcens_lgm,0.57,-0.2,-23.15,0.298,0.071,0,0.005,0.33,0,0.29,0
V30-40,forcens_lgm,0.6,-0.2,-23.15,0.385,0.092,0,0.005,0.325,0,0.192,0
V30-40,forcens_lgm,0.63,-0.2,-23.15,0.331,0.066,0,0.003,0.362,0,0.232,0
V30-49,forcens_lgm,0.64,18.433,-21.08,0.277,0.263,0,0.012,0.31,0,0.139,0
V30-49,forcens_lgm,0.68,18.433,-21.08,0.206,0.194,0,0.03,0.414,0,0.156,0
V30-49,forcens_lgm,0.72,18.433,-21.08,0.179,0.238,0,0.015,0.414,0,0.151,0
V30-49,forcens_lgm,0.76,18.433,-21.08,0.16,0.255,0,0.008,0.458,0,0.117,0
V32-008,forcens_lgm,76,34.783,-32.417,0.238213399503722,0.0818858560794045,0,0.00992555831265509,0.387096774193548,0.00248138957816377,0.280397022332506,0
V32-128,forcens_lgm,32,36.467,177.167,0.517857142857143,0.189484126984127,0,0,0.257936507936508,0,0.0168650793650794,0.00694444444444444
V33-065,forcens_lgm,0.4,-22.73333333,112.5833333,0,0,0,0,0,0,0,0
V34-087,forcens_lgm,1,13.273,57.348,0.016,0.25,0,0.03,0.302,0,0.401,0
V34-088,forcens_lgm,1,16.54,59.755,0.027,0.231,0,0.07,0.316,0,0.356,0
V34-091,forcens_lgm,0.7,20.937,64.033,0.019,0.171,0,0.016,0.266,0,0.526,0
V34-092,forcens_lgm,0.85,21.148,65.118,0,0.039,0,0.008,0.104,0,0.848,0
V34-101,forcens_lgm,0.4,17.488,67.423,0.012,0.054,0,0.026,0.294,0,0.613,0
V34-109,forcens_lgm,0.8,19.733,66.083,0.011,0.058,0,0.031,0.256,0,0.644,0
V34-111,forcens_lgm,0.6,17.617,63.883,0.022,0.053,0,0.025,0.276,0,0.626,0
VNTRO1-8,forcens_lgm,41,0.033,-110.483,0.229979466119097,0.0513347022587269,0,0.00205338809034908,0.64476386036961,0,0.0677618069815195,0.00410677618069815
W8709A-01BC,forcens_lgm,21,41.54,-131.96,0.678,0.275,0,0,0.047,0,0.002,0
W8709A-08PC,forcens_lgm,22,42.26,-127.68,0.59,0.308,0,0,0.093,0,0.011,0
W8709A-13PC,forcens_lgm,275,42.12,-125.75,0.552,0.396,0,0,0.053,0,0,0
W8809A-21GC,forcens_lgm,140,42.14,-126.91,0.59,0.311,0,0,0.096,0,0,0
W8809A-29GC,forcens_lgm,156,41.8,-129,0.424,0.525,0,0,0.05,0,0,0
W8809A-31GC,forcens_lgm,15,41.68,-130.01,0.451,0.475,0,0,0.063,0,0.009,0
W8809A-53GC,forcens_lgm,168,42.75,-126.26,0.436,0.479,0,0,0.083,0,0,0
W8909A-48GC,forcens_lgm,17,41.33,-132.67,0.615,0.334,0,0,0.038,0,0.006,0
W8909A-57GC,forcens_lgm,22,41.58,-130.62,0.406,0.499,0,0,0.089,0,0.006,0
Y69-106p,forcens_lgm,30,2.983,-86.55,0.116838487972509,0.134020618556701,0,0.0206185567010309,0.604810996563574,0.00343642611683849,0.103092783505155,0.0171821305841924
Y69-71P,forcens_lgm,180,0.1,-86.483,0.0818181818181818,0.203030303030303,0,0.00303030303030303,0.654545454545455,0,0.0575757575757576,0
Y71-3-2,forcens_lgm,20,7.167,-85.15,0.0129032258064516,0.112903225806452,0,0,0.735483870967742,0,0.138709677419355,0
Y71-6-12,forcens_lgm,46,-16.443,-77.563,0.201474201474201,0.272727272727273,0,0.00737100737100737,0.447174447174447,0,0.0614250614250614,0.00737100737100737
Y71-6-12,forcens_lgm,49,-16.443,-77.563,0.295252225519288,0.157270029673591,0,0,0.508902077151335,0,0.029673590504451,0.00445103857566766
Y71-6-12,forcens_lgm,50,-16.443,-77.563,0.31637519872814,0.16852146263911,0,0,0.473767885532591,0,0.0317965023847377,0.00476947535771065
Y71-6-12,forcens_lgm,56,-16.443,-77.563,0.2,0.136363636363636,0,0.00909090909090909,0.581818181818182,0,0.0606060606060606,0.00606060606060606
Z2108,forcens_lgm,0.75,-33.3765,161.6125,0,0,0,0,0,0,0,0
Z2112,forcens_lgm,0.935,-33.53,166.53,0,0,0,0,0,0,0,0
y71-9-101,forcens_lgm,63,-6.383,-106.933,0.0328947368421053,0.0526315789473684,0,0,0.766447368421053,0,0.148026315789474,0
17938-2,margo,3.65,19.78,117.53,0.00602409638,0.06325301205,0,0.0391566265,0.68975903619,,0.09638554217,0
17938-2,margo,3.75,19.78,117.53,0.00917431193,0.06727828746,0,0.03058103976,0.62996941898,,0.1131498471,0.00305810398
17938-2,margo,3.85,19.78,117.53,0.01230769231,0.07076923077,0,0.02769230769,0.5753846154,,0.15692307692,0
17938-2,margo,3.95,19.78,117.53,0.00843881856,0.09071729958,0,0.0358649789,0.56118143463,,0.13924050632,0
17938-2,margo,4.05,19.78,117.53,0.00982800983,0.04422604423,0,0.02702702703,0.656019656,,0.09090909092,0
17938-2,margo,4.15,19.78,117.53,0.0071942446,0.1079136691,0,0.01798561151,0.55035971227,,0.08273381294,0
17938-2,margo,4.25,19.78,117.53,0.01766004415,0.09492273731,0,0.03311258278,0.50772626935,,0.09933774834,0
17938-2,margo,4.35,19.78,117.53,0.03265306123,0.07346938776,0,0.02448979592,0.56734693881,,0.11428571428,0
17938-2,margo,4.45,19.78,117.53,0.00471698113,0.04009433962,0,0.03066037736,0.68160377361,,0.08962264152,0
17938-2,margo,4.55,19.78,117.53,0,0.07142857143,0,0.01648351648,0.57692307692,,0.09890109889,0
17938-2,margo,4.65,19.78,117.53,0.01028277634,0.05398457584,0,0.01028277635,0.5475578406,,0.17737789203,0
17938-2,margo,4.75,19.78,117.53,0.01016949153,0.04406779661,0,0.04406779661,0.66779661013,,0.10508474577,0
17938-2,margo,4.85,19.78,117.53,0.0522388,0.05970149253,0,0.0223880597,0.57089544173,,0.14179104476,0.00373134328
17938-2,margo,4.95,19.78,117.53,0.00536193029,0.03753351206,0,0.00804289544,0.71581769444,,0.10455764075,0.00268096515
17938-2,margo,5.05,19.78,117.53,0.01366120218,0.06010928962,0,0.0300546448,0.58196721314,,0.11475409837,0.00273224044
17938-2,margo,5.15,19.78,117.53,0.01973684211,0.04276315789,0,0.01973684211,0.60526315793,,0.14802631579,0
17938-2,margo,5.25,19.78,117.53,0.02610441768,0.0421686747,0,0.0140562249,0.62650602413,,0.140562249,0.00602409639
17938-2,margo,5.35,19.78,117.53,0.02389078498,0.06484641638,0,0.03071672355,0.64675767916,,0.11604095563,0.00341296928
17938-2,margo,5.45,19.78,117.53,0.00408163266,0.1306122449,0,0.02653061224,0.54081632656,,0.14693877551,0
17938-2,margo,5.55,19.78,117.53,0.02904564315,0.0622406639,0,0.02074688796,0.64315352697,,0.10788381742,0
17938-2,margo,5.6,19.78,117.53,0.02409638555,0.07877664504,0,0.0092678406,0.64411492124,,0.12048192771,0.00092678406
17938-2,margo,5.65,19.78,117.53,0.02266288952,0.05099150142,0,0.02549575071,0.68555240791,,0.09915014165,0
17938-2,margo,5.75,19.78,117.53,0.0133037694,0.06208425721,0,0.0066518847,0.65410199561,,0.12195121951,0.0044345898
17938-2,margo,5.85,19.78,117.53,0.01118881119,0.04055944056,0,0.0055944056,0.79580419583,,0.06853146853,0.0027972028
31-KL,margo,1.61,18.75,115.87,0.01829268293,0.04268292683,0,0.01219512195,0.54573170733,,0.11280487805,0.00914634146
31-KL,margo,1.65,18.75,115.87,0.02487562189,0.06467661692,0,0.00995024876,0.56218905472,,0.10447761195,0.00995024876
31-KL,margo,1.69,18.75,115.87,0.0306122449,0.05612244898,0,0.01530612245,0.65306122447,,0.08673469388,0
31-KL,margo,1.73,18.75,115.87,0.00946372239,0.05047318612,0,0.01261829653,0.58044164033,,0.15457413249,0
31-KL,margo,1.77,18.75,115.87,0.01374570447,0.07560137457,0,0.00687285224,0.67353951886,,0.07560137457,0.01718213058
31-KL,margo,1.81,18.75,115.87,0.00487804878,0.08292682927,0,0.00975609756,0.69756097561,,0.06341463414,0.00487804878
31-KL,margo,1.85,18.75,115.87,0,0.05418719212,0,0.00985221675,0.64532019704,,0.10344827586,0
31-KL,margo,1.89,18.75,115.87,0,0.1091954023,0,0.01149425288,0.62068965513,,0.09770114942,0
31-KL,margo,1.97,18.75,115.87,0.0149812734,0.07490636704,0,0,0.61423220969,,0.10486891385,0.00374531835
31-KL,margo,2.01,18.75,115.87,0.02580645162,0.03870967742,0,0.01290322581,0.64516129034,,0.09677419356,0
31-KL,margo,2.05,18.75,115.87,0.01470588235,0.05882352941,0,0,0.57843137256,,0.12745098038,0.01960784314
31-KL,margo,2.09,18.75,115.87,0.02192982456,0.03070175439,0,0.00877192982,0.61842105269,,0.13157894736,0.01315789474
31-KL,margo,2.13,18.75,115.87,0.02083333333,0.05729166667,0,0.015625,0.67708333327,,0.10416666667,0
31-KL,margo,2.17,18.75,115.87,0.02380952381,0.02857142857,0,0.00476190476,0.71428571429,,0.0857142857,0
6706-2,margo,259,42.16,-124.94,0.54,0.421,0,0,0.03,,0,0
80KB11,margo,0.89,36.5,24.3,0.480132450331126,0.294701986754967,0,0,0.102649006622517,0,0.00662251655629139,0
A015558,margo,0.58,8.983333333,51.73333333,0.0897009966777409,0.136212624584718,0,0.0431893687707641,0.431893687707641,0,0.079734219269103,0
BC15,margo,0.7725,41.95,5.93,0.133971291866029,0.698564593301435,0,0,0.15311004784689,0,0,0
BC15,margo,0.9475,41.95,5.93,0.188571428571429,0.742857142857143,0,0,0.0571428571428571,0,0.0114285714285714,0
BC15,margo,1.0925,41.95,5.93,0.157088122605364,0.708812260536399,0,0,0.122605363984674,0,0.00766283524904215,0
BOFS14K,margo,0.36,58.6288,-19.4349,0.91,0.054,0,0,0.036,0,0,0
BOFS14K,margo,0.38,58.6288,-19.4349,0.872,0.099,0,0,0.029,0,0,0
BOFS14K,margo,0.4,58.6288,-19.4349,0.892,0.074,0,0,0.033,0,0,0
BOFS14K,margo,0.42,58.6288,-19.4349,0.875,0.084,0,0,0.04,0,0,0
BOFS14K,margo,0.44,58.6288,-19.4349,0.934,0.048,0,0,0.018,0,0,0
BOFS14K,margo,0.46,58.6288,-19.4349,0.799,0.168,0,0,0.031,0,0,0
BOFS16K,margo,0.44,59.4693,-23.2427,0.919,0.079,0,0,0.002,0,0,0
BOFS16K,margo,0.48,59.4693,-23.2427,0.852,0.141,0,0,0.005,0,0,0
BOFS17K,margo,0.74,58.001,-16.5014,0.899,0.057,0,0,0.043,0,0,0
BOFS17K,margo,0.76,58.001,-16.5014,0.926,0.036,0,0,0.037,0,0,0
BOFS17K,margo,0.78,58.001,-16.5014,0.931,0.038,0,0,0.029,0,0,0
BOFS17K,margo,0.8,58.001,-16.5014,0.822,0.116,0,0,0.061,0,0,0
BOFS17K,margo,0.82,58.001,-16.5014,0.915,0.07,0,0,0.016,0,0,0
BOFS17K,margo,0.84,58.001,-16.5014,0.815,0.125,0,0,0.06,0,0,0
BOFS17K,margo,0.86,58.001,-16.5014,0.824,0.138,0,0,0.038,0,0,0
BOFS17K,margo,0.88,58.001,-16.5014,0.8,0.134,0,0,0.065,0,0,0
BOFS17K,margo,0.9,58.001,-16.5014,0.815,0.152,0,0,0.033,0,0,0
BOFS17K,margo,0.92,58.001,-16.5014,0.681,0.262,0,0,0.058,0,0,0
BOFS17K,margo,0.94,58.001,-16.5014,0.698,0.234,0,0,0.057,0,0.01,0
BOFS17K,margo,0.96,58.001,-16.5014,0.59,0.323,0,0,0.068,0,0.02,0
BOFS17K,margo,0.98,58.001,-16.5014,0.555,0.344,0,0,0.082,0,0.02,0
BOFS17K,margo,1,58.001,-16.5014,0.516,0.403,0,0,0.064,0,0.013,0
BOFS17K,margo,1.02,58.001,-16.5014,0.548,0.391,0,0,0.049,0,0.013,0
BOFS17K,margo,1.04,58.001,-16.5014,0.604,0.339,0,0,0.042,0,0.01,0
BOFS31/1K,margo,0.54,18.9979,-20.1621,0.421,0.304,0,0.004,0.184,0,0.063,0
BOFS31/1K,margo,0.56,18.9979,-20.1621,0.426,0.283,0,0.009,0.214,0,0.043,0
BOFS31/1K,margo,0.58,18.9979,-20.1621,0.43,0.296,0.002,0.003,0.217,0,0.044,0
BOFS31/1K,margo,0.6,18.9979,-20.1621,0.394,0.271,0,0.006,0.236,0,0.076,0
BOFS31/1K,margo,0.62,18.9979,-20.1621,0.388,0.295,0,0.003,0.216,0,0.06,0
BOFS31/1K,margo,0.64,18.9979,-20.1621,0.382,0.292,0,0,0.226,0,0.069,0
BOFS31/1K,margo,0.66,18.9979,-20.1621,0.399,0.276,0,0.003,0.207,0,0.084,0
BOFS31/1K,margo,0.68,18.9979,-20.1621,0.327,0.339,0,0,0.233,0,0.081,0
BOFS5K,margo,0.78,50.6876,-21.8635,0.983,0.012,0,0,0.002,0,0,0
BOFS5K,margo,0.8,50.6876,-21.8635,0.935,0.048,0,0,0.007,0,0.003,0
BOFS5K,margo,0.82,50.6876,-21.8635,0.943,0.041,0,0,0.017,0,0,0
BOFS5K,margo,0.84,50.6876,-21.8635,0.954,0.03,0,0,0.016,0,0,0
BOFS5K,margo,0.86,50.6876,-21.8635,0.968,0.027,0,0,0.002,0,0.002,0
BOFS5K,margo,0.88,50.6876,-21.8635,0.967,0.028,0,0,0.002,0,0.002,0
BOFS5K,margo,0.9,50.6876,-21.8635,0.948,0.028,0,0,0.022,0,0.004,0
BOFS5K,margo,0.92,50.6876,-21.8635,0.947,0.045,0,0,0.007,0,0,0
BOFS5K,margo,0.94,50.6876,-21.8635,0.928,0.051,0,0,0.019,0,0.003,0
BOFS5K,margo,0.96,50.6876,-21.8635,0.924,0.048,0,0,0.029,0,0,0
BOFS8K,margo,0.86,52.5033,-22.0623,0.972,0.011,0,0,0.017,0,0,0
BOFS8K,margo,0.88,52.5033,-22.0623,0.956,0.039,0,0,0.006,0,0,0
BOFS8K,margo,0.9,52.5033,-22.0623,0.992,0.005,0,0,0.003,0,0,0
BOFS8K,margo,0.92,52.5033,-22.0623,0.973,0.01,0,0,0.017,0,0,0
BOFS8K,margo,0.94,52.5033,-22.0623,0.993,0.003,0,0,0.005,0,0,0
BOFS8K,margo,0.96,52.5033,-22.0623,0.98,0.004,0,0,0.015,0,0,0
BOFS8K,margo,0.98,52.5033,-22.0623,0.97,0.019,0,0,0.007,0,0,0
BOFS8K,margo,1,52.5033,-22.0623,0.978,0.01,0,0,0.013,0,0,0
BOFS8K,margo,1.02,52.5033,-22.0623,0.976,0.022,0,0,0.003,0,0,0
BOFS8K,margo,1.04,52.5033,-22.0623,0.965,0.014,0,0,0.021,0,0,0
BOFS8K,margo,1.06,52.5033,-22.0623,0.965,0.025,0,0,0.009,0,0,0
BOFS8K,margo,1.08,52.5033,-22.0623,0.962,0.034,0,0,0.005,0,0,0
BOFS8K,margo,1.1,52.5033,-22.0623,0.965,0.029,0,0,0.006,0,0,0
BOFS8K,margo,1.12,52.5033,-22.0623,0.971,0.025,0,0,0.003,0,0,0
BOFS8K,margo,1.14,52.5033,-22.0623,0.961,0.028,0,0,0.01,0,0,0
BOFS8K,margo,1.16,52.5033,-22.0623,0.942,0.055,0,0,0.003,0,0,0
BOFS8K,margo,1.18,52.5033,-22.0623,0.951,0.042,0,0,0.008,0,0,0
BOFS8K,margo,1.2,52.5033,-22.0623,0.942,0.036,0,0,0.021,0,0,0
BS79-22,margo,2.85,38.231,14.23,0.41304347826087,0.195652173913043,0,0.0130434782608696,0.256521739130435,0,0.121739130434783,0
BS79-22,margo,2.88,38.231,14.23,0.356200527704486,0.255936675461741,0,0.00527704485488127,0.274406332453826,0,0.108179419525066,0
BS79-22,margo,2.91,38.231,14.23,0.357531760435572,0.26497277676951,0,0.00181488203266788,0.215970961887477,0,0.159709618874773,0
BS79-22,margo,2.94,38.231,14.23,0.375,0.263888888888889,0,0,0.189814814814815,0,0.171296296296296,0
BS79-22,margo,2.97,38.231,14.23,0.309322033898305,0.258474576271186,0,0,0.233050847457627,0,0.199152542372881,0
BS79-22,margo,3,38.231,14.23,0.35036496350365,0.248175182481752,0,0,0.215328467153285,0,0.186131386861314,0
BS79-22,margo,3.03,38.231,14.23,0.368763557483731,0.251626898047722,0,0,0.223427331887202,0,0.156182212581345,0
BS79-22,margo,3.06,38.231,14.23,0.33695652173913,0.255434782608696,0,0,0.21195652173913,0,0.195652173913043,0
BS79-22,margo,3.09,38.231,14.23,0.339100346020761,0.224913494809689,0,0,0.214532871972318,0,0.221453287197232,0
BS79-22,margo,3.12,38.231,14.23,0.365333333333333,0.186666666666667,0,0,0.242666666666667,0,0.205333333333333,0
BS79-22,margo,3.15,38.231,14.23,0.307692307692308,0.238213399503722,0,0,0.203473945409429,0,0.250620347394541,0
BS79-22,margo,3.18,38.231,14.23,0.324766355140187,0.261682242990654,0,0.00467289719626168,0.264018691588785,0,0.144859813084112,0
BS79-22,margo,3.21,38.231,14.23,0.312236286919831,0.244725738396625,0,0,0.282700421940928,0,0.160337552742616,0
BS79-22,margo,3.24,38.231,14.23,0.341232227488152,0.260663507109005,0,0,0.270142180094787,0,0.127962085308057,0
BS79-22,margo,3.27,38.231,14.23,0.347682119205298,0.205298013245033,0,0.0033112582781457,0.26158940397351,0,0.182119205298013,0
BS79-22,margo,3.3,38.231,14.23,0.263322884012539,0.250783699059561,0,0,0.29153605015674,0,0.19435736677116,0
BS79-22,margo,3.33,38.231,14.23,0.258064516129032,0.24633431085044,0,0.00293255131964809,0.304985337243402,0,0.187683284457478,0
BS79-22,margo,3.36,38.231,14.23,0.297560975609756,0.204878048780488,0,0,0.253658536585366,0,0.24390243902439,0
BS79-22,margo,3.39,38.231,14.23,0.322033898305085,0.216949152542373,0,0,0.247457627118644,0,0.213559322033898,0
BS79-22,margo,3.42,38.231,14.23,0.320388349514563,0.252427184466019,0,0,0.203883495145631,0,0.223300970873786,0
BS79-22,margo,3.45,38.231,14.23,0.407079646017699,0.176991150442478,0,0.0132743362831858,0.238938053097345,0,0.163716814159292,0
BS79-33,margo,3.25,38.157,14.018,0.380165289256198,0.245179063360882,0,0,0.225895316804408,0,0.148760330578512,0
BS79-33,margo,3.3,38.157,14.018,0.362017804154303,0.317507418397626,0,0,0.210682492581602,0,0.109792284866469,0
BS79-33,margo,3.35,38.157,14.018,0.33433734939759,0.316265060240964,0,0,0.147590361445783,0,0.201807228915663,0
BS79-33,margo,3.4,38.157,14.018,0.390625,0.315625,0,0,0.159375,0,0.134375,0
BS79-33,margo,3.45,38.157,14.018,0.342948717948718,0.349358974358974,0,0,0.137820512820513,0,0.169871794871795,0
BS79-33,margo,3.5,38.157,14.018,0.303206997084548,0.279883381924198,0,0,0.145772594752187,0,0.271137026239067,0
BS79-33,margo,3.55,38.157,14.018,0.302325581395349,0.348837209302326,0,0,0.188953488372093,0,0.159883720930233,0
BS79-33,margo,3.6,38.157,14.018,0.330578512396694,0.242424242424242,0,0,0.203856749311295,0,0.223140495867769,0
BS79-33,margo,3.65,38.157,14.018,0.320474777448071,0.293768545994065,0,0,0.186943620178042,0,0.198813056379822,0
BS79-33,margo,3.7,38.157,14.018,0.333333333333333,0.289473684210526,0,0,0.157894736842105,0,0.219298245614035,0
BS79-33,margo,3.75,38.157,14.018,0.34402332361516,0.26530612244898,0,0,0.224489795918367,0,0.166180758017493,0
BS79-33,margo,3.8,38.157,14.018,0.322259136212625,0.269102990033223,0,0,0.215946843853821,0,0.192691029900332,0
BS79-33,margo,3.85,38.157,14.018,0.275964391691395,0.329376854599407,0,0,0.267062314540059,0,0.13353115727003,0
BS79-37,margo,2.4,38.215,13.269,0.394904458598726,0.356687898089172,0,0.00424628450106157,0.152866242038217,0,0.0912951167728238,0
BS79-37,margo,2.44,38.215,13.269,0.295285359801489,0.28287841191067,0,0,0.315136476426799,0,0.106699751861042,0
BS79-37,margo,2.48,38.215,13.269,0.299019607843137,0.308823529411765,0,0,0.325980392156863,0,0.0661764705882353,0
BS79-38,margo,3.975,38.247,13.346,0.179166666666667,0.375,0,0,0.329166666666667,0,0.116666666666667,0
BS79-38,margo,4.025,38.247,13.346,0.227467811158798,0.356223175965665,0,0.00429184549356223,0.309012875536481,0,0.103004291845494,0
BS79-38,margo,4.05,38.247,13.346,0.228070175438597,0.357894736842105,0,0,0.333333333333333,0,0.0807017543859649,0
BS79-38,margo,4.075,38.247,13.346,0.229357798165138,0.334862385321101,0,0,0.344036697247706,0,0.091743119266055,0
BS79-38,margo,4.125,38.247,13.346,0.232067510548523,0.316455696202532,0,0,0.333333333333333,0,0.118143459915612,0
BS79-38,margo,4.175,38.247,13.346,0.167364016736402,0.343096234309623,0,0.00836820083682008,0.418410041841004,0,0.0627615062761506,0
BS79-38,margo,4.2,38.247,13.346,0.211267605633803,0.366197183098592,0,0,0.197183098591549,0,0.225352112676056,0
BS79-38,margo,4.225,38.247,13.346,0.0898203592814371,0.425149700598802,0,0.0029940119760479,0.305389221556886,0,0.176646706586826,0
BS79-38,margo,4.275,38.247,13.346,0.157894736842105,0.37246963562753,0,0,0.352226720647773,0,0.117408906882591,0
BS79-38,margo,4.325,38.247,13.346,0.15884476534296,0.40072202166065,0,0,0.328519855595668,0,0.111913357400722,0
BS79-38,margo,4.35,38.247,13.346,0.149006622516556,0.384105960264901,0,0,0.347682119205298,0,0.119205298013245,0
BS79-38,margo,4.375,38.247,13.346,0.160583941605839,0.364963503649635,0,0,0.31021897810219,0,0.164233576642336,0
BS79-38,margo,4.4,38.247,13.346,0.45514950166113,0.259136212624585,0,0,0.142857142857143,0,0.142857142857143,0
BS79-38,margo,4.425,38.247,13.346,0.25668449197861,0.368983957219251,0,0,0.197860962566845,0,0.176470588235294,0
BS79-38,margo,4.45,38.247,13.346,0.377308707124011,0.327176781002638,0,0.00263852242744063,0.158311345646438,0,0.134564643799472,0
BS79-38,margo,4.475,38.247,13.346,0.261194029850746,0.373134328358209,0,0.00373134328358209,0.220149253731343,0,0.141791044776119,0
BS79-38,margo,4.525,38.247,13.346,0.233463035019455,0.420233463035019,0,0,0.229571984435798,0,0.116731517509728,0
BS79-38,margo,4.55,38.247,13.346,0.245862884160756,0.451536643026005,0,0,0.219858156028369,0,0.08274231678487,0
BS79-38,margo,4.575,38.247,13.346,0.209401709401709,0.405982905982906,0,0,0.264957264957265,0,0.11965811965812,0
BS79-38,margo,4.6,38.247,13.346,0.363636363636364,0.336363636363636,0,0,0.195454545454545,0,0.104545454545455,0
BS79-38,margo,4.625,38.247,13.346,0.172284644194757,0.445692883895131,0,0.00749063670411985,0.250936329588015,0,0.123595505617978,0
BS79-38,margo,4.65,38.247,13.346,0.193846153846154,0.476923076923077,0,0,0.252307692307692,0,0.0769230769230769,0
BS79-38,margo,4.675,38.247,13.346,0.167910447761194,0.485074626865672,0,0,0.253731343283582,0,0.0932835820895522,0
BS79-38,margo,4.7,38.247,13.346,0.174721189591078,0.371747211895911,0,0,0.260223048327138,0,0.193308550185874,0
CH82-24,margo,0.68,43.465,-30.66,0.169,0.541,0,0,0.097,0.145,0.048,0
CHAT 1K,margo,40,-41.58333333,-171.5,0.04234527687,0.1726384365,0,0,0.4071661238,,0.03583061889,0
CHAT 1K,margo,50,-41.58333333,-171.5,0.04627249357,0.21593830334,0,0,0.30591259641,,0.0411311054,0
DED8707,margo,1.095,39.41,13.34,0.272727272727273,0.417112299465241,0,0,0.181818181818182,0,0.128342245989305,0
DED8707,margo,1.215,39.41,13.34,0.310679611650486,0.446601941747573,0,0,0.15210355987055,0,0.0906148867313916,0
DGKS9603,margo,169,28.148,127.271,0.02701398939,0.06271104679,0,0.0328027014,0.31934394594,,0.12590448625,0
DGKS9603,margo,171,28.148,127.271,0.02620087336,0.06695778749,0,0.03250849102,0.31683648713,,0.13294517225,0
DGKS9603,margo,173,28.148,127.271,0.02594906295,0.0682364248,0,0.03652090341,0.32484382504,,0.12397885632,0
DGKS9603,margo,175,28.148,127.271,0.01723113488,0.13963161022,0,0.09447415329,0.28045157459,,0.10249554367,0
DGKS9603,margo,177,28.148,127.271,0.01912731619,0.1416616856,0,0.09892408846,0.28989838612,,0.09982068141,0
DGKS9603,margo,180,28.148,127.271,0.01864101022,0.13650030066,0,0.09079975947,0.30006013233,,0.09440769694,0
DGKS9603,margo,182,28.148,127.271,0.0176586004,0.12426422499,0,0.08502289077,0.31393067362,,0.0961412688,0
DGKS9603,margo,184,28.148,127.271,0.0190288714,0.12335958005,0,0.08234908137,0.31102362205,,0.09908136482,0
DGKS9603,margo,186,28.148,127.271,0.01827676241,0.12075718015,0,0.08485639687,0.31266318541,,0.10150130549,0
DGKS9603,margo,188,28.148,127.271,0.02118491921,0.12423698385,0,0.07612208259,0.29084380606,,0.11346499102,0
DGKS9603,margo,191,28.148,127.271,0.02440828402,0.12573964497,0,0.08357988166,0.29142011838,,0.10909763314,0
DGKS9603,margo,193,28.148,127.271,0.01990757198,0.13082118734,0,0.08674013509,0.29434767156,,0.10522573766,0
DGKS9603,margo,195,28.148,127.271,0.02298050139,0.12883008357,0,0.08774373259,0.28969359336,,0.10027855153,0
DGKS9603,margo,197,28.148,127.271,0.02295746117,0.13099257259,0,0.08912896691,0.29439567863,,0.10195813639,0
DGKS9603,margo,199,28.148,127.271,0.02265372168,0.11812297734,0,0.08414239482,0.30177993524,,0.09951456311,0
DGKS9603,margo,201,28.148,127.271,0.02080879466,0.12092658029,0,0.08480565371,0.29839026311,,0.10600706714,0
DGKS9603,margo,204,28.148,127.271,0.0206185567,0.12183692596,0,0.08528584817,0.29240862229,,0.11433926898,0
DGKS9603,margo,206,28.148,127.271,0.02362562472,0.10904134485,0,0.05724670604,0.30940481599,,0.11903680146,0
DGKS9603,margo,208,28.148,127.271,0.02692834322,0.11684162483,0,0.061159288,0.30579643995,,0.12551346417,0
DGKS9603,margo,210,28.148,127.271,0.01208702659,0.14746172441,0,0.06526994359,0.25946817079,,0.15390813859,0
DGKS9603,margo,212,28.148,127.271,0.01561144839,0.15611448395,0,0.04249783174,0.28274067646,,0.13486556809,0
DGKS9603,margo,215,28.148,127.271,0.01700680272,0.14880952381,0,0.04336734694,0.29251700684,,0.12159863945,0
DSDP site 588,margo,0.42,-26.11,161.2266667,0.1125,0.1457,0,0.043,0.2748,0,0.3807,0
DSDP site 591,margo,0.4,-31.58433333,164.4486667,0.04458474576,0.2707,0,0.0064,0.3184,0,0.1751,0
DSDP site 592,margo,0.31,-36.47333333,165.4421667,0.1561057971,0.2943,0,0,0.3182,0,0.027,0
DSDP site 593,margo,0.38,-40.5078,167.6745,0.155,0.4425,0,0,0.24,0,0.0025,0.005
DSDP site 594,margo,2.52,-45.5235,174.948,0.909926470588235,0.0128676470588235,0,0,0.03125,0,0,0
E26-001,margo,0.61,-40.28333333,168.34,0.188679245283019,0.446540880503145,0,0,0.216981132075472,0,0.00943396226415094,0
E27-030,margo,0.6,-45.0667,147.2283,0.189873417721519,0.433544303797468,0,0,0.224683544303797,0,0.0158227848101266,0
E36-023,margo,0.19,-43.9167,150.0505556,0.05181168,0.607,0,0,0.1789,0,0.0064,0
E45-027,margo,0.3,-43.23333333,105.5833333,0.213333333333333,0.566666666666667,0,0,0.163333333333333,0,0,0
E45-029,margo,0.39,-44.88333333,106.5166667,0.332,0.493,0,0,0.153,0,0,0
E45-078,margo,0.31,-45.037,114.348,0.163333333333333,0.573333333333333,0,0,0.21,0.00333333333333333,0.00333333333333333,0
E45-102,margo,0.24,-33.61666667,113.5833333,0.071875,0.115625,0,0.0125,0.61875,0,0.11875,0
E48-003,margo,0.22,-41.02,100.0116667,0.156,0.618,0,0,0.169,0,0,0
E48-011,margo,0.22,-29.7,97.58333333,0.079734219269103,0.0897009966777409,0,0,0.478405315614618,0.00332225913621262,0.215946843853821,0
E48-022,margo,0.82,-39.895,85.41,0.166,0.507,0,0,0.129,0,0.004,0
E48-023,margo,0.55,-39.515,83.72333333,0.18,0.418,0,0,0.13,0,0.063,0
E48-027,margo,0.62,-38.54166667,79.89833333,0.125,0.501,0,0.003,0.154,0,0.009,0
E48-028,margo,0.73,-38.54833333,79.91833333,0.137,0.403,0,0.006,0.178,0,0.024,0
E48-035,margo,0.355,-30.35333333,86.485,0.238709677419355,0.161290322580645,0,0,0.309677419354839,0,0.290322580645161,0
E49-018,margo,0.5,-46.05,90.16666667,0.597,0.238,0,0,0.134,0,0.006,0
E49-021,margo,0.49,-42.18333333,94.88333333,0.18,0.578,0,0,0.175,0,0.009,0
E49-023,margo,0.59,-47.11666667,95.08333333,0.848,0.1,0,0,0.049,0,0,0
E55-006,margo,0.4,-38.8533,141.0633,0.151515151515152,0.403030303030303,0,0.0545454545454545,0.293939393939394,0,0.00606060606060606,0
FR1/94-GC03,margo,0.3,-44.2606,149.9963889,0.137404580152672,0.511450381679389,0,0,0.134860050890585,0,0.0101781170483461,0
FR10/95-GC05,margo,0.67,-14.00916667,121.0263333,0.04787,0.032,0,0.0777,0.4464,0,0.36207,0
FR10/95-GC11,margo,0.29,-17.64283333,114.9988333,0.0298,0.0532,0,0.0797,0.3954,0,0.3986,0.0033
FR10/95-GC14,margo,0.39,-20.04516667,112.6621667,0.0264,0.245,0,0.0364,0.3907,0,0.2914,0
FR10/95-GC17,margo,1.43,-22.129,113.5018333,0.006,0.143,0,0.055,0.561,0.003,0.22,0
FR10/95-GC20,margo,0.64,-24.7445,111.8291667,0.006,0.119,0,0.053,0.56,0,0.262,0
FR10/95-GC29,margo,0.91,-30.99183333,114.5895,0.068,0.129,0,0.016,0.576,0.003,0.201,0
FR2/96-GC10,margo,0.26,-24.46416667,108.5101667,0.038,0.095,0,0.044,0.507,0.003,0.311,0
FR2/96-GC17,margo,0.43,-12.24666667,112.7378333,0.0484,0.0849,0,0.009,0.4505,0,0.3164,0
FR2/96-GC27,margo,1.29,-18.56183333,116.2668333,0.0231,0.0463,0,0.0832,0.2549,0,0.5692,0.0033
GIK12309-2,margo,1.62,26.8383,-15.11,0.333,0.318,0.001,0.003,0.286,0,0.037,0
GIK12309-2,margo,1.73,26.8383,-15.11,0.275,0.409,0.001,0,0.233,0,0.065,0
GIK12309-2,margo,1.82,26.8383,-15.11,0.332,0.352,0,0,0.247,0,0.059,0
GIK12310-4,margo,1.11,23.4983,-18.7167,0.409,0.354,0,0.002,0.2,0,0.036,0
GIK12310-4,margo,1.22,23.4983,-18.7167,0.416,0.304,0,0,0.241,0,0.04,0
GIK12328-5,margo,1.8,21.145,-18.5733,0.265,0.446,0.001,0,0.237,0,0.044,0
GIK12328-5,margo,1.9,21.145,-18.5733,0.204,0.412,0,0.003,0.353,0,0.023,0
GIK12328-5,margo,2,21.145,-18.5733,0.248,0.312,0.002,0.002,0.361,0,0.068,0
GIK12328-5,margo,2.1,21.145,-18.5733,0.267,0.335,0.002,0,0.383,0,0.01,0
GIK12329-6,margo,0.49,19.3667,-19.93,0.329,0.257,0,0.002,0.328,0,0.082,0
GIK12337-5,margo,1.6,15.9533,-18.1333,0.17,0.451,0,0.006,0.215,0,0.155,0
GIK12345-5,margo,4.3,15.48,-17.36,0.309,0.2,0,0.014,0.332,0,0.146,0
GIK12345-5,margo,4.4,15.48,-17.36,0.301,0.22,0,0.017,0.289,0,0.171,0
GIK12345-5,margo,4.5,15.48,-17.36,0.232,0.223,0,0.017,0.366,0,0.162,0
GIK12345-5,margo,4.6,15.48,-17.36,0.203,0.25,0,0.009,0.408,0,0.13,0
GIK12345-5,margo,4.7,15.48,-17.36,0.155,0.312,0,0.007,0.392,0,0.133,0
GIK12345-5,margo,4.8,15.48,-17.36,0.11,0.33,0,0.011,0.355,0,0.194,0
GIK12345-5,margo,4.9,15.48,-17.36,0.135,0.404,0,0.011,0.274,0,0.175,0
GIK12347-2,margo,3,15.825,-17.8617,0.361,0.233,0,0.009,0.261,0,0.136,0
GIK12347-2,margo,3.1,15.825,-17.8617,0.352,0.234,0,0.01,0.299,0,0.103,0
GIK12347-2,margo,3.2,15.825,-17.8617,0.395,0.196,0,0.006,0.305,0,0.096,0
GIK12379-1,margo,2.33,23.135,-17.745,0.345,0.388,0,0.002,0.24,0,0.019,0
GIK12379-1,margo,2.42,23.135,-17.745,0.317,0.384,0,0.001,0.264,0,0.028,0
GIK12379-1,margo,2.52,23.135,-17.745,0.291,0.45,0,0.002,0.226,0,0.025,0
GIK12379-1,margo,2.63,23.135,-17.745,0.462,0.261,0,0.001,0.242,0,0.026,0
GIK12379-1,margo,2.73,23.135,-17.745,0.298,0.45,0,0.002,0.215,0,0.031,0
GIK12392-1,margo,1.12,25.1717,-16.845,0.386,0.417,0,0,0.173,0,0.019,0
GIK12392-1,margo,1.22,25.1717,-16.845,0.365,0.384,0,0.003,0.21,0.001,0.03,0
GIK12392-1,margo,1.32,25.1717,-16.845,0.312,0.498,0,0,0.156,0,0.025,0
GIK12392-1,margo,1.42,25.1717,-16.845,0.343,0.413,0,0.003,0.213,0,0.019,0
GIK13289-3,margo,1.1,18.0732,-18.0092,0.276,0.385,0,0.004,0.306,0,0.028,0
GIK13289-3,margo,1.2,18.0732,-18.0092,0.23,0.397,0,0,0.273,0,0.095,0
GIK13289-3,margo,1.3,18.0732,-18.0092,0.145,0.523,0,0.003,0.24,0,0.088,0
GIK13291-1,margo,1.2,18.1175,-18.075,0.311,0.306,0,0,0.299,0,0.05,0
GIK13291-1,margo,1.3,18.1175,-18.075,0.235,0.477,0,0,0.197,0,0.066,0
GIK13291-1,margo,1.38,18.1175,-18.075,0.153,0.4,0,0.006,0.316,0,0.081,0
GIK13291-1,margo,1.44,18.1175,-18.075,0.119,0.493,0,0.005,0.302,0,0.061,0
GIK13291-1,margo,1.5,18.1175,-18.075,0.121,0.482,0,0.008,0.365,0,0.016,0
GIK13291-1,margo,1.6,18.1175,-18.075,0.119,0.456,0,0,0.354,0,0.04,0
GIK13519-1,margo,0.27,5.67,-19.8517,0.11,0.106,0,0.02,0.158,0,0.606,0
GIK13519-1,margo,0.3,5.67,-19.8517,0.122,0.102,0,0.027,0.197,0,0.552,0
GIK13519-1,margo,0.35,5.67,-19.8517,0.06,0.058,0,0.008,0.225,0,0.649,0
GIK13521-1,margo,0.36,3.02,-22.0317,0.17,0.026,0,0.005,0.338,0,0.458,0
GIK13521-1,margo,0.39,3.02,-22.0317,0.312,0.041,0,0,0.465,0,0.169,0
GIK13521-1,margo,0.42,3.02,-22.0317,0.321,0.021,0,0,0.564,0,0.088,0
GIK15612-2,margo,0.53,44.36,-26.5433,0.705,0.258,0,0,0.032,0,0.006,0
GIK15612-2,margo,0.56,44.36,-26.5433,0.689,0.269,0,0,0.031,0,0.01,0
GIK15612-2,margo,0.6,44.36,-26.5433,0.675,0.255,0,0,0.066,0,0.004,0
GIK15612-2,margo,0.67,44.36,-26.5433,0.599,0.357,0,0,0.042,0,0.002,0
GIK15627-3,margo,0.2,29.1667,-12.0867,0.262,0.407,0,0.002,0.25,0,0.043,0
GIK15627-3,margo,0.23,29.1667,-12.0867,0.17,0.373,0,0.01,0.191,0.021,0.231,0
GIK15627-3,margo,0.24,29.1667,-12.0867,0.291,0.42,0,0.004,0.182,0,0.095,0
GIK15627-3,margo,0.3,29.1667,-12.0867,0.203,0.447,0,0.009,0.269,0,0.055,0
GIK15627-3,margo,0.34,29.1667,-12.0867,0.296,0.373,0,0,0.228,0,0.074,0
GIK15637-1,margo,0.51,27.005,-18.9867,0.286,0.204,0,0,0.31,0.003,0.192,0
GIK15637-1,margo,0.52,27.005,-18.9867,0.299,0.163,0,0.008,0.362,0,0.164,0
GIK15637-1,margo,0.54,27.005,-18.9867,0.241,0.133,0,0.009,0.404,0.004,0.201,0
GIK15637-1,margo,0.56,27.005,-18.9867,0.266,0.182,0,0,0.322,0,0.224,0
GIK15637-1,margo,0.57,27.005,-18.9867,0.282,0.151,0,0.006,0.359,0,0.203,0
GIK15669-1,margo,0.7,34.8917,-7.815,0.332,0.21,0,0.006,0.348,0,0.097,0
GIK15669-1,margo,0.75,34.8917,-7.815,0.205,0.276,0,0.006,0.366,0,0.136,0
GIK15669-1,margo,0.8,34.8917,-7.815,0.244,0.14,0,0,0.427,0,0.187,0
GIK15669-1,margo,0.85,34.8917,-7.815,0.196,0.185,0,0.01,0.362,0,0.227,0
GIK15669-1,margo,0.9,34.8917,-7.815,0.189,0.296,0,0.004,0.32,0,0.174,0
GIK16017-2,margo,2.45,21.245,-17.8033,0.237,0.452,0,0,0.267,0,0.044,0
GIK16017-2,margo,2.5,21.245,-17.8033,0.159,0.502,0,0,0.271,0,0.063,0
GIK16017-2,margo,2.55,21.245,-17.8033,0.321,0.409,0,0,0.235,0,0.034,0
GIK16017-2,margo,2.6,21.245,-17.8033,0.233,0.415,0,0.004,0.31,0,0.037,0
GIK16017-2,margo,2.65,21.245,-17.8033,0.213,0.469,0,0.003,0.26,0,0.055,0
GIK16017-2,margo,2.7,21.245,-17.8033,0.252,0.403,0,0,0.282,0,0.065,0
GIK16017-2,margo,2.75,21.245,-17.8033,0.21,0.446,0,0.003,0.275,0,0.066,0
GIK16396-1,margo,3.3,61.8722,-11.2423,0.982,0.017,0,0,0,0,0,0
GIK16396-1,margo,3.5,61.8722,-11.2423,0.965,0.035,0,0,0,0,0,0
GIK16396-1,margo,3.6,61.8722,-11.2423,0.988,0.013,0,0,0,0,0,0
GIK16396-1,margo,3.7,61.8722,-11.2423,0.991,0.009,0,0,0,0,0,0
GIK16396-1,margo,3.8,61.8722,-11.2423,0.995,0.002,0,0,0.003,0,0,0
GIK16396-1,margo,3.9,61.8722,-11.2423,0.992,0.007,0,0,0,0,0,0
GIK16396-1,margo,3.98,61.8722,-11.2423,0.992,0.007,0,0,0.001,0,0,0
GIK16396-1,margo,4.02,61.8722,-11.2423,0.974,0.026,0,0,0,0,0,0
GIK16396-1,margo,4.1,61.8722,-11.2423,0.978,0.022,0,0,0,0,0,0
GIK16396-1,margo,4.2,61.8722,-11.2423,,0.043,0,0,0,0,0,0
GIK16396-1,margo,4.3,61.8722,-11.2423,0.965,0.036,0,0,0,0,0,0
GIK16396-1,margo,4.4,61.8722,-11.2423,0.978,0.021,0,0,0,0,0,0
GIK16396-1,margo,4.5,61.8722,-11.2423,0.985,0.015,0,0,0,0,0,0
GIK16396-1,margo,4.6,61.8722,-11.2423,0.991,0.009,0,0,0,0,0,0
GIK16396-1,margo,4.7,61.8722,-11.2423,0.997,0.004,0,0,0,0,0,0
GIK16396-1,margo,4.8,61.8722,-11.2423,0.994,0.004,0,0,0,0,0,0
GIK16396-1,margo,4.9,61.8722,-11.2423,0.993,0.008,0,0,0,0,0,0
GIK16396-1,margo,4.98,61.8722,-11.2423,0.987,0.011,0,0,0.003,0,0,0
GIK16396-1,margo,5.02,61.8722,-11.2423,0.997,0.003,0,0,0,0,0,0
GIK16396-1,margo,5.1,61.8722,-11.2423,0.992,0.008,0,0,0,0,0,0
GIK16396-1,margo,5.2,61.8722,-11.2423,0.987,0.013,0,0,0.001,0,0,0
GIK16396-1,margo,5.3,61.8722,-11.2423,0.979,0.029,0,0,0.001,0.001,0,0
GIK16396-1,margo,5.4,61.8722,-11.2423,0.969,0.03,0,0,0,0,0,0
GIK16397-2,margo,0.1,61.8725,-11.1787,0.98,0.014,0,0,0.006,0,0,0
GIK16397-2,margo,0.6,61.8725,-11.1787,0.985,0.015,0,0,0,0,0,0
GIK16397-2,margo,0.7,61.8725,-11.1787,0.983,0.017,0,0,0,0,0,0
GIK16397-2,margo,0.82,61.8725,-11.1787,0.983,0.017,0,0,0,0,0,0
GIK16397-2,margo,1.02,61.8725,-11.1787,0.976,0.02,0,0,0.003,0,0,0
GIK16397-2,margo,1.2,61.8725,-11.1787,0.974,0.023,0,0,0.003,0,0,0
GIK16397-2,margo,1.6,61.8725,-11.1787,0.969,0.027,0,0,0.005,0,0,0
GIK16415-2,margo,0.45,9.5667,-19.095,0.141,0.057,0,0,0.622,0,0.182,0
GIK16457-2,margo,0.3,5.385,-21.7517,0.103,0.06,0,0,0.24,0,0.592,0
GIK16458-1,margo,0.26,5.335,-22.0533,0.076,0.044,0,0.005,0.175,0,0.7,0
GIK16458-1,margo,0.28,5.335,-22.0533,0.068,0.05,0,0,0.167,0,0.716,0
GIK16458-1,margo,0.3,5.335,-22.0533,0.086,0.052,0,0,0.182,0,0.681,0
GIK16458-2,margo,0.29,5.335,-22.055,0.057,0.042,0,0.017,0.145,0,0.749,0
GIK16458-2,margo,0.32,5.335,-22.055,0.023,0.049,0,0.008,0.14,0,0.781,0
GIK16772-2,margo,0.3,-1.35,-11.9617,0.143,0.08,0,0.01,0.629,0,0.134,0
GIK16772-2,margo,0.4,-1.35,-11.9617,0.317,0.066,0,0.006,0.539,0,0.069,0
GIK16776-1,margo,0.25,3.735,-11.3983,0.009,0,0,0,0.678,0,0.312,0
GIK16776-1,margo,0.4,3.735,-11.3983,0.043,0.056,0,0,0.55,0,0.35,0
GIK16867-2,margo,0.55,-2.2017,5.1017,0.143,0.107,0,0.006,0.414,0,0.329,0
GIK16867-2,margo,0.65,-2.2017,5.1017,0.154,0.166,0,0,0.37,0,0.311,0
GIK17045-3,margo,0.95,52.425,-16.665,0.879,0.107,0,0,0.014,0,0,0
GIK17049-6,margo,1.6,55.26,-26.725,,0.037,0,0,0.003,0.001,0,0
GIK17050-1,margo,3.75,55.47,-27.8883,0.963,0.037,0,0,0,0,0,0
GIK17050-1,margo,3.85,55.47,-27.8883,0.9,0.093,0,0,0.004,0,0.003,0
GIK17050-1,margo,3.95,55.47,-27.8883,0.779,0.209,0,0,0.012,0.002,0,0
GIK17051-3,margo,2.1,56.1633,-31.99,0.938,0.049,0,0,0.014,0,0,0
GIK17055-1,margo,0.8,48.215,-27.0567,0.875,0.124,0,0,0,0,0,0
GIK17055-1,margo,0.85,48.215,-27.0567,0.785,0.215,0,0,0,0,0,0
GIK17724-2,margo,0.47,76,8.3333,0.998,0.001,0,0,0,0,0,0
GIK17724-2,margo,0.53,76,8.3333,0.999,0,0,0,0,0,0,0
GIK17724-2,margo,0.57,76,8.3333,0.998,0.002,0,0,0,0,0,0
GIK17724-2,margo,0.58,76,8.3333,1,0,0,0,0,0,0,0
GIK17724-2,margo,0.62,76,8.3333,1,0,0,0,0,0,0,0
GIK17725-1,margo,0.3,77.46,4.58,0.992,0,0,0,0.008,0,0,0
GIK17730-4,margo,1.4,72.1117,7.3883,0.995,0,0,0,0.004,0,0,0
GIK17730-4,margo,1.45,72.1117,7.3883,0.983,0.012,0.002,0,0.004,0,0,0
GIK17730-4,margo,1.47,72.1117,7.3883,0.998,0.003,0,0,0,0,0,0
GIK17730-4,margo,1.5,72.1117,7.3883,,0.025,0.006,0,0,0,0,0
GIK17730-4,margo,1.55,72.1117,7.3883,,0.019,0.002,0,0.013,0,0,0
GIK17730-4,margo,1.57,72.1117,7.3883,1,0,0.001,0,0,0,0,0
GIK17940-2,margo,875,20.11666667,117.3833333,0.024,0.165,0,0.031,0.412,,0.087,0
GIK17940-2,margo,885,20.11666667,117.3833333,0.022,0.156,0,0.035,0.433,,0.079,0
GIK17940-2,margo,895,20.11666667,117.3833333,0.02,0.143,0,0.02,0.427,,0.089,0
GIK17940-2,margo,905,20.11666667,117.3833333,0.02,0.149,0,0.019,0.423,,0.092,0
GIK17940-2,margo,915,20.11666667,117.3833333,0.021,0.15,0,0.023,0.338,,0.1,0
GIK17940-2,margo,925,20.11666667,117.3833333,0.024,0.124,0,0.011,0.401,,0.096,0
GIK17940-2,margo,935,20.11666667,117.3833333,0.025,0.164,0,0.017,0.408,,0.103,0
GIK17954,margo,102.5,14.79666667,111.525,0.038,0.104,0,0.01,0.259,,0.138,0
GIK17954,margo,112.5,14.79666667,111.525,0.026,0.082,0,0.025,0.248,,0.149,0
GIK17954,margo,122.5,14.79666667,111.525,0.034,0.079,0,0.027,0.21,,0.221,0
GIK23056-2,margo,0.3,68.5017,3.8383,0.949,0.043,0.002,0,0.005,0,0,0
GIK23056-2,margo,0.35,68.5017,3.8383,0.981,0.019,0,0,0,0,0,0
GIK23065-2,margo,0.3,68.495,0.8317,0.932,0.066,0,0,0.002,0,0,0
GIK23065-2,margo,0.32,68.495,0.8317,0.998,0.003,0,0,0,0,0,0
GIK23065-2,margo,0.34,68.495,0.8317,0.999,0,0,0,0.001,0,0,0
GIK23071-3,margo,1.17,67.085,2.9083,0.998,0,0,0,0.002,0,0,0
GIK23071-3,margo,1.18,67.085,2.9083,1,0,0,0,0,0,0,0
GIK23071-3,margo,1.2,67.085,2.9083,1,0,0,0,0,0,0,0
GIK23071-3,margo,1.28,67.085,2.9083,1,0,0,0,0,0,0,0
GIK23071-3,margo,1.29,67.085,2.9083,1,0,0,0,0,0,0,0
GIK23071-3,margo,1.3,67.085,2.9083,0.999,0,0,0,0,0,0,0
GIK23071-3,margo,1.32,67.085,2.9083,0.998,0,0,0,0.002,0,0,0
GIK23071-3,margo,1.34,67.085,2.9083,0.999,0,0,0,0.001,0,0,0
GIK23071-3,margo,1.36,67.085,2.9083,1,0,0,0,0,0,0,0
GIK23071-3,margo,1.38,67.085,2.9083,1,0,0,0,0,0,0,0
GIK23071-3,margo,1.41,67.085,2.9083,1,0,0,0,0,0,0,0
GIK23071-3,margo,1.43,67.085,2.9083,0.999,0,0,0,0.001,0,0,0
GIK23071-3,margo,1.45,67.085,2.9083,0.997,0,0,0,0.003,0,0,0
GIK23071-3,margo,1.47,67.085,2.9083,0.995,0,0,0,0.005,0,0,0
GIK23071-3,margo,1.49,67.085,2.9083,1,0,0,0,0,0,0,0
GIK23071-3,margo,1.53,67.085,2.9083,0.998,0.001,0,0,0.001,0,0,0
GIK23071-3,margo,1.55,67.085,2.9083,0.998,0.001,0,0,0.001,0,0,0
GIK23071-3,margo,1.57,67.085,2.9083,0.999,0,0,0,0.001,0,0,0
GIK23071-3,margo,1.59,67.085,2.9083,1,0,0,0,0,0,0,0
GIK23071-3,margo,1.61,67.085,2.9083,0.998,0.002,0,0,0,0,0,0
GIK23071-3,margo,1.62,67.085,2.9083,0.999,0.001,0,0,0,0,0,0
GIK23071-3,margo,1.64,67.085,2.9083,0.99,0.008,0,0,0.002,0,0,0
GIK23074-1,margo,2.06,66.6667,4.905,0.998,0.002,0,0,0,0,0,0
GIK23074-1,margo,2.1,66.6667,4.905,0.979,0.004,0,0,0.017,0,0,0
GIK23074-1,margo,2.22,66.6667,4.905,0.996,0.002,0,0,0.001,0,0,0
GIK23074-1,margo,2.32,66.6667,4.905,1,0,0,0,0.001,0,0,0
GIK23074-1,margo,2.42,66.6667,4.905,1,0,0,0,0,0,0,0
GIK23074-1,margo,2.52,66.6667,4.905,1,0,0,0,0,0,0,0
GIK23074-1,margo,2.62,66.6667,4.905,0.988,0.001,0,0,0.011,0,0,0
GIK23074-1,margo,2.71,66.6667,4.905,0.995,0.001,0,0,0.004,0,0,0
GIK23074-1,margo,2.81,66.6667,4.905,0.995,0,0,0,0.005,0,0,0
GIK23074-1,margo,2.91,66.6667,4.905,1,0,0,0,0,0,0,0
GIK23074-1,margo,3.01,66.6667,4.905,1,0,0,0,0,0,0,0
GIK23074-1,margo,3.11,66.6667,4.905,0.994,0,0,0,0.001,0,0,0
GIK23074-1,margo,3.21,66.6667,4.905,1,0,0,0,0,0,0,0
GIK23074-1,margo,3.31,66.6667,4.905,0.997,0,0,0,0.004,0,0,0
GIK23074-1,margo,3.51,66.6667,4.905,0.988,0.004,0,0,0.007,0,0,0
GIK23074-1,margo,3.71,66.6667,4.905,1,0,0,0,0,0,0,0
GIK23074-1,margo,3.91,66.6667,4.905,0.977,0.016,0,0,0.008,0,0,0
GIK23074-1,margo,3.93,66.6667,4.905,0.981,0.019,0,0,0,0,0,0
GIK23074-1,margo,3.95,66.6667,4.905,0.973,0.027,0,0,0,0,0,0
GIK23074-1,margo,4.11,66.6667,4.905,0.993,0.002,0,0,0.004,0,0,0
GIK23074-1,margo,4.17,66.6667,4.905,1,0,0,0,0,0,0,0
GIK23262-2,margo,2.6,72.2252,14.4273,0.991,0.007,0,0,0.002,0,0,0
GIK23294-4,margo,1.2,72.3797,-10.5923,0.996,0.004,0,0,0,0,0,0
GIK23351-1,margo,0.6,70.3622,-18.2053,0.994,0.001,0,0,0.005,0,0,0
GIK23354-6,margo,0.8,70.3315,-10.6288,1,0,0,0,0,0,0,0
GIK23419-8,margo,0.4,54.9617,-19.755,0.909,0.051,0,0,0.035,0.001,0.005,0
GIK23519-5,margo,0.68,64.7973,-29.5958,0.984,0.011,0,0,0.003,0,0,0
GIK23519-5,margo,0.78,64.7973,-29.5958,0.978,0.022,0,0,0,0,0,0
GIK23519-5,margo,0.88,64.7973,-29.5958,0.996,0.004,0,0,0,0,0,0
GeoB1008-3,margo,2.18,-6.5823,10.3186,0.139,0.4131,0,7e-04,0.2693,0,0.1778,0
GeoB1008-3,margo,2.23,-6.5823,10.3186,0.1867,0.2045,0,0,0.4367,0,0.1655,0.0065
GeoB1008-3,margo,2.28,-6.5823,10.3186,0.1271,0.3633,0,0.006,0.3662,0,0.1361,0.0015
GeoB1008-3,margo,2.33,-6.5823,10.3186,0.237,0.1996,0,0,0.3825,0,0.1708,0.0099
GeoB1008-3,margo,2.38,-6.5823,10.3186,0.2342,0.2045,0,0,0.3432,0,0.2091,0.0091
GeoB1008-3,margo,2.43,-6.5823,10.3186,0.2206,0.2753,0,0,0.1593,0,0.3201,0.0249
GeoB1008-3,margo,2.48,-6.5823,10.3186,0.1415,0.2217,0,0,0.1509,0,0.4339,0.0519
GeoB1008-3,margo,2.53,-6.5823,10.3186,0.226,0.3979,0,0.0087,0.137,0,0.2174,0.013
GeoB1008-3,margo,2.58,-6.5823,10.3186,0.1473,0.2898,0,0,0.1739,0,0.3744,0.0145
GeoB1008-3,margo,2.63,-6.5823,10.3186,0.1854,0.4057,0,0.005,0.2204,0,0.1723,0.0116
GeoB1016-3,margo,0.73,-11.7705,11.6819,0.1848,0.2817,0,0.0078,0.3224,0,0.1744,0.0291
GeoB1016-3,margo,0.78,-11.7705,11.6819,0.1185,0.0983,0,0.0145,0.4654,0,0.2833,0.0202
GeoB1016-3,margo,0.88,-11.7705,11.6819,0.252,0.0879,0,0.002,0.2949,0,0.3341,0.0293
GeoB1028-5,margo,0.93,-20.104,9.1858,0.4782,0.3357,0,0.005,0.1611,0,0.0201,0
GeoB1028-5,margo,0.98,-20.104,9.1858,0.464,0.317,0,0.001,0.099,0,0.09,0
GeoB1028-5,margo,1.03,-20.104,9.1858,0.4769,0.3,0,0,0.166,0,0.0573,0
GeoB1028-5,margo,1.08,-20.104,9.1858,0.437,0.19,0,0.006,0.102,0,0.23,0
GeoB1031-4,margo,0.28,-21.88,7.1017,0.3671,0.2007,0,0.0113,0.3054,0,0.1154,0
GeoB1031-4,margo,0.33,-21.88,7.1017,0.4342,0.2327,0,0.0117,0.213,0,0.1086,0
GeoB1032-3,margo,0.38,-22.915,6.0367,0.4415,0.1628,0,0.0198,0.2648,0,0.1111,0
GeoB1032-3,margo,0.43,-22.915,6.0367,0.4415,0.1412,0,0.0159,0.2237,0,0.1778,0
GeoB1034-3,margo,0.23,-21.735,5.4217,0.3647,0.1934,0,0.0071,0.2789,0,0.1561,0
GeoB1041-3,margo,0.53,-3.475,-7.6,0.1863,0.1811,0,0,0.4508,0,0.1819,0
GeoB1041-3,margo,0.58,-3.475,-7.6,0.2191,0.1308,0,0,0.4829,0,0.1673,0
GeoB1101-5,margo,0.33,1.6583,-10.98,0.1838,0.0317,0,0,0.4927,0,0.292,0
GeoB1101-5,margo,0.38,1.6583,-10.98,0.1238,0.0248,0,0.0013,0.605,0,0.2308,0.0143
GeoB1105-4,margo,0.78,-1.665,-12.4283,0.2059,0.1917,0,0.0326,0.3868,0,0.1831,0
GeoB1105-4,margo,0.83,-1.665,-12.4283,0.2493,0.1551,0,0.0036,0.3934,0,0.1932,0
GeoB1105-4,margo,0.93,-1.665,-12.4283,0.3992,0.0991,0,0.0101,0.3193,0,0.1654,0
GeoB1105-4,margo,1.03,-1.665,-12.4283,0.3389,0.1171,0,0.0075,0.3142,0,0.2172,0
GeoB1112-4,margo,0.48,-5.7783,-10.75,0.1936,0.1492,0,0.0099,0.3194,0,0.3281,0
GeoB1112-4,margo,0.53,-5.7783,-10.75,0.2138,0.1428,0,0.0136,0.2591,0,0.3638,0
GeoB1112-4,margo,0.58,-5.7783,-10.75,0.1819,0.1408,0,0.0015,0.3226,0,0.3533,0
GeoB1115-4,margo,0.63,-3.5583,-12.58,0.1487,0.1853,0,0.0123,0.3849,0,0.2616,0.0071
GeoB1115-4,margo,0.68,-3.5583,-12.58,0.086,0.2062,0,0.0031,0.4166,0,0.287,0.001
GeoB1117-2,margo,0.53,-3.815,-14.8967,0.2309,0.0812,0,0.0127,0.2411,0,0.4341,0
GeoB1117-2,margo,0.58,-3.815,-14.8967,0.176,0.1465,0,0.0325,0.3876,0,0.2573,0
GeoB1117-2,margo,0.63,-3.815,-14.8967,0.2793,0.1001,0,0.0122,0.43,0,0.1784,0
GeoB1214-1,margo,0.23,-24.69,7.24,0.3863,0.205,0,0.0286,0.2517,0,0.1229,0.0052
GeoB1214-1,margo,0.28,-24.69,7.24,0.4262,0.2272,0,0.0225,0.2141,0,0.11,0
GeoB1220-1,margo,0.33,-24.0333,5.3067,0.4746,0.17,0,0.016,0.176,0.008,0.1553,0
GeoB1220-1,margo,0.38,-24.0333,5.3067,0.418,0.1834,0,0.0426,0.2079,0,0.148,0
GeoB1306-1,margo,0.19,-35.2067,-26.765,0.6595,0.1402,0,0,0.145,0,0.0514,0.0041
GeoB1309-2,margo,0.18,-31.6667,-28.6667,0.3537,0.0526,0,0.0274,0.1522,0,0.4142,0
GeoB1312-2,margo,0.13,-31.6617,-29.6567,0.2995,0.0063,0,0.0257,0.1653,0,0.5032,0
GeoB1413-4,margo,0.19,-15.68,-9.455,0.1654,0.1054,0,0.0394,0.2865,0,0.4035,0
GeoB1413-4,margo,0.23,-15.68,-9.455,0.1993,0.1069,0,0.0403,0.2553,0,0.3981,0
GeoB1417-1,margo,0.33,-20.3667,-12.7067,0.1663,0.1897,0,0.0806,0.1756,0,0.3814,0.0064
GeoB1417-1,margo,0.38,-20.3667,-12.7067,0.1133,0.1768,0,0.0643,0.2242,0.0035,0.414,0.0035
GeoB1419-2,margo,0.23,-15.5367,-17.0683,0.0564,0.1445,0,0.0778,0.157,0,0.5612,0.0029
GeoB1501-4,margo,0.33,-3.6783,-32.0067,0.2031,0.0157,0,0,0.1669,0,0.6063,0.0079
GeoB1501-4,margo,0.38,-3.6783,-32.0067,0.1538,0.0181,0,0,0.1556,0.0017,0.6674,0.0035
GeoB1503-1,margo,0.28,2.3117,-30.6467,0.1748,0.0572,0,0.0501,0.3317,0,0.3864,0
GeoB1503-1,margo,0.33,2.3117,-30.6467,0.1946,0.0823,0,0.0533,0.2836,0,0.3863,0
GeoB1505-1,margo,0.48,2.27,-33.01,0.1919,0.0425,0,0.0139,0.2592,0,0.491,0.0017
GeoB1505-1,margo,0.53,2.27,-33.01,0.1984,0.0295,0,0.0024,0.2409,0,0.5289,0
GeoB1508-4,margo,0.28,5.3333,-34.025,0.0902,0.003,0,0.0178,0.1723,0,0.7169,0
GeoB1515-1,margo,0.48,4.2383,-43.6667,0.1223,0.013,0,0.0174,0.1686,0,0.6787,0
GeoB1515-1,margo,0.53,4.2383,-43.6667,0.1299,0.0095,0,0.0142,0.1527,0,0.6867,0.0071
GeoB1515-1,margo,0.63,4.2383,-43.6667,0.1162,0.0182,0,0.0093,0.1251,0,0.7304,0.001
GeoB1523-1,margo,0.38,3.8317,-41.6217,0.1445,0.0048,0,0.0191,0.1527,0,0.679,0
GeoB1523-1,margo,0.43,3.8317,-41.6217,0.1267,0.0139,0,0.0124,0.1575,0,0.6895,0
GeoB1701-4,margo,0.98,1.95,3.5517,0.1057,0.0299,0,0.0088,0.4845,0.0018,0.3586,0.0106
GeoB1701-4,margo,1.03,1.95,3.5517,0.0679,0.0342,0,0.0233,0.4329,0,0.4387,0.0032
GeoB1701-4,margo,1.08,1.95,3.5517,0.0715,0.0461,0,0.0188,0.4412,0,0.415,0.0075
GeoB1701-4,margo,1.13,1.95,3.5517,0.1861,0.0193,0,0.0281,0.403,0,0.3635,0
GeoB1701-4,margo,1.18,1.95,3.5517,0.2457,0.0438,0,0.0097,0.3772,0.0024,0.3212,0
GeoB1706-2,margo,1.23,-19.5617,11.175,0.6151,0.2217,0,0.0209,0.113,0,0.021,0
GeoB1706-2,margo,1.28,-19.5617,11.175,0.801,0.1104,0,0.0221,0.0442,0,0.022,0
GeoB1706-2,margo,1.33,-19.5617,11.175,0.8135,0.1314,0,0,0.0423,0,0.0085,0
GeoB1706-2,margo,1.38,-19.5617,11.175,0.8129,0.0886,0,0.0148,0.0542,0,0.0197,0
GeoB1711-4,margo,1.73,-23.315,12.3767,0.823,0.122,0,0,0.052,0,0.003,0
GeoB1711-4,margo,1.78,-23.315,12.3767,0.738,0.184,0,0,0.079,0,0,0
GeoB1711-4,margo,1.83,-23.315,12.3767,0.813,0.127,0,0,0.062,0,0,0
GeoB1711-4,margo,1.88,-23.315,12.3767,0.75,0.112,0,0,0.131,0,0.003,0
GeoB1711-4,margo,1.93,-23.315,12.3767,0.666,0.175,0,0,0.15,0,0.003,0
GeoB1711-4,margo,1.98,-23.315,12.3767,0.763,0.131,0,0,0.095,0,0.009,0
GeoB1711-4,margo,2.03,-23.315,12.3767,0.811,0.1,0,0,0.082,0,0,0
GeoB1711-4,margo,2.08,-23.315,12.3767,0.823,0.104,0,0.002,0.056,0,0.002,0
GeoB1711-4,margo,2.13,-23.315,12.3767,0.846,0.087,0,0.003,0.052,0,0,0
GeoB1711-4,margo,2.18,-23.315,12.3767,0.737,0.19,0,0,0.065,0,0.007,0
GeoB1711-4,margo,2.23,-23.315,12.3767,0.795,0.142,0,0,0.055,0,0.003,0
GeoB1711-4,margo,2.28,-23.315,12.3767,0.739,0.178,0,0,0.069,0,0.008,0
GeoB1711-4,margo,2.33,-23.315,12.3767,0.691,0.192,0,0,0.106,0,0.004,0
GeoB1711-4,margo,2.38,-23.315,12.3767,0.803,0.154,0,0,0.028,0,0.01,0
GeoB1711-4,margo,2.43,-23.315,12.3767,0.895,0.065,0,0,0.025,0,0.005,0
GeoB1711-4,margo,2.48,-23.315,12.3767,0.763,0.118,0,0,0.114,0,0,0
GeoB1711-4,margo,2.53,-23.315,12.3767,0.762,0.173,0,0,0.065,0,0,0
GeoB1722-1,margo,0.23,-29.45,11.75,0.483,0.1239,0,0.0126,0.325,0,0.0555,0
GeoB1722-1,margo,0.28,-29.45,11.75,0.6561,0.1084,0,0.0052,0.1621,0,0.0681,0
GeoB1903-3,margo,0.48,-8.675,-11.845,0.1046,0.0472,0,0.0444,0.3525,0.0029,0.4454,0.0029
GeoB1903-3,margo,0.53,-8.675,-11.845,0.2013,0.0531,0,0.0218,0.3058,0.0019,0.4055,0.0104
GeoB1903-3,margo,0.58,-8.675,-11.845,0.1996,0.0477,0,0.0652,0.2344,0.0012,0.452,0
GeoB1905-3,margo,0.38,-17.1433,-13.9867,0.0922,0.0955,0,0.093,0.2484,0.0024,0.4676,0
GeoB1905-3,margo,0.43,-17.1433,-13.9867,0.0755,0.0393,0,0.143,0.1334,0.0033,0.6053,0
GeoB2004-2,margo,0.68,-30.87,14.3433,0.6355,0.1323,0,0.0022,0.1619,0.0044,0.064,0
GeoB2004-2,margo,0.73,-30.87,14.3433,0.6445,0.1442,0,0.0069,0.1423,0,0.0623,0
GeoB2004-2,margo,0.78,-30.87,14.3433,0.7248,0.1229,0,0.0107,0.1046,0.0015,0.0356,0
GeoB2016-1,margo,0.18,-31.9,-1.33,0.3453,0.3321,0,0.0114,0.1818,0,0.1225,0.0069
GeoB2019-1,margo,0.33,-36.06,-8.7783,0.3927,0.3755,0,0.0037,0.2068,0,0.0173,0.0037
GeoB2021-5,margo,0.13,-36.8333,-14.4033,0.3979,0.3343,0,0,0.2553,0,0.0126,0
GeoB2109-1,margo,0.48,-27.9117,-45.8817,0.1371,0.0392,0,0.0456,0.3021,0,0.4715,0.0046
GeoB2109-1,margo,0.53,-27.9117,-45.8817,0.1485,0.0659,0,0.0568,0.2552,0,0.4736,0
GeoB2109-1,margo,0.58,-27.9117,-45.8817,0.1655,0.0486,0,0.054,0.3668,0,0.3578,0.0072
GeoB2109-1,margo,0.63,-27.9117,-45.8817,0.1472,0.0407,0,0.0979,0.2591,0,0.452,0.003
GeoB2116-4,margo,0.28,-25.5117,-35.9983,0.3837,0.0443,0,0,0.2219,0,0.3499,0
GeoB2117-1,margo,0.23,-23.0383,-36.6517,0.0536,0.0919,0,0.0258,0.0902,0,0.7385,0
GeoB2125-1,margo,0.33,-20.8233,-39.8633,0.036,0.0217,0,0.0502,0.3325,0,0.559,0
GeoB2125-1,margo,0.38,-20.8233,-39.8633,0.025,0.0143,0,0.0537,0.3503,0.0072,0.5479,0
GeoB2202-4,margo,0.78,-8.1983,-34.265,0.0399,0.0075,0,0.0283,0.156,0,0.7666,0
GeoB2202-4,margo,0.83,-8.1983,-34.265,0.0379,0.0013,0,0.0378,0.1726,0,0.7406,0
GeoB2202-4,margo,0.88,-8.1983,-34.265,0.0333,0.01,0,0.0618,0.1962,0,0.6874,0
GeoB2202-4,margo,0.93,-8.1983,-34.265,0.0211,0.0073,0,0.0705,0.202,0,0.6981,0
GeoB2204-2,margo,0.33,-8.5283,-34.0217,0.0409,0.0062,0,0.0141,0.156,0,0.7828,0
GeoB2204-2,margo,0.38,-8.5283,-34.0217,0.041,0.0062,0,0.0246,0.1421,0,0.7811,0
GeoB2215-10,margo,0.43,0.0067,-23.495,0.2924,0.099,0,0.0172,0.2721,0,0.313,0.0065
GeoB2215-10,margo,0.48,0.0067,-23.495,0.3976,0.0392,0,0.0034,0.3634,0,0.1962,0
GeoB2819-1,margo,0.13,-30.8483,-38.3433,0.3686,0.1386,0,0.0285,0.1757,0,0.2844,0.0044
GeoB3104-1,margo,1.73,-3.6667,-37.7167,0.0337,0,0,0.0167,0.2997,0,0.6501,0
GeoB3104-1,margo,1.78,-3.6667,-37.7167,0.0595,0,0,0.0158,0.3373,0,0.5874,0
GeoB3104-1,margo,1.83,-3.6667,-37.7167,0.0673,0,0,0.0177,0.2985,0,0.6166,0
GeoB3104-1,margo,1.88,-3.6667,-37.7167,0.0657,0,0,0.0429,0.3189,0,0.5726,0
GeoB3104-1,margo,1.98,-3.6667,-37.7167,0.0888,0,0,0.048,0.2701,0,0.5929,0
GeoB3117-1,margo,2.98,-4.295,-37.0917,0.068,0,0,0.0486,0.2859,0,0.5972,0
GeoB3117-1,margo,3.03,-4.295,-37.0917,0.0758,0,0,0.0449,0.2897,0,0.5895,0
GeoB3117-1,margo,3.13,-4.295,-37.0917,0.0691,0,0,0.1008,0.262,0,0.568,0
GeoB3117-1,margo,3.23,-4.295,-37.0917,0.0599,0,0,0.0271,0.3048,0,0.6083,0
GeoB3117-1,margo,3.33,-4.295,-37.0917,0.0538,0.0098,0,0.0245,0.2613,0,0.6509,0
GeoB3117-1,margo,3.43,-4.295,-37.0917,0.0473,0,0,0.0131,0.2056,0,0.7338,0
GeoB3117-1,margo,3.53,-4.295,-37.0917,0.0276,0.0034,0,0.0207,0.1973,0,0.7509,0
GeoB3175-1,margo,1.68,-7.0533,-34.4633,0.0637,0.0227,0,0.0226,0.0942,0,0.7901,0
GeoB3175-1,margo,1.73,-7.0533,-34.4633,0.0529,0.0338,0,0.0406,0.0928,0,0.7796,0
GeoB3175-1,margo,1.78,-7.0533,-34.4633,0.043,0.0553,0,0.032,0.0866,0,0.7834,0
GeoB3175-1,margo,1.83,-7.0533,-34.4633,0.0651,0.0105,0,0.0296,0.1042,0,0.7905,0
GeoB3176-1,margo,3.43,-7.0117,-34.4417,0.0426,0.0091,0,0.0335,0.1841,0,0.7277,0
GeoB3176-1,margo,3.48,-7.0117,-34.4417,0.049,0.0225,0,0.0406,0.1905,0,0.6974,0
GeoB3176-1,margo,3.53,-7.0117,-34.4417,0.0491,0.0388,0,0.0485,0.1186,0,0.7448,0
GeoB3176-1,margo,3.58,-7.0117,-34.4417,0.0214,0.0127,0,0.0164,0.1416,0,0.8081,0
GeoB3603-2,margo,0.33,-35.125,17.5433,0.647,0.163,0,0,0.1581,0,0.0321,0
GeoB3603-2,margo,0.38,-35.125,17.5433,0.5978,0.1708,0,0,0.2011,0,0.0305,0
GeoB3722-2,margo,0.83,-25.25,12.0217,0.881,0.0408,0,0,0.0769,0,0.0013,0
GeoB3722-2,margo,0.88,-25.25,12.0217,0.8093,0.0866,0,0,0.0901,0,0.0139,0
GeoB3722-2,margo,0.93,-25.25,12.0217,0.911,0.0244,0,0,0.0609,0,0.0037,0
GeoB3722-2,margo,0.98,-25.25,12.0217,0.8942,0.0529,0,0,0.0513,0,0.0017,0
GeoB3801-6,margo,0.18,-29.5117,-8.305,0.2501,0.1919,0,0.0418,0.2326,0,0.2717,0.012
GeoB3808-6,margo,0.18,-30.8117,-14.7117,0.2342,0.2536,0,0.0289,0.226,0,0.2398,0.0176
GeoB3813-3,margo,0.13,-32.2683,-21.9667,0.4397,0.1539,0,0.0089,0.2189,0,0.1786,0
GeoB5112-5,margo,0.16,-23.825,-16.2583,0.0996,0.0769,0,0.1165,0.2512,0,0.4557,0
GeoB5115-2,margo,0.14,-24.1433,-14.0433,0.0951,0.0889,0,0.0973,0.2221,0,0.4957,0
GeoB5115-2,margo,0.15,-24.1433,-14.0433,0.1136,0.0797,0,0.1135,0.1954,0,0.4976,0
GeoB5115-2,margo,0.16,-24.1433,-14.0433,0.0943,0.0844,0,0.0769,0.2715,0,0.4703,0
GeoB5115-2,margo,0.17,-24.1433,-14.0433,0.0913,0.0677,0,0.0946,0.2636,0,0.4812,0
GeoB5121-2,margo,0.16,-24.1833,-12.0217,0.1244,0.0838,0,0.1349,0.2376,0,0.407,0.0071
GeoB5133-3,margo,0.18,-19.0867,-10.1917,0.131,0.112,0,0.0743,0.2204,0,0.4549,0.0076
GeoB5140-3,margo,0.1,-19.0517,-16.6133,0.0993,0.0726,0,0.2435,0.1901,0.0041,0.3777,0.0122
GeoB5140-3,margo,0.11,-19.0517,-16.6133,0.0818,0.0616,0,0.2218,0.197,0.0052,0.4241,0.0084
GeoB5140-3,margo,0.12,-19.0517,-16.6133,0.1087,0.0805,0,0.1921,0.1507,0.0088,0.4473,0.0117
HU87-033-008,margo,2.23,62.6485,-53.8845,1,0,0,0,0,0,0,0
HU87-033-008,margo,2.35,62.6485,-53.8845,1,0,0,0,0,0,0,0
HU87-033-008,margo,2.68,62.6485,-53.8845,1,0,0,0,0,0,0,0
HU87-033-008,margo,3.03,62.6485,-53.8845,1,0,0,0,0,0,0,0
HU87-033-008,margo,3.14,62.6485,-53.8845,1,0,0,0,0,0,0,0
HU90-013-013,margo,4.78,58.2098,-48.3733,0.987,0.014,0,0,0,0,0,0
HU91-045-090,margo,3,50.3898,-45.26,0.966,0.029,0,0,0.005,0,0,0
HU91-045-090,margo,3.1,50.3898,-45.26,0.933,0.045,0,0,0.023,0,0,0
HU91-045-090,margo,3.19,50.3898,-45.26,0.996,0.003,0,0,0,0,0,0
HU91-045-090,margo,3.36,50.3898,-45.26,0.993,0.006,0,0,0,0,0,0
K12,margo,2.8675,2.688888889,127.7361111,0.003,0.105,0,0.015,0.74,0,0.129,0
KET8003,margo,1.91,38.49,14.3,0.439516129032258,0.280241935483871,0,0.00403225806451613,0.122983870967742,0,0.00403225806451613,0
KET8003,margo,1.95,38.49,14.3,0.362186788154897,0.350797266514806,0,0.00455580865603645,0.113895216400911,0,0.00455580865603645,0
KET8003,margo,2.01,38.49,14.3,0.322493224932249,0.331978319783198,0,0,0.197831978319783,0,0.00948509485094851,0
KET8003,margo,2.05,38.49,14.3,0.298181818181818,0.312727272727273,0,0.00727272727272727,0.210909090909091,0,0.00545454545454546,0
KET8003,margo,2.11,38.49,14.3,0.323308270676692,0.272556390977444,0,0,0.233082706766917,0,0.0131578947368421,0
KET8003,margo,2.15,38.49,14.3,0.28,0.31,0,0.0025,0.1775,0,0.0075,0
KET8003,margo,2.21,38.49,14.3,0.331501831501832,0.351648351648352,0,0,0.205128205128205,0,0.00732600732600733,0
KET8003,margo,2.25,38.49,14.3,0.385259631490787,0.376884422110553,0,0,0.147403685092127,0,0.00837520938023451,0
KET8019,margo,2.71,40.33,13.21,0.339578454332553,0.238875878220141,0,0.00702576112412178,0.215456674473068,0,0.199063231850117,0
KET8019,margo,2.81,40.33,13.21,0.293436293436293,0.320463320463321,0,0.00386100386100386,0.166023166023166,0,0.216216216216216,0
KET8019,margo,2.98,40.33,13.21,0.468609865470852,0.204035874439462,0,0,0.152466367713005,0,0.174887892376682,0
KET8019,margo,3.01,40.33,13.21,0.537993920972644,0.218844984802432,0,0,0.13677811550152,0,0.106382978723404,0
KET8019,margo,3.14,40.33,13.21,0.300859598853868,0.467048710601719,0,0,0.143266475644699,0,0.0888252148997135,0
KET8019,margo,3.21,40.33,13.21,0.596153846153846,0.226495726495727,0,0,0.166666666666667,0,0.0106837606837607,0
KET8022,margo,1.11,40.35,11.43,0.28,0.45,0,0,0.14,0,0,0
KET8022,margo,1.41,40.35,11.43,0.32,0.3,0,0,0.25,0,0,0
KET8022,margo,1.71,40.35,11.43,0.26,0.35,0,0,0.34,0,0,0
KET8039,margo,2.7125,36.32,11.41,0.284463894967177,0.2472647702407,0,0,0.181619256017505,0,0.286652078774617,0
KET8039,margo,2.8125,36.32,11.41,0.263005780346821,0.407514450867052,0,0.00289017341040462,0.130057803468208,0,0.196531791907514,0
KET8039,margo,2.9125,36.32,11.41,0.287958115183246,0.267015706806283,0,0,0.146596858638743,0,0.298429319371728,0
KET8039,margo,3.0125,36.32,11.41,0.220543806646526,0.438066465256798,0,0,0.108761329305136,0,0.232628398791541,0
KET8039,margo,3.1125,36.32,11.41,0.27639751552795,0.316770186335404,0,0,0.108695652173913,0,0.298136645962733,0
KET8039,margo,3.2125,36.32,11.41,0.312368972746331,0.270440251572327,0,0.00209643605870021,0.109014675052411,0,0.306079664570231,0
KET8039,margo,3.3125,36.32,11.41,0.336633663366337,0.234323432343234,0,0,0.148514851485149,0,0.280528052805281,0
KET8039,margo,3.4125,36.32,11.41,0.304703476482618,0.280163599182004,0,0.00204498977505112,0.165644171779141,0,0.247443762781186,0
KET8039,margo,3.5125,36.32,11.41,0.302325581395349,0.297157622739018,0,0.00775193798449612,0.13953488372093,0,0.253229974160207,0
KET8039,margo,3.6125,36.32,11.41,0.32520325203252,0.284552845528455,0,0.002710027100271,0.113821138211382,0,0.273712737127371,0
KET8039,margo,3.7125,36.32,11.41,0.462908011869436,0.270029673590504,0,0,0.112759643916914,0,0.154302670623145,0
KET8039,margo,3.8125,36.32,11.41,0.474012474012474,0.241164241164241,0,0.00623700623700624,0.112266112266112,0,0.166320166320166,0
KET8039,margo,3.9125,36.32,11.41,0.509635974304069,0.201284796573876,0,0.00214132762312634,0.0877944325481799,0,0.199143468950749,0
KET8039,margo,4.0125,36.32,11.41,0.457142857142857,0.238095238095238,0,0,0.126190476190476,0,0.178571428571429,0
KET8039,margo,4.1125,36.32,11.41,0.466257668711657,0.352760736196319,0,0,0.150306748466258,0,0.0306748466257669,0
KET8216,margo,1.81,41.31,17.59,0.484126984126984,0.412698412698413,0,0,0.0753968253968254,0,0,0
KET8216,margo,1.91,41.31,17.59,0.536912751677852,0.295302013422819,0,0.0134228187919463,0.114093959731544,0,0,0
KET8216,margo,2.01,41.31,17.59,0.508670520231214,0.38150289017341,0,0,0.0751445086705202,0,0.0115606936416185,0
KET8216,margo,2.09,41.31,17.59,0.29585798816568,0.547337278106509,0,0,0.0798816568047337,0,0,0
KF09,margo,2.6,37.1113,-32.2868,0.267,0.233,0,0.005,0.385,0,0.102,0
KF09,margo,2.9,37.1113,-32.2868,0.245,0.202,0,0,0.438,0,0.112,0
KF09,margo,3.1,37.1113,-32.2868,0.247,0.202,0.001,0.008,0.408,0,0.116,0
KF13,margo,1.8,37.5783,-31.8422,0.301,0.248,0,0.004,0.347,0.003,0.081,0
KF13,margo,1.9,37.5783,-31.8422,0.305,0.201,0,0.008,0.382,0,0.094,0
KF16,margo,6,37.999,-31.1283,0.309,0.322,0,0.005,0.297,0,0.063,0
KH90-3-P2,margo,0.631,-1.170166667,160.007,0.00201816347,0.12613521697,0,0.03531786074,0.35116044397,,0.14026236124,0.01109989909
KH90-3-P2,margo,0.677,-1.170166667,160.007,0.00300902708,0.1374122367,0,0.02407221665,0.3500501505,,0.12738214644,0.00501504514
KH92-1-3a,margo,0.324,8.015666667,139.6401667,0.02114803626,0.10473313192,0,0.03927492447,0.24874118834,,0.19536757301,0
KH92-1-5a,margo,0.222,3.531833333,141.8616667,0,0.055,0,0.02,0.34,,0.24,0
KL96,margo,0.455,32.77,19.19,0.254612546125461,0.0627306273062731,0,0.011070110701107,0.003690036900369,0,0.66789667896679,0
KL96,margo,0.505,32.77,19.19,0.307692307692308,0.0769230769230769,0,0.00809716599190283,0.0161943319838057,0,0.591093117408907,0
KN708-1,margo,1,50,-23.75,0.964,0.032,0,0,0.003,0,0,0
KS310,margo,2.11,35.55,-1.57,0.753,0.173,0,0,0.037,0,0.025,0
KS310,margo,2.19,35.55,-1.57,0.793,0.169,0,0,0.031,0,0.008,0
KS310,margo,2.35,35.55,-1.57,0.661,0.273,0,0,0.054,0,0.01,0
KS310,margo,2.43,35.55,-1.57,0.695,0.222,0,0,0.066,0,0.016,0
KS310,margo,2.59,35.55,-1.57,0.699,0.243,0,0,0.025,0,0.033,0
KS310,margo,2.71,35.55,-1.57,0.708,0.206,0,0,0.065,0,0.018,0
KS310,margo,2.79,35.55,-1.57,0.58,0.303,0,0.003,0.099,0,0.009,0
LC01,margo,0.682,40.26,6.887,0.257383966244726,0.569620253164557,0,0,0.0907172995780591,0,0.0822784810126582,0
LC01,margo,0.71,40.26,6.887,0.238888888888889,0.522222222222222,0,0,0.0861111111111111,0,0.152777777777778,0
LC01,margo,0.757,40.26,6.887,0.260869565217391,0.492753623188406,0,0.00289855072463768,0.115942028985507,0,0.127536231884058,0
LC01,margo,0.787,40.26,6.887,0.198641765704584,0.66893039049236,0,0,0.0967741935483871,0,0.0356536502546689,0
LC04,margo,0.832,38.65,6.11,0.28448275862069,0.474137931034483,0,0,0.137931034482759,0,0.103448275862069,0
LC04,margo,0.912,38.65,6.11,0.33920704845815,0.354625550660793,0,0.00220264317180617,0.180616740088106,0,0.123348017621145,0
LC04,margo,0.997,38.65,6.11,0.344213649851632,0.320474777448071,0,0.0118694362017804,0.154302670623145,0,0.169139465875371,0
LC07,margo,0.685,38.14,10.07,0.264840182648402,0.511415525114155,0,0.0045662100456621,0.182648401826484,0,0.0365296803652968,0
LC07,margo,0.805,38.14,10.07,0.20979020979021,0.524475524475525,0,0,0.20979020979021,0,0.0559440559440559,0
LC07,margo,0.865,38.14,10.07,0.252032520325203,0.544715447154472,0,0,0.146341463414634,0,0.0569105691056911,0
LC21,margo,275.5,35.66,26.58,0.44311377245509,0.137724550898204,0,0.0119760479041916,0.18562874251497,0,0.221556886227545,0
LC21,margo,281.5,35.66,26.58,0.456647398843931,0.144508670520231,0,0.0115606936416185,0.0578034682080925,0,0.329479768786127,0
LC21,margo,289.5,35.66,26.58,0.388513513513514,0.10472972972973,0,0.0135135135135135,0.307432432432432,0,0.185810810810811,0
LC21,margo,296,35.66,26.58,0.48,0.12,0,0.02,0.23,0,0.15,0
LC21,margo,303.5,35.66,26.58,0.361111111111111,0.194444444444444,0,0.0111111111111111,0.188888888888889,0,0.244444444444444,0
LC21,margo,310.5,35.66,26.58,0.360869565217391,0.234782608695652,0,0.0173913043478261,0.191304347826087,0,0.195652173913043,0
LC21,margo,317,35.66,26.58,0.579545454545455,0.0795454545454545,0,0.0113636363636364,0.102272727272727,0,0.227272727272727,0
LC21,margo,324.5,35.66,26.58,0.435064935064935,0.292207792207792,0,0.025974025974026,0.103896103896104,0,0.142857142857143,0
M35003-4,margo,3.1,12.09,-61.2433,0.057,0.112,0,0.005,0.252,0,0.573,0
M35003-4,margo,3.2,12.09,-61.2433,0.107,0.095,0,0.032,0.195,0,0.554,0
M35003-4,margo,3.3,12.09,-61.2433,0.119,0.101,0,0.042,0.116,0,0.62,0
M35003-4,margo,3.4,12.09,-61.2433,0.123,0.071,0,0.031,0.133,0,0.64,0
M35003-4,margo,3.5,12.09,-61.2433,0.072,0.068,0,0.032,0.178,0,0.633,0
M35003-4,margo,3.6,12.09,-61.2433,0.046,0.102,0,0.024,0.131,0,0.683,0
M35027-1,margo,0.5,17.6483,-67.1667,0.008,0.034,0,0.121,0.28,0,0.535,0
M35027-1,margo,0.53,17.6483,-67.1667,0.05,0.044,0,0.041,0.172,0,0.663,0
M35027-1,margo,0.55,17.6483,-67.1667,0.039,0.049,0,0.061,0.214,0,0.637,0
M35027-1,margo,0.57,17.6483,-67.1667,0.075,0.073,0,0.079,0.206,0,0.558,0
M35027-1,margo,0.6,17.6483,-67.1667,0.254,0.045,0.004,0.322,0.035,0,0.369,0
M35027-1,margo,0.62,17.6483,-67.1667,0.213,0.029,0.004,0.371,0.013,0,0.349,0
MD 95-2043,margo,8.3,36.143,-2.621,0.779456193353474,0.157099697885196,0,0,0.0422960725075529,0,0.0211480362537764,0
MD 95-2043,margo,8.4,36.143,-2.621,0.769620253164557,0.154430379746835,0,0,0.0481012658227848,0,0.0278481012658228,0
MD 95-2043,margo,8.5,36.143,-2.621,0.811138014527845,0.130750605326877,0,0,0.0532687651331719,0,0.00484261501210654,0
MD 95-2043,margo,8.6,36.143,-2.621,0.701970443349754,0.238916256157635,0,0,0.0270935960591133,0,0.0320197044334975,0
MD 95-2043,margo,8.7,36.143,-2.621,0.613861386138614,0.31023102310231,0,0,0.0594059405940594,0,0.0165016501650165,0
MD 95-2043,margo,8.8,36.143,-2.621,0.70679012345679,0.222222222222222,0,0,0.0601851851851852,0,0.0108024691358025,0
MD 95-2043,margo,8.9,36.143,-2.621,0.703271028037383,0.231308411214953,0,0,0.0490654205607477,0,0.0163551401869159,0
MD012394,margo,5.09,13.78,110.25,0.045113,0.041354,0,0.041353,0.530075,,0.120301,0.003759
MD012394,margo,5.14,13.78,110.25,0.04143615661,0.07182287201,0,0.02486149341,0.458563342,,0.14640935778,0
MD012394,margo,5.19,13.78,110.25,0.03352,0.039106,0,0.047485,0.460894,,0.134078,0.002793
MD012394,margo,5.24,13.78,110.25,0.030303,0.04329,0,0.038961,0.506493,,0.138529,0
MD012394,margo,5.29,13.78,110.25,0.0288070513,0.032921914,0,0.05349823577,0.53497934535,,0.08641914566,0
MD012394,margo,5.34,13.78,110.25,0.03750030281,0.04687537851,0,0.05312542899,0.46562573181,,0.15000020186,0
MD012394,margo,5.39,13.78,110.25,0.045082,0.053278,0,0.028689,0.459016,,0.139343,0
MD012394,margo,5.44,13.78,110.25,0.036303,0.059406,0,0.026402,0.435644,,0.165016,0.006601
MD012394,margo,5.49,13.78,110.25,0.036667,0.03,0,0.023334,0.446667,,0.140001,0.006667
MD012394,margo,5.54,13.78,110.25,0.0491323637,0.08670529533,0,0.02312087568,0.41040459524,,0.12427822697,0.01156043784
MD012394,margo,5.59,13.78,110.25,0.02236423008,0.0734820403,0,0.02236423007,0.43769907152,,0.1469640806,0
MD012394,margo,5.64,13.78,110.25,0.042254,0.051644,0,0.02817,0.446009,,0.093898,0
MD012394,margo,5.69,13.78,110.25,0.03956881463,0.06115116578,0,0.05395738326,0.37769766846,,0.13309300534,0
MD012394,margo,5.74,13.78,110.25,0.02194357367,0.04702194358,0,0.05015673981,0.38557993732,,0.20376175549,0
MD012394,margo,5.79,13.78,110.25,0.054441,0.054442,0,0.040114,0.441261,,0.169056,0
MD012394,margo,5.84,13.78,110.25,0.0385673103,0.06336015026,0,0.01928365515,0.39944958428,,0.16528861632,0
MD012416,margo,196.5,51.268,167.7255,0.8052631579,0.1815789474,0,0,0.00263157895,,0,0
MD012416,margo,197.5,51.268,167.7255,0.7985781991,0.182464455,0,0,0.00473933649,,0,0
MD012416,margo,200.5,51.268,167.7255,0.8215384615,0.16,0,0,0.00615384615,,0,0
MD012416,margo,202.5,51.268,167.7255,0.8320610687,0.1526717557,0,0,0.00254452926,,0,0
MD012416,margo,205.5,51.268,167.7255,0.86033519549,0.1117318436,0,0,0,,0,0
MD012416,margo,209.5,51.268,167.7255,0.8126888218,0.163141994,0,0,0.00302114804,,0,0
MD012416,margo,184.5,51.268,167.7255,0.8220064725,0.1585760518,0,0,0,,0,0
MD012416,margo,190.5,51.268,167.7255,0.8383561644,0.1452054795,0,0,0,,0,0
MD012416,margo,194.5,51.268,167.7255,0.8274111675,0.1598984772,0,0,0.00253807107,,0,0
MD76-131,margo,1.9,15.32,72.34,0.019,0.123,0,0.059,0.264,0,0.531,0.005
MD77-169,margo,1.51,10.13,95.03,0.019,0.097,0,0.046,0.356,0,0.474,0.01
MD77-171,margo,2.61,11.46,94.09,0.029,0.112,0,0.125,0.308,0,0.41,0.017
MD77-179,margo,0.52,18.22,91.01,0.019,0.117,0,0.089,0.494,0,0.275,0.007
MD77-180,margo,1.81,18.28,89.51,0.012,0.118,0,0.051,0.386,0,0.42,0.01
MD77-191,margo,6.72,7.3,76.43,0.053,0.318,0,0.082,0.335,0,0.206,0.006
MD77-194,margo,3.11,10.28,75.14,0.038,0.277,0,0.095,0.223,0,0.361,0.006
MD77-203,margo,3.41,20.42,59.34,0.003,0.306,0,0.014,0.094,0,0.577,0
MD84-632,margo,1.58,32.47,34.23,0.266310160427808,0.0203208556149733,0,0.00962566844919786,0.0374331550802139,0,0.664171122994652,0
MD84-632,margo,1.6,32.47,34.23,0.206965174129353,0.0298507462686567,0,0.00099502487562189,0.0298507462686567,0,0.739303482587065,0
MD84-632,margo,1.62,32.47,34.23,0.182509505703422,0.0171102661596958,0,0.00285171102661597,0.0285171102661597,0,0.76615969581749,0
MD84-632,margo,1.64,32.47,34.23,0.204869358669834,0.0314726840855107,0,0.00534441805225653,0.0267220902612827,0,0.729216152019002,0
MD84-632,margo,1.66,32.47,34.23,0.155940594059406,0.0445544554455446,0,0.00247524752475248,0.0297029702970297,0,0.767326732673267,0
MD84-632,margo,1.68,32.47,34.23,0.243083003952569,0.0345849802371542,0,0.00494071146245059,0.0345849802371542,0,0.675889328063241,0
MD84-632,margo,1.7,32.47,34.23,0.223353293413174,0.0353293413173653,0,0.00538922155688623,0.0341317365269461,0,0.694610778443114,0
MD84-632,margo,1.72,32.47,34.23,0.211812627291242,0.0339443312966735,0,0.00746775288526816,0.0257976917854718,0,0.714867617107943,0
MD84-632,margo,1.74,32.47,34.23,0.191683569979716,0.0182555780933063,0,0.0111561866125761,0.0141987829614604,0,0.762677484787018,0
MD84-632,margo,1.76,32.47,34.23,0.201884253028264,0.018842530282638,0,0.0148048452220727,0.0242261103633917,0,0.733512786002692,0
MD84-632,margo,1.78,32.47,34.23,0.187179487179487,0.0102564102564103,0,0.00598290598290598,0.0222222222222222,0,0.771794871794872,0
MD84-632,margo,1.8,32.47,34.23,0.217866909753874,0.00820419325432999,0,0.00820419325432999,0.0309936189608022,0,0.733819507748405,0
MD84-632,margo,1.82,32.47,34.23,0.226681127982646,0.0130151843817787,0,0.0140997830802603,0.0412147505422994,0,0.700650759219089,0
MD84-632,margo,1.84,32.47,34.23,0.280051150895141,0.020460358056266,0,0.0191815856777494,0.0473145780051151,0,0.630434782608696,0
MD84-632,margo,1.86,32.47,34.23,0.265945945945946,0.012972972972973,0,0.0172972972972973,0.0443243243243243,0,0.658378378378378,0
MD84-632,margo,1.88,32.47,34.23,0.247178329571106,0.0112866817155756,0,0.0090293453724605,0.0395033860045147,0,0.691873589164786,0
MD84-632,margo,1.9,32.47,34.23,0.209912536443149,0.0087463556851312,0,0.0043731778425656,0.0262390670553936,0,0.744897959183674,0
MD84-632,margo,1.92,32.47,34.23,0.182602444284687,0.0488856937455068,0,0.00215672178289001,0.0265995686556434,0,0.737598849748383,0
MD84-632,margo,1.96,32.47,34.23,0.220256253813301,0.173886516168395,0,0.0012202562538133,0.012202562538133,0,0.584502745576571,0
MD84627,margo,0.6,32.14,33.45,0.405228758169935,0.0261437908496732,0,0.00326797385620915,0.0392156862745098,0,0.526143790849673,0
MD84627,margo,0.7,32.14,33.45,0.284615384615385,0.0153846153846154,0,0,0.0256410256410256,0,0.674358974358975,0
MD84627,margo,0.8,32.14,33.45,0.254752851711027,0.0228136882129278,0,0,0.0133079847908745,0,0.709125475285171,0
MD84629,margo,1.6,32.04,34.21,0.201166180758018,0.0233236151603499,0,0.0233236151603499,0.0320699708454811,0,0.0291545189504373,0
MD84629,margo,1.65,32.04,34.21,0.225563909774436,0.0350877192982456,0,0.0025062656641604,0.0075187969924812,0,0.0100250626566416,0
MD84629,margo,1.7,32.04,34.21,0.129909365558912,0.0483383685800604,0,0.0151057401812689,0.0120845921450151,0,0.0453172205438067,0
MD84629,margo,1.75,32.04,34.21,0.255244755244755,0.0384615384615385,0,0,0.020979020979021,0,0.0034965034965035,0
MD84629,margo,1.8,32.04,34.21,0.232142857142857,0.298214285714286,0,0.0214285714285714,0.00892857142857143,0,0.0196428571428571,0
MD84629,margo,1.85,32.04,34.21,0.188010899182561,0.201634877384196,0,0.00272479564032698,0,0,0.00272479564032698,0
MD84629,margo,1.9,32.04,34.21,0.0896551724137931,0.314942528735632,0,0.0275862068965517,0.00689655172413793,0,0.0114942528735632,0
MD84629,margo,1.95,32.04,34.21,0.117647058823529,0.350762527233115,0,0,0.0130718954248366,0,0.00871459694989107,0
MD84629,margo,2,32.04,34.21,0.282608695652174,0.577294685990338,0,0.00241545893719807,0.0434782608695652,0,0,0
MD84641,margo,0.83,33.02,32.38,0.223728813559322,0.0135593220338983,0,0,0.0101694915254237,0,0.00338983050847458,0
MD84641,margo,0.87,33.02,32.38,0.202279202279202,0.0227920227920228,0,0.00284900284900285,0.0227920227920228,0,0.0056980056980057,0
MD84641,margo,0.9,33.02,32.38,0.235643564356436,0.0336633663366337,0,0,0.0118811881188119,0,0,0
MD84641,margo,0.93,33.02,32.38,0.278894472361809,0.0175879396984925,0,0,0.0226130653266332,0,0.00251256281407035,0
MD84641,margo,0.97,33.02,32.38,0.216400911161731,0.0455580865603645,0,0.0136674259681093,0.0250569476082005,0,0.00683371298405467,0
MD84641,margo,1,33.02,32.38,0.224907063197026,0.113382899628253,0,0.00185873605947955,0.0130111524163569,0,0.00185873605947955,0
MD88-770,margo,1.12,-46.01666667,96.46666667,0.953917050691244,0.032258064516129,0,0,0.00460829493087558,0,0,0
MD90-917,margo,5.45,41.298,17.613,0.665876777251185,0.175355450236967,0,0.0023696682464455,0.0995260663507109,0,0.0497630331753555,0
MD90-917,margo,5.5,41.298,17.613,0.576555023923445,0.251196172248804,0,0,0.124401913875598,0,0.0382775119617225,0.00239234449760766
MD90-917,margo,5.55,41.298,17.613,0.475703324808184,0.388746803069054,0,0,0.0460358056265985,0,0.0818414322250639,0
MD90-917,margo,5.6,41.298,17.613,0.516042780748663,0.318181818181818,0,0.0053475935828877,0.112299465240642,0,0.0374331550802139,0
MD90-917,margo,5.65,41.298,17.613,0.527950310559006,0.27639751552795,0,0.0031055900621118,0.136645962732919,0,0.0434782608695652,0
MD90-917,margo,5.7,41.298,17.613,0.546583850931677,0.354037267080745,0,0,0.062111801242236,0,0.0279503105590062,0
MD90-917,margo,5.75,41.298,17.613,0.476578411405295,0.366598778004073,0,0,0.065173116089613,0,0.0896130346232179,0
MD90-917,margo,5.8,41.298,17.613,0.455882352941176,0.397058823529412,0,0,0.120588235294118,0,0.0147058823529412,0
MD90-917,margo,5.85,41.298,17.613,0.406153846153846,0.356923076923077,0,0,0.187692307692308,0,0.04,0
MD90-917,margo,5.9,41.298,17.613,0.607305936073059,0.255707762557078,0,0.00228310502283105,0.114155251141553,0,0.0114155251141553,0
MD90-917,margo,5.95,41.298,17.613,0.54,0.324444444444444,0,0,0.0955555555555556,0,0.04,0
MD90-917,margo,6,41.298,17.613,0.321656050955414,0.531847133757962,0,0.00318471337579618,0.0668789808917197,0,0.0668789808917197,0
MD90-917,margo,6.05,41.298,17.613,0.288184438040346,0.54178674351585,0,0.00288184438040346,0.103746397694525,0,0.0547550432276657,0
MD90-917,margo,6.1,41.298,17.613,0.273809523809524,0.550595238095238,0,0.00297619047619048,0.0952380952380953,0,0.056547619047619,0
MD90-917,margo,6.15,41.298,17.613,0.302547770700637,0.557324840764331,0,0,0.0796178343949045,0,0.0445859872611465,0
MD90-917,margo,6.2,41.298,17.613,0.19281045751634,0.617647058823529,0,0,0.130718954248366,0,0.0261437908496732,0
MD90-917,margo,6.25,41.298,17.613,0.171521035598706,0.624595469255663,0,0,0.106796116504854,0,0.0711974110032363,0
MD90901,margo,4.2,39.947,1.591,0.317016317016317,0.487179487179487,0,0,0.0955710955710956,0,0.1002331002331,0
MD90901,margo,4.3,39.947,1.591,0.259515570934256,0.508650519031142,0,0,0.0865051903114187,0,0.145328719723183,0
MD90901,margo,4.4,39.947,1.591,0.246073298429319,0.523560209424084,0,0,0.0680628272251309,0,0.162303664921466,0
MD90901,margo,4.5,39.947,1.591,0.250847457627119,0.538983050847458,0,0,0.0610169491525424,0,0.149152542372881,0
MD90901,margo,4.6,39.947,1.591,0.380645161290323,0.435483870967742,0,0,0.0645161290322581,0,0.119354838709677,0
MD90901,margo,4.7,39.947,1.591,0.250673854447439,0.630727762803235,0,0,0.0485175202156334,0,0.0700808625336927,0
MD90901,margo,4.8,39.947,1.591,0.180887372013652,0.522184300341297,0,0,0.0955631399317406,0,0.201365187713311,0
MD90901,margo,4.9,39.947,1.591,0.236760124610592,0.548286604361371,0,0.00311526479750779,0.0809968847352025,0,0.130841121495327,0
MD90901,margo,5,39.947,1.591,0.26010101010101,0.633838383838384,0,0,0.0555555555555556,0,0.0505050505050505,0
MD90901,margo,5.1,39.947,1.591,0.196774193548387,0.445161290322581,0,0,0.241935483870968,0,0.116129032258065,0
MD90901,margo,5.2,39.947,1.591,0.189910979228487,0.448071216617211,0,0,0.118694362017804,0,0.243323442136499,0
MD90901,margo,5.3,39.947,1.591,0.132530120481928,0.588353413654619,0,0,0.146586345381526,0,0.132530120481928,0
MD90901,margo,5.4,39.947,1.591,0.180203045685279,0.596446700507614,0,0,0.116751269035533,0,0.106598984771574,0
MD90901,margo,5.5,39.947,1.591,0.333333333333333,0.454545454545455,0,0,0.111111111111111,0,0.101010101010101,0
MD90901,margo,5.6,39.947,1.591,0.239130434782609,0.58695652173913,0,0,0.0869565217391304,0,0.0869565217391304,0
MD90901,margo,5.7,39.947,1.591,0.137931034482759,0.647214854111406,0,0.0026525198938992,0.177718832891247,0,0.0344827586206897,0
MD95-2011,margo,10.41,66.9697,7.6393,0.957,0,0,0,0.043,0,0,0
MD95-2011,margo,10.46,66.9697,7.6393,0.958,0.014,0,0,0.028,0,0,0
MD95-2011,margo,10.52,66.9697,7.6393,0.949,0,0,0,0.05,0,0,0
MD95-2011,margo,10.56,66.9697,7.6393,0.912,0,0,0,0.087,0,0,0
MD95-2011,margo,10.62,66.9697,7.6393,0.965,0,0,0,0.035,0,0,0
MD95-2011,margo,10.66,66.9697,7.6393,0.979,0,0,0,0.022,0,0,0
MD95-2011,margo,10.71,66.9697,7.6393,0.985,0,0,0,0.015,0,0,0
MD95-2011,margo,10.77,66.9697,7.6393,0.96,0.01,0,0,0.031,0,0,0
MD95-2011,margo,10.81,66.9697,7.6393,0.954,0,0,0,0.046,0,0,0
MD95-2011,margo,10.87,66.9697,7.6393,0.977,0,0,0,0.023,0,0,0
MD95-2011,margo,10.91,66.9697,7.6393,0.962,0,0,0,0.038,0,0,0
MD95-2011,margo,10.96,66.9697,7.6393,0.955,0.005,0,0,0.035,0,0.005,0
MD95-2011,margo,11.02,66.9697,7.6393,0.973,0.007,0,0,0.021,0,0,0
MD95-2011,margo,11.06,66.9697,7.6393,0.968,0,0,0,0.032,0,0,0
MD95-2011,margo,11.12,66.9697,7.6393,1,0,0,0,0,0,0,0
MD95-2011,margo,11.16,66.9697,7.6393,0.989,0,0,0,0.011,0,0,0
MD95-2011,margo,11.21,66.9697,7.6393,0.994,0,0,0,0.005,0,0,0
MD95-2011,margo,11.27,66.9697,7.6393,1,0,0,0,0,0,0,0
MD95-2011,margo,11.31,66.9697,7.6393,0.98,0,0,0,0.02,0,0,0
MD95-2011,margo,11.37,66.9697,7.6393,0.978,0,0,0,0.022,0,0,0
MD95-2011,margo,11.77,66.9697,7.6393,0.988,0,0,0,0.012,0,0,0
MD95-2011,margo,11.87,66.9697,7.6393,0.948,0,0,0,0.053,0,0,0
MD95-2011,margo,11.91,66.9697,7.6393,0.942,0,0,0,0.058,0,0,0
MD95-2011,margo,11.96,66.9697,7.6393,0.916,0,0,0,0.084,0,0,0
MD95-2011,margo,12.21,66.9697,7.6393,0.957,0,0,0,0.043,0,0,0
MD95-2011,margo,12.4,66.9697,7.6393,0.963,0,0,0,0.037,0,0,0
MD95-2011,margo,12.61,66.9697,7.6393,0.938,0,0,0,0.061,0,0,0
MD95-2011,margo,12.8,66.9697,7.6393,0.962,0,0,0,0.038,0,0,0
MD95-2011,margo,13.01,66.9697,7.6393,0.979,0,0,0,0.021,0,0,0
MD95-2011,margo,13.21,66.9697,7.6393,0.926,0,0,0,0.073,0,0,0
MD95-2011,margo,13.4,66.9697,7.6393,0.933,0,0,0,0.067,0,0,0
MD95-2011,margo,13.61,66.9697,7.6393,0.978,0,0,0,0.023,0,0,0
MD95-2011,margo,13.8,66.9697,7.6393,0.927,0,0,0,0.073,0,0,0
MD95-2011,margo,14.21,66.9697,7.6393,0.922,0,0,0,0.078,0,0,0
MD95-2011,margo,14.4,66.9697,7.6393,0.878,0,0,0,0.122,0,0,0
MD95-2011,margo,14.61,66.9697,7.6393,0.888,0,0,0,0.112,0,0,0
MD95-2011,margo,14.8,66.9697,7.6393,0.94,0,0,0,0.06,0,0,0
MD95-2011,margo,15.01,66.9697,7.6393,0.946,0,0,0,0.054,0,0,0
MD95-2012,margo,3.12,72.151,11.4343,0.971,0.002,0,0,0.028,0,0,0
MD95-2012,margo,3.15,72.151,11.4343,0.971,0.002,0,0,0.028,0,0,0
MD95-2012,margo,3.21,72.151,11.4343,0.982,0,0,0,0.018,0,0,0
MD95-2012,margo,3.25,72.151,11.4343,0.982,0,0,0,0.018,0,0,0
MD95-2012,margo,3.31,72.151,11.4343,0.982,0,0,0,0.018,0,0,0
MD95-2012,margo,3.35,72.151,11.4343,0.982,0,0,0,0.018,0,0,0
MD95-2012,margo,3.42,72.151,11.4343,0.982,0,0,0,0.018,0,0,0
MD95-2012,margo,3.46,72.151,11.4343,0.969,0.004,0,0,0.027,0,0,0
MD95-2012,margo,3.52,72.151,11.4343,0.969,0.004,0,0,0.027,0,0,0
MD95-2012,margo,3.56,72.151,11.4343,0.969,0.004,0,0,0.027,0,0,0
MD95-2012,margo,3.62,72.151,11.4343,0.969,0.004,0,0,0.027,0,0,0
MD95-2012,margo,3.65,72.151,11.4343,0.969,0.004,0,0,0.027,0,0,0
MD95-2012,margo,3.71,72.151,11.4343,0.976,0.001,0,0,0.023,0,0,0
MD95-2012,margo,3.75,72.151,11.4343,0.976,0.001,0,0,0.023,0,0,0
MD95-2012,margo,3.81,72.151,11.4343,0.976,0.001,0,0,0.023,0,0,0
MD95-2012,margo,3.85,72.151,11.4343,0.978,0.003,0,0,0.018,0,0,0
MD95-2012,margo,3.92,72.151,11.4343,0.978,0.003,0,0,0.018,0,0,0
MD95-2012,margo,3.96,72.151,11.4343,0.991,0,0,0,0.009,0,0,0
MD95-2012,margo,4,72.151,11.4343,0.991,0,0,0,0.009,0,0,0
MD95-2012,margo,4.11,72.151,11.4343,0.991,0,0,0,0.009,0,0,0
MD95-2012,margo,4.21,72.151,11.4343,0.991,0,0,0,0,0,0,0
MD95-2012,margo,4.3,72.151,11.4343,0.98,0,0,0,0.019,0,0,0
MD95-2012,margo,4.41,72.151,11.4343,0.98,0,0,0,0.019,0,0,0
MD95-2012,margo,4.5,72.151,11.4343,0.98,0,0,0,0.019,0,0,0
MD95-2012,margo,4.61,72.151,11.4343,0.98,0,0,0,0.019,0,0,0
MD95-2012,margo,4.71,72.151,11.4343,0.998,0,0,0,0,0,0,0
MD95-2012,margo,4.8,72.151,11.4343,0.985,0,0,0,0.015,0,0,0
MD95-2012,margo,4.91,72.151,11.4343,0.985,0,0,0,0.015,0,0,0
MD95-2012,margo,5,72.151,11.4343,0.985,0,0,0,0.015,0,0,0
MD95-2012,margo,5.11,72.151,11.4343,0.997,0,0,0,0,0,0,0
MD95-2012,margo,5.21,72.151,11.4343,0.977,0,0,0,0.023,0,0,0
MD95-2012,margo,5.3,72.151,11.4343,0.977,0,0,0,0.023,0,0,0
MD95-2012,margo,5.41,72.151,11.4343,0.977,0,0,0,0.023,0,0,0
MD95-2012,margo,5.5,72.151,11.4343,0.991,0,0,0,0.009,0,0,0
MD95-2039,margo,3.6,40.5785,-10.3485,0.398,0.314,0,0,0.222,0,0.065,0
MD95-2039,margo,3.7,40.5785,-10.3485,0.327,0.396,0,0.001,0.196,0,0.08,0
MD95-2039,margo,3.8,40.5785,-10.3485,0.327,0.377,0,0,0.181,0,0.114,0
MD95-2039,margo,3.9,40.5785,-10.3485,0.356,0.331,0,0,0.202,0,0.113,0
MD95-2039,margo,4,40.5785,-10.3485,0.388,0.332,0,0,0.256,0,0.023,0
MD95-2040,margo,3.35,40.5818,-9.8612,0.484,0.192,0,0,0.198,0,0.119,0
MD95-2040,margo,3.38,40.5818,-9.8612,0.449,0.227,0,0,0.221,0,0.096,0
MD95-2040,margo,3.41,40.5818,-9.8612,0.5,0.178,0,0,0.213,0,0.103,0
MD95-2040,margo,3.44,40.5818,-9.8612,0.433,0.17,0,0,0.287,0,0.096,0
MD95-2040,margo,3.47,40.5818,-9.8612,0.51,0.18,0,0.001,0.199,0,0.102,0
MD95-2040,margo,3.5,40.5818,-9.8612,0.455,0.207,0,0,0.193,0,0.121,0
MD95-2040,margo,3.53,40.5818,-9.8612,0.411,0.222,0,0.002,0.222,0,0.131,0
MD95-2040,margo,3.56,40.5818,-9.8612,0.439,0.182,0,0.001,0.296,0,0.079,0
MD95-2040,margo,3.59,40.5818,-9.8612,0.461,0.206,0,0.002,0.226,0,0.094,0
MD95-2040,margo,3.62,40.5818,-9.8612,0.385,0.254,0,0.003,0.246,0,0.095,0
MD95-2040,margo,3.65,40.5818,-9.8612,0.429,0.199,0,0,0.254,0,0.108,0
MD95-2040,margo,3.68,40.5818,-9.8612,0.426,0.213,0,0,0.238,0,0.114,0
MD95-2040,margo,3.71,40.5818,-9.8612,0.405,0.25,0,0,0.23,0,0.096,0
MD95-2040,margo,3.74,40.5818,-9.8612,0.427,0.216,0,0,0.237,0,0.109,0
MD95-2040,margo,3.77,40.5818,-9.8612,0.451,0.201,0,0.002,0.23,0,0.105,0
MD95-2040,margo,3.8,40.5818,-9.8612,0.399,0.254,0,0,0.21,0,0.119,0
MD95-2040,margo,3.83,40.5818,-9.8612,0.394,0.225,0,0,0.254,0,0.105,0
MD95-2040,margo,3.86,40.5818,-9.8612,0.427,0.273,0,0,0.22,0,0.077,0
MD95-2040,margo,3.89,40.5818,-9.8612,0.417,0.244,0,0,0.215,0,0.109,0
MD95-2040,margo,3.92,40.5818,-9.8612,0.445,0.207,0,0,0.234,0,0.109,0
MD95-2040,margo,3.95,40.5818,-9.8612,0.41,0.186,0,0.002,0.272,0,0.116,0
MD95-2040,margo,3.98,40.5818,-9.8612,0.384,0.227,0,0,0.232,0,0.143,0
MD95-2040,margo,4.01,40.5818,-9.8612,0.369,0.304,0,0,0.19,0,0.128,0
MD95-2040,margo,4.04,40.5818,-9.8612,0.493,0.207,0,0,0.214,0,0.078,0
MD95-2040,margo,4.07,40.5818,-9.8612,0.478,0.225,0,0,0.204,0,0.081,0
MD95-2040,margo,4.1,40.5818,-9.8612,0.441,0.275,0,0,0.192,0,0.077,0
MD95-2040,margo,4.13,40.5818,-9.8612,0.447,0.265,0,0,0.218,0,0.058,0
MD95-2040,margo,4.16,40.5818,-9.8612,0.491,0.25,0.002,0,0.18,0,0.065,0
MD95-2040,margo,4.19,40.5818,-9.8612,0.376,0.325,0,0,0.194,0,0.096,0
MD95-2040,margo,4.22,40.5818,-9.8612,0.439,0.275,0,0,0.162,0,0.117,0
MD95-2040,margo,4.25,40.5818,-9.8612,0.422,0.3,0,0.003,0.21,0,0.06,0
MD95-2040,margo,4.28,40.5818,-9.8612,0.473,0.251,0,0,0.173,0,0.09,0
MD95-2040,margo,4.31,40.5818,-9.8612,0.415,0.315,0,0,0.133,0.002,0.135,0
MD95-2040,margo,4.34,40.5818,-9.8612,0.47,0.218,0,0.001,0.283,0,0.028,0
MD95-2040,margo,4.37,40.5818,-9.8612,0.497,0.222,0,0,0.173,0,0.105,0
MD95-2040,margo,4.4,40.5818,-9.8612,0.529,0.228,0,0,0.178,0,0.065,0
MD95-2040,margo,4.43,40.5818,-9.8612,0.463,0.245,0,0.001,0.218,0,0.074,0
MD95-2040,margo,4.46,40.5818,-9.8612,0.504,0.24,0,0.001,0.191,0,0.061,0
MD95-2040,margo,4.49,40.5818,-9.8612,0.469,0.23,0,0,0.212,0,0.084,0
MD95-2040,margo,4.52,40.5818,-9.8612,0.586,0.223,0,0.001,0.144,0,0.042,0
MD95-2040,margo,4.55,40.5818,-9.8612,0.46,0.279,0,0.002,0.187,0,0.073,0
MD95-2040,margo,4.58,40.5818,-9.8612,0.484,0.223,0,0,0.179,0,0.108,0
MD972142,margo,2.775,12.69,119.47,0.00268817204,0.09677419355,0,0.05376344087,0.34408602155,,0.29569892476,0.00537634409
MD972142,margo,2.815,12.69,119.47,0.01724137931,0.09770114943,0,0.04310344828,0.36494252872,,0.27011494249,0.00574712644
MD972142,margo,2.895,12.69,119.47,0.00959232614,0.08393285372,0,0.03597122302,0.376498801,,0.28297362115,0.00959232614
MD972142,margo,2.975,12.69,119.47,0.03056027165,0.05432937182,0,0.05602716469,0.33955857388,,0.3005093379,0.00679117148
MD972142,margo,3.055,12.69,119.47,0.0390625,0.1328125,0,0.04166666667,0.3177083333,,0.2291666667,0.00520833333
MD972142,margo,3.135,12.69,119.47,0.04189944134,0.05027932961,0,0.03351955307,0.3240223464,,0.32122905025,0.01396648045
MD972148,margo,9.955,19.8,117.54,0,0.1169354839,0,0.02822580645,0.49193548388,,0.16532258065,0.01209677419
MD972148,margo,10.035,19.8,117.54,0,0.05072463768,0,0,0.59782608696,,0.16304347825,0.00362318841
MD972148,margo,10.115,19.8,117.54,0,0.05405405405,0,0.01801801802,0.60360360362,,0.12162162162,0.0045045045
MD972148,margo,10.195,19.8,117.54,0,0.05140186916,0,0.00934579439,0.67289719626,,0.11682242991,0.0046728972
MD972148,margo,10.275,19.8,117.54,0.01593625498,0.05179282869,0,0.03585657371,0.58167330681,,0.2111553785,0
MD972148,margo,10.435,19.8,117.54,0.01229508197,0.03278688525,0,0.00409836066,0.67213114752,,0.11885245902,0
MD972148,margo,10.515,19.8,117.54,0.00790513834,0.07114624506,0,0.04743083004,0.54150197629,,0.13833992095,0
MD972148,margo,10.595,19.8,117.54,0.00423728814,0.03813559322,0,0.02966101695,0.56779661021,,0.16525423729,0.01271186441
MD972148,margo,10.675,19.8,117.54,0.01382488479,0.0599078341,0,0.02764976958,0.64976958522,,0.12903225806,0.00460829493
MD972148,margo,10.755,19.8,117.54,0.01025641026,0.04615384615,0,0.04615384615,0.61025641026,,0.11282051282,0.02051282051
MD972148,margo,10.835,19.8,117.54,0.00660792952,0.06828193833,0,0.02422907489,0.64096916305,,0.1013215859,0
MD972148,margo,10.915,19.8,117.54,0.01547987616,0.04643962848,0,0.01238390092,0.61919504643,,0.14241486068,0.00619195046
MD972148,margo,11.075,19.8,117.54,0.01013513514,0.08445945946,0,0.01351351352,0.58108108108,,0.14527027028,0.00675675676
MD972148,margo,11.155,19.8,117.54,0.00684931507,0.10273972602,0,0.02397260274,0.53424657532,,0.13698630137,0.01369863014
MD972148,margo,11.235,19.8,117.54,0.01454545455,0.08363636364,0,0.02909090909,0.55636363638,,0.15636363637,0.02545454545
MD972148,margo,11.315,19.8,117.54,0,0.09375,0,0.01953125,0.546875,,0.171875,0.0078125
MD972148,margo,11.395,19.8,117.54,0.01454545455,0.07636363636,0,0.01090909091,0.57090909096,,0.1854545455,0.00727272727
MD972148,margo,11.475,19.8,117.54,0.01327433628,0.08407079646,0,0.0221238938,0.50442477875,,0.23451327434,0.01327433628
MD972148,margo,11.555,19.8,117.54,0.01872659176,0.0936329588,0,0.01123595506,0.59176029961,,0.13857677902,0.01498127341
MD972148,margo,11.635,19.8,117.54,0.00737100737,0.1253071253,0,0.01474201474,0.56756756757,,0.13759213759,0.01228501229
MD972148,margo,11.715,19.8,117.54,0.00917431193,0.08944954128,0,0.0114678899,0.59862385322,,0.12844036696,0.02752293578
MD972148,margo,11.795,19.8,117.54,0.02760736196,0.07055214724,0,0.02760736197,0.63190184057,,0.08895705521,0.02760736196
MD972148,margo,11.875,19.8,117.54,0.01672240803,0.09698996656,0,0.02006688964,0.6053511706,,0.11705685619,0.01337792642
MD972148,margo,11.955,19.8,117.54,0.00925925926,0.09953703704,0,0.02777777778,0.54398148149,,0.14351851852,0.01388888889
MD972148,margo,12.035,19.8,117.54,0.01428571428,0.10476190478,0,0.00714285714,0.60238095233,,0.13333333335,0.0119047619
MD972148,margo,12.115,19.8,117.54,0.00748129676,0.072319202,0,0.01246882794,0.59102244392,,0.13216957605,0.01246882793
MD972148,margo,12.195,19.8,117.54,0.00350877193,0.05614035088,0,0.00701754386,0.7473684211,,0.10175438597,0
MD972148,margo,12.275,19.8,117.54,0,0.07116104869,0,0.0074906367,0.65917602992,,0.14232209737,0.01123595506
MD972148,margo,12.355,19.8,117.54,0,0.1133603239,0,0.01619433198,0.58906882592,,0.18825910931,0.00607287449
MD972148,margo,12.435,19.8,117.54,0,0.08185840708,0,0.0221238938,0.61283185839,,0.19247787609,0.00442477876
MD972148,margo,12.515,19.8,117.54,0,0.0881147541,0,0.01844262295,0.62909836063,,0.15983606557,0.00409836066
MD972148,margo,12.595,19.8,117.54,0.00205761317,0.04732510288,0,0.02057613169,0.6851851852,,0.12345679012,0.00205761317
MD972148,margo,12.675,19.8,117.54,0.00531914894,0.08244680851,0,0.01861702127,0.54787234039,,0.14361702128,0.01063829787
MD972148,margo,12.755,19.8,117.54,0,0.06896551724,0,0.00766283525,0.67049808433,,0.14176245211,0.00766283525
MD972148,margo,12.835,19.8,117.54,0.0021691974,0.0737527115,0,0.02169197396,0.59436008675,,0.15618221259,0.0021691974
MD972148,margo,12.915,19.8,117.54,0,0.0618556701,0,0.02577319588,0.63917525771,,0.13402061856,0.00515463918
MD972151,margo,5.475,8.73,109.87,0.044304,0.044304,0,0.03481,0.462026,,0.212026,0.015823
MD972151,margo,5.555,8.73,109.87,0.043063,0.038278,0,0.00957,0.4689,,0.23445,0.019139
MD972151,margo,5.635,8.73,109.87,0.014836,0.071217,0,0.026706,0.48368,,0.124629,0.008902
MD972151,margo,5.715,8.73,109.87,0.044554,0.059406,0,0.019801,0.396039,,0.21287,0.014851
MD972151,margo,5.795,8.73,109.87,0.039841,0.039841,0,0.027888,0.422311,,0.262948,0.015936
MD972151,margo,5.875,8.73,109.87,0.035031,0.035032,0,0.022293,0.426751,,0.200636,0.012739
MD972151,margo,5.955,8.73,109.87,0.022727,0.037879,0,0.026515,0.431818,,0.204545,0.037879
MD972151,margo,6.035,8.73,109.87,0.018868,0.079245,0,0.033963,0.328303,,0.233962,0.015094
MD972151,margo,6.115,8.73,109.87,0.033419,0.059126,0,0.033419,0.419024,,0.236503,0.010283
MD972151,margo,6.195,8.73,109.87,0.020173,0.040346,0,0.028818,0.443804,,0.216139,0.005764
MD972151,margo,6.275,8.73,109.87,0.035911,0.055248,0,0.005525,0.43094,,0.232044,0.013812
MD972151,margo,6.355,8.73,109.87,0.008438,0.029536,0,0.021097,0.392405,,0.240506,0.021097
MD972151,margo,6.435,8.73,109.87,0.013668,0.034169,0,0.013667,0.414579,,0.277903,0.01139
MD972151,margo,6.515,8.73,109.87,0.005076,0.050761,0,0.020304,0.48731,,0.177665,0.010152
MD992344,margo,2.47,41.997,4.836,0.0364025695931478,0.903640256959315,0,0,0.0599571734475375,0,0,0
MD992344,margo,2.53,41.997,4.836,0.041025641025641,0.933333333333333,0,0,0.0102564102564103,0,0.0153846153846154,0
MD992344,margo,2.63,41.997,4.836,0.198620689655172,0.693793103448276,0,0,0.0896551724137931,0,0.0179310344827586,0
MD992344,margo,2.69,41.997,4.836,0.0826446280991736,0.851239669421488,0,0,0.0661157024793388,0,0,0
MD992346,margo,6.195,42.044,4.151,0.129593810444874,0.760154738878143,0,0,0.102514506769826,0,0.00773694390715667,0
MD992346,margo,6.295,42.044,4.151,0.168612930788949,0.662774138422102,0,0,0.159498718313871,0,0.00911421247507833,0
MD992346,margo,6.385,42.044,4.151,0.167958656330749,0.710594315245478,0,0,0.10077519379845,0,0.020671834625323,0
MD992346,margo,6.525,42.044,4.151,0.148063781321185,0.703872437357631,0,0,0.123006833712984,0,0.0250569476082005,0
MD992346,margo,6.625,42.044,4.151,0.0423625254582485,0.859877800407332,0,0,0.0977596741344195,0,0,0
MD992346,margo,6.725,42.044,4.151,0.134860050890585,0.758269720101781,0,0,0.0966921119592875,0,0.0101781170483461,0
MD992346,margo,6.915,42.044,4.151,0.134343101745143,0.768192295027988,0,0,0.0974646032268686,0,0,0
MD992346,margo,7.115,42.044,4.151,0.0446511627906977,0.826976744186047,0,0,0.115348837209302,0,0.0130232558139535,0
MD992346,margo,7.285,42.044,4.151,0.0553191489361702,0.787234042553192,0,0,0.148936170212766,0,0.00851063829787234,0
MD992346,margo,7.485,42.044,4.151,0.0732600732600733,0.821245421245421,0,0,0.105494505494506,0,0,0
MD992346,margo,7.59,42.044,4.151,0.0849772382397572,0.869499241274659,0,0,0.039453717754173,0,0.00606980273141123,0
MD992346,margo,7.685,42.044,4.151,0.06494960806271,0.784994400895857,0,0,0.145576707726764,0,0.00447928331466965,0
MD992346,margo,7.79,42.044,4.151,0.111111111111111,0.695652173913044,0,0,0.185990338164251,0,0.0072463768115942,0
MD992346,margo,7.885,42.044,4.151,0.210526315789474,0.575982209043736,0,0,0.210526315789474,0,0.00296515937731653,0
MD992346,margo,8,42.044,4.151,0.272189349112426,0.575936883629191,0,0,0.145956607495069,0,0.00591715976331361,0
MD992346,margo,8.04,42.044,4.151,0.281376518218623,0.62753036437247,0,0,0.0910931174089069,0,0,0
MD992346,margo,8.07,42.044,4.151,0.295907660020986,0.607555089192025,0,0,0.0944386149003148,0,0.00209863588667366,0
MD992346,margo,8.08,42.044,4.151,0.357775987107172,0.580983078162772,0,0,0.0580177276390008,0,0.0032232070910556,0
MD992346,margo,8.085,42.044,4.151,0.335146898803047,0.579978237214363,0,0,0.0848748639825898,0,0,0
MD992346,margo,8.1,42.044,4.151,0.293447293447293,0.601139601139601,0,0,0.105413105413105,0,0,0
MD992346,margo,8.15,42.044,4.151,0.230248306997743,0.708803611738149,0,0,0.0609480812641084,0,0,0
MD992346,margo,8.2,42.044,4.151,0.167002012072435,0.720321931589537,0,0,0.0925553319919517,0,0.0201207243460765,0
MD992346,margo,8.255,42.044,4.151,0.263157894736842,0.40080971659919,0,0.00404858299595142,0.259109311740891,0,0.0728744939271255,0
NA87-22,margo,3.8,55.5,-14.5833,0.909,0.031,0,0,0.061,0,0,0
NA87-22,margo,3.9,55.5,-14.5833,0.941,0.028,0,0,0.032,0,0,0
NA87-22,margo,4,55.5,-14.5833,0.888,0.092,0,0,0.021,0,0,0
NA87-22,margo,4.1,55.5,-14.5833,0.918,0.041,0,0,0.041,0,0,0
NA87-22,margo,4.2,55.5,-14.5833,0.892,0.049,0,0,0.058,0,0,0
NA87-22,margo,4.3,55.5,-14.5833,0.916,0.071,0,0,0.013,0,0,0
NA87-22,margo,4.4,55.5,-14.5833,0.948,0.033,0,0,0.019,0,0,0
OD-041-04,margo,0.14,84.0292,11.2383,0.993,0,0,0,0.007,0,0,0
OD-041-04,margo,0.15,84.0292,11.2383,0.998,0.001,0,0,0.001,0,0,0
ODP 969,margo,0.605,33.839,24.884,0.467692307692308,0.2,0,0,0.0984615384615385,0,0.233846153846154,0
ODP 969,margo,0.625,33.839,24.884,0.443548387096774,0.157258064516129,0,0,0.0967741935483871,0,0.30241935483871,0
ODP 969,margo,0.645,33.839,24.884,0.409411764705882,0.134117647058824,0,0.00235294117647059,0.127058823529412,0,0.327058823529412,0
ODP 969,margo,0.665,33.839,24.884,0.408955223880597,0.170149253731343,0,0.00298507462686567,0.125373134328358,0,0.292537313432836,0
ODP 969,margo,0.685,33.839,24.884,0.354166666666667,0.12797619047619,0,0,0.160714285714286,0,0.357142857142857,0
ODP 973,margo,0.945,35.78,18.948,0.482758620689655,0.193103448275862,0,0.00689655172413793,0.213793103448276,0,0.103448275862069,0
ODP 973,margo,0.985,35.78,18.948,0.416438356164384,0.186301369863014,0,0.00821917808219178,0.131506849315068,0,0.257534246575343,0
ODP 975,margo,1.13,38.89,4.5,0.296610169491525,0.501694915254237,0,0,0.198305084745763,0,0.00338983050847458,0
ODP 975,margo,1.165,38.89,4.5,0.223325062034739,0.543424317617866,0,0,0.228287841191067,0,0.00496277915632754,0
ODP 975,margo,1.225,38.89,4.5,0.273972602739726,0.586301369863014,0,0,0.132876712328767,0,0.00684931506849315,0
ODP 975,margo,1.285,38.89,4.5,0.22271714922049,0.55902004454343,0,0,0.124721603563474,0,0.0935412026726058,0
ODP 975,margo,1.325,38.89,4.5,0.31021897810219,0.507299270072993,0,0,0.124087591240876,0,0.0583941605839416,0
ODP 977,margo,3.56,36.19,-1.573,0.888095238095238,0.0833333333333333,0,0.00238095238095238,0.0166666666666667,0,0.00952380952380953,0
ODP 977,margo,3.66,36.19,-1.573,0.912175648702595,0.0538922155688623,0,0,0.0239520958083832,0,0.00998003992015968,0
ODP 977,margo,3.76,36.19,-1.573,0.869179600886918,0.0931263858093126,0,0.00221729490022173,0.0288248337028825,0,0.00665188470066519,0
ODP 977,margo,3.96,36.19,-1.573,0.819253438113949,0.141453831041257,0,0.00196463654223969,0.0275049115913556,0,0.00982318271119843,0
ODP 977,margo,4.02,36.19,-1.573,0.731382978723404,0.218085106382979,0,0.00265957446808511,0.0398936170212766,0,0.00797872340425532,0
ODP Site 883D,margo,116,51.199,167.768,0.89535798586,0.089693155,0,0,0,,0,0
ODP Site 883D,margo,120,51.199,167.768,0.8801089918,0.1117166213,0,0,0,,0,0
ODP Site 883D,margo,123,51.199,167.768,0.8574660633,0.1312217195,0,0,0,,0,0
ODP Site 883D,margo,126,51.199,167.768,0.8668171558,0.1264108352,0,0,0,,0,0
ODP Site 883D,margo,130,51.199,167.768,0.8551912568,0.13114754094,0,0,0.00546448087,,0,0
ODP Site 883D,margo,133,51.199,167.768,0.8523809524,0.1285714286,0,0,0,,0,0
ODP Site 883D,margo,136,51.199,167.768,0.9032967033,0.08791208791,0,0,0,,0.0021978022,0
ODP Site 883D,margo,140,51.199,167.768,0.9258426966,0.05617977528,0,0,0,,0,0
ODP Site 883D,margo,143,51.199,167.768,0.9255411255,0.07272727273,0,0,0,,0,0
ODP Site 883D,margo,145,51.199,167.768,0.89592760184,0.08823529412,0,0,0,,0,0
ODP site 828,margo,12.38,-15.2889,166.2839,0.0387,0.0774,0,0.0128,0.3356,0,0.5221,0
ODP122-760A,margo,0.39,-16.922,115.5413333,0.0705521472392638,0.00613496932515337,0,0.0214723926380368,0.41717791411043,0,0.47239263803681,0
ODP122-762B,margo,0.8,-19.88733333,112.254,0.0627306273062731,0.025830258302583,0,0.022140221402214,0.424354243542435,0,0.428044280442804,0.011070110701107
ODP506B,margo,97,0.61,-86.092,0,0.17619047618,0,0.00238095238,0.59285714287,,0.05,0
ODP506B,margo,100,0.61,-86.092,0.00634249471,0.1226215645,0,0.01268498943,0.63213530659,,0.03805496828,0
ODP506B,margo,102,0.61,-86.092,0.00280898876,0.1207865169,0,0.01123595506,0.64044943819,,0.02247191011,0
ODP506B,margo,110,0.61,-86.092,0.00626959248,0.08150470219,0,0.00940438871,0.71786833855,,0.00940438872,0
ODP506B,margo,114,0.61,-86.092,0,0.1005586592,0,0.00558659218,0.66201117314,,0.04748603353,0
ODP506B,margo,118,0.61,-86.092,0.00290697674,0.1308139535,0,0.00581395348,0.63662790696,,0.0523255814,0
ODP677B,margo,104,1.202,-83.737,0.00289017341,0.07514450867,0,0.00578034682,0.65606936417,,0.01445086705,0
ODP677B,margo,107,1.202,-83.737,0,0.05647840532,0,0,0.67441860466,,0.03322259136,0
ODP677B,margo,110,1.202,-83.737,0,0.06528189911,0,0,0.71810089017,,0.03264094955,0
ODP677B,margo,113,1.202,-83.737,0.00539083558,0.06738544474,0,0.00539083558,0.61994609166,,0.02964959569,0
ODP677B,margo,116,1.202,-83.737,0.00325732899,0.04885993485,0,0.00325732899,0.70358306188,,0.04234527687,0
ODP677B,margo,119,1.202,-83.737,0.00317460317,0.06031746032,0,0,0.62222222227,,0.03174603174,0
ODP846B,margo,78,-3.05,-90.49,0.00333333333,0.1233333333,0,0,0.74666666667,,0.05,0
ODP846B,margo,81,-3.05,-90.49,0,0.2653061224,0,0,0.62099125368,,0.01457725948,0
ODP846B,margo,85,-3.05,-90.49,0.00666666667,0.1933333333,0,0.00666666666,0.6566666667,,0.01666666667,0
ODP846B,margo,88,-3.05,-90.49,0,0.2141176471,0,0,0.60235294123,,0.01647058823,0
ODP846B,margo,89,-3.05,-90.49,0.01607717042,0.1382636656,0,0,0.69774919607,,0.038585209,0
ODP846B,margo,93,-3.05,-90.49,0.00330033003,0.19141914186,0,0,0.69966996693,,0.02310231023,0
ODP846B,margo,97,-3.05,-90.49,0.00664451827,0.10631229234,0,0,0.75083056475,,0.02657807309,0
ODP846B,margo,100,-3.05,-90.49,0,0.1503067485,0,0,0.62576687121,,0.03067484663,0
ODP846B,margo,104,-3.05,-90.49,0.00664451827,0.13289036547,0,0,0.74086378736,,0.05980066445,0
ODP846B,margo,108,-3.05,-90.49,0,0.06153846154,0,0,0.78461538462,,0.05,0
P69,margo,3.9,-40.39666667,177.9966667,0.178683385579937,0.213166144200627,0,0,0.282131661442006,0,0.0219435736677116,0
PC17,margo,370,21.358,-158.19,0.0164,0.0256,0,0.1828,0.0932,,0.2596,0.0018
PC17,margo,374,21.36,-158.19,0.027,0.0246,0,0.145,0.091,,0.2555,0.0098
PC17,margo,378,21.36,-158.19,0.0144,0.0192,0,0.137,0.1322,,0.3173,0.0024
PS1230-1,margo,0.24,78.8553,-4.7812,1,0,0,0,0,0,0,0
PS1230-1,margo,0.26,78.8553,-4.7812,1,0,0,0,0,0,0,0
PS1533-3,margo,0.73,82.0317,15.1908,0.984,0.015,0,0,0.001,0,0,0
PS1533-3,margo,0.79,82.0317,15.1908,0.985,0.015,0,0,0,0,0,0
PS1730-2,margo,0.9,70.1165,-17.6943,1,0,0,0,0,0,0,0
PS1919-2,margo,0.23,74.9967,-11.8267,1,0,0,0,0,0,0,0
PS1919-2,margo,0.36,74.9967,-11.8267,1,0,0,0,0,0,0,0
PS1922-1,margo,1.32,75.0003,-8.771,,0,0,0,0,0,0,0
PS1922-1,margo,1.56,75.0003,-8.771,,0,0,0,0,0,0,0
PS1927-2,margo,0.72,71.4967,-17.1483,1,0,0,0,0,0,0,0
PS1927-2,margo,0.8,71.4967,-17.1483,1,0,0,0,0,0,0,0
PS1927-2,margo,0.9,71.4967,-17.1483,1,0,0,0,0,0,0,0
PS1951-1,margo,0.83,68.8417,-20.825,1,0,0,0,0,0,0,0
PS1951-1,margo,0.94,68.8417,-20.825,1,0,0,0,0,0,0,0
PS1951-1,margo,1,68.8417,-20.825,1,0,0,0,0,0,0,0
PS2129-1,margo,0.3,81.3667,17.4717,0.997,0,0,0,0.003,0,0,0
PS2129-1,margo,0.4,81.3667,17.4717,0.992,0.002,0,0,0.006,0,0,0
PS2138-1,margo,1.72,81.535,30.5933,1,0,0,0,0,0,0,0
PS2138-1,margo,1.92,81.535,30.5933,0.998,0.002,0,0,0,0,0,0
PS2138-1,margo,2.13,81.535,30.5933,0.994,0.006,0,0,0,0,0,0
PS2138-1,margo,2.23,81.535,30.5933,1,0,0,0,0,0,0,0
PS2446-4,margo,3.1,82.3967,40.9083,1,0,0,0,0,0,0,0
PS2446-4,margo,3.3,82.3967,40.9083,1,0,0,0,0,0,0,0
PS2446-4,margo,3.5,82.3967,40.9083,1,0,0,0,0,0,0,0
PS2613-6,margo,0.35,74.1767,-0.48,0.999,0,0,0,0.001,0,0,0
PS2613-6,margo,0.4,74.1767,-0.48,1,0,0,0,0,0,0,0
PS2644-5,margo,1.13,67.8667,-21.765,0.998,0,0,0,0.001,0,0,0
PS2644-5,margo,1.17,67.8667,-21.765,0.999,0.002,0,0,0,0,0,0
PS2837-5,margo,3.89,81.2333,2.3817,0.996,0,0,0,0.004,0,0,0
PS2837-5,margo,3.95,81.2333,2.3817,0.997,0,0,0,0.003,0,0,0
PS2837-5,margo,3.97,81.2333,2.3817,1,0,0,0,0,0,0,0
PS2876-1,margo,0.17,81.759,-9.4355,0.999,0,0,0,0.001,0,0,0
PS2876-1,margo,0.27,81.759,-9.4355,0.993,0,0,0,0.006,0,0,0
PS2876-1,margo,0.61,81.759,-9.4355,1,0,0,0,0,0,0,0
PS2876-1,margo,0.83,81.759,-9.4355,0.999,0,0,0,0.001,0,0,0
PS2887-1,margo,0.5,79.6,-4.6077,0.999,0,0,0,0.001,0,0,0
PS2887-1,margo,0.52,79.6,-4.6077,1,0,0,0,0,0,0,0
PS2887-1,margo,0.56,79.6,-4.6077,1,0,0,0,0,0,0,0
Q200,margo,0.59,-45.995,172.025,0.906474820143885,0.0827338129496403,0,0,0.00719424460431655,0,0,0
Q585,margo,0.73,-49.70333333,182.075,0.944767441860465,0.0436046511627907,0,0,0.00872093023255814,0,0,0
R657 (S),margo,0.5,-42.53333333,181.5083333,0.10989010989011,0.243956043956044,0,0,0.347252747252747,0,0.0043956043956044,0
R657 (W),margo,0.5,-42.53333333,181.5083333,0.180379746835443,0.253164556962025,0,0,0.310126582278481,0,0.00316455696202532,0
RC08-039,margo,0.7,-42.88333333,42.35,0.746666666666667,0.0966666666666667,0,0,0.0333333333333333,0,0,0
RC08-078,margo,0.5,-44.78333333,184.2333333,0.124555160142349,0.334519572953737,0,0,0.377224199288256,0,0.0427046263345196,0
RC09-148,margo,0.19,-29.68,113.7,0.0218579234972678,0.0382513661202186,0,0.00273224043715847,0.57103825136612,0,0.316939890710383,0
RC09-150 (P),margo,0.8,-31.28333333,114.5516667,0.0996677740863787,0.0930232558139535,0,0.0365448504983389,0.601328903654485,0,0.152823920265781,0
RC09-150 (W),margo,0.9,-31.28333333,114.5516667,0.0394736842105263,0.0953947368421053,0,0,0.717105263157895,0,0.0756578947368421,0
RC09-161,margo,1.6,19.56833333,59.595,0.02,0.296666666666667,0,0.0266666666666667,0.35,0.00333333333333333,0.283333333333333,0
RC09-162,margo,0.5,19.07666667,60.42166667,0.033112582781457,0.218543046357616,0,0.0298013245033113,0.403973509933775,0,0.314569536423841,0
RC10-11,margo,20,-11.183,-162.917,0,0.0102774922918808,0,0.065775950668037,0.350462487153135,,0.163412127440904,0
RC10-131,margo,0.3,-14.53,157.97,0.0069204152249135,0.0588235294117647,0,0.0449826989619377,0.328719723183391,0,0.525951557093426,0
RC10-16,margo,9,33.083,158,0.0313253012048193,0.120481927710843,0,0,0.624096385542169,,0.0337349397590361,0
RC10-62,margo,51,3.333,-101.717,0.0260869565217391,0.0434782608695652,0,0.0130434782608696,0.578260869565217,,0.0565217391304348,0
RC10-97,margo,44,0.917,-134.317,0.0150943396226415,0.0289308176100629,0,0,0.491823899371069,,0.0264150943396226,0.0213836477987421
RC11-120,margo,0.74,-43.51666667,79.86666667,0.62,0.27,0,0,0.0266666666666667,0,0.00333333333333333,0
RC11-121,margo,0.4,-39.71666667,82.25,0.142857142857143,0.411960132890365,0,0,0.146179401993356,0,0.129568106312292,0
RC11-126,margo,0.2,-30.06666667,94.41666667,0.207357859531773,0.287625418060201,0,0.0267558528428094,0.214046822742475,0,0.22742474916388,0
RC11-134,margo,0.1,-33.06666667,110.55,0.0860927152317881,0.291390728476821,0,0.00993377483443709,0.350993377483444,0.0033112582781457,0.188741721854305,0
RC11-145,margo,0.29,-25.48333333,110.0166667,0.0206489675516224,0.0176991150442478,0,0.00294985250737463,0.690265486725664,0,0.247787610619469,0
RC11-147,margo,0.6,-19.05833333,112.75,0.0564784053156146,0.0465116279069768,0,0.116279069767442,0.395348837209302,0,0.352159468438538,0
RC11-21,margo,15,-6.133,-140.85,0.0128571428571429,0.0857142857142857,0,0.0642857142857143,0.387142857142857,,0.141428571428571,0.0728571428571429
RC11-21,margo,40,1.817,-140.05,0.137809187279152,0.0353356890459364,0,0.0141342756183746,0.371024734982332,,0.03886925795053,0.0141342756183746
RC11-22,margo,30,-14.817,-139.967,0.009,0.017,0,0.094,0.29,,0.111,0.004
RC11-23,margo,45,-8.8,-110.8,0.0307692307692308,0.0727272727272727,0,0.00559440559440559,0.413986013986014,,0.11048951048951,0.0307692307692308
RC11-86,margo,0.4,-35.78,18.45,0.646,0.132,0,0,0.174,0,0.045,0
RC11-86,margo,0.5,-35.78,18.45,0.6,0.125,0,0.007,0.23,0.003,0.034,0
RC12-10,margo,40,-26,169.2,0.0651649235720032,0.085277554304103,0,0.0080450522928399,0.267900241351569,,0.311343523732904,0
RC12-109,margo,0.4,-25.88333333,157.8666667,0.0353982300884956,0.0752212389380531,0,0.0176991150442478,0.331858407079646,0,0.519911504424779,0
RC12-113 (A),margo,0.5,-24.88,163.52,0.0690690690690691,0.0570570570570571,0,0.0480480480480481,0.207207207207207,0,0.603603603603604,0
RC12-113 (M),margo,0.4,-24.88,163.52,0.0523,0.0817,0,0.0361,0.2548,0,0.5393,0
RC12-267,margo,0.73,-38.68,-25.78,0.576,0.042,0,0,0.379,0,0.004,0
RC12-294,margo,0.4,-37.27,-10.1,0.383,0.452,0,0,0.15,0,0.016,0
RC12-294,margo,0.45,-37.27,-10.1,0.312,0.498,0,0,0.183,0,0.006,0
RC12-294,margo,0.46,-37.27,-10.1,0.451,0.403,0,0,0.14,0,0.006,0
RC12-294,margo,0.48,-37.27,-10.1,0.495,0.359,0,0,0.143,0.001,0.002,0
RC12-294,margo,0.5,-37.27,-10.1,0.372,0.428,0,0,0.166,0,0.035,0
RC12-294,margo,0.53,-37.27,-10.1,0.433,0.386,0.001,0,0.169,0,0.009,0
RC12-294,margo,0.55,-37.27,-10.1,0.262,0.521,0,0,0.211,0,0.006,0
RC12-328,margo,0.3,-3.95,60.6,0.07,0.07,0,0.03,0.327,0,0.495,0.006
RC12-339,margo,0.7,9.133333333,90.03333333,0.023489932885906,0.114093959731544,0,0.0302013422818792,0.587248322147651,0,0.238255033557047,0
RC12-340,margo,0.7,12.7,90.017,0.027,0.022,0,0.098,0.441,0,0.401,0.01
RC12-341,margo,0.6,13.05,89.583,0.043,0.032,0,0.145,0.44,0,0.323,0.017
RC12-343,margo,0.6,15.167,90.567,0.009,0.033,0,0.085,0.516,0,0.351,0.006
RC12-344,margo,2.9,12.767,96.067,0.021,0.063,0,0.078,0.193,0,0.622,0.021
RC12-36,margo,20,15.1,124.133,0.0061633281972265,0.0585516178736518,0,0.049306625577812,0.098613251155624,,0.343605546995378,0
RC13-038,margo,0.4,-14.51666667,177.1,0.0152963671128107,0.0363288718929254,0,0.0382409177820268,0.323135755258126,0,0.583173996175908,0
RC13-11,margo,50,-1.65,-103.633,0.0187713310580205,0.052901023890785,0,0.00170648464163823,0.327645051194539,,0.0204778156996587,0.00341296928327645
RC13-153,margo,0.59,15.065,-75.95,0.04,0.059,0,0.016,0.236,0.003,0.643,0
RC13-153,margo,0.6,15.065,-75.95,0.06,0.019,0,0.038,0.24,0,0.64,0
RC13-17,margo,30,19.083,-170.067,0.0343511450381679,0.0343511450381679,0,0.152671755725191,0.049618320610687,,0.16793893129771,0.00381679389312977
RC13-228,margo,1.1,-22.33,11.198,0.711,0.226,0,0,0.039,0,0.022,0
RC13-228,margo,1.15,-22.33,11.198,0.485,0.239,0,0.003,0.223,0,0.049,0
RC13-228,margo,1.2,-22.33,11.198,0.606,0.231,0,0,0.128,0,0.036,0
RC13-228,margo,1.25,-22.33,11.198,0.604,0.274,0,0,0.097,0,0.025,0
RC13-228,margo,1.3,-22.33,11.198,0.757,0.148,0,0,0.076,0,0.019,0
RC13-228,margo,1.35,-22.33,11.198,0.822,0.129,0,0,0.036,0,0.012,0
RC13-229,margo,0.52,-25.49,11.307,0.733,0.03,0,0,0.211,0,0.026,0
RC13-229,margo,0.55,-25.49,11.307,0.703,0.109,0,0,0.154,0,0.03,0
RC13-229,margo,0.58,-25.49,11.307,0.814,0.076,0,0,0.094,0,0.017,0
RC13-229,margo,0.6,-25.49,11.307,0.773,0.114,0,0,0.11,0,0.004,0
RC13-81,margo,10,-19.017,-124.233,0.0110294117647059,0.0206801470588235,0,0.0243566176470588,0.293658088235294,,0.185202205882353,0.0174632352941176
RC13110,margo,54,0.1,-95.65,0.0598802395209581,0.0988023952095808,0,0,0.715568862275449,,0.0119760479041916,0
RC13115,margo,61,-1.633,-104.833,0.0215633423180593,0.0700808625336927,0,0,0.579514824797844,,0.0350404312668464,0.00539083557951483
RC14-007,margo,0.25,-35.51666667,44.75,0.0695364238410596,0.165562913907285,0,0,0.407284768211921,0,0.145695364238411,0
RC14-009,margo,0.7,-39.01666667,47.88333333,0.079734219269103,0.3421926910299,0,0.00332225913621262,0.146179401993356,0,0.0232558139534884,0
RC14-029,margo,0.2,-10.92333333,88.315,0.0264900662251656,0.0298013245033113,0,0.0662251655629139,0.413907284768212,0,0.430463576158941,0.00993377483443709
RC14-035,margo,0.4,-0.833333333,89.95,0.04,0.07,0,0.02,0.42,0,0.4,0.0466666666666667
RC14-037,margo,0.4,1.466666667,90.16666667,0.0232558139534884,0.0664451827242525,0,0.0465116279069768,0.418604651162791,0.00332225913621262,0.40531561461794,0.0332225913621263
RC14-039,margo,0.7,-5.857,90.52,0.033,0.121,0,0.021,0.468,0,0.327,0.03
RC17-069,margo,0.6,-31.5,32.6,0.0397350993377483,0.109271523178808,0,0.0198675496688742,0.533112582781457,0,0.258278145695364,0
RC17-073,margo,0.3,-32.11666667,36.01666667,0.0730897009966777,0.149501661129568,0,0.0365448504983389,0.431893687707641,0,0.269102990033223,0
RC17-098,margo,0.53,-13.21666667,65.61666667,0.0966666666666667,0.0333333333333333,0,0.0333333333333333,0.38,0,0.443333333333333,0.00333333333333333
RC17-108,margo,0.4,-10.508,57.72,0.0263157894736842,0.167763157894737,0,0.154605263157895,0.263157894736842,0,0.351973684210526,0
RC17-113,margo,0.3,15.033,66.097,0.0431893687707641,0.0564784053156146,0,0.00996677740863787,0.514950166112957,0,0.368770764119601,0
RC24-16,margo,0.66,-5.038,-10.19,0.133,0.141,0,0.003,0.413,0,0.306,0
RC24-16,margo,0.69,-5.038,-10.19,0.112,0.117,0,0.006,0.418,0,0.337,0
RC24-16,margo,0.72,-5.038,-10.19,0.139,0.112,0,0,0.474,0,0.264,0
RC24-16,margo,0.75,-5.038,-10.19,0.148,0.08,0,0,0.414,0,0.359,0
RC24-16,margo,0.78,-5.038,-10.19,0.117,0.052,0,0,0.485,0,0.341,0
RC8-94,margo,16,-27.283,-102.083,0.037948717948718,0.0353846153846154,0,0.0743589743589744,0.166666666666667,,0.25025641025641,0.00153846153846154
RC9-124,margo,40,-28.75,172.6,0.0857400722021661,0.125451263537906,0,0.00992779783393502,0.226534296028881,,0.3014440433213,0
RC9-126,margo,30,-33.233,168.733,0.0311526479750779,0.197040498442368,0,0.00311526479750779,0.320872274143302,,0.145638629283489,0
RC9-178,margo,0.5,33.733,27.917,0.436123348017621,0.127753303964758,0,0,0.0881057268722467,0,0.348017621145375,0
RC9-178,margo,0.61,33.733,27.917,0.467048710601719,0.212034383954155,0,0,0.0630372492836676,0,0.257879656160458,0
RC9-178,margo,0.665,33.733,27.917,0.416403785488959,0.271293375394322,0,0,0.0946372239747634,0,0.217665615141956,0
RC9191,margo,1.28,38.2,18.033,0.459677419354839,0.244623655913979,0,0.00537634408602151,0.0994623655913978,0,0,0
RC9191,margo,1.36,38.2,18.033,0.426356589147287,0.294573643410853,0,0,0.111111111111111,0,0,0
RC9191,margo,1.46,38.2,18.033,0.562222222222222,0.182222222222222,0,0.00222222222222222,0.0888888888888889,0,0.00222222222222222,0
RC9191,margo,1.56,38.2,18.033,0.473581213307241,0.203522504892368,0,0.00195694716242661,0.0978473581213307,0,0.00195694716242661,0
RC9191,margo,1.65,38.2,18.033,0.39917695473251,0.234567901234568,0,0,0.164609053497942,0,0.00205761316872428,0
RR9702A-63TC,margo,16,-18.085,-79.04,0.0938775510204082,0.2,0,0.00204081632653061,0.555102040816327,,0.0224489795918367,0
RR9702A-69TC,margo,70,-16.007,-76.378,0.228915662650602,0.385542168674699,0,0,0.306024096385542,,0.0265060240963855,0
RR9702A-69TC,margo,80,-16.007,-76.378,0.151685393258427,0.120786516853933,0,0,0.404494382022472,,0.0224719101123596,0
RS067-GC10,margo,0.505,-38.86166667,140.1,0.192429022082019,0.501577287066246,0,0,0.141955835962145,0,0.00315457413249211,0
RS096-GC21,margo,0.29,-23.77216667,108.5006667,0.048,0.04,0,0.028,0.508,0,0.34,0
RS147-GC07,margo,0.985,-45.15,146.28,0.211783439490446,0.329617834394904,0,0,0.135350318471338,0.165605095541401,0.0222929936305732,0
RS147-GC14,margo,0.25,-46.45,145.24,0.336507936507936,0.374603174603175,0,0,0.142857142857143,0,0.0158730158730159,0
RS147-GC31,margo,0.69,-44.53,149.05,0.146031746031746,0.517460317460317,0,0,0.158730158730159,0,0,0
S794,margo,1.39,-35.31,177.9966667,0.145363408521303,0.18546365914787,0,0.0025062656641604,0.305764411027569,0,0.0451127819548872,0
SHI9006,margo,5.99,-4.33223,117.59584,0.0285714285714286,0.116483516483516,0,0.0307692307692308,0.474725274725275,0,0.34945054945055,0
SHI9016,margo,0.52,-8.455833333,128.238,0.0379746835443038,0.0506329113924051,0,0.0611814345991561,0.417721518987342,0,0.377637130801688,0.0274261603375527
SHI9022,margo,5.79,-11.35444,122.03799,0.0227272727272727,0.0397727272727273,0,0.0596590909090909,0.4375,0,0.357954545454546,0
SHI9034,margo,8.3,-9.09764,111.00721,0.030952380952381,0.145238095238095,0,0.0285714285714286,0.445238095238095,0,0.107142857142857,0
SO36-07,margo,0.73,-42.25,144.75,0.238961038961039,0.332467532467533,0,0,0.163636363636364,0,0.0493506493506494,0
SO36-21,margo,0.2,-43.8,145.5,0.128526645768025,0.45141065830721,0,0,0.235109717868339,0,0.0156739811912226,0
SO36-39,margo,0.3,-45.87,145.99,0.219512195121951,0.362804878048781,0,0,0.167682926829268,0,0,0
SO36-47,margo,0.5,-46.87,145.98,0.22189349112426,0.384615384615385,0,0,0.177514792899408,0,0,0
SO82_5-2,margo,1,59.1862,-30.9048,0.983,0.014,0,0,0.003,0,0,0
SO82_5-2,margo,1.05,59.1862,-30.9048,0.989,0.009,0,0,0.002,0,0,0
SO82_5-2,margo,1.1,59.1862,-30.9048,0.992,0.006,0,0,0.002,0,0,0
SO82_5-2,margo,1.15,59.1862,-30.9048,0.991,0.007,0,0,0.002,0,0,0
SO82_5-2,margo,1.2,59.1862,-30.9048,0.975,0.017,0,0,0.004,0.003,0.001,0
SO82_5-2,margo,1.21,59.1862,-30.9048,0.979,0.017,0,0,0.002,0,0.002,0
SO82_5-2,margo,1.22,59.1862,-30.9048,0.983,0.016,0,0,0,0,0.001,0
SO82_5-2,margo,1.23,59.1862,-30.9048,0.967,0.03,0,0,0.001,0,0.002,0
SO82_5-2,margo,1.24,59.1862,-30.9048,0.962,0.036,0,0,0.001,0,0.001,0
SO82_5-2,margo,1.25,59.1862,-30.9048,0.963,0.033,0,0,0.003,0,0.001,0
SO82_5-2,margo,1.26,59.1862,-30.9048,0.97,0.025,0,0,0.004,0,0.001,0
SO82_5-2,margo,1.27,59.1862,-30.9048,0.955,0.039,0,0,0.004,0,0.002,0
SO82_5-2,margo,1.28,59.1862,-30.9048,0.963,0.029,0,0,0.008,0,0,0
SO82_5-2,margo,1.29,59.1862,-30.9048,0.681,0.257,0,0,0.053,0,0.009,0
SO82_5-2,margo,1.3,59.1862,-30.9048,0.453,0.463,0.002,0,0.062,0,0.022,0
SO82_5-2,margo,1.31,59.1862,-30.9048,0.526,0.392,0,0,0.067,0,0.014,0
SO82_5-2,margo,1.32,59.1862,-30.9048,0.912,0.083,0,0,0.005,0,0,0
SO82_5-2,margo,1.33,59.1862,-30.9048,0.951,0.044,0,0,0.005,0,0,0
SO82_5-2,margo,1.34,59.1862,-30.9048,0.959,0.035,0,0,0.003,0,0.003,0
SO82_5-2,margo,1.35,59.1862,-30.9048,0.976,0.021,0,0,0.003,0,0,0
SU81-18,margo,3.8,37.767,-10.183,0.481,0.181,0,0,0.3,0,0.038,0
SU81-18,margo,3.9,37.767,-10.183,0.447,0.271,0,0,0.204,0,0.079,0
SU81-18,margo,4,37.767,-10.183,0.289,0.426,0,0,0.206,0,0.076,0
SU81-18,margo,4.1,37.767,-10.183,0.451,0.157,0,0,0.273,0,0.119,0
SU81-18,margo,4.2,37.767,-10.183,0.323,0.249,0,0.003,0.327,0,0.097,0
SU81-18,margo,4.3,37.767,-10.183,0.429,0.237,0,0,0.253,0,0.08,0
SU81-18,margo,4.4,37.767,-10.183,0.359,0.279,0,0,0.275,0,0.088,0
SU81-18,margo,4.5,37.767,-10.183,0.43,0.309,0,0.003,0.198,0,0.059,0
SU81-18,margo,4.7,37.767,-10.183,0.57,0.192,0,0.007,0.155,0,0.074,0
SU81-18,margo,4.8,37.767,-10.183,0.568,0.236,0,0.006,0.142,0,0.046,0
SU81-18,margo,4.9,37.767,-10.183,0.503,0.302,0,0,0.142,0,0.052,0
SU81-18,margo,5,37.767,-10.183,0.411,0.322,0,0,0.212,0,0.055,0
SU81-18,margo,5.1,37.767,-10.183,0.341,0.571,0,0,0.077,0,0.01,0
SU81-18,margo,5.2,37.767,-10.183,0.14,0.807,0,0,0.053,0,0,0
SU81-18,margo,5.3,37.767,-10.183,0.325,0.378,0,0,0.269,0,0.028,0
SU8107,margo,2.5,35.57,-3.48,0.587301587301587,0.360544217687075,0,0,0.0476190476190476,0,0.00453514739229025,0
SU8107,margo,2.6,35.57,-3.48,0.691022964509395,0.231732776617954,0,0.00208768267223382,0.0688935281837161,0,0.00208768267223382,0
SU8107,margo,2.7,35.57,-3.48,0.717062634989201,0.207343412526998,0,0,0.0626349892008639,0,0.00431965442764579,0
SU8107,margo,2.8,35.57,-3.48,0.694545454545455,0.236363636363636,0,0,0.0509090909090909,0,0.0145454545454545,0
SU8107,margo,2.9,35.57,-3.48,0.684754521963824,0.248062015503876,0,0,0.0490956072351421,0,0.00516795865633075,0
SU8107,margo,3,35.57,-3.48,0.752293577981651,0.214067278287462,0,0,0.0305810397553517,0,0.00305810397553517,0
SU8107,margo,3.1,35.57,-3.48,0.623076923076923,0.31025641025641,0,0,0.0641025641025641,0,0,0
SU90-03,margo,0.97,40.505,-32.0533,0.389,0.284,0,0,0.287,0,0.028,0
SU90-03,margo,0.98,40.505,-32.0533,0.356,0.294,0,0,0.305,0,0.044,0
SU90-03,margo,1,40.505,-32.0533,0.399,0.243,0,0,0.306,0,0.041,0
SU90-03,margo,1.02,40.505,-32.0533,0.393,0.227,0,0,0.33,0,0.037,0
SU90-03,margo,1.04,40.505,-32.0533,0.419,0.263,0,0.003,0.247,0,0.055,0
SU90-03,margo,1.06,40.505,-32.0533,0.372,0.284,0,0,0.282,0,0.063,0
SU90-03,margo,1.07,40.505,-32.0533,0.37,0.279,0,0,0.297,0,0.044,0
SU90-03,margo,1.08,40.505,-32.0533,0.357,0.295,0,0,0.296,0,0.048,0
SU90-03,margo,1.1,40.505,-32.0533,0.368,0.311,0,0,0.256,0,0.055,0
SU90-03,margo,1.12,40.505,-32.0533,0.378,0.28,0,0,0.276,0,0.062,0
SU90-39,margo,0.81,52.5667,-21.94,0.961,0.033,0,0,0.007,0,0,0
SU90-39,margo,0.9,52.5667,-21.94,0.914,0.047,0,0,0.036,0,0,0
SU90-39,margo,0.99,52.5667,-21.94,0.935,0.056,0,0,0.006,0,0,0
SU90-I06,margo,0.21,59.5217,-39.445,0.997,0,0,0,0.002,0,0,0
SU90-I06,margo,0.23,59.5217,-39.445,0.991,0.005,0,0,0.004,0,0,0
SU92-21,margo,0.8,36.5117,-23.7367,0.281,0.049,0,0,0.563,0,0.107,0
SU92-21,margo,0.85,36.5117,-23.7367,0.354,0.101,0,0.013,0.422,0,0.109,0
T87/2/20G,margo,0.405,34.97,23.75,0.396984924623116,0.165829145728643,0,0.0050251256281407,0.0954773869346734,0,0.266331658291457,0
T87/2/20G,margo,0.455,34.97,23.75,0.343478260869565,0.169565217391304,0,0,0.147826086956522,0,0.308695652173913,0
T87/2/20G,margo,0.505,34.97,23.75,0.402777777777778,0.125,0,0,0.0972222222222222,0,0.347222222222222,0
TR163-11,margo,36,6.45,-85.822,0.0099009901,0.1122112211,0,0,0.4422442244,,0.02640264027,0
TR163-33,margo,76,-1.913,-82.568,0.00847457627,0.1807909605,0,0.00282485876,0.66101694915,,0.02259887006,0
TR163-33,margo,78,-1.913,-82.568,0,0.21,0,0,0.63000000003,,0.01333333333,0
TR163-33,margo,82,-1.913,-82.568,0.01333333333,0.2066666667,0,0.00333333333,0.63999999994,,0.02666666666,0
TR163-33,margo,84,-1.913,-82.568,0.00643086817,0.1318327974,0,0,0.72025723472,,0.02250803859,0
TR163-33,margo,86,-1.913,-82.568,0.00308641975,0.19444444445,0,0,0.64197530867,,0.04012345679,0
TR163-33,margo,88,-1.913,-82.568,0.00563380282,0.2394366197,0,0,0.62816901415,,0.01971830986,0
TR163-33,margo,90,-1.913,-82.568,0.00333333333,0.1666666667,0,0.00333333333,0.67000000003,,0.03666666667,0
TR163-33,margo,92,-1.913,-82.568,0,0.20440251569,0,0,0.66981132071,,0.0283018868,0
U938,margo,1.3,-45.075,179.4983333,0.55045871559633,0.137614678899083,0,0,0.305810397553517,0,0,0
V  28294,margo,4,28.433,139.967,0.0441839495040577,0.126239855725879,0,0.0153291253381425,0.219116321009919,,0.219116321009919,0
V  28304,margo,45,28.533,134.133,0.0174418604651163,0.148671096345515,0,0.00415282392026578,0.289867109634552,,0.199335548172758,0
V  32139,margo,1,31.567,151.1,0.0247524752475248,0.0767326732673267,0,0,0.638613861386139,,0.0495049504950495,0
V 18-31,margo,25,-2.85,-126.2,0.010752688172043,0.039426523297491,0,0.00716845878136201,0.415770609318996,,0.00716845878136201,0.010752688172043
V 18-31,margo,15,3.167,-118.467,0.00333333333333333,0.01,0,0,0.576666666666667,,0.0433333333333333,0.00666666666666667
V 19-29,margo,120,-3.583,-83.933,0.0568086883876358,0.319966583124478,0,0.00083542188805346,0.387635756056809,,0.00417710944026734,0
V 19-53,margo,45,-17.017,-113.517,0.0140845070422535,0.00528169014084507,0,0.00880281690140845,0.27112676056338,,0.11443661971831,0.11443661971831
V 19-55,margo,23,-17,-114.183,0.00326441784548422,0.0380848748639826,0,0.0315560391730141,0.408596300326442,,0.111534276387378,0.0462459194776931
V 19-64,margo,15,-16.933,-121.2,0.00652883569096844,0.0272034820457019,0,0.0380848748639826,0.388465723612622,,0.149075081610446,0.0217627856365615
V 19-65,margo,15,-16.65,-124.383,0.0104166666666667,0.013671875,0,0.0143229166666667,0.375651041666667,,0.140625,0.0325520833333333
V 19-96,margo,15,0.867,172,0.0129032258064516,0.106451612903226,0,0.0032258064516129,0.52258064516129,,0.164516129032258,0.00645161290322581
V 20-11,margo,20,47.95,168.783,0.88785046728972,0.0934579439252336,0,0,0,,0,0
V 21-14,margo,70,37.683,163.033,0.0395061728395062,0.0716049382716049,0,0,0.679012345679012,,0.00246913580246914,0
V 21-30,margo,250,-1.217,-89.683,0.00451321727917473,0.459703417150226,0,0.00451321727917473,0.31076724693746,,0.00838168923275306,0
V 21-33,margo,45,-3.8,-92.083,0.00166389351081531,0.123128119800333,0,0,0.615640599001664,,0.00665557404326123,0
V 28-20,margo,40,0.95,-179.417,0.0126953125,0.0927734375,0,0.0244140625,0.380859375,,0.1416015625,0.0224609375
V 28-20,margo,20,2.767,-173.933,0.00123456790123457,0.154320987654321,0,0.0777777777777778,0.366666666666667,,0.150617283950617,0.00987654320987654
V 28-23,margo,20,-5.5,166.75,0.00991189427312775,0.0781938325991189,0,0.026431718061674,0.343612334801762,,0.134361233480176,0.00110132158590308
V 28-23,margo,35,1.017,160.483,0.00900900900900901,0.117117117117117,0,0.03003003003003,0.363363363363363,,0.171171171171171,0.012012012012012
V 28-23,margo,30,3.25,159.183,0.0186335403726708,0.093167701863354,0,0.0124223602484472,0.428571428571429,,0.152173913043478,0.015527950310559
V 28-24,margo,20,11.067,138.533,0.00535395597858418,0.0618679357525283,0,0.0380725758477097,0.11481261154075,,0.170731707317073,0
V 32126,margo,25,35.317,177.9,0.0135746606334842,0.291101055806938,0,0,0.321266968325792,,0.0196078431372549,0
V10-49,margo,1.17,36.083,26.833,0.415750915750916,0.0659340659340659,0,0.00183150183150183,0.15018315018315,0,0.00366300366300366,0
V10-51,margo,1.31,35.917,27.3,0.377403846153846,0.0528846153846154,0,0,0.0721153846153846,0,0.00721153846153846,0
V10-51,margo,1.41,35.917,27.3,0.362359550561798,0.0842696629213483,0,0,0.126404494382022,0,0.00280898876404494,0
V10-51,margo,1.51,35.917,27.3,0.446236559139785,0.172043010752688,0,0.0017921146953405,0.0913978494623656,0,0.003584229390681,0
V14-077,margo,0.29,-29.64166667,32.85833333,0.0397350993377483,0.0298013245033113,0,0.0298013245033113,0.506622516556291,0,0.344370860927152,0
V14-081,margo,0.35,-28.425,43.78333333,0.0633333333333333,0.0933333333333333,0,0.0833333333333333,0.383333333333333,0.00333333333333333,0.326666666666667,0
V14-101,margo,0.7,8.65,58.56666667,0.0629139072847682,0.0927152317880795,0,0.0231788079470199,0.490066225165563,0,0.225165562913907,0
V14-102,margo,0.4,10.25,57.18333333,0.0933333333333333,0.1,0,0.02,0.496666666666667,0,0.153333333333333,0
V16-089,margo,0.4,-33.01666667,85.78333333,0.137123745819398,0.31438127090301,0,0.00334448160535117,0.307692307692308,0.00334448160535117,0.0668896321070234,0
V16-20,margo,0.36,17.933,-50.35,0.039,0.013,0,0.005,0.078,0,0.861,0
V16-20,margo,0.38,17.933,-50.35,0.033,0.05,0.002,0.013,0.127,0,0.775,0
V16-20,margo,0.4,17.933,-50.35,0.013,0.006,0,0.08,0.166,0,0.714,0
V16-20,margo,0.44,17.933,-50.35,0.039,0.03,0,0.018,0.143,0,0.762,0
V16-205,margo,0.19,15.4,-43.4,0.112,0.021,0,0.017,0.019,0,0.829,0
V17-165,margo,0.35,32.75,-41.9,0.182,0.148,0,0.015,0.334,0.007,0.312,0
V17-165,margo,0.45,32.75,-41.9,0.184,0.156,0,0.002,0.358,0.004,0.284,0
V17-165,margo,0.54,32.75,-41.9,0.124,0.147,0,0,0.335,0.002,0.363,0
V17-165,margo,0.58,32.75,-41.9,0.197,0.204,0,0,0.276,0.002,0.315,0
V18-191,margo,0.3,-32.433,46.567,0.122516556291391,0.149006622516556,0,0.0165562913907285,0.394039735099338,0.0033112582781457,0.175496688741722,0
V18-207,margo,0.4,-25.63333333,87.11666667,0.0894039735099338,0.0264900662251656,0,0.0596026490066225,0.218543046357616,0.0033112582781457,0.596026490066225,0
V18-357,margo,0.6,15.033,-80.23,0.054,0.011,0,0.062,0.203,0,0.672,0
V18-357,margo,0.61,15.033,-80.23,0.045,0.018,0,0.023,0.165,0,0.743,0
V18-357,margo,0.65,15.033,-80.23,0.045,0.019,0,0.018,0.195,0,0.712,0
V18-357,margo,0.7,15.033,-80.23,0.027,0.005,0,0.026,0.159,0,0.76,0
V18-357,margo,0.71,15.033,-80.23,0.042,0.014,0,0.014,0.177,0,0.727,0
V18-357,margo,0.79,15.033,-80.23,0.063,0.023,0,0.003,0.237,0.001,0.649,0
V18-357,margo,0.85,15.033,-80.23,0.029,0.015,0,0.045,0.321,0,0.569,0
V19-178,margo,0.8,8.116666667,73.25,0.0366666666666667,0.07,0,0.0733333333333333,0.433333333333333,0,0.356666666666667,0.03
V19-185,margo,0.3,6.7,59.33333333,0.0564784053156146,0.119601328903654,0,0.026578073089701,0.401993355481728,0,0.282392026578073,0.0132890365448505
V19-188,margo,0.6,6.866666667,60.66666667,0.0906040268456376,0.104026845637584,0,0.00671140939597316,0.422818791946309,0,0.271812080536913,0.0134228187919463
V19-201,margo,0.7,-5.333333333,40.43333333,0.0363036303630363,0.0594059405940594,0,0.0561056105610561,0.429042904290429,0.0066006600660066,0.34983498349835,0
V19-202,margo,0.4,-6.983333333,41.18333333,0.0465116279069768,0.0631229235880399,0,0.0199335548172757,0.401993355481728,0,0.421926910299003,0.00332225913621262
V19-204,margo,0.3,-10.23333333,43.81666667,0.0363036303630363,0.0693069306930693,0,0.0066006600660066,0.419141914191419,0,0.402640264026403,0
V19-29,margo,120,-3.583,-83.933,0.0293132328308208,0.272194304857621,0,0.00083752093802345,0.528475711892797,,0.0234505862646566,0
V20-170,margo,0.3,-21.8,69.23333333,0.076158940397351,0.0198675496688742,0,0.0728476821192053,0.211920529801325,0,0.609271523178808,0
V20-175,margo,0.3,-22.3,68,0.079734219269103,0.0431893687707641,0,0.0764119601328904,0.199335548172757,0.00332225913621262,0.598006644518272,0
V22-174,margo,0.55,-10.07,-12.82,0.212,0.014,0,0.097,0.216,0,0.451,0
V22-174,margo,0.57,-10.07,-12.82,0.142,0.042,0,0.078,0.248,0.003,0.471,0
V22-174,margo,0.6,-10.07,-12.82,0.31,0.158,0,0.085,0.536,0.002,0.896,0
V22-197,margo,1.11,14.167,-18.58,0.579,0.08,0,0.003,0.218,0,0.119,0
V22-197,margo,1.14,14.167,-18.58,0.544,0.122,0,0,0.241,0,0.084,0
V22-197,margo,1.19,14.167,-18.58,0.416,0.164,0,0.004,0.259,0,0.151,0
V22-197,margo,1.24,14.167,-18.58,0.452,0.098,0,0.004,0.298,0,0.14,0
V22-197,margo,1.31,14.167,-18.58,0.423,0.153,0,0,0.301,0,0.124,0
V23-100,margo,0.38,21.3,-22.68,0.553,0.1,0,0.005,0.141,0.005,0.197,0
V23-81,margo,2.65,54.25,-16.83,0.853,0.111,0,0,0.006,0,0,0
V23-81,margo,2.75,54.25,-16.83,0.905,0.051,0,0,0,0,0,0
V23-81,margo,2.85,54.25,-16.83,0.811,0.154,0,0,0,0,0,0
V23-81,margo,2.95,54.25,-16.83,0.911,0.075,0,0,0.006,0,0,0
V24-157,margo,0.3,-14.95,147.92,0.0119047619047619,0.0333333333333333,0,0.019047619047619,0.266666666666667,0,0.647619047619047,0
V24-161,margo,0.5,-18.2,151.45,0.037542662116041,0.0511945392491468,0,0.037542662116041,0.215017064846416,0,0.638225255972696,0.00341296928327645
V24-170,margo,0.4,-13.52,146.88,0.036764705882353,0.0294117647058824,0,0.0147058823529412,0.235294117647059,0,0.669117647058824,0
V24-184,margo,0.3,-12.87,146.2,0.0409356725146199,0.0087719298245614,0,0.0087719298245614,0.295321637426901,0,0.637426900584795,0
V25-56,margo,0.5,-3.55,-35.23,0.218,0.039,0,0,0.297,0,0.442,0
V25-56,margo,0.52,-3.55,-35.23,0.171,0.043,0,0.003,0.298,0,0.486,0
V25-56,margo,0.55,-3.55,-35.23,0.157,0.028,0,0.009,0.345,0,0.459,0
V25-56,margo,0.57,-3.55,-35.23,0.143,0.036,0,0.01,0.342,0,0.468,0
V25-56,margo,0.6,-3.55,-35.23,0.161,0.009,0,0.015,0.325,0,0.484,0
V25-56,margo,0.62,-3.55,-35.23,0.183,0.043,0,0.01,0.316,0,0.449,0
V25-56,margo,0.65,-3.55,-35.23,0.312,0.017,0,0.006,0.527,0,0.125,0
V25-56,margo,0.7,-3.55,-35.23,0.411,0.011,0,0.032,0.737,0.002,0.789,0
V25-56,margo,0.76,-3.55,-35.23,0.33,0.021,0,0.005,0.51,0,0.092,0
V25-56,margo,0.8,-3.55,-35.23,0.405,0.025,0,0.134,0.868,0.01,0.535,0
V25-56,margo,0.85,-3.55,-35.23,0.34,0.017,0,0.008,0.479,0.002,0.098,0
V25-59,margo,0.5,1.367,-33.48,0.218,0.039,0,0,0.297,0,0.442,0
V25-59,margo,0.52,1.367,-33.48,0.171,0.043,0,0.003,0.298,0,0.486,0
V25-59,margo,0.55,1.367,-33.48,0.157,0.028,0,0.009,0.345,0,0.459,0
V25-59,margo,0.57,1.367,-33.48,0.143,0.036,0,0.01,0.342,0,0.468,0
V25-59,margo,0.6,1.367,-33.48,0.161,0.009,0,0.015,0.325,0,0.484,0
V25-59,margo,0.62,1.367,-33.48,0.183,0.043,0,0.01,0.316,0,0.449,0
V26-124,margo,0.64,16.133,-74.45,0.04,0.045,0,0.016,0.224,0.004,0.657,0
V26-124,margo,0.71,16.133,-74.45,0.037,0.049,0,0.015,0.208,0,0.681,0
V26-124,margo,0.74,16.133,-74.45,0.042,0.033,0,0.034,0.214,0.001,0.667,0
V27-60,margo,2,72.183,8.583,0.988,0.006,0,0,0.006,0,0,0
V27-86,margo,0.6,66.6,1.117,0.995,0.002,0,0,0.003,0,0,0
V27-86,margo,0.7,66.6,1.117,0.99,0.01,0,0,0,0,0,0
V28-127,margo,0.6,11.65,-80.13,0.089,0.006,0,0.028,0.134,0,0.745,0
V28-14,margo,1.6,64.783,-29.57,0.994,0.006,0,0,0,0,0,0
V28-14,margo,1.7,64.783,-29.57,0.996,0,0,0,0.003,0,0,0
V28-238,margo,0.39,1.016666667,160.4833333,0.0314285714285714,0.00571428571428571,0,0.0123809523809524,0.44952380952381,0,0.478095238095238,0.0180952380952381
V28-239,margo,0.52,3.25,159.1833333,0.0714285714285714,0.00166112956810631,0,0.00498338870431894,0.564784053156146,0.00166112956810631,0.338870431893688,0.0166112956810631
V28-310,margo,40,25.417,125.633,0.00339750849377123,0.0883352208380521,0,0.118912797281993,0.486976217440544,,0.114382785956965,0
V28-342 (P),margo,0.9,-14.1,120.5,0.027,0.086,0,0.077,0.405,0,0.405,0
V28-342 (W),margo,0.89,-14.1,120.5,0.0888888888888889,0,0,0.0296296296296296,0.377777777777778,0,0.481481481481482,0
V28-345,margo,0.9,-17.67,117.95,0.054,0.101,0,0.067,0.397,0,0.38,0
V28-56,margo,0.6,68.033,-6.117,1,0,0,0,0,0,0,0
V28-56,margo,0.7,68.033,-6.117,1,0,0,0,0,0,0,0
V28-56,margo,0.8,68.033,-6.117,1,0,0,0,0,0,0,0
V29-015,margo,0.7,11.95,88.733,0.008,0.084,0,0.064,0.436,0,0.338,0.07
V29-029,margo,0.8,5.116666667,77.58333333,0.0332225913621263,0.156146179401993,0,0.0299003322259136,0.598006644518272,0,0.176079734219269,0.00332225913621262
V29-030,margo,0.8,3.083333333,76.25,0.0397350993377484,0.0662251655629139,0,0.0165562913907285,0.632450331125828,0,0.198675496688742,0.00993377483443709
V29-045,margo,0.4,-6,69.817,0.0363036303630363,0.0726072607260726,0,0.033003300330033,0.452145214521452,0.0033003300330033,0.33993399339934,0.0033003300330033
V29-048,margo,0.2,-6.266666667,63.43333333,0.0533333333333333,0.04,0,0.0166666666666667,0.42,0,0.426666666666667,0.00333333333333333
V29-064,margo,0.3,-27.283,74.867,0.172185430463576,0.0695364238410596,0,0.0231788079470199,0.162251655629139,0,0.566225165562914,0
V29-179,margo,0.87,44.017,-24.53,0.623,0.21,0,0,0.147,0,0.018,0
V29-179,margo,1.01,44.017,-24.53,0.549,0.28,0,0,0.146,0,0.024,0
V30-40,margo,0.48,-0.2,-23.15,0.242,0.051,0,0.011,0.302,0.003,0.391,0
V30-40,margo,0.51,-0.2,-23.15,0.33,0.055,0,0,0.291,0,0.323,0
V30-40,margo,0.54,-0.2,-23.15,0.288,0.069,0,0.01,0.368,0.002,0.258,0
V30-40,margo,0.57,-0.2,-23.15,0.298,0.071,0,0.005,0.33,0,0.29,0
V30-40,margo,0.6,-0.2,-23.15,0.385,0.092,0,0.005,0.325,0,0.192,0
V30-40,margo,0.63,-0.2,-23.15,0.331,0.066,0,0.003,0.362,0,0.232,0
V30-49,margo,0.64,18.433,-21.08,0.277,0.263,0,0.012,0.31,0,0.139,0
V30-49,margo,0.68,18.433,-21.08,0.206,0.194,0,0.03,0.414,0,0.156,0
V30-49,margo,0.72,18.433,-21.08,0.179,0.238,0,0.015,0.414,0,0.151,0
V30-49,margo,0.76,18.433,-21.08,0.16,0.255,0,0.008,0.458,0,0.117,0
V32-128,margo,32,36.467,177.167,0.0734126984126984,0.189484126984127,0,0,0.257936507936508,,0.0119047619047619,0
V33-065,margo,0.4,-22.73333333,112.5833333,0.0335570469798658,0.0201342281879195,0,0.0335570469798658,0.62751677852349,0,0.26510067114094,0
V34-087,margo,1,13.273,57.348,0.016,0.25,0,0.03,0.302,0,0.401,0
V34-088,margo,1,16.54,59.755,0.024,0.231,0,0.07,0.316,0,0.356,0
V34-091,margo,0.7,20.937,64.033,0.019,0.171,0,0.016,0.266,0,0.526,0
V34-092,margo,0.85,21.148,65.118,0,0.039,0,0.008,0.104,0,0.848,0
V34-101,margo,0.4,17.488,67.423,0.012,0.054,0,0.026,0.294,0,0.613,0
V34-109,margo,0.8,19.733,66.083,0.011,0.058,0,0.031,0.256,0,0.644,0
V34-111,margo,0.6,17.617,63.883,0.022,0.053,0,0.025,0.276,0,0.626,0
VNTRO1-8,margo,41,0.033,-110.483,0.0882956878850103,0.0513347022587269,0,0.00205338809034908,0.554414784394251,,0.0390143737166324,0.00410677618069815
W8709A-01BC,margo,21,41.54,-131.96,0.428,0.275,0,0,0.047,,0.002,0
W8709A-08PC,margo,22,42.26,-127.68,0.545,0.308,0,0,0.093,,0,0
W8709A-13PC,margo,275,42.12,-125.75,0.519,0.396,0,0,0.053,,0,0
W8809A-21GC,margo,140,42.14,-126.91,0.555,0.311,0,0,0.096,,0,0
W8809A-29GC,margo,156,41.8,-129,0.391,0.525,0,0,0.05,,0,0
W8809A-31GC,margo,15,41.68,-130.01,0.413,0.475,0,0,0.063,,0.009,0
W8809A-53GC,margo,168,42.75,-126.26,0.415,0.479,0,0,0.083,,0,0
W8909A-48GC,margo,17,41.33,-132.67,0.352,0.334,0,0,0.038,,0.006,0
W8909A-57GC,margo,22,41.58,-130.62,0.37,0.499,0,0,0.089,,0.006,0
Y69-106p,margo,30,2.983,-86.55,0.0240549828178694,0.134020618556701,0,0.0206185567010309,0.498281786941581,,0.0378006872852234,0
Y69-71P,margo,180,0.1,-86.483,0.00606060606060606,0.203030303030303,0,0.00303030303030303,0.596969696969697,,0.0151515151515152,0
Y71-3-2,margo,20,7.167,-85.15,0.00967741935483871,0.112903225806452,0,0,0.503225806451613,,0.0354838709677419,0
Y71-6-12,margo,46,-16.443,-77.563,0.113022113022113,0.272727272727273,0,0.00737100737100737,0.447174447174447,,0.0294840294840295,0
Y71-6-12,margo,50,-16.443,-77.563,0.217806041335453,0.16852146263911,0,0,0.470588235294118,,0.0095389507154213,0
Y71-6-12,margo,56,-16.443,-77.563,0.127272727272727,0.136363636363636,0,0.00909090909090909,0.581818181818182,,0.0424242424242424,0.00303030303030303
Y71-6-12,margo,49,-16.44,-77.56,0.198813056379822,0.157270029673591,0,0,0.507418397626113,,0.00890207715133531,0
Z2108,margo,0.75,-33.3765,161.6125,0.0508474576271186,0.324152542372881,0.00635593220338983,0.00423728813559322,0.36864406779661,0,0.135593220338983,0.00211864406779661
Z2112,margo,0.935,-33.53,166.53,0.0651340996168582,0.132183908045977,0,0.00574712643678161,0.295019157088123,0.00191570881226054,0.118773946360153,0
y71-9-101,margo,63,-6.383,-106.933,0.00986842105263158,0.0526315789473684,0,0,0.651315789473684,,0.0723684210526316,0
