Event,Data_Source,Depth [m],Latitude,Longitude,D. anfracta,G. cavernula,G. crassaformis,G. hirsuta,G. cultrata,G. scitula,G. truncatulinoides,G. tumida,G. ungulata,G. eastropacia,G. inflata,N. dutertrei,N. incompta,N. pachyderma,P. obliquiloculata,G. conglomerata,G. hexagonus,B. pumilio,G. bulloides,G. falconensis,G. conglobatus,G. ruber ruber,G. ruber albus,T. sacculifer,G. tenellus,O. universa,B. digitata,G. siphonifera,G. calida,G. adamsi,T. quinqueloba,T. humilis,G. rubescens,S. dehiscens,C. nitida,G. glutinata,G. uvula,G. minuta,T. iota,H. pelagica,H. digitata
GIK23354-6,forcens_lgm,0.8,70.3315,-10.6288,0,0,0,0,0,0,0,0,0,0,0,0,3,97,0,0,0,0,0,0,0,0,0,0,0,0,0,0,0,0,0,0,0,0,0,0,0,0,0,0,0
80KB11,forcens_lgm,,36.5,24.3,0,0,0,0,0,7,1,0,0,0,5,0,134,4,0,0,0,0,58,0,0,,,0,0,2,0,0,0,0,31,0,0,0,0,26,0,0,0,0,0
BC15,forcens_lgm,,41.95,5.93,0,0,0,0,0,19,0,0,0,0,0,0,9,0,0,0,0,0,96,0,0,0,0,0,0,0,0,0,0,0,50,0,0,0,0,32,0,0,0,0,0
BC15,forcens_lgm,,41.95,5.93,0,0,0,0,0,15,0,0,0,0,0,0,18,0,0,0,0,0,78,0,0,0,2,0,0,0,0,0,0,0,52,0,0,0,0,10,0,0,0,0,0
BC15,forcens_lgm,,41.95,5.93,0,0,0,0,0,24,1,0,0,0,2,0,16,0,0,0,0,0,101,0,0,0,2,0,0,0,0,0,0,0,84,0,0,0,0,30,0,0,0,0,0
BS79-22,forcens_lgm,,38.231,14.23,0,0,0,0,0,28,0,0,0,0,0,0,67,0,0,0,0,0,12,8,0,0,20,0,3,0,0,0,0,0,33,0,0,0,0,59,0,0,0,0,0
BS79-22,forcens_lgm,,38.231,14.23,0,0,0,0,0,38,0,0,0,0,0,0,97,0,0,0,0,0,30,15,0,0,26,0,2,0,0,0,0,0,67,0,0,0,0,104,0,0,0,0,0
BS79-22,forcens_lgm,,38.231,14.23,0,0,0,0,0,56,0,0,0,0,1,2,141,0,0,0,0,0,71,30,0,0,58,0,1,0,0,0,0,0,75,0,0,0,0,116,0,0,0,0,0
BS79-22,forcens_lgm,,38.231,14.23,0,0,0,0,0,18,0,0,0,0,2,0,63,0,0,0,0,0,22,11,0,0,26,0,0,0,0,0,0,0,35,0,0,0,0,39,0,0,0,0,0
BS79-22,forcens_lgm,,38.231,14.23,0,0,0,0,0,24,0,0,0,0,0,1,49,0,0,0,0,0,29,17,0,0,30,0,0,0,0,0,0,0,32,0,0,0,0,54,0,0,0,0,0
BS79-22,forcens_lgm,,38.231,14.23,0,0,0,0,0,20,0,0,0,0,0,0,76,0,0,0,0,0,29,14,0,0,36,0,0,0,0,1,0,0,39,0,0,0,0,59,0,0,0,0,0
BS79-22,forcens_lgm,,38.231,14.23,0,0,0,0,0,42,0,0,0,0,0,4,128,0,0,0,0,0,59,28,0,0,44,0,0,0,0,0,0,0,57,0,0,0,0,99,0,0,0,0,0
BS79-22,forcens_lgm,,38.231,14.23,0,0,0,0,0,18,0,0,0,0,1,0,44,0,0,0,0,0,31,18,0,0,18,0,0,0,0,0,0,0,16,0,0,0,0,38,0,0,0,0,0
BS79-22,forcens_lgm,,38.231,14.23,0,0,0,0,0,27,0,0,0,0,0,1,71,0,0,0,0,0,48,22,0,0,42,0,0,0,0,0,0,0,17,0,0,0,0,61,0,0,0,0,0
BS79-22,forcens_lgm,,38.231,14.23,0,0,0,0,0,57,0,0,0,0,0,0,80,0,0,0,0,0,38,24,0,0,53,0,0,0,0,0,0,0,32,0,0,0,0,91,0,0,0,0,0
BS79-22,forcens_lgm,,38.231,14.23,0,0,0,0,0,38,0,0,0,0,0,0,86,0,0,0,0,0,52,37,0,0,64,0,0,0,0,0,0,0,44,0,0,0,0,82,0,0,0,0,0
BS79-22,forcens_lgm,,38.231,14.23,0,0,0,0,0,41,0,0,0,0,2,0,98,0,0,0,0,0,53,31,0,0,31,0,2,0,0,0,0,0,59,0,0,0,0,111,0,0,0,0,0
BS79-22,forcens_lgm,,38.231,14.23,0,0,0,0,0,20,0,0,0,0,0,0,54,0,0,0,0,0,30,11,0,0,27,0,0,0,0,0,0,0,28,0,0,0,0,67,0,0,0,0,0
BS79-22,forcens_lgm,,38.231,14.23,0,0,0,0,0,26,0,0,0,0,0,0,46,0,0,0,0,0,34,13,0,0,14,0,0,0,0,0,0,0,21,0,0,0,0,57,0,0,0,0,0
BS79-22,forcens_lgm,,38.231,14.23,0,0,0,0,0,41,0,0,0,0,0,0,64,0,0,0,0,0,33,21,0,0,34,0,1,0,0,0,0,0,29,0,0,0,0,79,0,0,0,0,0
BS79-22,forcens_lgm,,38.231,14.23,0,0,0,0,0,24,0,0,0,0,0,0,60,0,0,0,0,0,53,20,0,0,41,0,0,1,0,0,0,0,27,0,0,0,0,93,0,0,0,0,0
BS79-22,forcens_lgm,,38.231,14.23,0,0,0,0,0,15,0,0,0,0,0,0,73,0,0,0,0,0,38,19,0,0,45,0,1,0,0,0,0,0,46,0,0,0,0,104,0,0,0,0,0
BS79-22,forcens_lgm,,38.231,14.23,0,0,0,0,0,13,0,0,0,0,0,0,48,0,0,0,0,0,24,14,0,0,36,0,0,0,0,0,0,0,18,0,0,0,0,52,0,0,0,0,0
BS79-22,forcens_lgm,,38.231,14.23,0,0,0,0,0,35,0,0,0,0,0,0,60,0,0,0,0,0,40,23,0,0,40,0,0,0,0,0,0,0,24,0,0,0,0,73,0,0,0,0,0
BS79-22,forcens_lgm,,38.231,14.23,0,0,0,0,0,34,0,0,0,0,0,0,32,0,0,0,0,0,24,8,0,0,38,0,0,0,0,0,0,0,28,0,0,0,0,42,0,0,0,0,0
BS79-22,forcens_lgm,,38.231,14.23,0,0,0,0,0,32,0,0,0,0,1,0,60,0,0,0,0,0,18,7,0,0,30,0,3,0,0,0,0,0,22,0,0,0,0,53,0,0,0,0,0
BS79-33,forcens_lgm,,38.157,14.018,0,0,0,0,0,42,0,0,0,0,0,7,96,0,0,0,0,0,41,14,0,0,39,0,0,0,0,1,0,0,48,0,0,0,0,75,0,0,0,0,0
BS79-33,forcens_lgm,,38.157,14.018,0,0,0,0,0,42,0,0,0,0,1,7,80,0,0,0,0,0,54,17,0,0,20,0,0,0,0,0,0,0,53,0,0,0,0,63,0,0,0,0,0
BS79-33,forcens_lgm,,38.157,14.018,0,0,0,0,0,33,0,0,0,0,1,9,78,0,0,0,0,0,64,22,0,0,45,0,0,0,0,0,0,0,41,0,0,0,0,39,0,0,0,0,0
BS79-33,forcens_lgm,,38.157,14.018,0,0,0,0,0,60,0,0,0,0,0,0,65,0,0,0,0,0,74,14,0,0,29,0,0,0,0,0,0,0,27,0,0,0,0,51,0,0,0,0,0
BS79-33,forcens_lgm,,38.157,14.018,0,0,0,0,0,25,0,0,0,0,0,4,82,0,0,0,0,0,74,19,0,0,34,0,0,0,0,0,0,0,35,0,0,0,0,39,0,0,0,0,0
BS79-33,forcens_lgm,,38.157,14.018,0,0,0,0,0,31,0,0,0,0,1,0,73,0,0,0,0,0,66,37,0,0,56,0,0,0,0,0,0,0,30,0,0,0,0,49,0,0,0,0,0
BS79-33,forcens_lgm,,38.157,14.018,0,0,0,0,0,50,0,0,0,0,0,1,54,0,0,0,0,0,67,18,0,0,37,0,0,0,0,0,0,0,53,0,0,0,0,64,0,0,0,0,0
BS79-33,forcens_lgm,,38.157,14.018,0,0,0,0,0,39,0,0,0,0,0,4,81,0,0,0,0,0,55,19,0,0,62,0,0,0,0,0,0,0,33,0,0,0,0,70,0,0,0,0,0
BS79-33,forcens_lgm,,38.157,14.018,0,0,0,0,0,30,0,0,0,0,0,2,78,0,0,0,0,0,60,20,0,0,46,0,0,1,0,0,0,0,39,0,0,0,0,61,0,0,0,0,0
BS79-33,forcens_lgm,,38.157,14.018,0,0,0,0,0,32,0,0,0,0,2,3,82,0,0,0,0,0,71,27,0,0,48,0,0,0,0,0,0,0,28,0,0,0,0,49,0,0,0,0,0
BS79-33,forcens_lgm,,38.157,14.018,0,0,0,0,0,42,0,0,0,0,1,1,76,0,0,0,0,0,51,25,0,0,31,0,0,0,0,1,0,0,40,0,0,0,0,75,0,0,0,0,0
BS79-33,forcens_lgm,,38.157,14.018,0,0,0,0,0,37,0,0,0,0,0,0,60,0,0,0,0,0,52,16,0,0,42,0,0,0,0,0,0,0,29,0,0,0,0,65,0,0,0,0,0
BS79-33,forcens_lgm,,38.157,14.018,0,0,0,0,0,39,0,0,0,0,1,3,54,0,0,0,0,0,71,20,2,2,21,0,0,0,0,0,0,0,40,0,0,0,0,86,0,0,0,0,0
BS79-37,forcens_lgm,,38.215,13.269,0,0,0,0,0,17,0,0,0,0,0,0,165,4,0,0,0,0,143,36,0,0,7,0,2,0,0,0,0,0,25,0,0,0,0,72,0,0,0,0,0
BS79-37,forcens_lgm,,38.215,13.269,0,0,0,0,0,24,0,0,0,0,1,0,94,1,0,0,0,0,88,43,0,0,0,0,0,0,0,0,0,0,26,0,0,0,0,126,0,0,0,0,0
BS79-37,forcens_lgm,,38.215,13.269,0,0,0,0,0,44,0,0,0,0,1,0,73,5,0,0,0,0,80,27,0,0,0,0,0,0,0,0,0,0,46,0,0,0,0,132,0,0,0,0,0
BS79-38,forcens_lgm,,38.247,13.346,0,0,0,0,0,43,0,0,0,0,0,0,0,0,0,0,0,0,60,28,0,0,0,0,0,0,0,0,0,0,30,0,0,0,0,79,0,0,0,0,0
BS79-38,forcens_lgm,,38.247,13.346,0,0,0,0,0,53,0,0,0,0,1,0,0,0,0,0,0,0,47,24,0,0,0,0,1,0,0,0,0,0,36,0,0,0,0,71,0,0,0,0,0
BS79-38,forcens_lgm,,38.247,13.346,0,0,0,0,0,65,0,0,0,0,0,0,0,0,0,0,0,0,36,23,0,0,0,0,0,0,0,0,0,0,66,0,0,0,0,95,0,0,0,0,0
BS79-38,forcens_lgm,,38.247,13.346,0,0,0,0,0,50,0,0,0,0,0,0,0,0,0,0,0,0,42,14,2,0,4,0,0,0,0,0,0,0,31,0,0,0,0,75,0,0,0,0,0
BS79-38,forcens_lgm,,38.247,13.346,0,0,0,0,0,55,0,0,0,0,0,1,0,0,0,0,0,0,38,21,0,0,7,0,0,0,0,0,0,0,37,0,0,0,0,78,0,0,0,0,0
BS79-38,forcens_lgm,,38.247,13.346,0,0,0,0,0,40,0,0,0,0,3,0,0,0,0,0,0,0,44,15,0,0,0,0,2,0,0,0,0,0,38,0,0,0,0,97,0,0,0,0,0
BS79-38,forcens_lgm,,38.247,13.346,0,0,0,0,0,3,1,0,0,0,4,0,11,0,0,0,0,0,20,13,0,1,1,0,0,0,0,1,0,0,6,0,0,0,0,10,0,0,0,0,0
BS79-38,forcens_lgm,,38.247,13.346,0,0,0,0,0,28,2,0,0,0,9,0,0,0,0,0,0,0,105,47,0,2,3,0,1,0,0,7,0,0,37,0,0,0,0,93,0,0,0,0,0
BS79-38,forcens_lgm,,38.247,13.346,0,0,0,0,0,37,2,0,0,0,17,0,0,0,0,0,0,0,51,26,0,0,0,0,0,0,0,3,0,0,41,0,0,0,0,70,0,0,0,0,0
BS79-38,forcens_lgm,,38.247,13.346,0,0,0,0,0,44,0,0,0,0,19,0,0,0,0,0,0,0,51,28,0,0,3,0,0,0,0,0,0,0,60,0,0,0,0,72,0,0,0,0,0
BS79-38,forcens_lgm,,38.247,13.346,0,0,0,0,0,42,0,0,0,0,24,0,0,3,0,0,0,0,9,24,1,0,8,1,0,0,0,2,0,0,107,0,0,0,0,81,0,0,0,0,0
BS79-38,forcens_lgm,,38.247,13.346,0,0,0,0,0,44,0,0,0,0,14,0,0,0,0,0,0,0,41,31,0,0,11,0,0,0,0,3,0,0,59,0,0,0,0,71,0,0,0,0,0
BS79-38,forcens_lgm,,38.247,13.346,0,0,0,0,0,54,0,0,0,0,1,1,83,0,0,0,0,0,38,38,0,0,5,0,0,0,0,0,0,0,40,0,0,0,0,41,0,0,0,0,0
BS79-38,forcens_lgm,,38.247,13.346,0,0,0,0,0,48,0,0,0,0,2,0,0,0,0,0,0,0,32,30,0,0,2,0,0,1,0,0,0,0,37,0,0,0,0,35,0,0,0,0,0
BS79-38,forcens_lgm,,38.247,13.346,0,0,0,0,0,94,0,0,0,0,0,0,49,0,0,0,0,0,58,50,0,0,1,0,1,0,0,0,0,0,66,0,0,0,0,60,0,0,0,0,0
BS79-38,forcens_lgm,,38.247,13.346,0,0,0,0,0,70,0,0,0,0,2,1,0,0,0,0,0,0,57,33,0,0,4,0,1,1,0,0,0,0,43,0,0,0,0,56,0,0,0,0,0
BS79-38,forcens_lgm,,38.247,13.346,0,0,0,0,0,60,0,0,0,0,1,0,0,0,0,0,0,0,67,25,0,0,4,0,0,0,0,1,0,0,41,0,0,0,0,58,0,0,0,0,0
BS79-38,forcens_lgm,,38.247,13.346,0,0,0,0,0,76,0,0,0,0,0,0,28,0,0,0,0,0,60,32,0,0,3,0,0,0,0,0,0,0,131,0,0,0,0,93,0,0,0,0,0
BS79-38,forcens_lgm,,38.247,13.346,0,0,0,0,0,49,0,0,0,0,2,0,0,0,0,0,0,0,52,24,0,0,4,0,0,0,0,0,0,0,43,0,0,0,0,60,0,0,0,0,0
BS79-38,forcens_lgm,,38.247,13.346,0,0,0,0,0,85,0,0,0,0,4,2,75,0,0,0,0,0,40,21,0,0,25,0,0,0,0,0,0,0,108,0,0,0,0,80,0,0,0,0,0
BS79-38,forcens_lgm,,38.247,13.346,0,0,0,0,0,45,0,0,0,0,4,0,0,1,0,0,0,0,28,16,1,0,16,0,2,0,0,0,0,0,91,0,0,0,0,63,0,0,0,0,0
BS79-38,forcens_lgm,,38.247,13.346,0,0,0,0,0,63,0,0,0,0,1,2,0,0,0,0,0,0,30,15,0,0,10,0,0,0,0,0,0,0,125,0,0,0,0,79,0,0,0,0,0
BS79-38,forcens_lgm,,38.247,13.346,0,0,0,0,0,45,0,0,0,0,3,0,0,0,0,0,0,0,38,16,0,0,9,0,0,0,0,0,0,0,92,0,0,0,0,65,0,0,0,0,0
BS79-38,forcens_lgm,,38.247,13.346,0,0,0,0,0,47,0,0,0,0,0,0,0,0,0,0,0,0,36,18,0,0,33,0,0,1,0,0,0,0,64,0,0,0,0,70,0,0,0,0,0
DED8707,forcens_lgm,,39.41,13.34,0,0,0,0,0,12,0,0,0,0,1,2,37,2,0,0,0,0,69,0,0,0,24,0,0,0,0,0,0,0,9,0,0,0,0,31,0,0,0,0,0
DED8707,forcens_lgm,,39.41,13.34,0,0,0,0,0,7,0,0,0,0,1,2,86,3,0,0,0,0,132,0,0,0,28,0,0,0,0,0,0,0,6,0,0,0,0,44,0,0,0,0,0
KET8003,forcens_lgm,,38.49,14.3,0,0,0,0,0,57,0,0,0,0,0,4,156,5,0,0,0,0,110,0,1,,,0,1,0,0,0,1,0,29,0,1,0,0,57,0,0,0,0,0
KET8003,forcens_lgm,,38.49,14.3,0,0,0,0,0,23,0,0,0,0,2,0,133,3,0,0,0,0,133,0,2,,,0,0,0,0,0,0,0,21,0,2,0,0,48,0,0,0,0,0
KET8003,forcens_lgm,,38.49,14.3,0,0,0,0,0,61,0,0,0,0,0,3,170,7,0,0,0,0,189,0,7,,,0,0,0,0,0,0,0,56,0,0,0,0,143,0,0,0,0,0
KET8003,forcens_lgm,,38.49,14.3,0,0,0,0,0,29,0,0,0,0,0,0,131,4,0,0,0,0,156,0,1,,,0,0,1,0,0,1,0,16,0,4,0,0,116,0,0,0,0,0
KET8003,forcens_lgm,,38.49,14.3,0,0,0,0,0,69,0,0,0,0,1,1,95,8,0,0,0,0,123,0,7,,,0,0,0,0,0,0,0,22,0,0,0,0,122,0,0,0,0,0
KET8003,forcens_lgm,,38.49,14.3,0,0,0,0,0,29,0,0,0,0,1,0,82,1,0,0,0,0,101,0,2,,,0,0,0,0,0,1,0,23,0,1,0,0,70,0,0,0,0,0
KET8003,forcens_lgm,,38.49,14.3,0,0,0,0,0,27,0,0,0,0,0,2,147,7,0,0,0,0,165,0,4,,,0,0,0,0,0,0,0,27,0,0,0,0,110,0,0,0,0,0
KET8003,forcens_lgm,,38.49,14.3,0,0,0,0,0,11,0,0,0,0,2,0,214,5,0,0,0,0,209,0,5,,,0,0,0,0,0,0,0,16,0,0,0,0,86,0,0,0,0,0
KET8019,forcens_lgm,,40.33,13.21,0,0,0,0,0,32,0,0,0,0,1,1,104,9,0,0,0,0,80,0,1,0,84,0,3,0,0,0,0,0,22,0,0,0,0,90,0,0,0,0,0
KET8019,forcens_lgm,,40.33,13.21,0,0,0,0,0,6,0,0,0,0,1,0,65,5,0,0,0,0,65,0,1,0,55,0,1,0,0,0,0,0,18,0,0,0,0,42,0,0,0,0,0
KET8019,forcens_lgm,,40.33,13.21,0,0,0,0,0,6,0,0,0,0,2,0,198,5,0,0,0,0,75,0,1,0,76,0,0,0,0,0,1,0,16,0,0,0,0,66,0,0,0,0,0
KET8019,forcens_lgm,,40.33,13.21,0,0,0,0,0,0,1,0,0,0,2,0,170,6,0,0,0,0,64,0,0,0,35,0,0,0,0,0,0,0,8,0,0,0,0,43,0,0,0,0,0
KET8019,forcens_lgm,,40.33,13.21,0,0,0,0,0,7,0,0,0,0,1,0,94,4,0,0,0,0,150,0,0,0,30,0,0,1,0,0,0,0,13,0,0,0,0,49,0,0,0,0,0
KET8019,forcens_lgm,,40.33,13.21,0,0,0,0,0,105,0,0,0,0,1,0,165,9,0,0,0,0,73,0,0,0,5,0,0,0,0,0,0,0,33,0,0,0,0,77,0,0,0,0,0
KET8022,forcens_lgm,,40.35,11.43,0,0,0,0,0,6,0,0,0,0,0,3,22,0,0,0,0,0,40,0,0,,,0,0,0,0,0,0,0,5,0,0,0,0,11,0,0,0,0,0
KET8022,forcens_lgm,,40.35,11.43,0,0,0,0,0,14,0,0,0,0,0,1,18,0,0,0,0,0,23,0,0,,,0,0,0,0,0,0,0,7,0,0,0,0,24,0,0,0,0,0
KET8022,forcens_lgm,,40.35,11.43,0,0,0,0,0,13,0,0,0,0,0,0,13,0,0,0,0,0,19,0,0,,,0,0,0,0,0,0,0,16,0,0,0,0,34,0,0,0,0,0
KET8039,forcens_lgm,,36.32,11.41,0,0,0,1,0,4,0,0,0,0,5,16,122,3,0,0,0,0,70,0,0,0,129,0,0,0,0,0,2,0,43,0,0,0,0,62,0,0,0,0,0
KET8039,forcens_lgm,,36.32,11.41,0,0,0,1,0,0,0,0,0,0,14,10,90,0,0,0,0,0,88,0,0,0,67,1,1,0,0,0,0,0,53,0,0,0,0,21,0,0,0,0,0
KET8039,forcens_lgm,,36.32,11.41,0,0,0,0,0,3,0,0,0,0,6,19,105,2,0,0,0,0,64,0,3,0,111,0,0,0,0,0,0,0,38,0,0,0,0,31,0,0,0,0,0
KET8039,forcens_lgm,,36.32,11.41,0,0,0,0,0,0,0,0,0,0,8,9,73,0,0,0,0,0,104,0,1,0,72,1,0,0,0,0,3,0,41,0,0,0,0,19,0,0,0,0,0
KET8039,forcens_lgm,,36.32,11.41,0,0,0,1,0,1,0,0,0,0,9,5,86,1,0,0,0,0,59,0,3,0,93,0,0,0,0,0,0,0,43,0,0,0,0,21,0,0,0,0,0
KET8039,forcens_lgm,,36.32,11.41,0,0,0,1,0,0,0,0,0,0,10,17,145,3,0,0,0,0,74,0,3,0,142,0,1,1,0,0,0,0,55,0,0,0,0,25,0,0,0,0,0
KET8039,forcens_lgm,,36.32,11.41,0,0,0,0,0,2,0,0,0,0,1,7,99,1,0,0,0,0,44,0,2,0,83,0,0,0,0,0,0,0,27,0,0,0,0,37,0,0,0,0,0
KET8039,forcens_lgm,,36.32,11.41,0,0,0,0,0,3,0,0,0,0,6,7,143,3,0,0,0,0,77,0,10,0,111,0,0,0,0,0,0,0,60,0,1,0,0,68,0,0,0,0,0
KET8039,forcens_lgm,,36.32,11.41,0,0,0,0,0,0,0,0,0,0,12,10,116,1,0,0,0,0,66,0,3,0,92,0,3,1,0,0,2,0,49,0,0,0,0,32,0,0,0,0,0
KET8039,forcens_lgm,,36.32,11.41,0,0,0,0,0,2,0,0,0,0,5,12,114,4,0,0,0,0,70,0,6,0,95,0,0,0,0,0,0,0,35,0,1,0,0,25,0,0,0,0,0
KET8039,forcens_lgm,,36.32,11.41,0,0,0,2,0,0,0,0,0,0,5,7,154,0,0,0,0,0,55,0,3,0,47,0,0,1,0,0,1,0,36,0,0,0,0,26,0,0,0,0,0
KET8039,forcens_lgm,,36.32,11.41,0,0,0,0,0,1,0,0,0,0,5,5,224,3,0,0,0,0,73,0,1,0,79,0,3,0,0,0,0,0,43,0,0,0,0,44,0,0,0,0,0
KET8039,forcens_lgm,,36.32,11.41,0,0,0,0,0,1,0,0,0,0,1,15,237,0,0,0,0,0,72,0,2,0,91,0,0,0,0,0,0,0,22,0,1,0,0,25,0,0,0,0,0
KET8039,forcens_lgm,,36.32,11.41,0,0,0,0,0,3,0,0,0,0,5,9,185,4,0,0,0,0,71,0,5,0,68,0,0,2,0,0,0,0,29,0,0,0,0,39,0,0,0,0,0
KET8039,forcens_lgm,,36.32,11.41,0,0,0,3,0,0,0,0,0,0,4,12,149,0,0,0,0,0,92,0,1,0,6,0,0,2,0,0,1,0,23,0,0,0,0,33,0,0,0,0,0
KET8216,forcens_lgm,,41.31,17.59,0,0,0,0,0,16,0,0,0,0,0,0,101,5,0,0,0,0,93,0,0,,,0,0,0,0,0,0,0,11,0,0,0,0,19,0,0,0,0,0
KET8216,forcens_lgm,,41.31,17.59,0,0,0,0,0,38,0,0,0,0,0,0,40,2,0,0,0,0,34,0,0,,,0,2,0,0,0,0,0,10,0,0,0,0,17,0,0,0,0,0
KET8216,forcens_lgm,,41.31,17.59,0,0,0,0,0,23,0,0,0,0,1,0,60,5,0,0,0,0,52,0,0,,,0,0,2,0,0,0,0,14,0,0,0,0,12,0,0,0,0,0
KET8216,forcens_lgm,,41.31,17.59,0,0,0,0,0,25,0,0,0,0,1,0,67,8,0,0,0,0,136,0,0,,,0,0,0,0,0,0,0,49,0,0,0,0,26,0,0,0,0,0
KL96,forcens_lgm,,32.77,19.19,0,0,0,0,0,25,0,0,0,0,0,0,42,2,0,0,0,0,15,0,0,0,181,0,0,0,0,0,0,0,2,0,3,0,0,1,0,0,0,0,0
KL96,forcens_lgm,,32.77,19.19,0,0,0,0,0,31,0,0,0,0,0,0,43,2,0,0,0,0,16,0,0,0,145,0,0,1,0,0,0,0,3,0,2,0,0,4,0,0,0,0,0
LC01,forcens_lgm,,40.26,6.887,0,0,0,0,0,91,0,0,0,0,0,0,31,0,0,0,0,0,133,0,0,0,36,0,0,2,0,1,0,0,137,0,0,0,0,43,0,0,0,0,0
LC01,forcens_lgm,,40.26,6.887,0,0,0,0,0,54,0,0,0,0,1,0,31,1,0,0,0,0,153,0,0,0,55,0,0,0,0,0,0,0,35,0,0,0,0,30,0,0,0,0,0
LC01,forcens_lgm,,40.26,6.887,0,0,0,0,0,58,0,0,0,0,0,0,32,0,0,0,0,0,94,0,0,0,42,0,0,0,0,2,0,0,76,0,1,0,0,40,0,0,0,0,0
LC01,forcens_lgm,,40.26,6.887,0,0,0,0,0,69,0,0,0,0,0,0,48,0,0,0,0,0,169,0,0,0,20,0,0,0,0,1,0,0,225,0,0,0,0,57,0,0,0,0,0
LC04,forcens_lgm,,38.65,6.11,0,0,0,0,0,22,0,0,0,0,0,0,42,2,0,0,0,0,89,0,0,0,20,0,0,0,0,4,0,0,21,0,0,0,0,32,0,0,0,0,0
LC04,forcens_lgm,,38.65,6.11,0,0,0,0,0,69,0,0,0,0,0,0,85,0,0,0,0,0,108,0,0,0,54,0,0,0,0,2,0,0,53,0,1,0,0,82,0,0,0,0,0
LC04,forcens_lgm,,38.65,6.11,0,0,0,0,0,43,0,0,0,0,0,0,73,0,0,0,0,0,83,0,0,0,56,0,0,0,0,1,0,0,25,0,4,0,0,52,0,0,0,0,0
LC07,forcens_lgm,,38.14,10.07,0,0,0,0,0,13,0,0,0,0,2,0,44,1,0,0,0,0,60,0,0,0,8,0,0,0,0,0,0,0,52,0,1,0,0,38,0,0,0,0,0
LC07,forcens_lgm,,38.14,10.07,0,0,0,0,0,12,0,0,0,0,10,0,18,0,0,0,0,0,35,0,0,0,8,0,0,0,0,0,0,0,40,0,0,0,0,20,0,0,0,0,0
LC07,forcens_lgm,,38.14,10.07,0,0,0,0,0,3,0,0,0,0,5,0,28,0,0,0,0,0,36,0,0,0,7,0,0,0,0,0,0,0,31,0,0,0,0,13,0,0,0,0,0
LC21,forcens_lgm,,35.66,26.58,0,0,0,0,0,10,0,0,0,0,0,0,64,0,0,0,0,0,18,0,0,0,36,0,0,0,0,1,0,0,5,0,2,0,0,31,0,0,0,0,0
LC21,forcens_lgm,,35.66,26.58,0,0,0,0,0,13,0,0,0,0,0,0,66,0,0,0,0,0,25,0,0,0,57,0,0,0,0,0,0,0,0,0,2,0,0,10,0,0,0,0,0
LC21,forcens_lgm,,35.66,26.58,0,0,0,0,0,22,0,0,0,0,0,0,90,3,0,0,0,0,21,0,0,0,55,0,0,0,0,0,0,0,10,0,4,0,0,91,0,0,0,0,0
LC21,forcens_lgm,,35.66,26.58,0,0,0,0,0,11,0,0,0,0,0,0,37,0,0,0,0,0,7,0,0,0,15,0,0,0,0,0,0,0,5,0,2,0,0,23,0,0,0,0,0
LC21,forcens_lgm,,35.66,26.58,0,0,0,0,0,5,0,0,0,0,0,0,59,1,0,0,0,0,28,0,0,0,43,1,0,0,0,0,0,0,7,0,2,0,0,34,0,0,0,0,0
LC21,forcens_lgm,,35.66,26.58,0,0,0,0,0,17,0,0,0,0,0,0,64,2,0,0,0,0,23,0,0,0,45,0,0,0,0,0,0,0,31,0,4,0,0,44,0,0,0,0,0
LC21,forcens_lgm,,35.66,26.58,0,0,0,0,0,21,0,0,0,0,0,0,81,0,0,0,0,0,13,0,0,0,40,0,0,0,0,0,0,0,1,0,2,0,0,18,0,0,0,0,0
LC21,forcens_lgm,,35.66,26.58,0,0,0,0,0,17,0,0,0,0,0,0,50,0,0,0,0,0,25,0,0,0,22,0,0,0,0,0,0,0,20,0,4,0,0,16,0,0,0,0,0
MD 95-2043,forcens_lgm,,36.143,-2.621,0,0,0,0,0,5,0,0,0,0,0,0,246,7,0,0,0,0,41,0,0,0,5,0,0,2,0,0,0,0,11,0,0,0,0,14,0,0,0,0,0
MD 95-2043,forcens_lgm,,36.143,-2.621,0,0,0,0,0,3,0,0,0,0,2,0,298,3,0,0,0,0,45,0,0,0,11,0,0,0,0,0,0,0,16,0,0,0,0,17,0,0,0,0,0
MD 95-2043,forcens_lgm,,36.143,-2.621,0,0,0,0,0,7,0,0,0,0,3,0,321,7,0,0,0,0,35,0,0,0,0,0,0,1,0,0,1,0,19,0,0,0,0,19,0,0,0,0,0
MD 95-2043,forcens_lgm,,36.143,-2.621,0,0,0,0,0,6,0,0,0,0,2,0,276,3,0,0,0,0,73,0,0,0,13,0,0,0,0,0,0,0,24,0,0,0,0,9,0,0,0,0,0
MD 95-2043,forcens_lgm,,36.143,-2.621,0,0,0,0,0,3,0,0,0,0,3,0,181,2,0,0,0,0,70,0,0,0,3,0,0,1,0,0,1,0,24,0,0,0,0,15,0,0,0,0,0
MD 95-2043,forcens_lgm,,36.143,-2.621,0,0,0,0,0,11,0,0,0,0,8,0,441,6,0,0,0,0,120,1,0,0,5,0,0,1,0,0,0,0,24,0,0,0,0,31,0,0,0,0,0
MD 95-2043,forcens_lgm,,36.143,-2.621,0,0,0,0,0,4,0,0,0,0,5,0,291,6,0,0,0,0,92,0,0,0,7,0,0,0,0,0,0,0,7,0,0,0,0,16,0,0,0,0,0
MD84-632,forcens_lgm,,32.47,34.23,0,0,0,0,0,56,0,0,0,0,0,0,193,0,0,0,0,0,16,0,3,0,571,0,6,0,0,0,47,0,3,0,3,0,0,35,0,0,0,0,0
MD84-632,forcens_lgm,,32.47,34.23,0,0,0,0,0,48,0,0,0,0,0,0,160,0,0,0,0,0,30,0,3,0,701,0,0,0,0,0,39,0,0,0,1,0,0,30,0,0,0,0,0
MD84-632,forcens_lgm,,32.47,34.23,0,0,0,0,0,39,0,0,0,0,0,0,153,0,0,0,0,0,17,1,8,0,763,0,3,0,0,0,34,0,1,0,0,0,0,30,0,0,0,0,0
MD84-632,forcens_lgm,,32.47,34.23,0,0,0,0,0,77,0,0,0,0,0,0,268,0,0,0,0,0,53,1,5,2,1174,1,8,0,0,0,45,0,0,0,1,0,0,45,0,0,0,0,0
MD84-632,forcens_lgm,,32.47,34.23,0,0,0,0,0,45,0,0,0,0,0,0,81,0,0,0,0,0,36,1,1,0,593,0,2,0,0,0,25,0,0,0,0,0,0,24,0,0,0,0,0
MD84-632,forcens_lgm,,32.47,34.23,0,0,0,0,0,37,0,0,0,0,0,0,209,0,0,0,0,0,34,0,3,0,653,0,2,1,0,0,27,0,1,0,3,0,0,35,0,0,0,0,0
MD84-632,forcens_lgm,,32.47,34.23,0,0,0,0,0,62,0,0,0,0,0,0,311,0,0,0,0,0,59,0,9,0,1090,0,8,0,0,0,61,0,0,0,1,0,0,57,0,0,0,0,0
MD84-632,forcens_lgm,,32.47,34.23,0,0,0,0,0,72,0,0,0,0,0,0,240,0,0,0,0,0,50,0,5,0,1000,0,8,0,0,0,48,0,0,0,3,0,0,38,0,0,0,0,0
MD84-632,forcens_lgm,,32.47,34.23,0,0,0,0,0,38,0,0,0,0,0,0,151,0,0,0,0,0,17,0,6,0,713,0,8,0,0,0,33,0,1,0,3,0,0,14,0,0,0,0,0
MD84-632,forcens_lgm,,32.47,34.23,0,0,0,0,0,24,0,0,0,0,0,0,126,0,0,0,0,0,14,0,5,0,520,0,10,0,0,0,20,0,0,0,1,0,0,18,0,0,0,0,0
MD84-632,forcens_lgm,,32.47,34.23,0,0,0,0,0,30,0,0,0,0,0,0,189,0,0,0,0,0,12,1,4,0,871,1,4,0,0,0,26,0,0,0,3,0,0,26,0,0,0,0,0
MD84-632,forcens_lgm,,32.47,34.23,0,0,0,0,0,53,0,0,0,0,0,0,186,0,0,0,0,0,9,0,4,1,766,0,3,1,0,0,33,0,0,0,6,0,0,34,0,0,0,0,0
MD84-632,forcens_lgm,,32.47,34.23,0,0,0,0,0,49,0,0,0,0,0,0,160,0,0,0,0,0,11,0,6,0,620,0,5,0,0,0,20,0,1,0,8,0,0,38,0,0,0,0,0
MD84-632,forcens_lgm,,32.47,34.23,0,0,0,0,0,60,0,0,0,0,0,0,159,0,0,0,0,0,16,1,2,0,478,0,1,0,0,0,12,0,0,0,14,0,0,37,0,0,0,0,0
MD84-632,forcens_lgm,,32.47,34.23,0,0,0,0,0,52,0,0,0,0,0,0,194,0,0,0,0,0,12,1,40,0,561,0,3,0,0,0,7,0,0,0,13,0,0,41,0,0,0,0,0
MD84-632,forcens_lgm,,32.47,34.23,0,0,0,0,0,53,0,0,0,0,0,0,166,0,0,0,0,0,10,0,1,0,608,0,2,0,0,0,4,0,0,0,6,0,0,35,0,0,0,0,0
MD84-632,forcens_lgm,,32.47,34.23,0,0,0,0,0,117,0,0,0,0,0,0,171,0,0,0,0,0,11,0,2,1,1012,1,1,0,0,0,6,0,1,0,5,0,0,36,0,0,0,0,0
MD84-632,forcens_lgm,,32.47,34.23,0,0,0,0,0,87,0,0,0,0,0,0,167,0,0,0,0,0,57,0,4,0,1015,0,2,0,0,0,7,0,11,0,1,0,0,37,0,0,0,0,0
MD84-632,forcens_lgm,,32.47,34.23,0,0,0,0,0,75,0,0,0,0,0,0,283,3,0,0,0,0,267,0,12,0,937,0,2,0,1,0,9,0,17,0,0,0,0,20,0,0,0,0,0
MD84627,forcens_lgm,,32.14,33.45,0,0,0,0,0,9,0,0,0,0,0,0,115,0,0,0,0,0,7,0,0,0,161,0,1,0,0,0,0,0,1,0,0,0,0,12,0,0,0,0,0
MD84627,forcens_lgm,,32.14,33.45,0,0,0,0,0,12,0,0,0,0,0,0,98,1,0,0,0,0,6,0,0,0,263,0,0,0,0,0,0,0,0,0,0,0,0,10,0,0,0,0,0
MD84627,forcens_lgm,,32.14,33.45,0,0,0,0,0,7,0,0,0,0,0,0,127,0,0,0,0,0,12,0,0,0,373,0,0,0,0,0,0,0,0,0,0,0,0,7,0,0,0,0,0
MD84629,forcens_lgm,,32.04,34.21,0,0,0,0,0,2,0,0,0,0,1,0,67,0,0,0,0,0,7,0,9,,,0,2,0,1,0,1,0,0,0,6,0,0,10,0,0,0,0,0
MD84629,forcens_lgm,,32.04,34.21,0,0,0,0,0,1,0,0,0,0,2,0,87,2,0,0,0,0,11,0,0,,,0,1,4,0,0,0,0,3,0,0,0,0,1,0,0,0,0,0
MD84629,forcens_lgm,,32.04,34.21,0,0,0,0,0,4,0,0,0,0,0,0,37,2,0,0,0,0,15,0,15,,,0,0,0,0,0,0,0,1,0,5,0,0,4,0,0,0,0,0
MD84629,forcens_lgm,,32.04,34.21,0,0,0,0,0,2,0,0,0,0,1,0,71,0,0,0,0,0,10,0,0,,,1,0,0,0,0,0,0,1,0,0,0,0,5,0,0,0,0,0
MD84629,forcens_lgm,,32.04,34.21,0,0,0,0,0,7,0,0,0,0,0,0,122,1,0,0,0,0,166,1,9,,,0,1,0,0,1,0,0,1,0,11,0,0,5,0,0,0,0,0
MD84629,forcens_lgm,,32.04,34.21,0,0,0,0,0,0,0,0,0,0,0,0,69,0,0,0,0,0,72,1,0,,,0,1,0,0,0,0,0,2,0,0,0,0,0,0,0,0,0,0
MD84629,forcens_lgm,,32.04,34.21,0,0,0,0,0,3,0,0,0,0,0,0,33,3,0,0,0,0,131,0,5,,,0,0,0,0,0,0,0,6,0,12,0,0,3,0,0,0,0,0
MD84629,forcens_lgm,,32.04,34.21,0,0,0,0,0,0,0,0,0,0,2,0,51,3,0,0,0,0,161,0,0,,,3,0,0,0,0,1,0,0,0,0,0,0,4,0,0,0,0,0
MD84629,forcens_lgm,,32.04,34.21,0,0,0,0,0,5,0,0,0,0,1,0,109,3,0,0,0,0,199,0,0,,,0,0,0,0,0,0,0,40,0,1,0,0,17,0,0,0,0,0
MD84641,forcens_lgm,,33.02,32.38,0,0,0,0,0,2,0,0,0,0,0,0,63,1,0,0,0,0,4,0,1,,,0,0,0,0,0,0,0,0,0,0,0,0,3,0,0,0,0,0
MD84641,forcens_lgm,,33.02,32.38,0,0,0,0,0,7,0,0,0,0,0,0,64,0,0,0,0,0,8,0,0,,,0,0,2,0,0,0,0,0,0,1,0,0,8,0,0,0,0,0
MD84641,forcens_lgm,,33.02,32.38,0,0,0,0,0,8,0,0,0,0,0,0,110,1,0,0,0,0,17,0,0,,,0,0,0,0,0,0,0,0,0,0,0,0,6,0,0,0,0,0
MD84641,forcens_lgm,,33.02,32.38,0,0,0,0,0,11,0,0,0,0,0,0,99,1,0,0,0,0,7,0,0,,,0,0,1,0,0,0,0,0,0,0,0,0,9,0,0,0,0,0
MD84641,forcens_lgm,,33.02,32.38,0,0,0,0,0,17,0,0,0,0,0,0,78,0,0,0,0,0,20,0,0,,,0,0,3,0,0,0,0,0,0,6,0,0,11,0,0,0,0,0
MD84641,forcens_lgm,,33.02,32.38,0,0,0,0,0,17,0,0,0,0,0,0,99,5,0,0,0,0,58,0,0,,,1,0,0,0,0,0,0,3,0,1,0,0,7,0,0,0,0,0
MD90-917,forcens_lgm,,41.298,17.613,0,0,0,0,0,92,0,0,0,0,0,0,187,2,0,0,0,0,64,7,3,0,11,0,0,0,0,0,0,0,10,0,1,0,0,42,0,0,0,0,0
MD90-917,forcens_lgm,,41.298,17.613,0,0,0,0,0,134,0,0,0,0,0,1,106,1,0,0,0,0,60,1,0,0,15,0,0,0,0,0,0,0,45,0,0,0,0,51,0,0,1,0,0
MD90-917,forcens_lgm,,41.298,17.613,0,0,0,0,0,43,0,0,0,0,0,0,141,2,0,0,0,0,142,5,1,0,26,0,0,0,0,0,0,0,10,0,0,0,0,18,0,0,0,0,0
MD90-917,forcens_lgm,,41.298,17.613,0,0,0,0,0,61,0,0,0,0,0,0,132,0,0,0,0,0,108,1,1,0,12,0,2,0,0,0,0,0,11,0,0,0,0,42,0,0,0,0,0
MD90-917,forcens_lgm,,41.298,17.613,0,0,0,0,0,104,0,0,0,0,0,0,65,1,0,0,0,0,77,7,2,0,5,0,0,0,0,0,0,0,12,0,1,0,0,44,0,0,0,0,0
MD90-917,forcens_lgm,,41.298,17.613,0,0,0,0,0,74,0,0,0,0,0,1,100,2,0,0,0,0,104,3,1,0,5,0,0,0,0,0,0,0,10,0,0,0,0,19,0,0,0,0,0
MD90-917,forcens_lgm,,41.298,17.613,0,0,0,0,0,93,0,0,0,0,0,0,141,0,0,0,0,0,154,11,5,0,28,0,0,0,0,0,0,0,26,0,0,0,0,32,0,0,0,0,0
MD90-917,forcens_lgm,,41.298,17.613,0,0,0,0,0,71,0,0,0,0,0,0,83,1,0,0,0,0,118,2,1,0,2,0,0,0,0,0,0,0,17,0,0,0,0,41,0,0,0,0,0
MD90-917,forcens_lgm,,41.298,17.613,0,0,0,0,0,59,0,0,0,0,0,0,73,0,0,0,0,0,103,6,1,0,6,0,0,0,0,0,0,0,13,0,0,0,0,61,0,0,0,0,0
MD90-917,forcens_lgm,,41.298,17.613,0,0,0,0,0,189,0,0,0,0,0,0,77,0,0,0,0,0,85,3,0,0,2,0,0,0,0,0,0,0,27,0,1,0,0,50,0,0,0,0,0
MD90-917,forcens_lgm,,41.298,17.613,0,0,0,0,0,145,0,0,0,0,0,0,98,0,0,0,0,0,136,9,1,0,8,0,0,0,0,0,0,0,10,0,0,0,0,43,0,0,0,0,0
MD90-917,forcens_lgm,,41.298,17.613,0,0,0,0,0,14,0,0,0,0,0,1,86,1,0,0,0,0,113,6,0,0,15,0,0,0,0,0,0,0,54,0,1,0,0,20,0,0,0,0,0
MD90-917,forcens_lgm,,41.298,17.613,0,0,0,0,0,17,0,0,0,0,2,0,83,0,0,0,0,0,136,10,1,0,8,0,0,0,0,0,0,0,52,0,1,0,0,34,0,0,0,0,0
MD90-917,forcens_lgm,,41.298,17.613,0,0,0,0,0,16,0,0,0,0,2,1,73,3,0,0,0,0,132,7,0,0,11,1,0,0,0,0,0,0,53,0,1,0,0,29,0,0,0,0,0
MD90-917,forcens_lgm,,41.298,17.613,0,0,0,0,0,12,0,0,0,0,1,0,83,0,0,0,0,0,133,9,0,0,5,0,0,0,0,0,0,0,42,0,0,0,0,24,0,0,0,0,0
MD90-917,forcens_lgm,,41.298,17.613,0,0,0,0,0,21,0,0,0,0,7,0,36,2,0,0,0,0,93,6,0,0,2,0,0,0,0,0,0,0,96,0,0,0,0,33,0,0,0,0,0
MD90-917,forcens_lgm,,41.298,17.613,0,0,0,0,0,10,0,0,0,0,3,0,43,0,0,0,0,0,151,14,1,0,7,0,0,0,0,0,0,0,42,0,0,0,0,30,0,0,0,0,0
MD90901,forcens_lgm,,39.947,1.591,0,0,0,0,0,56,0,0,0,0,7,0,78,2,0,0,0,0,184,0,0,0,40,0,0,1,0,0,2,0,25,0,0,0,0,34,0,0,0,0,0
MD90901,forcens_lgm,,39.947,1.591,0,0,0,0,0,21,0,0,0,0,1,0,54,0,0,0,0,0,105,0,0,0,40,0,0,2,0,0,0,0,42,0,0,0,0,24,0,0,0,0,0
MD90901,forcens_lgm,,39.947,1.591,0,0,0,0,0,20,0,0,0,0,1,0,72,2,0,0,0,0,155,0,0,0,58,0,0,2,0,1,1,0,45,0,0,0,0,25,0,0,0,0,0
MD90901,forcens_lgm,,39.947,1.591,0,0,0,0,0,11,0,0,0,0,2,0,62,1,0,0,0,0,123,0,0,0,44,0,0,0,0,0,0,0,36,0,0,0,0,16,0,0,0,0,0
MD90901,forcens_lgm,,39.947,1.591,0,0,0,0,0,18,0,0,0,0,0,0,98,2,0,0,0,0,112,0,1,0,36,0,0,0,0,0,0,0,23,0,0,0,0,20,0,0,0,0,0
MD90901,forcens_lgm,,39.947,1.591,0,0,0,0,0,59,0,0,0,0,0,0,34,0,0,0,0,0,210,0,0,0,26,0,0,0,0,0,0,0,24,0,0,0,0,18,0,0,0,0,0
MD90901,forcens_lgm,,39.947,1.591,0,0,0,0,0,16,0,0,0,0,1,1,37,0,0,0,0,0,144,1,2,0,55,0,0,0,0,0,1,0,9,0,0,0,0,26,0,0,0,0,0
MD90901,forcens_lgm,,39.947,1.591,0,0,0,0,0,28,0,0,0,0,1,0,47,1,0,0,0,0,138,0,1,0,40,0,1,0,0,1,0,0,38,0,0,0,0,25,0,0,0,0,0
MD90901,forcens_lgm,,39.947,1.591,0,0,0,0,0,41,0,0,0,0,0,0,61,1,0,0,0,0,175,0,2,0,18,0,0,0,0,0,0,0,76,0,0,0,0,22,0,0,0,0,0
MD90901,forcens_lgm,,39.947,1.591,0,0,0,0,0,29,0,0,0,0,5,0,32,0,0,0,0,0,93,0,0,0,35,0,0,0,0,1,0,0,45,0,0,0,0,70,0,0,0,0,0
MD90901,forcens_lgm,,39.947,1.591,0,0,0,0,0,6,0,0,0,0,2,0,57,1,0,0,0,0,128,0,1,0,81,0,0,0,0,0,0,0,23,0,0,0,0,38,0,0,0,0,0
MD90901,forcens_lgm,,39.947,1.591,0,0,0,0,0,14,0,0,0,0,1,0,52,0,0,0,0,0,246,0,1,0,65,0,0,0,0,0,0,0,47,0,0,0,0,72,0,0,0,0,0
MD90901,forcens_lgm,,39.947,1.591,0,0,0,0,0,21,0,0,0,0,3,0,48,2,0,0,0,0,204,0,0,0,42,0,0,0,0,0,0,0,31,0,0,0,0,43,0,0,0,0,0
MD90901,forcens_lgm,,39.947,1.591,0,0,0,0,0,29,0,0,0,0,3,0,68,2,0,0,0,0,103,0,0,0,30,0,0,0,0,0,0,0,32,0,0,0,0,30,0,0,0,0,0
MD90901,forcens_lgm,,39.947,1.591,0,0,0,0,0,10,0,0,0,0,0,0,44,1,0,0,0,0,95,0,0,0,19,0,0,1,0,0,0,0,40,0,0,0,0,20,0,0,0,0,0
MD90901,forcens_lgm,,39.947,1.591,0,0,0,0,0,11,0,0,0,0,5,0,41,0,0,0,0,0,147,0,0,0,13,0,1,0,0,0,0,0,97,0,0,0,0,62,0,0,0,0,0
MD992344,forcens_lgm,,41.997,4.836,0,0,0,0,0,14,0,0,0,0,0,0,3,0,0,0,0,0,250,0,0,0,0,0,0,0,0,0,0,0,172,0,0,0,0,28,0,0,0,0,0
MD992344,forcens_lgm,,41.997,4.836,0,0,0,0,0,0,0,0,0,0,0,0,8,0,0,0,0,0,113,0,0,0,1,0,0,1,0,0,1,0,69,0,0,0,0,2,0,0,0,0,0
MD992344,forcens_lgm,,41.997,4.836,0,0,0,0,0,12,4,0,0,0,28,0,125,7,0,0,0,0,373,0,0,0,11,0,0,0,0,0,2,0,130,0,0,0,0,37,0,0,0,0,0
MD992344,forcens_lgm,,41.997,4.836,0,0,0,0,0,8,0,0,0,0,0,0,2,0,0,0,0,0,61,0,0,0,0,0,0,0,0,0,0,0,42,0,0,0,0,8,0,0,0,0,0
MD992346,forcens_lgm,,42.044,4.151,0,0,0,0,0,38,0,0,0,0,0,0,27,2,0,0,0,0,286,0,0,0,2,0,0,0,0,0,2,0,107,0,0,0,0,53,0,0,0,0,0
MD992346,forcens_lgm,,42.044,4.151,0,0,0,0,0,25,0,0,0,0,0,0,40,0,0,0,0,0,209,0,0,0,6,0,0,0,0,0,2,0,66,0,0,0,0,39,0,0,0,0,0
MD992346,forcens_lgm,,42.044,4.151,0,0,0,0,0,13,0,0,0,0,0,0,52,0,0,0,0,0,198,0,1,0,8,0,0,0,0,0,2,0,111,0,0,0,0,54,0,0,0,0,0
MD992346,forcens_lgm,,42.044,4.151,0,0,0,0,0,45,0,0,0,0,0,0,8,0,0,0,0,0,255,0,0,0,4,0,0,0,0,0,0,0,43,0,0,0,0,38,0,0,0,0,0
MD992346,forcens_lgm,,42.044,4.151,0,0,0,0,0,10,0,0,0,0,0,0,2,1,0,0,0,0,148,0,0,0,2,0,0,0,0,0,0,0,37,0,0,0,0,35,0,0,0,0,0
MD992346,forcens_lgm,,42.044,4.151,0,0,0,0,0,4,0,0,0,0,0,0,40,2,0,0,0,0,247,0,0,0,1,0,0,0,0,0,2,0,41,0,0,0,0,77,0,0,0,0,0
MD992346,forcens_lgm,,42.044,4.151,0,0,0,0,0,3,0,0,0,0,0,0,131,4,0,0,0,0,271,0,0,0,1,0,0,0,0,0,2,0,21,0,0,0,0,74,0,0,0,0,0
MD992346,forcens_lgm,,42.044,4.151,0,0,0,0,0,9,0,0,0,0,0,0,123,7,0,0,0,0,299,0,0,0,0,0,0,0,0,0,0,0,11,0,0,0,0,45,0,0,0,0,0
MD992346,forcens_lgm,,42.044,4.151,0,0,0,0,0,4,0,0,0,0,0,0,95,4,0,0,0,0,206,0,0,0,0,0,0,0,0,0,0,0,5,0,0,0,0,37,0,0,0,0,0
MD992346,forcens_lgm,,42.044,4.151,0,0,0,0,0,1,0,0,0,0,0,0,98,3,0,0,0,0,310,0,0,0,0,0,0,0,0,0,0,0,4,0,0,0,0,27,0,0,0,0,0
MD992346,forcens_lgm,,42.044,4.151,0,0,0,0,0,2,0,0,0,0,2,0,74,7,0,0,0,0,355,0,0,0,7,0,0,0,0,0,3,0,3,0,0,0,0,44,0,0,0,0,0
MD992346,forcens_lgm,,42.044,4.151,0,0,0,0,0,2,0,0,0,0,4,0,127,1,0,0,0,0,192,0,0,0,32,0,2,0,0,0,4,0,6,0,0,0,0,124,0,0,0,0,0
ODP 969,forcens_lgm,,33.839,24.884,0,0,0,0,0,56,0,0,0,0,0,0,94,2,0,0,0,0,49,0,1,0,74,0,0,0,0,1,0,0,16,0,0,0,0,32,0,0,0,0,0
ODP 969,forcens_lgm,,33.839,24.884,0,0,0,0,0,27,0,0,0,0,0,0,82,1,0,0,0,0,28,0,1,0,74,0,0,0,0,0,0,0,11,0,0,0,0,24,0,0,0,0,0
ODP 969,forcens_lgm,,33.839,24.884,0,0,0,0,0,45,0,0,0,0,0,0,129,0,0,0,0,0,49,0,0,0,139,0,0,0,0,0,0,0,8,0,1,0,0,54,0,0,0,0,0
ODP 969,forcens_lgm,,33.839,24.884,0,0,0,0,0,39,0,0,0,0,0,0,98,0,0,0,0,0,45,0,0,0,98,0,0,0,0,0,0,0,12,0,1,0,0,42,0,0,0,0,0
ODP 969,forcens_lgm,,33.839,24.884,0,0,0,0,0,35,0,0,0,0,0,0,84,0,0,0,0,0,36,1,0,0,119,0,0,0,0,0,0,0,7,0,0,0,0,54,0,0,0,0,0
ODP 973,forcens_lgm,,35.78,18.948,0,0,0,0,0,107,0,0,0,0,0,0,33,0,0,0,0,0,44,0,0,0,28,0,1,0,0,2,0,0,12,0,0,1,0,62,0,0,0,0,0
ODP 973,forcens_lgm,,35.78,18.948,0,0,0,0,0,60,0,0,0,0,1,0,90,2,0,0,0,0,62,0,0,0,91,0,0,0,0,3,0,0,6,0,3,0,0,47,0,0,0,0,0
ODP 975,forcens_lgm,,38.89,4.5,0,0,0,0,0,40,0,0,0,0,0,0,134,1,0,0,0,0,221,0,0,0,0,1,0,0,0,1,0,0,75,0,0,0,0,117,0,0,0,0,0
ODP 975,forcens_lgm,,38.89,4.5,0,0,0,0,0,41,0,0,0,0,2,0,45,4,0,0,0,0,139,0,0,0,2,0,0,0,0,0,0,0,80,0,0,0,0,90,0,0,0,0,0
ODP 975,forcens_lgm,,38.89,4.5,0,0,0,0,0,147,3,0,0,0,4,0,48,2,0,0,0,0,302,0,0,0,5,0,0,0,0,0,0,0,126,0,0,0,0,93,0,0,0,0,0
ODP 975,forcens_lgm,,38.89,4.5,0,0,0,0,0,66,0,0,0,0,1,0,34,0,0,0,0,0,160,0,0,1,39,0,0,1,0,1,0,0,91,0,0,0,0,55,0,0,0,0,0
ODP 975,forcens_lgm,,38.89,4.5,0,0,0,0,0,109,0,0,0,0,0,0,61,0,0,0,0,0,134,0,0,0,32,0,0,0,0,0,0,0,144,0,0,0,0,68,0,0,0,0,0
ODP 977,forcens_lgm,,36.0317,-1.95528,0,0,0,0,0,0,0,0,0,0,2,0,369,4,0,0,0,0,22,0,0,0,2,0,0,0,0,2,0,0,13,0,1,0,0,5,0,0,0,0,0
ODP 977,forcens_lgm,,36.0317,-1.95528,0,0,0,0,0,0,0,0,0,0,1,0,453,4,0,0,0,0,17,0,0,0,4,0,0,1,0,0,0,0,10,0,0,0,0,11,0,0,0,0,0
ODP 977,forcens_lgm,,36.0317,-1.95528,0,0,0,0,0,0,0,0,0,0,4,0,387,5,0,0,0,0,36,0,0,0,3,0,0,0,0,0,0,0,6,0,1,0,0,9,0,0,0,0,0
ODP 977,forcens_lgm,,36.0317,-1.95528,0,0,0,0,0,0,0,0,0,0,1,0,414,3,0,0,0,0,66,0,0,0,4,0,0,1,0,0,0,0,6,0,1,0,0,13,0,0,0,0,0
ODP 977,forcens_lgm,,36.0317,-1.95528,0,0,0,0,0,0,0,0,0,0,4,0,273,2,0,0,0,0,67,0,0,0,3,0,0,0,0,0,0,0,15,0,1,0,0,11,0,0,0,0,0
RC9-178,forcens_lgm,,33.733,27.917,0,0,0,0,0,28,0,0,0,0,0,0,69,2,0,0,0,0,29,0,0,0,79,0,0,0,0,0,0,0,0,0,0,0,0,20,0,0,0,0,0
RC9-178,forcens_lgm,,33.733,27.917,0,0,0,0,0,32,0,0,0,0,0,0,128,3,0,0,0,0,59,0,0,0,90,0,0,0,0,0,0,0,15,0,0,0,0,22,0,0,0,0,0
RC9-178,forcens_lgm,,33.733,27.917,0,0,0,0,0,25,0,0,0,0,0,0,101,6,0,0,0,0,71,0,1,0,68,0,0,0,0,0,0,0,15,0,0,0,0,30,0,0,0,0,0
RC9191,forcens_lgm,,38.2,18.033,0,0,0,0,0,22,0,0,0,0,1,0,147,2,0,0,0,0,90,0,0,,,0,2,0,0,0,0,0,1,0,0,0,0,36,0,0,0,0,0
RC9191,forcens_lgm,,38.2,18.033,0,0,0,0,0,18,0,0,0,0,1,0,142,5,0,0,0,0,108,0,0,,,0,0,0,0,0,0,0,6,0,0,0,0,42,0,0,0,0,0
RC9191,forcens_lgm,,38.2,18.033,0,0,0,0,0,68,0,0,0,0,0,0,184,1,0,0,0,0,73,0,0,,,0,0,0,0,0,1,0,9,0,1,0,0,40,0,0,0,0,0
RC9191,forcens_lgm,,38.2,18.033,0,0,0,0,0,38,0,0,0,0,0,0,199,5,0,0,0,0,90,0,1,,,0,0,0,0,0,0,0,14,0,1,0,0,50,0,0,0,0,0
RC9191,forcens_lgm,,38.2,18.033,0,0,0,0,0,49,0,0,0,0,0,0,142,3,0,0,0,0,110,1,0,,,0,0,0,0,0,0,0,4,0,0,0,0,80,0,0,0,0,0
SU8107,forcens_lgm,,35.57,-3.48,0,0,0,0,0,7,0,0,0,0,1,5,247,5,0,0,0,0,43,0,0,0,0,0,0,1,0,0,1,0,116,0,0,0,0,15,0,0,0,0,0
SU8107,forcens_lgm,,35.57,-3.48,0,0,0,0,0,4,0,0,0,0,5,14,320,7,0,0,0,0,46,0,0,,,0,0,1,0,0,0,0,65,0,1,0,0,14,0,0,0,0,0
SU8107,forcens_lgm,,35.57,-3.48,0,0,0,0,0,10,0,0,0,0,4,9,309,13,0,0,0,0,29,0,0,,,0,0,0,0,0,2,0,67,0,0,0,0,16,0,0,0,0,0
SU8107,forcens_lgm,,35.57,-3.48,0,0,0,0,0,5,0,0,0,0,2,3,180,6,0,0,0,0,30,0,1,,,0,0,3,0,0,0,0,35,0,0,0,0,9,0,0,0,0,0
SU8107,forcens_lgm,,35.57,-3.48,0,0,0,0,0,2,0,0,0,0,4,2,260,3,0,0,0,0,33,0,0,,,0,0,0,0,0,2,0,63,0,0,0,0,13,0,0,0,0,0
SU8107,forcens_lgm,,35.57,-3.48,0,0,0,0,0,8,0,0,0,0,1,2,235,3,0,0,0,0,32,0,0,0,0,0,0,0,0,0,1,0,38,0,0,0,0,7,0,0,0,0,0
SU8107,forcens_lgm,,35.57,-3.48,0,0,0,0,0,9,0,0,0,0,5,2,229,5,0,0,0,0,46,0,0,,,0,0,0,0,0,0,0,75,0,0,0,0,18,0,0,0,0,0
T87/2/20G,forcens_lgm,,34.97,23.75,0,0,0,0,0,20,0,0,0,0,0,0,59,0,0,0,0,0,26,0,0,0,53,0,0,0,0,0,0,0,7,0,1,0,0,19,0,0,0,0,0
T87/2/20G,forcens_lgm,,34.97,23.75,0,0,0,0,0,22,0,0,0,0,1,0,57,0,0,0,0,0,33,0,0,0,71,0,0,0,0,0,0,0,6,0,0,0,0,33,0,0,0,0,0
T87/2/20G,forcens_lgm,,34.97,23.75,0,0,0,0,0,16,0,0,0,0,0,0,71,0,0,0,0,0,19,0,0,1,72,0,0,0,0,2,0,0,8,0,0,0,0,21,0,0,0,0,0
V10-49,forcens_lgm,,36.083,26.833,0,0,0,0,0,30,0,0,0,0,1,0,193,4,0,0,0,0,32,0,0,,,0,0,0,0,0,2,0,4,0,1,0,0,81,0,0,0,0,0
V10-51,forcens_lgm,,35.917,27.3,0,0,0,0,0,16,0,0,0,0,0,0,139,2,0,0,0,0,17,0,0,,,0,0,3,0,0,0,0,5,0,0,0,0,30,0,0,0,0,0
V10-51,forcens_lgm,,35.917,27.3,0,0,0,0,0,19,0,0,0,0,0,0,110,0,0,0,0,0,27,0,1,,,0,0,0,0,0,0,0,3,0,0,0,0,45,0,0,0,0,0
V10-51,forcens_lgm,,35.917,27.3,0,0,0,0,0,41,0,0,0,0,2,0,203,5,0,0,0,0,82,0,1,,,0,0,1,0,0,0,0,14,0,1,0,0,49,0,0,0,0,0
A015558,forcens_lgm,0.58,8.983333333,51.73333333,0,0,7,0,20,2,0,12,0,0,0,55,66,3,19,0,3,0,40,2,0,0,18,1,0,2,0,1,0,0,1,0,12,1,0,36,0,0,0,0,0
DSDP site 594,forcens_lgm,2.52,-45.5235,174.948,0,0,0,0,0,0,0,0,0,0,12,0,15,495,0,0,0,0,3,0,0,0,0,0,0,0,0,0,0,0,4,0,0,0,0,5,0,0,0,0,0
E26-001,forcens_lgm,0.61,-40.28333333,168.34,0,0,0,0,0,0,60,0,0,0,56,2,44,0,0,0,0,0,105,0,0,0,0,0,0,3,0,0,0,0,37,0,0,0,0,11,0,0,0,0,0
E27-030,forcens_lgm,0.6,-45.0667,147.2283,0,0,0,0,0,2,12,0,0,0,45,0,43,46,0,0,0,0,120,2,0,0,1,0,0,2,0,0,0,0,17,0,0,0,0,26,0,0,0,0,0
E45-027,forcens_lgm,0.3,-43.23333333,105.5833333,0,0,0,0,0,1,13,0,0,0,38,0,17,50,0,0,0,0,157,0,0,0,0,0,0,0,1,0,0,0,12,0,0,0,0,11,0,0,0,0,0
E45-078,forcens_lgm,0.31,-45.037,114.348,0,0,1,0,0,1,4,0,0,0,52,0,14,43,0,0,0,0,155,0,0,0,0,0,0,1,0,0,0,0,17,1,0,0,0,11,0,0,0,0,0
E45-102,forcens_lgm,0.24,-33.61666667,113.5833333,0,0,0,1,1,0,16,0,0,0,152,4,14,6,0,0,0,0,37,13,0,0,19,2,4,0,0,4,0,0,0,0,0,0,0,41,0,0,0,0,0
E48-011,forcens_lgm,0.22,-29.7,97.58333333,0,0,10,0,7,0,6,4,0,0,123,1,40,4,0,0,0,0,27,1,6,0,53,0,0,4,0,0,1,0,0,1,0,0,0,13,0,0,0,0,0
E48-035,forcens_lgm,0.355,-30.35333333,86.485,0,0,0,7,0,5,56,0,0,0,93,0,0,6,0,0,0,0,50,7,7,0,58,2,0,7,0,7,2,0,0,0,0,0,0,3,0,0,0,0,0
E55-006,forcens_lgm,0.4,-38.8533,141.0633,0,0,0,3,0,0,47,0,0,0,35,0,19,0,0,0,0,0,71,2,0,0,0,0,0,0,0,0,0,0,62,0,18,0,0,62,0,0,0,0,0
FR1/94-GC03,forcens_lgm,0.3,-44.2606,149.9963889,0,0,0,5,0,0,14,0,0,0,38,0,81,35,0,0,0,0,169,2,0,0,0,1,0,0,0,1,0,0,32,0,0,0,0,15,0,0,0,0,0
MD88-770,forcens_lgm,1.12,-46.01666667,96.46666667,0,0,0,0,0,0,1,0,0,0,0,0,2,206,0,0,0,0,6,0,0,0,0,0,0,0,0,0,0,0,1,0,0,0,0,1,0,0,0,0,0
ODP122-760A,forcens_lgm,0.39,-16.922,115.5413333,0,0,2,0,23,3,10,7,0,0,8,37,4,1,4,0,0,0,2,5,4,0,100,17,2,6,0,21,1,0,0,0,4,1,1,63,0,0,0,0,0
ODP122-762B,forcens_lgm,0.8,-19.88733333,112.254,0,0,4,3,14,1,5,1,0,0,30,30,2,0,1,3,3,0,7,8,2,0,71,15,3,5,0,15,0,0,0,0,2,1,0,40,0,0,0,0,0
P69,forcens_lgm,3.9,-40.39666667,177.9966667,0,0,12,1,0,1,4,0,0,0,61,12,97,39,0,0,0,0,62,4,0,0,3,0,0,0,0,0,0,0,6,0,0,0,0,17,0,0,0,0,0
Q200,forcens_lgm,0.59,-45.995,172.025,0,0,0,0,0,0,1,0,0,0,2,0,1,251,0,0,0,0,20,0,0,0,0,0,0,0,0,0,0,0,3,0,0,0,0,0,0,0,0,0,0
Q585,forcens_lgm,0.73,-49.70333333,-177.99,0,0,0,0,0,0,0,0,0,0,3,0,1,325,0,0,0,0,15,0,0,0,0,0,0,0,0,0,0,0,0,0,0,0,0,0,0,0,0,0,0
R657 (S),forcens_lgm,0.5,-42.53333333,-178.4916667,0,0,1,2,0,0,23,0,0,0,107,19,130,24,0,0,0,0,60,0,0,0,0,1,0,1,0,0,0,0,51,0,0,0,0,32,0,0,0,0,0
R657 (W),forcens_lgm,0.5,-42.53333333,-178.4916667,0,0,8,0,0,3,22,0,0,0,77,6,79,24,0,0,0,0,47,0,0,0,0,0,0,0,0,0,1,0,33,0,0,0,0,15,0,0,0,0,0
RC08-039,forcens_lgm,0.7,-42.88333333,42.35,0,0,0,0,0,0,1,0,0,0,1,0,37,223,0,0,0,0,18,0,0,0,0,0,0,0,0,0,0,0,11,0,0,0,0,9,0,0,0,0,0
RC08-078,forcens_lgm,0.5,-44.78333333,-175.7666667,0,0,0,0,0,0,23,0,0,0,74,18,34,11,0,0,1,0,68,5,0,0,0,0,0,6,0,0,1,0,26,0,0,0,0,14,0,0,0,0,0
RC09-148,forcens_lgm,0.19,-29.68,113.7,0,0,1,2,0,2,3,0,0,0,160,15,0,0,0,0,0,0,14,17,0,0,71,23,1,0,0,5,0,0,0,0,0,0,0,34,0,0,0,0,0
RC09-150 (P),forcens_lgm,0.8,-31.28333333,114.5516667,0,0,0,5,0,11,14,0,0,0,153,3,5,0,3,0,0,0,25,11,0,0,11,8,3,3,3,5,8,0,0,0,8,0,0,22,0,0,0,0,0
RC09-150 (W),forcens_lgm,0.9,-31.28333333,114.5516667,0,0,0,0,0,3,5,0,0,0,171,3,7,4,0,0,0,0,29,9,0,0,11,1,0,0,0,0,2,0,0,0,0,0,0,44,0,0,0,0,0
RC09-161,forcens_lgm,1.6,19.56833333,59.595,0,0,1,0,19,5,0,0,0,0,0,20,6,0,6,0,0,0,87,2,0,0,33,17,0,14,1,5,14,0,1,1,8,0,0,60,0,0,0,0,0
RC09-162,forcens_lgm,0.5,19.07666667,60.42166667,0,0,0,0,24,0,0,9,0,0,0,41,0,0,11,0,1,0,66,11,0,0,39,23,2,10,0,7,5,0,0,0,7,0,0,46,0,0,0,0,0
RC10-131,forcens_lgm,0.3,-14.53,157.97,0,0,0,0,1,0,1,1,0,0,0,15,0,0,8,0,0,0,15,8,4,0,89,22,8,3,2,17,9,0,0,0,3,2,0,71,0,0,0,0,0
RC11-120,forcens_lgm,0.74,-43.51666667,79.86666667,0,0,1,0,0,0,6,0,0,0,5,0,24,179,0,0,0,0,76,0,0,0,0,0,0,0,0,0,1,0,5,0,0,0,0,3,0,0,0,0,0
RC11-121,forcens_lgm,0.4,-39.71666667,82.25,0,0,0,1,0,2,13,0,0,0,19,0,51,27,0,0,0,0,96,36,0,0,2,0,0,1,0,0,0,0,28,0,0,0,0,25,0,0,0,0,0
RC11-126,forcens_lgm,0.2,-30.06666667,94.41666667,0,0,0,2,0,21,39,0,0,0,51,0,11,0,0,0,0,0,80,6,1,0,46,4,4,3,3,3,5,0,3,0,4,0,0,13,0,0,0,0,0
RC11-134,forcens_lgm,0.1,-33.06666667,110.55,0,0,2,1,0,5,18,0,0,0,76,2,21,0,0,0,0,0,85,10,0,0,36,1,2,3,0,1,6,0,3,1,1,0,0,28,0,0,0,0,0
RC11-145,forcens_lgm,0.29,-25.48333333,110.0166667,0,0,2,0,1,0,5,0,0,0,158,13,3,0,0,0,0,0,6,11,2,0,56,8,1,2,0,4,1,0,0,0,0,0,0,62,0,0,0,0,0
RC11-147,forcens_lgm,0.6,-19.05833333,112.75,0,0,3,0,14,3,8,3,0,0,27,19,10,0,5,0,0,0,14,16,3,0,59,11,11,3,0,3,11,0,0,0,24,0,0,54,0,0,0,0,0
RC12-109,forcens_lgm,0.4,-25.88333333,157.8666667,0,0,9,1,2,1,5,0,0,0,105,8,2,0,6,0,0,0,34,89,1,0,97,22,5,3,0,16,7,0,0,0,3,0,0,29,0,0,0,0,0
RC12-113 (A),forcens_lgm,0.5,-24.88,163.52,0,0,5,3,1,2,13,0,0,0,43,6,1,0,3,0,0,0,17,64,2,0,96,18,12,5,2,8,8,0,0,0,4,0,0,16,0,0,0,0,0
RC12-339,forcens_lgm,0.7,9.133333333,90.03333333,0,0,3,0,67,0,0,2,0,0,0,54,2,0,16,0,2,0,33,3,6,0,34,18,4,1,1,4,5,0,0,0,4,1,0,38,0,0,0,0,0
RC13-038,forcens_lgm,0.4,-14.51666667,177.1,0,0,2,0,1,1,0,5,0,0,0,11,2,0,3,0,0,0,13,7,12,0,200,34,14,13,3,20,19,0,3,0,6,0,0,154,0,0,0,0,0
RC14-007,forcens_lgm,0.25,-35.51666667,44.75,0,0,1,4,0,4,9,0,0,0,68,39,64,3,0,0,0,0,48,30,0,0,0,4,0,1,0,9,0,0,2,0,0,0,0,16,0,0,0,0,0
RC14-009,forcens_lgm,0.7,-39.01666667,47.88333333,0,0,0,2,0,0,5,0,0,0,35,3,122,17,0,0,0,0,77,2,0,0,3,0,0,1,0,1,0,0,26,0,1,0,0,6,0,0,0,0,0
RC14-029,forcens_lgm,0.2,-10.92333333,88.315,0,0,3,0,33,0,0,3,0,0,3,32,7,0,9,3,2,0,9,0,5,0,73,38,11,8,0,4,2,0,0,0,9,0,1,47,0,0,0,0,0
RC14-035,forcens_lgm,0.4,-0.833333333,89.95,0,0,5,0,45,0,0,4,0,0,0,25,1,0,25,14,3,0,21,1,2,0,69,30,0,2,0,7,9,0,0,0,6,0,0,31,0,0,0,0,0
RC14-037,forcens_lgm,0.4,1.466666667,90.16666667,0,0,0,0,28,1,0,1,0,0,0,26,1,0,20,10,5,0,20,2,2,0,78,19,10,0,0,11,10,0,0,1,4,0,0,52,0,0,0,0,0
RC17-069,forcens_lgm,0.6,-31.5,32.6,0,0,0,6,3,3,3,0,0,0,95,18,12,0,0,0,0,0,27,3,0,0,45,9,3,3,6,6,12,0,0,0,3,0,0,45,0,0,0,0,0
RC17-073,forcens_lgm,0.3,-32.11666667,36.01666667,0,0,0,9,1,9,3,0,0,0,92,3,12,1,1,0,0,0,42,3,0,0,40,9,2,4,1,9,16,0,2,0,9,0,0,33,0,0,0,0,0
RC17-098,forcens_lgm,0.53,-13.21666667,65.61666667,0,0,0,2,12,4,1,21,0,0,0,29,3,0,5,1,1,0,10,3,7,0,78,22,3,5,0,11,7,0,0,0,7,0,0,68,0,0,0,0,0
RC17-108,forcens_lgm,0.4,-10.508,57.72,0,0,1,0,8,2,1,1,0,0,0,15,11,1,6,0,2,0,51,22,0,0,67,9,15,1,0,2,6,0,0,0,32,0,1,50,0,0,0,0,0
RC17-113,forcens_lgm,0.3,15.033,66.097,0,0,0,0,35,1,0,7,0,0,0,28,2,0,46,0,5,0,14,10,1,0,67,21,1,4,3,2,6,0,0,0,2,0,0,46,0,0,0,0,0
RS067-GC10,forcens_lgm,0.505,-38.86166667,140.1,0,0,0,0,0,4,42,0,0,0,30,1,51,15,0,0,0,0,138,0,0,0,1,0,0,0,0,0,0,0,21,0,0,0,0,14,0,0,0,0,0
RS096-GC21,forcens_lgm,0.29,-23.77216667,108.5006667,0,0,2,1,3,3,6,0,0,0,75,9,2,0,0,0,0,0,9,12,1,0,51,8,6,0,1,11,2,0,0,0,1,0,0,40,0,0,0,0,0
RS147-GC14,forcens_lgm,0.25,-46.45,145.24,0,0,0,0,0,0,5,0,0,0,19,0,41,101,0,0,0,0,96,5,0,0,0,0,0,0,0,0,0,0,22,0,0,0,0,26,0,0,0,0,0
RS147-GC31,forcens_lgm,0.69,-44.53,149.05,0,0,0,0,0,0,10,0,0,0,35,0,56,36,0,0,0,0,108,0,0,0,0,0,0,0,0,0,0,0,55,0,0,0,0,15,0,0,0,0,0
S794,forcens_lgm,1.39,-35.31,177.9966667,0,0,18,0,0,0,24,0,0,0,52,40,126,14,0,0,0,0,46,15,0,0,0,0,1,1,1,2,0,0,27,0,0,0,0,30,0,0,0,0,0
SHI9006,forcens_lgm,5.99,-4.33223,117.59584,0,0,0,0,13,5,0,0,0,0,0,37,0,8,14,0,0,0,53,0,0,0,134,1,1,6,0,12,6,0,0,0,13,0,0,152,0,0,0,0,0
SHI9016,forcens_lgm,0.52,-8.455833333,128.238,0,0,7,0,27,5,4,1,0,0,0,59,13,1,27,13,0,0,24,5,1,0,126,19,6,4,0,18,6,0,0,0,23,0,0,85,0,0,0,0,0
SHI9022,forcens_lgm,5.79,-11.35444,122.03799,0,0,5,0,29,1,2,0,0,0,0,32,29,0,14,0,0,0,14,0,0,0,99,11,6,3,0,12,1,0,0,0,15,0,0,79,0,0,0,0,0
SHI9034,forcens_lgm,8.3,-9.09764,111.00721,0,0,4,0,31,4,1,2,0,0,0,108,102,2,16,0,0,0,61,0,0,0,31,2,4,2,0,8,2,0,0,0,8,0,1,31,0,0,0,0,0
SO36-07,forcens_lgm,0.73,-42.25,144.75,0,0,0,0,0,2,25,0,0,0,33,0,70,65,0,0,0,0,109,1,0,0,3,15,0,0,0,0,0,0,19,0,0,0,0,30,0,0,0,0,0
SO36-21,forcens_lgm,0.2,-43.8,145.5,0,0,0,0,0,0,17,0,0,0,50,0,34,24,0,0,0,0,140,0,0,0,1,0,0,4,0,0,0,0,4,0,0,0,0,25,0,0,0,0,0
SO36-39,forcens_lgm,0.3,-45.87,145.99,0,0,0,0,0,0,4,0,0,0,28,0,47,68,0,0,0,0,116,0,0,0,0,0,0,0,0,0,0,0,3,0,0,0,0,27,0,0,0,0,0
SO36-47,forcens_lgm,0.5,-46.87,145.98,0,0,0,0,0,0,3,0,0,0,40,0,40,72,0,0,0,0,121,0,0,0,0,0,0,0,0,0,0,0,9,0,0,0,0,20,0,0,0,0,0
U938,forcens_lgm,1.3,-45.075,179.4983333,0,0,0,0,0,0,1,0,0,0,97,0,2,179,0,0,0,0,19,0,0,0,0,0,0,0,0,0,0,0,26,0,0,0,0,3,0,0,0,0,0
V14-077,forcens_lgm,0.29,-29.64166667,32.85833333,0,0,1,1,11,9,1,0,0,0,83,19,15,0,6,0,0,0,8,1,1,0,53,14,3,6,1,11,18,0,0,0,6,0,0,34,0,0,0,0,0
V14-081,forcens_lgm,0.35,-28.425,43.78333333,0,0,0,2,3,9,8,0,0,0,42,5,14,0,0,0,0,0,23,3,0,0,62,12,10,4,1,4,13,0,4,1,15,0,0,65,0,0,0,0,0
V14-101,forcens_lgm,0.7,8.65,58.56666667,0,0,8,0,12,1,0,7,0,0,0,19,32,0,14,0,3,0,28,7,0,0,47,7,4,1,0,6,0,0,0,0,3,0,0,103,0,0,0,0,0
V14-102,forcens_lgm,0.4,10.25,57.18333333,0,0,5,0,9,6,0,9,0,0,1,62,41,1,27,0,7,0,28,6,2,0,22,6,2,1,2,9,0,0,0,0,4,0,0,50,0,0,0,0,0
V16-089,forcens_lgm,0.4,-33.01666667,85.78333333,0,0,0,6,0,6,29,0,0,0,84,0,50,0,0,0,0,0,88,1,0,0,13,0,1,3,1,1,2,0,5,1,0,0,0,8,0,0,0,0,0
V18-191,forcens_lgm,0.3,-32.433,46.567,0,0,0,10,0,8,17,0,0,0,102,1,42,2,0,0,0,0,43,3,0,0,31,4,2,3,2,3,9,0,0,1,3,0,0,16,0,0,0,0,0
V18-207,forcens_lgm,0.4,-25.63333333,87.11666667,0,0,1,1,2,5,18,2,0,0,29,2,2,0,1,0,0,0,7,12,8,0,116,18,13,5,0,7,14,0,1,1,4,1,0,32,0,0,0,0,0
V19-178,forcens_lgm,0.8,8.116666667,73.25,0,0,0,0,35,2,0,3,0,0,0,29,0,0,16,9,6,0,18,1,1,0,59,27,11,3,2,11,5,0,1,0,10,1,0,50,0,0,0,0,0
V19-185,forcens_lgm,0.3,6.7,59.33333333,0,0,2,1,10,3,2,1,0,0,0,11,30,1,6,4,7,0,35,8,1,0,62,6,2,1,0,4,3,0,1,0,6,0,0,94,0,0,0,0,0
V19-188,forcens_lgm,0.6,6.866666667,60.66666667,0,0,7,2,39,2,0,5,0,0,0,32,27,1,16,4,10,0,30,3,6,0,58,7,1,1,1,2,4,0,0,0,1,0,0,39,0,0,0,0,0
V19-201,forcens_lgm,0.7,-5.333333333,40.43333333,0,0,6,0,28,2,0,1,0,0,1,36,19,0,11,0,2,0,16,4,2,0,74,10,2,2,2,8,6,0,0,2,15,0,1,53,0,0,0,0,0
V19-202,forcens_lgm,0.4,-6.983333333,41.18333333,0,0,3,0,32,2,1,3,0,0,3,29,13,2,12,1,3,0,19,5,4,0,94,8,3,8,0,5,3,0,0,0,3,0,0,45,0,0,0,0,0
V19-204,forcens_lgm,0.3,-10.23333333,43.81666667,0,0,3,0,17,0,3,3,0,0,1,32,20,0,14,0,2,0,21,3,8,0,90,9,2,3,0,4,5,0,0,0,0,0,0,63,0,0,0,0,0
V20-170,forcens_lgm,0.3,-21.8,69.23333333,0,0,1,1,7,2,17,2,0,0,4,2,3,0,1,0,0,0,5,4,8,0,126,23,12,3,1,16,4,0,0,0,10,0,2,48,0,0,0,0,0
V20-175,forcens_lgm,0.3,-22.3,68,0,0,1,2,2,3,18,0,0,0,1,5,0,0,1,0,0,0,7,2,5,0,121,27,12,4,5,5,16,0,1,1,10,1,1,50,0,0,0,0,0
V24-157,forcens_lgm,0.3,-14.95,147.92,0,0,0,0,13,1,3,1,0,0,3,30,0,0,10,0,0,0,11,2,17,0,151,42,3,6,3,31,23,0,0,0,5,0,0,56,0,0,0,0,0
V24-161,forcens_lgm,0.5,-18.2,151.45,0,0,1,0,7,3,2,4,0,0,1,18,0,0,7,1,1,0,12,7,4,0,115,27,4,2,3,19,13,0,0,0,7,0,0,30,0,0,0,0,0
V24-170,forcens_lgm,0.4,-13.52,146.88,0,0,2,0,12,2,5,5,0,0,1,21,1,0,20,0,1,0,11,5,3,0,175,49,3,7,1,21,13,0,0,0,3,0,0,42,0,0,0,0,0
V24-184,forcens_lgm,0.3,-12.87,146.2,0,0,0,0,9,0,13,1,0,0,0,24,0,0,11,0,0,0,3,0,3,0,153,49,2,3,0,10,0,0,0,0,1,0,0,57,0,0,0,0,0
V28-238,forcens_lgm,0.39,1.016666667,160.4833333,0,0,9,0,36,4,0,20,0,0,0,161,5,0,97,19,0,0,6,0,26,0,238,55,6,1,0,117,65,0,0,0,7,0,0,178,0,0,0,0,0
V28-239,forcens_lgm,0.52,3.25,159.1833333,0,0,4,0,38,8,0,30,0,0,0,90,0,0,155,10,1,0,1,1,12,0,76,38,3,0,0,36,41,0,0,1,0,0,0,57,0,0,0,0,0
V28-342 (W),forcens_lgm,0.89,-14.1,120.5,0,0,1,0,25,1,3,19,0,0,0,42,6,0,3,0,0,0,0,1,4,0,70,20,5,10,0,22,3,0,0,0,2,1,0,32,0,0,0,0,0
V29-029,forcens_lgm,0.8,5.116666667,77.58333333,0,0,1,0,29,2,0,1,0,0,0,74,1,0,16,1,6,0,47,4,1,0,25,10,5,3,0,7,3,0,0,0,4,0,0,61,0,0,0,0,0
V29-030,forcens_lgm,0.8,3.083333333,76.25,0,0,1,0,61,1,0,1,0,0,0,53,11,0,40,3,9,0,18,1,0,0,34,10,4,4,1,6,5,1,0,0,1,0,0,37,0,0,0,0,0
V29-045,forcens_lgm,0.4,-6,69.817,0,0,3,0,25,0,0,2,0,0,0,27,18,1,18,1,5,0,19,0,1,0,70,16,4,6,3,8,2,0,0,1,6,0,0,67,0,0,0,0,0
V29-048,forcens_lgm,0.2,-6.266666667,63.43333333,0,0,2,0,39,4,0,4,0,0,0,47,12,0,14,1,6,0,9,0,11,0,60,30,2,3,3,15,9,0,0,0,2,1,0,26,0,0,0,0,0
V29-064,forcens_lgm,0.3,-27.283,74.867,0,0,2,3,0,12,35,0,0,0,22,0,2,0,0,0,0,0,14,2,4,0,111,22,2,8,7,12,12,0,0,0,5,0,1,26,0,0,0,0,0
V33-065,forcens_lgm,0.4,-22.73333333,112.5833333,0,0,0,0,4,1,6,1,0,0,104,17,6,2,6,0,0,0,6,7,0,0,52,8,9,1,0,11,0,0,0,0,1,0,1,55,0,0,0,0,0
Z2108,forcens_lgm,0.75,-33.3765,161.6125,0,0,5,1,1,5,11,0,0,0,110,37,51,2,0,1,0,0,49,20,0,0,25,2,1,7,0,0,10,0,104,0,1,0,0,26,3,0,0,0,0
Z2112,forcens_lgm,0.935,-33.53,166.53,0,0,10,2,0,2,17,0,0,0,140,6,193,3,0,0,0,0,69,31,0,0,14,1,0,5,0,4,7,0,0,1,3,0,0,8,0,0,0,0,0
A156-04,forcens_lgm,750,34.817,-74.683,0,0,0,0,2,2,4,1,0,0,21,16,13,0,7,0,0,0,18,16,2,6,86,29,4,1,0,9,0,0,18,0,15,1,0,52,0,0,0,0,0
A164-05,forcens_lgm,171,37.767,-71.235,0,0,1,0,0,2,5,1,0,0,105,11,55,54,1,0,0,0,25,1,1,7,19,4,6,1,0,3,0,0,9,0,2,0,0,38,0,0,0,0,0
A164-06,forcens_lgm,109,38.133,-69.851,0,0,0,0,0,0,1,0,0,0,32,0,42,53,0,0,0,0,27,1,0,0,7,1,0,3,0,1,0,0,2,1,0,0,0,15,0,0,0,0,0
A164-24,forcens_lgm,75,36.483,-69,0,0,1,2,0,0,4,0,0,0,57,17,16,2,0,0,1,0,7,1,3,2,14,12,0,2,0,3,0,0,0,0,1,0,0,11,0,0,0,0,0
A164-61,forcens_lgm,100,39.535,-68.783,0,0,0,0,0,1,1,0,0,0,114,13,73,52,1,0,0,0,56,4,0,3,14,8,3,4,0,3,0,0,13,0,6,0,0,23,0,0,0,0,0
A167-13,forcens_lgm,140,31.65,-75.35,0,0,2,0,0,10,17,0,0,0,75,4,23,0,0,0,0,0,15,6,1,5,80,8,6,3,0,6,7,0,0,0,5,0,0,41,0,0,0,0,0
A167-14,forcens_lgm,100,31.467,-76.467,0,0,0,1,0,15,29,0,0,0,75,1,4,0,0,0,0,0,12,5,0,6,89,0,13,2,1,8,17,0,0,0,5,0,0,40,0,0,0,0,0
A172-01,forcens_lgm,40,17.233,-73.467,0,0,0,0,0,7,12,0,0,0,12,44,7,0,0,0,0,0,9,0,0,25,242,45,3,2,0,12,0,0,2,0,12,0,1,42,0,0,0,0,0
A172-02,forcens_lgm,60,16.2,-72.317,0,0,0,0,0,5,3,0,0,0,36,34,10,0,0,0,0,0,7,0,2,35,152,46,7,1,0,11,0,0,2,1,19,0,0,54,0,0,0,0,0
A173-04,forcens_lgm,72,33.867,-62.533,0,0,2,8,1,1,25,0,0,0,178,4,43,1,0,0,0,0,15,5,2,1,30,7,1,1,1,0,4,0,0,0,0,0,0,9,0,0,0,0,0
A179-15,forcens_lgm,149,24.8,-75.933,0,0,0,0,1,0,21,0,0,0,10,3,1,0,0,0,0,0,1,3,2,4,205,11,59,4,2,39,6,0,0,0,7,0,0,51,0,0,0,0,0
A179-15,forcens_lgm,162,24.8,-75.933,0,0,5,0,0,7,22,0,0,0,19,13,0,0,0,0,0,0,3,10,4,5,345,31,72,6,0,23,2,0,0,0,11,0,0,84,0,0,0,0,0
A180-09,forcens_lgm,60,39.45,-45.95,0,0,0,0,0,2,0,0,0,0,80,8,138,69,1,0,0,0,53,1,0,3,12,1,0,1,0,1,1,0,10,0,0,0,0,11,0,0,0,0,0
A180-15,forcens_lgm,60,39.267,-36.7,0,0,0,9,0,9,6,0,0,0,221,16,174,42,0,0,0,0,64,7,0,2,67,5,0,3,0,2,0,0,5,0,2,0,0,33,0,0,0,0,0
A180-16,forcens_lgm,70,38.35,-32.483,0,0,0,0,0,27,4,0,0,0,45,3,62,3,0,0,0,0,55,13,0,1,13,2,1,0,0,1,1,0,33,0,3,0,0,52,0,0,0,0,0
A180-32,forcens_lgm,60,29.117,-26.25,0,0,8,2,0,1,36,0,0,0,71,0,18,2,0,0,0,0,7,41,1,0,120,5,6,0,1,6,2,0,0,0,2,0,0,9,0,0,0,0,0
A180-39,forcens_lgm,30,25.833,-19.3,0,0,2,0,0,2,3,0,0,0,53,5,193,5,0,0,0,0,80,31,0,0,39,4,1,3,2,11,1,0,8,0,1,0,0,16,0,0,0,0,0
A180-47,forcens_lgm,350,15.318,-17.918,0,0,1,0,0,1,0,0,0,0,23,33,14,1,0,0,0,0,216,4,0,12,30,6,13,4,2,4,8,0,8,0,0,0,0,13,0,0,0,0,0
A180-48,forcens_lgm,529,15.317,-18.1,0,0,1,0,10,1,0,0,0,0,23,18,8,1,0,0,0,0,108,0,0,56,78,20,4,1,0,3,4,0,0,0,2,0,1,17,0,0,0,0,0
A180-56,forcens_lgm,100,12.235,-17.767,0,0,6,0,0,5,2,0,0,0,13,20,60,0,0,0,0,0,201,5,0,17,53,25,1,5,0,12,3,0,2,0,6,0,0,20,0,0,0,0,0
A180-72,forcens_lgm,46,0.585,-21.783,0,0,6,0,0,0,39,0,0,0,51,88,93,5,0,0,0,0,10,2,2,6,13,20,0,1,0,0,1,0,0,0,1,0,0,22,0,0,0,0,0
A180-73,forcens_lgm,60,0.167,-23,0,0,6,0,0,1,32,0,0,0,21,99,79,2,1,0,0,0,6,4,1,11,47,48,0,3,0,5,3,0,0,0,9,0,0,57,0,0,0,0,0
A180-73,forcens_lgm,60,0.167,-23,0,0,7,0,0,0,29,0,0,0,17,87,57,0,0,0,0,0,2,4,0,2,21,23,1,4,0,0,3,0,0,0,1,0,0,27,0,0,0,0,0
K708-4,forcens_lgm,58,49.984,-25.018,0,0,0,0,0,0,0,0,0,0,1,0,11,404,0,0,0,0,0,0,0,0,0,0,0,0,0,0,0,0,8,0,0,0,0,1,0,0,0,0,0
K708-6,forcens_lgm,60,51.552,-29.567,0,0,0,0,0,5,0,0,0,0,0,0,20,910,0,0,0,0,20,0,0,0,0,0,0,0,0,0,0,0,45,0,0,0,0,0,0,0,0,0,0
K708-7,forcens_lgm,53,53.933,-24.083,0,0,0,0,0,0,0,0,0,0,0,0,8,236,0,0,0,0,6,0,0,0,0,0,0,0,0,0,0,0,3,0,0,0,0,6,0,0,0,0,0
K708-8,forcens_lgm,83,52.736,-22.55,0,0,0,0,0,0,0,0,0,0,5,0,36,552,0,0,0,0,10,0,0,0,0,0,0,0,0,0,0,0,15,0,0,0,0,14,0,0,0,0,0
K714-3,forcens_lgm,82,57.486,-27.519,0,0,0,0,0,2,0,0,0,0,0,0,4,451,0,0,0,0,17,0,0,0,0,0,0,0,0,0,0,0,18,0,0,0,0,5,0,0,0,0,0
V04-008,forcens_lgm,50,37.218,-33.134,0,0,3,0,0,53,14,0,0,0,57,4,117,4,0,0,0,0,100,77,0,0,22,0,11,0,4,4,3,0,50,0,4,0,0,104,0,0,1,0,0
V04-032,forcens_lgm,30,35.05,-11.617,0,0,0,3,0,40,7,0,0,0,29,1,82,2,0,0,0,0,45,54,0,0,26,10,6,5,0,4,18,0,23,1,2,0,0,63,0,0,0,0,0
V15-168,forcens_lgm,160,0.2,-39.9,0,0,11,0,0,2,40,0,0,0,5,69,9,0,0,0,0,0,3,1,2,3,136,74,0,0,0,6,3,0,0,0,2,0,1,58,0,0,0,0,0
V15-168,forcens_lgm,163,0.2,-39.9,0,0,2,0,0,1,9,2,0,0,2,64,6,0,0,0,0,0,1,2,2,4,38,25,1,1,0,3,3,0,1,0,2,0,0,11,0,0,0,0,0
V15-168,forcens_lgm,142,0.2,-39.9,0,0,11,0,0,1,42,0,0,0,3,79,6,0,0,0,0,0,4,0,7,2,66,75,1,0,0,0,3,0,0,2,3,0,0,11,0,0,0,0,0
V16-025,forcens_lgm,55,5.067,-36.8,0,0,0,0,3,0,9,0,0,0,3,38,6,0,2,2,3,0,3,2,3,2,121,127,0,2,4,12,1,0,0,0,4,0,0,11,0,0,0,0,0
V16-025,forcens_lgm,53,5.067,-36.8,0,0,6,0,3,0,8,0,0,0,1,39,5,0,3,0,8,0,0,0,0,1,111,117,2,1,2,1,1,0,0,1,4,1,0,3,0,0,0,0,0
V17-039,forcens_lgm,100,11.75,-80.433,0,0,2,1,0,1,13,0,0,0,9,6,0,0,0,0,0,0,3,2,7,0,181,22,8,9,0,25,0,0,0,0,4,0,1,39,0,0,0,0,0
V17-165,forcens_lgm,50,32.75,-41.9,0,0,0,0,0,4,8,0,0,0,98,3,49,1,0,0,0,0,15,32,4,0,100,4,1,0,0,5,5,0,0,0,0,0,0,9,0,0,0,0,0
V19-019,forcens_lgm,80,13.233,-78.367,0,0,2,1,0,0,5,0,0,0,6,9,2,0,1,0,0,0,2,3,3,37,141,22,3,4,1,16,0,0,0,0,7,0,0,21,2,0,0,0,0
V19-021,forcens_lgm,60,11.8,-79.35,0,0,0,0,1,0,7,0,0,0,6,15,2,0,0,0,0,0,3,2,8,16,113,24,8,6,0,28,0,0,0,0,5,0,0,32,0,0,0,0,0
V19-291,forcens_lgm,80,2,-5.25,0,0,8,0,0,2,2,0,0,0,18,54,76,1,1,0,0,0,23,0,1,33,139,31,0,6,0,6,0,0,0,0,1,0,0,22,0,0,0,0,0
V19-309,forcens_lgm,31,31.167,-45.133,0,0,1,0,0,1,15,0,0,0,127,2,30,1,0,0,0,0,31,16,0,4,103,5,2,4,0,5,1,0,2,3,0,0,0,21,0,0,0,0,0
V20-241,forcens_lgm,30,22.133,-41.5,0,0,1,0,1,9,18,0,0,0,1,2,0,1,2,0,0,0,2,6,3,15,195,24,23,3,2,16,5,0,0,1,14,0,0,39,0,0,0,0,0
V20-242,forcens_lgm,29,23.367,-43.65,0,0,3,2,0,1,8,1,0,0,2,1,0,0,0,0,0,0,2,7,5,8,205,20,25,0,1,17,4,0,0,0,8,0,2,55,0,0,0,0,0
V22-026,forcens_lgm,40,8.717,-41.25,0,0,10,0,3,4,21,0,0,0,8,42,12,1,0,0,1,0,8,2,4,13,149,78,1,4,2,9,11,0,0,0,1,0,0,19,0,0,0,0,0
V22-186,forcens_lgm,30,3.383,-20.117,0,0,6,0,0,0,2,0,0,0,27,81,52,0,0,0,0,0,0,0,2,0,19,45,0,1,2,3,3,0,0,0,2,0,0,0,0,0,0,0,0
V22-186,forcens_lgm,30,3.383,-20.117,0,0,12,0,1,0,4,3,0,0,25,106,42,1,2,0,0,0,0,4,8,3,45,92,0,1,5,14,0,0,0,0,0,0,0,5,0,0,0,0,0
V22-188,forcens_lgm,30,4.667,-20.917,0,0,3,0,0,9,3,0,0,0,6,33,20,2,0,0,0,0,11,6,2,20,103,64,5,2,1,12,8,0,0,0,17,0,0,53,0,0,0,0,0
V22-188,forcens_lgm,30,4.667,-20.917,0,0,5,0,0,12,6,0,0,0,16,39,20,0,0,0,0,0,10,10,4,11,81,40,3,2,4,5,5,0,0,0,14,0,1,29,0,0,0,0,0
V22-196,forcens_lgm,70,13.833,-18.951,0,0,4,0,7,2,0,0,0,0,127,36,77,0,0,0,0,0,57,6,0,11,40,16,1,1,1,2,0,0,0,0,2,0,0,4,0,0,0,0,0
V23-042,forcens_lgm,70,62.183,-27.933,0,0,0,0,0,0,0,0,0,0,0,0,9,244,0,0,0,0,4,0,0,0,0,1,0,0,0,0,0,0,9,0,0,0,0,2,0,0,0,0,0
V23-082,forcens_lgm,110,52.584,-21.933,0,0,0,0,0,0,0,0,0,0,0,0,6,525,0,0,0,0,2,0,0,0,0,0,0,0,0,0,0,0,5,0,0,0,0,1,0,0,0,0,0
V23-083,forcens_lgm,99,49.868,-24.25,0,0,0,0,0,1,0,0,0,0,0,0,10,429,0,0,0,0,2,0,0,0,0,0,0,0,0,0,0,0,3,0,0,0,0,0,0,0,0,0,0
V23-084,forcens_lgm,81,46.001,-16.917,0,0,0,0,0,0,0,0,0,0,9,0,11,232,0,0,0,0,30,0,0,0,1,0,0,0,0,0,0,0,0,0,0,0,0,8,0,0,0,0,0
V23-091,forcens_lgm,30,29.583,-28.567,0,0,4,3,0,12,33,0,0,0,62,1,20,0,0,0,0,0,20,64,4,1,59,2,7,4,3,19,9,0,0,0,5,0,0,32,0,0,0,0,0
V23-098,forcens_lgm,70,23.117,-19.3,0,0,0,0,0,0,3,0,0,0,18,5,159,2,0,0,0,0,83,9,0,0,4,0,0,2,2,2,4,0,5,1,0,0,0,6,0,0,0,0,0
V24-001,forcens_lgm,265,36.5,-73.5,0,0,1,0,0,0,2,0,0,0,69,4,123,1,2,0,0,0,40,0,0,3,18,4,0,9,0,1,1,0,5,0,2,0,0,11,0,0,0,0,0
V24-028,forcens_lgm,60,15.317,-77.95,0,0,4,1,0,1,8,0,0,0,4,16,2,0,2,0,0,0,2,1,5,29,140,23,5,4,0,53,0,0,0,0,6,0,0,46,0,0,0,0,0
V25-042,forcens_lgm,60,12.55,-50.65,0,0,11,0,0,1,10,1,0,0,26,258,8,1,0,0,0,0,1,0,32,0,36,64,0,3,5,7,2,0,0,0,0,0,1,2,0,0,0,0,0
V25-044,forcens_lgm,30,11.501,-45.151,0,0,4,0,0,4,8,0,0,0,9,22,1,0,3,0,0,0,5,4,3,12,106,68,4,1,3,1,3,0,0,0,9,0,0,42,0,0,0,0,0
V25-060,forcens_lgm,40,3.283,-34.833,0,0,7,0,1,0,17,0,0,0,5,20,12,0,1,0,0,0,2,3,1,7,120,52,6,3,3,7,5,0,0,0,3,0,0,36,0,0,0,0,0
V25-060,forcens_lgm,47.5,3.283,-34.833,0,0,12,0,0,1,25,0,0,0,1,45,8,0,1,0,0,0,6,0,2,13,110,72,1,0,1,6,2,0,0,0,3,0,0,32,0,0,0,0,0
V26-041,forcens_lgm,43,19.319,-26.102,0,0,2,0,0,1,5,0,0,0,46,13,86,2,0,0,0,0,17,15,1,4,52,41,1,5,0,1,6,0,0,0,1,0,0,17,0,0,0,0,0
V26-041,forcens_lgm,42,19.319,-26.102,0,0,1,0,2,2,7,0,0,0,40,12,107,5,0,0,0,0,21,33,1,7,48,44,5,17,2,7,12,0,0,0,5,0,0,35,0,0,1,0,0
V26-046,forcens_lgm,45,9.552,-18.169,0,0,5,0,0,4,0,0,0,0,55,24,56,1,0,0,0,0,8,6,0,16,44,24,1,4,0,2,2,0,0,0,3,0,0,6,0,0,0,0,0
V26-046,forcens_lgm,45,9.552,-18.169,0,0,15,0,0,3,0,0,0,0,68,64,69,0,0,0,0,0,11,7,0,29,46,51,0,9,3,4,6,0,1,0,7,0,0,7,0,0,0,0,0
V26-104,forcens_lgm,150,-0.083,-41.783,0,0,0,0,3,0,47,0,0,0,3,56,10,0,0,0,0,0,2,3,10,5,175,98,1,0,0,6,1,0,0,3,13,0,0,86,0,0,0,0,0
V26-104,forcens_lgm,155,-0.083,-41.783,0,0,0,0,0,1,32,0,0,0,3,33,0,0,0,0,0,0,0,3,2,0,139,66,0,1,0,3,0,0,0,2,3,0,0,39,0,0,0,0,0
V26-107,forcens_lgm,100,4.683,-46.867,0,0,0,0,0,2,31,0,0,0,0,16,12,0,49,0,0,0,2,0,4,2,139,66,2,0,0,15,2,0,0,0,20,0,0,43,0,0,0,0,0
V27-017,forcens_lgm,35,50.085,-37.3,0,0,0,0,0,0,0,0,0,0,1,0,3,329,0,0,0,0,0,0,0,0,0,0,0,0,0,0,0,0,0,0,0,0,0,0,0,0,0,0,0
V27-019,forcens_lgm,35,52.085,-38.8,0,0,0,0,0,0,1,0,0,0,2,0,16,280,0,0,0,0,3,0,0,0,0,0,0,0,0,0,0,0,13,0,0,0,0,7,0,0,0,0,0
V27-020,forcens_lgm,80,54,-46.2,0,0,0,1,0,0,0,0,0,0,3,0,26,291,0,0,0,0,17,0,0,0,0,0,0,0,0,0,0,0,9,0,0,0,0,16,0,0,0,0,0
V27-110,forcens_lgm,47,56.885,-18.485,0,0,0,0,0,1,0,0,0,0,4,0,14,349,0,0,0,0,10,0,0,0,0,0,0,0,0,0,0,0,21,0,0,0,0,13,0,0,0,0,0
V27-116,forcens_lgm,60,52.834,-30.334,0,0,0,0,0,0,0,0,0,0,1,0,10,340,0,0,0,0,7,0,0,0,0,0,0,0,0,0,0,0,10,0,0,0,0,6,0,0,0,0,0
V27-137,forcens_lgm,40,42.685,-17.067,0,0,0,1,0,0,0,0,0,0,31,0,27,277,0,0,0,0,42,2,0,0,2,0,0,3,0,0,0,0,1,0,0,0,0,3,0,0,0,0,0
V27-175,forcens_lgm,50,8.801,-22.103,0,0,25,0,7,1,9,2,0,0,22,97,16,0,3,0,0,0,0,0,5,6,26,75,0,2,0,2,6,0,0,0,0,0,1,1,0,0,0,0,0
V27-178,forcens_lgm,58,5.1,-26.65,0,0,7,0,0,1,6,0,0,0,6,52,11,4,0,0,0,0,6,0,4,1,88,117,0,1,1,4,3,0,0,0,0,0,0,3,0,0,0,0,0
V27-178,forcens_lgm,55,5.1,-26.65,0,0,12,0,0,0,9,0,0,0,4,105,25,0,0,0,0,0,15,1,14,1,80,137,1,5,2,15,0,0,0,0,0,0,0,1,0,0,0,0,0
V27-248,forcens_lgm,82,3.05,-11.803,0,0,20,0,0,0,0,0,0,0,11,26,28,0,0,0,0,0,0,0,2,15,31,29,1,4,0,0,0,0,0,0,2,0,0,14,0,0,0,0,0
V27-263,forcens_lgm,20,35.017,-40.917,0,0,2,0,0,25,4,0,0,0,69,1,57,2,0,0,0,0,45,44,1,1,41,1,0,5,0,6,1,0,3,0,1,0,0,38,0,0,2,0,0
V28-089,forcens_lgm,72,44.533,-32.583,0,0,0,0,0,4,0,0,0,0,11,1,24,384,0,0,0,0,24,3,0,1,5,0,0,0,0,1,0,0,26,0,0,0,0,9,0,0,0,0,0
V28-119,forcens_lgm,80,17.033,-76.6,0,0,7,0,0,2,13,1,0,0,11,10,1,1,0,0,0,0,2,1,10,28,161,22,11,5,1,32,0,0,0,0,6,0,0,46,0,0,0,0,0
V28-122,forcens_lgm,100,11.933,-78.683,0,0,2,0,0,0,11,0,0,0,12,8,0,1,0,0,0,0,3,0,6,27,156,16,12,8,1,13,0,0,0,0,3,0,0,15,0,0,0,0,0
V28-129,forcens_lgm,80,11.117,-80.4,0,0,2,0,0,0,16,0,0,0,5,23,1,0,0,0,0,0,1,1,8,29,110,23,15,17,0,23,0,0,0,0,0,0,0,33,0,0,0,0,0
V29-172,forcens_lgm,40,33.7,-29.383,0,0,2,0,0,41,7,0,0,0,70,1,37,0,0,0,0,0,2,7,0,0,39,2,4,1,0,4,0,0,1,0,5,0,0,21,0,0,0,0,0
V29-173,forcens_lgm,25,33.7,-29.383,0,0,1,0,0,20,13,0,0,0,74,2,42,2,0,0,0,0,14,61,0,0,29,1,1,6,0,7,5,0,3,3,3,0,0,24,0,0,0,0,0
V29-174,forcens_lgm,40,36.286,-29.352,0,0,0,0,0,53,4,0,0,0,80,4,53,1,0,0,0,0,46,70,0,0,44,0,0,1,1,5,2,0,4,0,0,0,0,43,0,0,0,0,0
V29-177,forcens_lgm,42,41.534,-25.701,0,0,0,0,0,33,1,0,0,0,73,2,121,28,0,0,0,0,111,3,0,15,0,0,1,1,0,0,1,0,50,0,0,0,0,64,0,0,0,0,0
V29-178,forcens_lgm,49,42.836,-25.15,0,0,0,0,0,25,0,0,0,0,33,2,69,92,0,0,0,0,75,2,0,0,4,0,0,0,0,0,0,0,56,0,0,0,0,30,0,0,0,0,0
V29-180,forcens_lgm,58,45.301,-23.868,0,0,0,0,0,14,0,0,0,0,13,0,45,285,0,0,0,0,73,2,0,0,5,0,0,0,0,0,0,0,74,0,0,0,0,28,0,0,0,0,0
V30-096,forcens_lgm,63,39.933,-33.133,0,0,0,0,0,10,2,0,0,0,58,3,78,22,0,0,0,0,84,3,0,1,18,0,0,2,0,1,1,0,22,0,0,0,0,47,0,0,0,0,0
V30-099,forcens_lgm,32,43.15,-32.45,0,0,0,1,0,43,0,0,0,0,48,7,94,75,0,0,0,0,162,11,0,2,11,0,0,0,0,1,1,0,64,0,0,0,0,67,0,0,0,0,0
V30-100,forcens_lgm,65,44.1,-32.5,0,0,0,0,0,16,0,0,0,0,18,1,47,142,0,0,0,0,83,3,0,0,1,0,0,1,0,0,0,0,48,0,0,0,0,28,0,0,0,0,0
RC08-145,forcens_lgm,35,33.569,-62.383,1,0,0,3,0,19,9,0,0,0,61,4,63,2,1,0,0,0,81,8,0,5,56,4,7,2,1,5,4,0,4,0,1,0,0,36,0,0,0,0,0
RC09-049,forcens_lgm,70,11.184,-58.585,0,0,6,0,2,5,12,0,0,0,1,15,2,8,0,0,0,0,18,6,7,38,144,79,2,1,3,21,4,0,0,0,15,0,0,48,0,0,0,0,0
RC09-049,forcens_lgm,85,11.184,-58.585,0,0,3,0,0,8,5,0,0,0,0,15,1,7,0,0,0,3,17,2,10,39,91,36,2,0,0,0,6,0,6,0,10,0,0,35,0,0,0,0,0
RC09-225,forcens_lgm,135,54.968,-15.385,0,0,0,0,0,10,0,0,0,0,0,0,10,945,0,0,0,0,5,0,0,0,0,0,0,0,0,0,0,0,10,0,0,0,0,20,0,0,0,0,0
RC10-050,forcens_lgm,100,11.767,-81.086,0,0,3,1,0,1,13,3,0,0,7,13,1,0,0,0,0,0,1,2,12,8,143,22,0,2,1,27,0,0,0,0,6,0,0,47,0,0,0,0,0
RC13-151,forcens_lgm,60,15.851,-74.784,0,0,5,1,1,0,13,1,0,0,17,32,2,0,1,0,0,0,6,2,7,25,147,25,3,2,0,11,0,0,0,0,5,0,1,37,0,0,0,0,0
RC13-152,forcens_lgm,60,16.701,-75.435,0,0,2,0,1,0,6,0,0,0,9,8,1,0,0,0,0,0,3,0,9,20,174,15,3,6,0,11,0,0,0,0,3,0,0,28,0,0,0,0,0
RC13-158,forcens_lgm,80,13.169,-79.818,0,0,1,0,0,0,9,0,0,0,5,19,4,0,1,0,0,0,5,2,3,26,135,12,12,9,0,15,0,0,0,0,6,0,1,39,0,0,0,0,0
RC13-159,forcens_lgm,83,14.685,-77.167,0,0,2,0,0,1,15,1,0,0,18,29,0,0,4,0,0,0,5,3,2,28,147,35,10,10,0,26,10,0,0,0,5,0,1,45,0,0,0,0,0
RE05-034,forcens_lgm,40,42.383,-21.967,0,0,0,0,0,30,1,0,0,0,51,1,133,42,0,0,0,0,102,10,0,0,10,0,0,2,0,0,1,0,32,0,0,0,0,36,0,0,0,0,0
RE05-036,forcens_lgm,70,46.917,-18.583,0,0,0,0,0,0,0,0,0,0,0,0,3,329,0,0,0,0,1,0,0,0,0,0,0,0,0,0,0,0,5,0,0,0,0,1,0,0,0,0,0
RE05-054,forcens_lgm,10,25.868,-19.051,0,0,1,0,0,5,42,0,0,0,58,0,121,2,0,0,0,0,68,0,0,1,28,0,3,2,0,6,2,0,2,2,0,0,0,25,0,0,0,0,0
RE05-057,forcens_lgm,100,19.652,-19.1,0,0,0,0,0,3,0,0,0,0,47,10,130,6,0,0,0,0,176,0,1,1,13,5,2,5,0,5,0,0,9,0,3,0,0,27,0,0,0,0,0
RE10-002,forcens_lgm,60,56.984,-12.467,0,0,0,0,0,1,0,0,0,0,0,0,15,323,0,0,0,0,10,0,0,0,0,0,0,0,0,0,0,0,9,0,0,0,0,0,0,0,0,0,0
SP08-004,forcens_lgm,30,32.818,-18.518,0,0,0,0,0,3,37,0,0,0,161,2,96,2,0,0,0,0,152,47,0,0,93,3,0,4,0,3,7,0,0,3,0,0,0,19,0,0,0,0,0
A180-74,forcens_lgm,50,-0.05,-24.167,0,0,5,0,1,4,32,1,0,0,32,39,93,1,1,0,0,0,18,7,0,8,42,18,1,0,0,3,1,0,1,0,0,0,0,43,0,0,0,0,0
A180-76,forcens_lgm,60,-0.767,-26.033,0,0,4,0,0,0,19,0,0,0,17,78,39,0,0,0,0,0,2,0,0,0,33,26,0,1,0,2,1,0,0,1,1,0,0,22,0,0,0,0,0
V15-157,forcens_lgm,50,-33.167,-49.783,0,0,0,10,2,8,43,1,0,0,88,23,36,1,4,0,0,0,31,10,9,19,91,10,1,3,1,1,2,0,1,0,2,0,0,46,0,0,0,0,0
V16-036,forcens_lgm,42,-19.368,-11.435,0,0,13,1,0,11,38,0,0,0,85,5,4,0,0,0,0,0,9,80,2,15,104,40,31,10,2,5,8,0,0,0,7,0,0,24,0,0,0,0,0
V18-110,forcens_lgm,30,-53.917,-44.7,0,0,0,0,0,1,0,0,0,0,3,0,1,285,0,0,0,0,3,0,0,0,0,0,0,0,0,0,0,0,0,0,0,0,0,0,0,0,0,0,0
V19-240,forcens_lgm,60,-30.583,13.283,0,0,0,3,0,0,10,0,0,0,37,4,205,10,0,0,0,0,46,22,0,0,8,0,0,5,0,9,1,0,8,0,1,0,0,8,0,0,0,0,0
V19-248,forcens_lgm,27,-24.567,4.833,0,0,0,3,0,8,23,0,0,0,81,29,86,2,0,0,0,0,44,16,0,2,24,1,13,11,0,9,7,0,8,0,5,0,0,34,0,0,1,0,0
V19-281,forcens_lgm,50,-3.317,4.65,0,0,6,0,17,7,0,6,0,0,56,32,34,2,3,0,0,0,42,3,0,37,38,25,0,10,0,5,2,0,0,0,0,0,0,20,0,0,0,0,0
V19-283,forcens_lgm,79,-1.283,5.533,0,0,26,0,11,5,1,7,0,0,52,68,81,0,4,0,0,0,19,2,0,78,57,26,1,11,0,5,6,0,1,0,2,2,0,14,0,0,0,0,0
V20-212,forcens_lgm,20,-28.217,-10.033,0,0,1,9,1,17,32,0,0,0,59,0,13,3,0,0,0,0,7,44,2,13,62,4,13,9,3,6,5,0,0,0,8,0,0,37,0,0,1,0,0
V20-227,forcens_lgm,80,-4.233,-34.633,0,0,8,0,1,0,36,0,0,0,13,37,4,0,0,0,0,0,0,0,0,3,111,64,0,0,2,12,4,0,0,0,1,0,0,48,0,0,0,0,0
V20-228,forcens_lgm,61,-2.483,-36.417,0,0,7,0,3,1,1,0,0,0,0,44,6,0,2,0,0,0,1,6,0,60,178,94,5,1,0,13,2,0,0,0,3,0,1,30,0,0,0,0,0
V22-038,forcens_lgm,40,-9.55,-34.25,0,0,4,0,0,0,8,0,0,0,0,2,0,0,0,0,0,0,0,0,3,12,319,51,4,3,0,3,3,0,0,0,2,0,2,31,0,0,0,0,0
V22-038,forcens_lgm,37.5,-9.55,-34.25,0,0,1,0,1,1,11,1,0,0,0,5,1,0,0,0,0,0,3,0,5,15,239,48,0,2,0,3,6,0,0,0,0,0,5,10,0,0,0,0,0
V22-168,forcens_lgm,31,-17.467,-5.183,0,0,8,0,0,1,67,0,0,0,132,13,37,2,2,0,0,0,10,9,1,0,39,22,0,12,0,8,1,0,0,0,0,0,0,14,0,0,3,0,0
V22-171,forcens_lgm,20,-13.1,-9.333,0,0,9,0,1,6,14,0,0,0,30,10,23,0,0,0,0,0,6,49,2,8,96,17,5,2,1,9,9,0,0,0,6,0,1,51,0,0,1,0,0
V22-171,forcens_lgm,20,-13.1,-9.333,0,0,9,1,0,1,13,0,0,0,19,12,18,0,0,0,0,0,14,37,2,6,76,28,7,2,2,10,7,0,0,0,1,0,1,41,0,0,0,0,0
V22-172,forcens_lgm,20,-12.667,-9.817,0,0,26,1,1,6,35,0,0,0,74,37,35,0,2,0,0,0,14,87,8,16,170,60,15,3,3,14,14,0,2,1,4,0,1,63,0,0,1,0,0
V22-177,forcens_lgm,70,-7.75,-14.601,0,0,9,0,5,7,17,0,0,0,46,50,54,0,2,0,0,0,10,0,1,24,75,62,1,10,1,16,4,0,0,0,9,0,1,32,0,0,0,0,0
V22-177,forcens_lgm,63,-7.75,-14.601,0,0,22,0,2,4,18,0,0,0,54,35,28,0,0,0,0,0,23,9,0,16,42,43,0,5,0,5,9,0,0,0,11,0,0,46,0,0,0,0,0
V22-182,forcens_lgm,71,-0.535,-17.267,0,0,8,0,0,0,30,0,0,0,71,106,129,6,2,0,1,0,26,2,0,5,48,35,1,1,1,4,2,0,1,0,0,0,0,26,0,0,0,0,0
V22-182,forcens_lgm,72,-0.535,-17.267,0,0,16,0,0,0,19,0,0,0,32,86,62,4,0,0,0,0,22,2,0,6,38,14,1,2,0,0,3,0,0,0,0,0,0,33,0,0,0,0,0
V24-221,forcens_lgm,30,-32.033,-2.817,0,0,1,16,0,2,34,0,0,0,91,0,53,1,0,0,0,0,31,81,1,0,27,1,0,8,0,2,0,0,3,0,0,0,0,6,0,0,1,0,0
V24-229,forcens_lgm,30,-34.45,-10.6,0,0,1,12,0,2,28,0,0,0,57,0,93,0,0,0,0,0,59,52,0,0,14,0,0,0,0,0,0,0,6,0,0,0,0,5,0,0,0,0,0
V24-235,forcens_lgm,10,-33.25,-19.55,0,0,0,10,0,12,41,0,0,0,60,0,50,1,0,0,0,0,19,91,1,0,50,1,2,1,1,2,2,0,0,0,1,0,0,5,0,0,0,0,0
V24-237,forcens_lgm,10,-32.2,-26.733,0,0,0,11,0,5,24,0,0,0,50,1,150,2,0,0,0,0,2,23,0,0,59,2,1,1,0,3,0,0,0,0,0,0,0,2,0,0,0,0,0
V24-240,forcens_lgm,20,-31.733,-28.2,0,0,0,12,0,0,30,0,0,0,53,0,177,3,0,0,0,0,7,13,4,0,59,3,0,2,2,1,0,0,0,0,0,0,0,2,0,0,0,0,0
V26-053,forcens_lgm,50,0.3,-14.8,0,0,46,0,1,2,8,0,0,0,3,325,14,0,0,0,0,0,1,0,0,0,5,31,0,0,3,3,0,0,0,0,0,0,0,11,0,0,0,0,0
V26-063,forcens_lgm,30,-23.952,-37.951,0,0,0,3,0,4,15,0,0,0,34,3,0,0,0,0,0,0,11,9,1,8,210,15,11,0,2,2,2,0,0,0,4,0,0,69,0,0,0,0,0
V26-082,forcens_lgm,20,-27.751,-40.385,0,0,2,3,1,14,20,0,0,0,33,2,7,0,0,0,0,0,10,10,8,20,159,21,8,1,1,12,0,0,0,0,9,0,0,59,0,0,0,0,0
V27-228,forcens_lgm,90,-10.068,11.435,0,0,4,0,2,3,0,3,0,0,19,18,112,1,1,0,0,0,7,2,0,58,39,62,0,1,0,14,4,0,0,0,2,0,0,20,0,0,0,0,0
V27-232,forcens_lgm,60,-0.219,7.535,0,0,13,0,0,2,2,0,0,0,3,50,25,0,0,0,0,0,20,1,0,79,50,33,0,6,1,5,6,0,0,0,1,0,0,15,0,0,0,0,0
V27-239,forcens_lgm,20,-7.819,-1.502,0,0,20,0,2,1,1,0,0,0,76,100,68,0,2,0,0,0,20,2,0,2,16,28,0,14,1,3,2,0,0,0,1,0,0,7,0,0,0,0,0
RC08-018,forcens_lgm,20,-24.067,-15.117,0,0,2,5,1,6,13,0,0,0,44,1,2,5,0,0,0,0,10,19,3,11,125,30,25,4,4,18,3,0,0,0,18,0,1,46,0,0,0,0,0
RC11-021,forcens_lgm,30,-17.252,-35.967,0,0,2,0,1,4,3,0,0,0,5,0,0,0,0,0,0,0,3,3,2,1,255,15,7,4,0,5,3,0,0,0,4,0,6,54,0,0,0,0,0
RC11-026,forcens_lgm,30,-28.583,-30.051,0,0,5,7,0,5,40,0,0,0,41,0,13,1,0,0,0,0,14,21,9,8,166,9,6,6,1,16,6,0,0,0,8,0,1,20,0,0,0,0,0
RC11-086,forcens_lgm,45,-35.78,18.45,0,0,3,1,0,0,3,0,0,0,65,27,200,17,0,0,0,0,30,11,0,0,8,5,0,2,0,12,2,0,4,0,2,0,0,11,0,0,0,0,0
RC12-234,forcens_lgm,70,-55.135,-63.985,0,0,0,0,0,0,0,0,0,0,4,0,7,332,0,0,0,0,35,0,0,0,0,0,0,0,0,0,0,0,0,0,0,0,0,1,0,0,0,0,0
RC12-241,forcens_lgm,70,-43.467,-57.651,0,0,0,0,0,1,17,0,0,0,84,0,31,81,0,0,0,0,109,0,0,0,0,0,0,0,0,0,0,0,4,0,0,0,0,5,0,0,0,0,0
RC12-291,forcens_lgm,80,-42.584,-17.8,0,0,6,0,0,0,5,0,0,0,68,0,75,79,0,0,0,0,48,1,0,0,1,0,0,0,0,0,0,0,26,0,0,0,0,5,0,0,0,0,0
RC13-197,forcens_lgm,110,4.517,-0.718,0,0,22,0,4,1,6,0,0,0,8,46,100,1,1,0,0,0,51,0,0,85,59,34,0,1,0,3,5,0,0,0,7,0,0,6,0,0,0,0,0
RC13-205,forcens_lgm,50,-2.284,5.183,0,0,15,0,7,4,0,3,0,0,26,49,79,1,1,0,0,0,10,9,0,26,30,29,3,9,0,1,2,0,0,0,5,0,0,28,0,0,0,0,0
RC13-210,forcens_lgm,40,-9.135,-10.601,0,0,19,0,1,3,11,1,0,0,45,40,39,0,0,0,0,0,12,8,3,19,69,55,1,7,0,6,4,0,0,0,2,0,0,26,0,0,0,0,0
RC13-227,forcens_lgm,40,-21.869,8.868,0,0,1,1,0,1,1,0,0,0,54,6,196,35,0,0,0,0,44,4,0,0,10,2,0,3,3,1,0,0,2,0,0,0,0,2,0,0,0,0,0
RC15-093,forcens_lgm,102,-46.086,-13.218,0,0,1,0,0,1,4,0,0,0,18,0,9,166,0,0,0,0,66,0,0,0,0,0,0,0,0,0,0,0,45,0,0,0,0,7,0,0,0,0,0
RC15-094,forcens_lgm,120,-42.969,-20.851,0,0,0,0,0,0,6,0,0,0,107,0,94,209,0,0,0,0,22,0,0,0,0,0,0,0,0,0,0,0,4,0,0,0,0,8,0,0,0,0,0
RC14-039,forcens_lgm,70,5.85,90.517,0,0,2,0,48,1,0,7,0,0,0,95,0,0,47,13,11,0,48,6,7,0,75,29,2,2,4,16,5,0,0,0,7,0,0,58,0,0,1,0,0
RC8-94,forcens_lgm,16,-27.283,-102.083,1,0,62,0,4,0,162,2,0,0,20,0,0,0,0,3,12,0,61,90,300,0,640,19,130,23,8,18,38,0,0,0,15,0,2,303,0,0,12,0,0
RC9-124,forcens_lgm,40,-28.75,172.6,0,0,82,12,0,1,35,0,0,0,186,14,130,0,1,0,0,0,132,230,37,0,110,15,11,6,2,36,10,0,5,0,0,0,0,50,0,0,1,0,0
RC9-126,forcens_lgm,30,-33.233,168.733,0,0,37,0,0,0,43,0,0,0,321,48,272,3,3,0,0,0,246,140,0,0,70,3,3,18,0,23,3,0,7,0,1,0,0,40,0,0,0,0,0
RC10-97,forcens_lgm,44,0.917,-134.317,0,0,11,0,105,0,1,115,0,0,5,188,100,0,178,17,1,0,19,0,0,0,10,7,0,0,4,14,0,0,0,0,0,0,0,20,0,0,0,0,0
RC10-11,forcens_lgm,20,-11.183,-162.917,0,0,0,0,0,0,0,4,0,0,0,2,0,0,9,0,0,0,8,0,61,0,390,53,46,2,2,31,12,0,0,0,17,1,0,330,0,0,0,0,0
RC10-16,forcens_lgm,9,33.083,158,0,0,10,0,0,2,9,0,0,0,177,80,61,1,0,0,0,0,49,2,0,0,8,0,0,11,0,0,1,0,1,0,0,0,0,2,0,0,1,0,0
RC11-210,forcens_lgm,40,1.817,-140.05,0,0,38,0,30,0,0,54,0,0,1,56,15,0,47,4,1,0,9,1,0,0,8,5,1,1,1,3,1,0,0,0,3,0,0,1,0,0,0,0,0
RC11-213,forcens_lgm,15,-6.133,-140.85,0,0,6,0,18,0,0,26,0,0,0,42,3,0,69,51,3,0,58,2,18,1,99,46,35,1,2,28,4,0,0,1,10,0,0,160,0,0,0,0,0
RC11-22,forcens_lgm,30,-14.817,-139.967,3,0,1,1,0,0,0,13,0,0,0,1,0,0,2,4,7,0,17,2,14,12,430,59,73,2,0,18,16,0,0,2,20,1,2,285,0,0,8,0,0
RC11-23,forcens_lgm,45,-8.8,-110.8,0,0,1,0,46,0,0,30,0,0,2,94,58,0,30,22,21,0,50,0,17,0,92,42,1,6,1,11,3,0,1,3,3,0,0,170,0,0,0,0,0
RC12-10,forcens_lgm,40,-26,169.2,0,0,75,2,8,4,21,0,0,0,197,23,40,0,2,0,0,0,102,180,85,0,253,37,10,21,3,42,22,0,1,0,0,0,0,111,0,0,0,0,0
RC12-36,forcens_lgm,20,15.1,124.133,0,0,4,0,7,0,4,0,0,0,0,16,0,0,7,0,0,0,35,3,76,8,260,107,16,4,3,21,12,0,0,0,4,12,1,40,0,0,0,0,0
RC13-17,forcens_lgm,30,19.083,-170.067,0,0,8,0,58,0,10,32,0,0,6,3,1,0,3,1,1,0,6,0,33,1,28,7,0,2,3,1,1,0,0,0,0,40,0,1,0,0,0,0,0
RC13-81,forcens_lgm,10,-19.017,-124.233,0,0,16,0,10,0,5,76,0,0,0,4,0,0,16,38,8,0,40,0,231,0,825,103,46,4,5,44,21,1,0,3,4,3,1,618,0,0,0,0,0
RC13-11,forcens_lgm,50,-1.65,-103.633,0,0,9,0,50,0,0,3,0,0,47,121,272,0,9,2,2,0,31,1,0,0,12,4,0,3,0,4,0,0,0,0,1,0,0,15,0,0,0,0,0
V18-312,forcens_lgm,25,-2.85,-126.2,0,0,3,0,48,0,0,28,0,0,0,69,45,0,30,3,0,0,11,0,0,0,18,1,0,0,0,1,0,0,0,0,2,0,0,17,0,0,0,0,0
V18-318,forcens_lgm,15,3.167,-118.467,0,0,1,0,52,0,0,39,0,0,0,154,11,0,15,2,0,0,2,0,1,0,6,9,0,0,1,3,0,0,0,0,0,0,0,4,0,0,0,0,0
V19-29,forcens_lgm,120,-3.583,-83.933,0,0,1,0,2,0,0,0,0,0,213,241,271,67,0,0,0,0,330,0,0,0,2,3,0,1,1,1,0,0,52,0,1,0,0,10,0,0,0,0,0
V19-29,forcens_lgm,120,-3.583,-83.933,0,0,5,0,11,0,0,0,0,0,217,391,161,30,1,0,0,0,286,0,0,0,2,3,0,7,1,9,9,0,38,0,1,0,0,22,0,0,0,0,0
V 19-53,forcens_lgm,45,-17.017,-113.517,0,0,8,0,83,0,1,181,0,0,0,23,1,0,101,65,0,0,3,0,53,0,2,9,0,0,0,2,1,0,0,0,0,5,0,30,0,0,0,0,0
V 19-55,forcens_lgm,23,-17,-114.183,2,0,3,0,33,0,0,61,0,0,5,25,0,0,91,85,3,0,68,0,62,0,404,97,44,2,2,33,11,2,0,5,12,2,0,630,1,0,0,0,0
V 19-64,forcens_lgm,15,-16.933,-121.2,0,0,2,0,10,0,0,10,0,0,0,2,0,0,14,20,4,0,24,1,59,0,290,53,29,1,1,16,7,0,0,1,4,2,1,340,0,0,0,0,0
V 19-65,forcens_lgm,15,-16.65,-124.383,0,0,5,0,18,0,1,66,0,0,1,9,0,0,36,50,11,0,19,0,96,0,500,73,11,2,2,29,16,0,0,5,4,7,1,530,0,0,1,0,0
V 19-96,forcens_lgm,15,0.867,172,0,0,4,0,6,0,0,20,0,0,0,41,2,0,87,2,0,0,33,0,9,0,29,30,1,0,0,12,0,0,0,0,0,0,0,34,0,0,0,0,0
V 20-11,forcens_lgm,20,47.95,168.783,0,0,0,0,0,0,0,0,0,0,0,0,7,380,0,0,0,0,14,0,0,0,1,0,0,0,0,0,0,0,26,0,0,0,0,0,0,0,0,0,0
V 21-30,forcens_lgm,250,-1.217,-89.683,0,0,1,0,18,2,0,0,0,0,219,233,270,4,0,0,0,0,663,0,1,0,38,4,2,7,0,1,0,0,50,0,5,0,0,30,0,0,0,0,0
V 21-33,forcens_lgm,45,-3.8,-92.083,0,0,1,0,21,0,0,0,0,0,118,212,129,0,4,0,0,0,74,0,0,0,2,1,0,2,0,1,0,0,0,0,0,0,0,36,0,0,0,0,0
V 21-14,forcens_lgm,70,37.683,163.033,0,0,0,0,0,0,10,0,0,0,224,6,70,16,1,0,0,0,27,0,0,0,2,0,0,1,0,0,0,0,2,0,0,0,0,44,0,0,0,0,0
V28-201,forcens_lgm,20,2.767,-173.933,0,0,1,0,1,0,0,2,0,0,0,3,0,0,73,8,0,0,125,0,26,0,183,58,16,0,0,28,10,0,0,1,46,1,1,220,0,0,0,0,0
V28-203,forcens_lgm,40,0.95,-179.417,0,0,12,0,12,1,0,26,0,0,0,49,0,0,144,23,0,0,94,1,12,0,281,77,14,2,1,48,5,0,0,0,11,0,0,197,0,0,0,0,0
V 28-23,forcens_lgm,20,-5.5,166.75,0,0,4,0,6,4,2,3,0,0,0,54,0,0,26,1,1,0,70,1,15,2,348,70,10,0,1,20,16,0,0,0,14,0,0,232,0,0,0,0,0
V 28-24,forcens_lgm,20,11.067,138.533,0,0,0,0,21,0,1,0,0,0,0,42,1,0,8,0,9,0,100,1,54,4,970,178,45,2,4,48,4,0,0,0,17,2,3,140,0,0,1,0,0
V  28294,forcens_lgm,4,28.433,139.967,0,0,75,0,3,19,156,0,0,0,188,90,265,4,26,0,0,0,272,305,5,0,400,98,28,28,6,43,7,0,2,0,5,1,0,182,0,0,1,0,0
V  28304,forcens_lgm,45,28.533,134.133,0,0,14,1,1,3,51,1,0,0,113,123,162,2,23,0,1,0,167,65,42,0,185,82,4,5,11,29,17,0,1,0,1,0,0,90,0,0,2,0,0
V28-310,forcens_lgm,40,25.417,125.633,0,0,3,0,3,0,6,0,0,0,1,44,2,0,44,0,0,0,71,8,16,0,149,9,65,2,6,3,63,0,1,0,40,0,0,341,0,0,0,0,0
V 32126,forcens_lgm,25,35.317,177.9,0,0,0,0,0,1,14,0,0,0,179,17,205,8,0,0,0,0,182,0,0,0,11,0,0,9,2,4,0,0,9,0,0,0,0,17,0,0,3,0,0
V32-128,forcens_lgm,32,36.467,177.167,0,0,0,0,0,0,19,0,0,0,240,7,429,74,0,0,0,0,174,0,0,0,5,0,0,12,1,0,0,0,16,0,0,0,0,13,0,0,7,0,0
V  32139,forcens_lgm,1,31.567,151.1,0,0,6,1,2,3,20,0,0,0,237,15,40,0,3,0,0,0,30,5,3,0,21,3,0,6,1,3,0,0,0,0,0,0,3,0,0,0,2,0,0
EN6601-10,forcens_lgm,30.5,6.65,-21.9,0,0,11,0,0,1,8,1,0,0,10,25,32,0,1,0,1,0,13,5,0,13,118,63,5,2,4,8,5,0,0,0,3,0,1,36,0,0,0,0,0
M12392,forcens_lgm,172.5,25.167,-16.85,0,0,0,0,0,11,6,0,0,0,69,113,400,0,0,1,0,0,326,0,0,0,18,2,5,5,1,4,0,0,38,0,0,0,0,38,0,0,0,0,0
RC13-184,forcens_lgm,55,3.867,-43.3,0,0,6,0,3,0,38,0,0,0,1,25,1,0,0,0,0,0,1,0,1,8,180,80,0,1,0,2,3,0,0,0,0,0,0,23,0,0,0,0,0
RC13-189,forcens_lgm,67.5,1.867,-30,0,0,25,0,0,0,28,0,0,0,12,46,40,0,0,0,0,0,8,1,1,6,79,27,1,5,3,5,3,0,0,0,3,0,0,43,0,0,0,0,0
RC24-001,forcens_lgm,72,0.567,-13.35,0,0,11,0,8,1,16,4,0,0,86,78,65,1,1,0,0,0,14,3,0,9,34,24,0,3,0,8,3,0,2,0,2,0,0,22,0,0,0,0,0
RC24-008,forcens_lgm,120,-1.35,-11.917,0,0,11,0,0,0,17,0,0,0,116,61,78,0,1,0,0,0,33,1,0,5,14,5,0,2,0,0,2,0,0,0,0,0,0,24,0,0,0,0,0
RC24-027,forcens_lgm,72,-5.417,-0.367,0,0,10,0,5,1,0,0,0,0,40,61,24,1,5,0,0,0,9,0,0,28,61,50,1,14,1,6,3,0,0,0,0,0,0,14,0,0,0,0,0
V22-222,forcens_lgm,58,28.933,-43.65,0,0,0,0,0,18,25,0,0,0,36,1,4,0,0,0,0,0,9,24,4,1,187,3,26,14,0,27,23,0,0,0,8,1,0,45,0,0,0,0,0
V23-110,forcens_lgm,26,17.633,-45.867,0,0,2,0,5,0,9,0,0,0,1,5,0,0,1,0,0,0,0,3,8,34,145,73,7,4,0,8,10,0,0,0,5,0,0,49,0,0,0,0,0
V25-075,forcens_lgm,120,8.583,-53.167,0,0,3,0,0,0,11,0,0,0,0,27,6,6,0,0,0,0,28,3,5,56,182,80,1,2,2,4,13,0,2,0,2,0,0,24,0,0,0,0,0
V29-144,forcens_lgm,85,-0.2,6.05,0,0,20,0,0,3,3,0,0,0,75,64,49,1,0,0,0,0,19,0,0,54,36,8,5,2,0,4,1,0,0,0,4,0,0,32,0,0,0,0,0
V30-036,forcens_lgm,40,5.35,-27.317,0,0,5,0,2,0,5,0,0,0,1,35,8,1,3,0,0,0,7,0,10,15,95,114,1,0,0,12,2,0,1,0,1,0,0,9,0,0,0,0,0
V30-036,forcens_lgm,40,5.35,-27.317,0,0,4,0,7,0,15,3,0,0,14,43,15,0,0,0,0,0,9,0,10,16,162,159,0,0,2,3,8,0,0,0,1,0,4,1,0,0,0,0,0
V30-051K,forcens_lgm,54,19.867,-19.917,0,0,1,0,0,2,0,0,0,0,37,32,107,1,0,0,0,0,75,4,0,1,9,2,1,4,0,2,4,0,0,0,0,0,0,10,0,0,0,0,0
V32-008,forcens_lgm,76,34.783,-32.417,0,0,4,1,0,55,9,0,0,0,98,25,27,0,0,0,0,0,33,34,0,6,47,2,3,7,0,5,12,0,0,1,1,0,0,33,0,0,0,0,0
V30-041K,forcens_lgm,44.5,0.217,-23.067,0,0,7,0,0,3,25,0,0,0,32,34,112,0,0,0,0,6,29,1,1,4,24,15,0,0,1,0,2,0,1,4,12,0,0,45,0,0,0,0,0
RC10-62,forcens_lgm,51,3.333,-101.717,0,0,6,0,42,0,0,1,0,0,4,105,6,0,8,0,0,0,10,1,0,0,16,7,1,1,0,2,2,0,0,0,2,0,0,16,0,0,0,0,0
RC13110,forcens_lgm,54,0.1,-95.65,0,0,14,0,10,6,0,0,0,0,20,212,16,0,0,0,0,0,31,1,0,0,12,1,0,0,0,1,1,0,2,0,0,0,0,7,0,0,0,0,0
RC13115,forcens_lgm,61,-1.633,-104.833,0,0,7,0,72,0,0,4,0,0,22,174,16,0,10,2,1,0,26,1,1,0,15,4,0,2,0,4,1,0,0,0,0,0,0,9,0,0,0,0,0
VNTRO1-8,forcens_lgm,41,0.033,-110.483,0,0,42,0,44,1,6,10,0,0,21,235,53,0,7,2,0,0,25,2,0,0,14,9,1,5,0,3,0,0,0,0,0,0,0,7,0,0,0,0,0
Y69-106p,forcens_lgm,30,2.983,-86.55,0,0,0,0,31,5,0,0,0,0,5,100,27,0,1,0,2,0,35,4,0,0,19,1,3,3,1,1,2,0,3,1,3,0,0,39,0,0,5,0,0
Y69-71P,forcens_lgm,180,0.1,-86.483,0,0,0,0,19,2,0,0,0,0,42,141,25,0,2,0,0,0,66,0,0,0,14,2,0,1,1,0,2,0,0,0,1,0,0,12,0,0,0,0,0
Y71-3-2,forcens_lgm,20,7.167,-85.15,0,0,1,0,72,0,0,0,0,0,0,114,1,0,2,0,2,0,35,0,0,0,32,2,0,2,0,7,0,0,0,0,0,0,0,40,0,0,0,0,0
y71-9-101,forcens_lgm,63,-6.383,-106.933,0,0,3,0,35,0,0,4,0,0,10,151,3,0,6,0,0,0,15,0,0,0,23,13,0,1,1,3,5,0,0,0,0,0,0,31,0,0,0,0,0
Y71-6-12,forcens_lgm,49,-16.443,-77.563,3,0,0,0,1,7,0,1,0,0,201,119,64,117,1,0,10,0,90,1,0,0,14,0,0,4,1,1,0,0,15,0,0,0,0,21,0,0,0,0,0
Y71-6-12,forcens_lgm,46,-16.443,-77.563,3,0,0,0,0,4,0,0,0,0,135,46,36,35,1,0,7,0,110,2,0,0,13,1,1,4,0,1,4,0,1,0,2,0,0,0,0,0,0,0,0
Y71-6-12,forcens_lgm,50,-16.443,-77.563,3,0,0,0,2,7,0,0,0,0,201,73,62,120,1,0,10,0,90,1,0,0,14,0,0,4,1,1,0,0,15,0,0,0,0,21,0,0,0,0,0
Y71-6-12,forcens_lgm,56,-16.443,-77.563,1,0,2,0,0,4,1,0,0,0,126,56,23,34,0,1,2,0,43,1,0,0,6,0,1,12,1,1,0,0,1,0,1,1,0,10,0,0,0,0,0
RR9702A-63TC,forcens_lgm,16,-18.085,-79.04,0,0,0,0,2,10,3,0,0,0,182,55,37,22,5,0,14,0,95,0,0,0,18,0,1,5,3,4,2,0,0,0,0,0,0,30,0,0,2,0,0
RR9702A-69TC,forcens_lgm,70,-16.007,-76.378,0,0,0,0,0,23,0,0,0,0,80,24,9,69,0,0,3,0,112,4,0,0,13,0,0,1,0,0,6,0,48,0,0,0,0,23,0,0,0,0,0
RR9702A-69TC,forcens_lgm,80,-16.007,-76.378,0,0,0,0,0,8,0,0,0,0,98,37,100,39,0,0,7,0,35,0,0,0,7,0,0,8,0,0,0,0,8,0,0,0,0,9,0,0,0,0,0
ODP 658C,forcens_lgm,,20.7492,-18.5808,0,0,0,0,0,1,0,0,0,0,27,0,132,0,0,0,0,0,136,0,0,1,6,1,0,0,0,0,0,0,17,0,0,0,0,2,0,0,0,0,0
ODP 658C,forcens_lgm,,20.7492,-18.5808,0,0,0,0,0,1,0,0,0,0,37,0,135,1,0,0,0,0,112,0,0,1,1,0,0,3,0,0,0,0,34,0,0,0,0,13,0,0,0,0,0
ODP 658C,forcens_lgm,,20.7492,-18.5808,0,0,0,0,0,4,0,0,0,0,38,0,138,1,0,0,0,0,136,0,0,0,3,2,0,2,0,0,0,0,19,0,2,0,0,12,0,0,0,0,0
ODP 658C,forcens_lgm,,20.7492,-18.5808,0,0,0,0,0,5,0,0,0,0,48,0,129,1,0,0,0,0,139,0,0,4,3,1,0,4,0,0,0,0,34,0,2,0,0,9,0,0,0,0,0
ODP 658C,forcens_lgm,,20.7492,-18.5808,0,0,0,1,0,17,0,0,0,0,30,0,90,0,0,0,0,0,140,0,0,2,4,1,0,1,0,0,0,0,51,0,2,0,0,18,0,0,0,0,0
ODP 658C,forcens_lgm,,20.7492,-18.5808,0,0,0,1,0,7,0,0,0,0,25,0,121,0,0,0,0,0,149,0,0,3,7,1,0,0,0,0,0,0,28,0,1,0,0,18,0,0,0,0,0
MD97-2138,forcens_lgm,,1.42,146.236,0,0,0,0,4,0,1,8,0,0,0,49,0,0,10,0,0,0,48,14,0,0,73,14,4,3,0,19,2,0,0,0,13,0,0,58,0,0,0,0,0
MD97-2138,forcens_lgm,,1.42,146.236,0,0,0,3,7,0,3,4,0,0,0,52,2,0,12,0,0,0,51,7,1,0,107,14,13,0,0,16,4,0,0,0,6,0,0,83,0,0,0,0,0
MD97-2138,forcens_lgm,,1.42,146.236,0,0,0,0,3,0,0,7,0,0,0,59,2,0,17,0,0,0,61,6,2,0,78,7,5,0,1,21,2,0,0,0,12,0,0,71,0,0,0,0,0
MD97-2138,forcens_lgm,,1.42,146.236,0,0,0,0,15,0,0,2,0,0,0,40,3,0,26,3,7,0,73,0,2,0,51,13,1,1,0,17,2,0,0,0,9,0,0,81,0,0,0,0,0
MD97-2138,forcens_lgm,,1.42,146.236,0,0,0,0,4,2,0,11,0,0,0,48,0,0,20,0,0,0,63,9,1,0,85,10,7,1,0,11,4,0,0,0,6,0,0,56,0,0,0,0,0
MD97-2138,forcens_lgm,,1.42,146.236,0,0,0,1,7,1,1,9,0,0,0,60,0,0,24,0,0,0,75,7,3,0,94,8,11,2,0,13,0,0,0,0,8,0,0,62,0,0,0,0,0
MD97-2138,forcens_lgm,,1.42,146.236,0,0,0,0,6,1,0,10,0,0,0,58,0,0,24,1,0,0,49,5,2,0,74,8,2,0,0,19,4,0,0,0,6,0,0,66,0,0,0,0,0
MD97-2138,forcens_lgm,,1.42,146.236,0,0,0,0,18,0,0,5,0,0,0,51,0,0,29,0,0,0,63,5,2,0,94,12,6,1,0,18,0,0,0,0,2,0,0,77,0,0,0,0,0
MD03-2607,forcens_lgm,,-36.9607,137.4065,0,0,0,0,0,2,83,0,0,0,33,30,19,1,0,0,0,0,108,50,0,0,6,0,0,0,0,0,0,0,39,0,11,0,0,17,0,0,0,0,0
MD03-2607,forcens_lgm,,-36.9607,137.4065,0,0,0,3,0,2,78,0,0,0,45,25,48,0,0,0,0,0,95,39,0,0,15,0,0,0,0,0,4,0,54,0,2,0,0,27,0,0,0,0,0
MD03-2607,forcens_lgm,,-36.9607,137.4065,0,0,0,3,0,1,83,0,0,0,41,14,22,0,0,0,0,0,170,33,0,0,7,0,0,0,0,0,0,0,42,0,9,0,0,22,0,0,0,0,0
MD03-2607,forcens_lgm,,-36.9607,137.4065,0,0,0,1,0,4,98,0,0,0,40,25,9,1,0,0,0,0,94,52,1,0,5,0,0,0,0,0,3,0,36,0,10,0,0,21,0,0,0,0,0
MD03-2607,forcens_lgm,,-36.9607,137.4065,0,0,0,0,0,0,31,0,0,0,41,9,20,1,0,0,0,0,120,23,0,0,15,0,0,0,0,0,0,0,34,0,8,0,0,29,0,0,0,0,0
MD06-2986,forcens_lgm,1.98,-43.4985,167.9,0,0,0,0,0,3,27,0,0,0,69,6,82,45,0,0,0,0,98,0,0,0,0,0,0,1,0,0,0,0,97,0,0,0,0,27,0,0,0,0,0
MD06-2986,forcens_lgm,2.3,-43.4985,167.9,0,0,0,0,0,1,31,0,0,0,47,1,49,28,0,0,0,0,124,0,0,0,0,0,0,0,1,0,0,0,56,0,0,0,0,19,0,0,0,0,0
GL-77,forcens_lgm,,-21.20611,-40.04722,0,0,3,1,0,1,8,0,0,0,11,3,1,0,0,0,0,0,3,1,1,19,136,13,13,0,0,0,4,0,1,0,0,0,5,91,0,0,0,0,0
GL-77,forcens_lgm,,-21.20611,-40.04722,0,0,10,0,0,0,6,0,0,0,6,0,1,0,1,0,0,0,16,2,1,12,154,8,10,0,0,0,8,0,0,0,2,0,0,85,0,0,0,0,0
MD02-2523,forcens_lgm,,15.429,-94.2388,0,0,0,0,46,0,0,0,0,0,0,60,1,0,0,0,1,0,38,4,0,0,18,1,3,0,0,0,0,0,4,0,4,0,0,16,2,0,0,1,0
MD02-2523,forcens_lgm,,15.429,-94.2388,0,0,0,0,91,0,0,0,0,0,0,102,2,0,2,0,0,0,46,13,0,0,14,18,0,6,0,0,0,0,0,0,0,0,0,22,0,0,0,0,0
MD02-2523,forcens_lgm,,15.429,-94.2388,0,0,0,0,88,0,0,0,0,0,0,107,3,0,0,0,1,0,32,9,0,0,13,7,1,6,0,0,2,0,3,0,1,0,0,48,1,0,0,6,0
MD02-2523,forcens_lgm,,15.429,-94.2388,0,0,0,0,103,0,0,0,0,0,0,74,3,0,2,0,2,0,21,14,0,0,23,7,3,3,0,0,0,0,0,0,2,0,0,21,0,0,0,0,0
MD02-2523,forcens_lgm,,15.429,-94.2388,0,0,0,0,47,0,0,0,0,0,0,56,1,0,0,0,0,0,24,15,0,0,10,3,0,2,0,0,0,0,2,0,0,0,0,15,2,0,0,2,0
MD02-2520,forcens_lgm,,15.669,-95.3,0,0,0,0,15,0,0,0,0,0,0,75,23,0,0,0,1,0,85,25,0,0,10,0,0,0,0,2,1,0,17,0,10,0,0,59,5,0,0,0,0
MD02-2520,forcens_lgm,,15.669,-95.3,0,0,0,0,90,0,0,0,0,0,0,31,7,0,0,0,1,0,91,3,0,0,29,29,4,8,0,14,1,0,5,0,0,0,0,30,0,0,0,0,0
MD02-2520,forcens_lgm,,15.669,-95.3,0,0,0,0,21,0,0,0,0,0,0,51,8,0,0,0,0,0,69,9,0,0,11,3,0,1,0,5,1,0,1,0,1,0,0,53,0,0,0,1,0
MD02-2520,forcens_lgm,,15.669,-95.3,0,0,0,0,54,0,0,0,0,0,0,63,19,0,0,0,0,0,113,6,0,0,31,2,0,8,0,6,2,0,0,0,1,0,0,14,0,0,0,1,0
MD02-2520,forcens_lgm,,15.669,-95.3,0,0,0,0,145,0,0,0,0,0,0,110,19,0,1,0,0,0,43,2,0,0,54,8,0,5,0,5,0,0,0,0,0,0,0,4,0,0,0,0,0
MD02-2520,forcens_lgm,,15.669,-95.3,0,0,0,0,35,0,0,0,0,0,0,117,8,0,0,0,0,0,160,38,0,0,34,3,5,7,0,4,1,0,4,0,10,0,0,57,4,0,0,0,0
ME0005A-3JC,forcens_lgm,,15.65666667,-95.2805,0,0,0,0,16,0,0,0,0,0,0,65,14,0,0,0,15,0,108,5,0,0,6,1,0,0,0,0,3,0,4,0,6,0,1,150,7,0,0,0,0
ME0005A-3JC,forcens_lgm,,15.65666667,-95.2805,0,0,0,0,89,0,0,0,0,0,0,132,59,0,0,0,6,0,98,7,0,0,12,12,6,19,0,0,1,0,3,0,1,0,0,128,8,0,0,2,0
ME0005A-3JC,forcens_lgm,,15.65666667,-95.2805,0,0,0,0,42,0,0,0,0,0,0,38,4,0,0,0,1,0,4,0,0,0,0,2,0,0,0,0,1,0,1,0,0,0,0,11,0,0,0,0,0
ME0005A-3JC,forcens_lgm,,15.65666667,-95.2805,0,0,0,0,112,0,0,0,0,0,0,114,52,0,0,0,1,0,20,1,0,0,2,0,0,19,0,0,1,0,1,0,2,0,0,54,3,0,0,0,0
ME0005A-3JC,forcens_lgm,,15.65666667,-95.2805,0,0,0,0,42,0,0,0,0,0,0,52,17,0,0,0,6,0,72,1,0,0,16,7,2,2,0,0,6,0,5,0,4,0,0,38,2,0,0,1,0
ME0005A-3JC,forcens_lgm,,15.65666667,-95.2805,0,0,0,0,73,0,0,0,0,0,0,137,0,0,0,0,2,0,77,4,0,0,13,1,0,2,0,0,7,0,1,0,9,0,0,78,3,0,0,0,0
ME0005A-3JC,forcens_lgm,,15.65666667,-95.2805,0,0,0,0,84,0,0,0,0,0,0,128,9,0,1,0,3,0,43,2,0,0,11,0,0,1,0,0,1,0,0,0,1,0,0,44,2,0,0,1,0
ME0005A-3JC,forcens_lgm,,15.65666667,-95.2805,0,0,0,0,20,0,0,0,0,2,0,22,9,0,0,0,1,0,29,3,0,0,10,0,0,2,0,0,6,0,0,0,3,0,0,59,3,0,0,0,0
ME0005A-3JC,forcens_lgm,,15.65666667,-95.2805,0,0,0,0,43,0,0,0,0,0,0,51,10,0,0,0,0,0,19,0,0,0,3,0,0,0,0,0,0,0,1,0,1,0,0,51,0,0,0,0,0
MD99-2331,forcens_lgm,,42.15,-9.68333,0,0,0,0,0,30,0,0,0,0,34,0,182,8,0,0,0,0,85,7,0,0,0,0,0,1,0,0,7,0,11,0,0,0,0,64,0,0,0,0,0
MD99-2331,forcens_lgm,,42.15,-9.68333,0,0,1,0,0,43,2,0,0,0,63,0,185,4,0,0,0,0,93,1,0,0,0,0,0,2,0,0,12,0,14,0,0,0,0,28,0,0,0,0,0
MD99-2331,forcens_lgm,,42.15,-9.68333,0,0,0,0,0,44,1,0,0,0,80,0,222,9,0,0,0,0,58,0,0,0,1,0,0,1,0,0,13,0,12,0,1,0,0,34,0,0,0,0,0
MD99-2331,forcens_lgm,,42.15,-9.68333,0,0,0,0,0,32,0,0,0,0,84,0,206,11,0,0,0,0,76,0,0,0,0,0,0,16,0,0,14,0,11,0,0,0,0,72,0,0,0,0,0
MD99-2331,forcens_lgm,,42.15,-9.68333,0,0,0,0,0,46,0,0,0,0,35,0,159,7,0,0,0,0,70,0,0,0,0,0,0,9,0,0,11,0,5,0,0,0,0,51,0,0,0,0,0
MD99-2331,forcens_lgm,,42.15,-9.68333,0,0,0,0,0,46,0,0,0,0,40,0,147,7,0,0,0,0,95,3,0,0,0,0,0,10,0,2,12,0,13,0,0,0,0,48,0,0,0,0,0
MD99-2331,forcens_lgm,,42.15,-9.68333,0,0,0,0,0,18,0,0,0,0,51,0,119,4,0,0,0,0,119,4,0,0,1,0,0,10,0,2,0,0,18,0,0,0,0,22,0,0,0,0,0
MD99-2331,forcens_lgm,,42.15,-9.68333,0,0,0,0,0,28,1,0,0,0,46,0,153,7,0,0,0,0,95,2,0,0,2,0,0,4,0,2,0,0,10,0,0,0,0,48,0,0,0,0,0
MD99-2331,forcens_lgm,,42.15,-9.68333,0,0,0,0,0,67,0,0,0,0,37,0,100,2,0,0,0,0,96,3,0,0,2,0,0,4,0,2,10,0,15,0,0,0,0,70,0,0,0,0,0
MD99-2331,forcens_lgm,,42.15,-9.68333,0,0,0,0,0,30,0,0,0,0,53,0,145,5,0,0,0,0,80,0,0,0,4,0,0,8,0,2,5,0,19,0,0,0,0,48,0,0,0,0,0
MD99-2331,forcens_lgm,,42.15,-9.68333,0,0,0,0,0,25,0,0,0,0,36,0,132,6,0,0,0,0,134,3,0,0,5,0,0,3,0,1,4,0,16,0,0,0,0,29,0,0,0,0,0
MD99-2331,forcens_lgm,,42.15,-9.68333,0,0,0,0,0,35,0,0,0,0,45,0,101,4,0,0,0,0,90,1,0,0,3,0,0,4,0,2,8,0,10,0,0,0,0,36,0,0,0,0,0
MD99-2331,forcens_lgm,,42.15,-9.68333,0,0,0,0,0,21,0,0,0,0,17,0,142,6,0,0,0,0,146,2,0,0,5,0,0,1,0,1,2,0,21,0,0,0,0,33,0,0,0,0,0
MD99-2331,forcens_lgm,,42.15,-9.68333,0,0,0,0,0,43,0,0,0,0,17,0,160,9,0,0,0,0,65,2,0,0,18,0,0,1,0,1,6,0,15,0,0,0,0,40,0,0,0,0,0
MD99-2331,forcens_lgm,,42.15,-9.68333,0,0,0,0,0,40,0,0,0,0,59,0,168,9,0,0,0,0,56,0,0,0,17,0,0,2,0,2,6,0,13,0,0,0,0,33,0,0,0,0,0
MD99-2331,forcens_lgm,,42.15,-9.68333,0,0,0,0,0,40,0,0,0,0,40,0,107,8,0,0,0,0,75,0,0,0,5,0,0,6,0,1,1,0,10,0,0,0,0,19,0,0,0,0,0
MD99-2331,forcens_lgm,,42.15,-9.68333,0,0,0,0,0,31,0,0,0,0,54,0,110,21,0,0,0,0,79,0,0,0,1,0,0,3,1,0,1,0,30,0,0,0,0,39,0,0,0,0,0
MD99-2331,forcens_lgm,,42.15,-9.68333,0,0,0,0,0,14,0,0,0,0,64,0,110,1,0,0,0,0,90,0,0,0,2,0,0,10,0,1,3,0,10,0,0,0,0,45,0,0,0,0,0
MD99-2331,forcens_lgm,,42.15,-9.68333,0,0,0,0,0,36,2,0,0,0,58,0,127,3,0,0,0,0,155,0,0,0,2,0,0,2,0,0,2,0,32,0,0,0,0,49,0,0,0,0,0
MD99-2331,forcens_lgm,,42.15,-9.68333,0,0,0,0,0,28,0,0,0,0,25,0,193,20,0,0,0,0,156,0,0,0,2,0,0,0,0,1,0,0,52,0,0,0,0,55,0,0,0,0,0
MD99-2331,forcens_lgm,,42.15,-9.68333,0,0,0,0,0,12,0,0,0,0,22,0,152,2,0,0,0,0,128,5,0,0,6,0,0,5,0,0,0,0,19,0,0,0,0,28,0,0,0,0,0
MD99-2331,forcens_lgm,,42.15,-9.68333,0,0,0,0,0,16,0,0,0,0,31,0,167,6,0,0,0,0,138,2,0,0,3,0,0,8,1,0,3,0,15,0,0,0,0,30,0,0,0,0,0
MD04-2805,forcens_lgm,,34.5165,-7.0165,0,0,0,0,0,29,6,0,0,0,48,0,125,7,0,0,0,0,108,0,0,0,12,0,0,21,0,5,3,0,4,0,1,0,0,19,0,0,0,0,0
MD04-2805,forcens_lgm,,34.5165,-7.0165,0,0,0,0,0,30,6,0,0,0,40,1,123,5,0,0,0,0,154,4,0,0,6,0,0,3,0,1,3,0,4,0,0,0,0,23,0,0,0,0,0
MD04-2805,forcens_lgm,,34.5165,-7.0165,0,0,0,0,0,33,17,0,0,0,39,0,123,1,0,0,0,0,120,2,0,0,16,0,0,3,0,3,3,0,4,0,6,0,0,30,0,0,0,0,0
MD04-2805,forcens_lgm,,34.5165,-7.0165,0,0,0,0,0,29,13,0,0,0,42,0,79,2,0,0,0,0,131,3,0,0,64,0,0,2,0,3,2,0,2,0,4,0,0,11,0,0,0,0,0
MD04-2805,forcens_lgm,,34.5165,-7.0165,0,0,0,0,0,37,11,0,0,0,76,0,92,14,0,0,0,0,113,0,0,0,19,0,0,17,0,1,2,0,2,0,3,0,0,18,0,0,0,0,0
MD04-2805,forcens_lgm,,34.5165,-7.0165,0,0,1,0,0,3,1,0,0,0,8,0,12,1,0,0,0,0,27,1,0,0,1,0,0,3,0,1,1,0,1,0,3,0,0,6,0,0,0,0,0
MD04-2805,forcens_lgm,,34.5165,-7.0165,0,0,0,0,0,7,2,0,0,0,23,0,74,6,0,0,0,0,46,1,0,0,13,0,0,7,0,0,0,0,4,0,0,0,0,16,0,0,0,0,0
MD04-2805,forcens_lgm,,34.5165,-7.0165,0,0,0,0,0,22,9,0,0,0,52,0,100,3,0,0,0,0,128,3,0,0,22,0,0,20,0,0,2,0,1,0,2,0,0,25,0,0,0,0,0
MD04-2805,forcens_lgm,,34.5165,-7.0165,0,0,1,0,0,22,14,0,0,0,44,1,106,2,0,0,0,0,116,14,0,0,38,0,0,6,0,1,0,0,7,0,7,0,0,15,0,0,0,0,0
MD04-2805,forcens_lgm,,34.5165,-7.0165,0,0,0,0,0,38,3,0,0,0,51,0,106,1,0,0,0,0,122,4,0,0,36,0,0,14,0,1,1,0,3,0,3,0,0,22,0,0,0,0,0
MD04-2805,forcens_lgm,,34.5165,-7.0165,0,0,3,0,0,36,11,0,0,0,54,0,51,5,0,0,0,0,150,0,1,0,39,1,0,10,0,2,2,0,1,0,6,0,0,26,0,0,0,0,0
MD04-2805,forcens_lgm,,34.5165,-7.0165,0,0,0,0,0,35,11,0,0,0,33,1,123,7,0,0,0,0,126,0,0,0,28,0,0,11,0,2,0,0,9,0,6,0,0,10,0,0,0,0,0
MD95-2042,forcens_lgm,,37.799833,-10.1665,0,0,0,0,0,22,8,0,0,0,37,0,199,6,0,0,0,0,97,5,0,0,4,0,0,4,0,5,4,0,2,0,2,0,0,52,0,0,0,0,0
MD95-2042,forcens_lgm,,37.799833,-10.1665,0,0,0,0,0,30,0,0,0,0,45,0,167,0,0,0,0,0,69,3,0,0,8,0,0,15,0,3,4,0,13,0,2,0,0,42,0,0,0,0,0
MD95-2042,forcens_lgm,,37.799833,-10.1665,0,0,0,0,0,46,4,0,0,0,38,0,113,2,0,0,0,0,62,0,0,0,7,0,0,9,0,3,3,0,0,0,2,0,0,34,0,0,0,0,0
MD95-2042,forcens_lgm,,37.799833,-10.1665,0,0,0,0,0,32,2,0,0,0,47,0,103,1,0,0,0,0,66,0,0,0,10,0,0,7,0,5,6,0,7,0,0,0,0,32,0,0,0,0,0
MD95-2042,forcens_lgm,,37.799833,-10.1665,0,0,0,0,0,16,0,0,0,0,31,0,142,6,0,0,0,0,97,0,0,0,25,0,0,7,1,7,11,0,11,0,1,0,0,43,0,0,0,0,0
MD95-2042,forcens_lgm,,37.799833,-10.1665,0,0,0,0,0,20,1,0,0,0,36,0,129,0,0,0,0,0,135,0,0,0,19,0,0,10,1,5,6,0,11,0,0,0,0,35,0,0,0,0,0
MD95-2042,forcens_lgm,,37.799833,-10.1665,0,0,0,0,0,36,0,0,0,0,19,0,107,1,0,0,0,0,99,0,0,0,32,0,0,7,0,2,9,0,14,0,0,0,0,31,0,0,0,0,0
MD95-2042,forcens_lgm,,37.799833,-10.1665,0,0,0,0,0,45,1,0,0,0,60,0,89,1,0,0,0,0,69,0,0,0,32,0,0,4,0,7,4,0,13,0,1,0,0,24,0,0,0,0,0
MD95-2042,forcens_lgm,,37.799833,-10.1665,0,0,0,0,0,42,1,0,0,0,59,0,108,4,0,0,0,0,98,1,0,0,29,0,0,6,0,1,2,0,11,0,0,0,0,18,0,0,0,0,0
MD95-2042,forcens_lgm,,37.799833,-10.1665,0,0,0,0,0,37,1,0,0,0,85,0,117,1,0,0,0,0,69,0,0,0,29,0,0,7,2,3,5,0,7,0,0,0,0,45,0,0,0,0,0
MD95-2042,forcens_lgm,,37.799833,-10.1665,0,0,0,0,0,37,1,0,0,0,62,0,119,3,0,0,0,0,114,0,0,0,20,0,0,10,0,3,3,0,6,0,2,0,0,27,0,0,0,0,0
MD95-2042,forcens_lgm,,37.799833,-10.1665,0,0,0,0,0,31,1,0,0,0,59,0,101,3,0,0,0,0,95,0,0,0,23,0,0,9,1,6,5,0,17,0,0,0,0,41,0,0,0,0,0
MD95-2042,forcens_lgm,,37.799833,-10.1665,0,0,0,0,0,26,4,0,0,0,70,0,126,2,0,0,0,0,110,1,0,0,23,0,0,13,0,3,4,0,6,0,2,0,0,21,0,0,0,0,0
MD95-2042,forcens_lgm,,37.799833,-10.1665,0,0,0,0,0,39,1,0,0,0,85,0,193,1,0,0,0,0,141,1,0,0,22,0,0,23,0,2,2,0,11,0,2,0,0,75,0,0,0,0,0
MD95-2042,forcens_lgm,,37.799833,-10.1665,0,0,0,0,0,34,1,0,0,0,70,0,142,8,0,0,0,0,109,5,0,0,9,0,0,12,1,2,0,0,4,0,0,0,0,36,0,0,0,0,0
MD95-2042,forcens_lgm,,37.799833,-10.1665,0,0,0,0,0,20,4,0,0,0,89,0,173,2,0,0,0,0,89,0,0,0,22,0,0,6,0,1,3,0,10,0,0,0,0,69,0,0,0,0,0
MD95-2042,forcens_lgm,,37.799833,-10.1665,0,0,0,0,0,18,3,0,0,0,60,0,178,5,0,0,0,0,97,2,0,0,15,0,0,9,0,3,4,0,3,0,1,0,0,24,0,0,0,0,0
MD95-2042,forcens_lgm,,37.799833,-10.1665,0,0,0,0,0,23,1,0,0,0,54,2,143,5,0,0,0,0,91,4,1,0,17,0,1,10,0,0,8,0,2,0,6,0,0,19,0,0,0,0,0
MD95-2042,forcens_lgm,,37.799833,-10.1665,0,0,0,0,0,25,0,0,0,0,34,0,157,7,0,0,0,0,87,3,0,0,23,0,0,4,0,1,2,0,15,0,4,0,0,20,0,0,0,0,0
MD95-2042,forcens_lgm,,37.799833,-10.1665,0,0,0,0,0,16,2,0,0,0,21,0,192,6,0,0,0,0,80,1,0,0,21,0,0,6,0,0,2,0,17,0,1,0,0,17,0,0,0,0,0
MD95-2042,forcens_lgm,,37.799833,-10.1665,0,0,0,0,0,24,1,0,0,0,40,0,150,5,0,0,0,0,108,5,0,0,25,0,0,8,0,1,2,0,10,0,0,0,0,21,0,0,0,0,0
MD95-2042,forcens_lgm,,37.799833,-10.1665,0,0,0,0,0,23,1,0,0,0,57,0,163,4,0,0,0,0,98,0,0,0,16,0,0,11,0,1,4,0,3,0,3,0,0,28,0,0,0,0,0
NS07-25,forcens_lgm,,6.66575,113.5489333,0,0,3,0,26,1,2,1,5,0,14,268,29,0,280,0,0,0,39,1,3,0,277,106,2,28,0,69,47,0,8,0,4,0,0,32,0,0,0,0,0
NS07-25,forcens_lgm,,6.66575,113.5489333,0,0,1,0,10,2,0,0,1,0,3,134,14,0,142,0,0,0,22,1,3,0,180,42,1,18,0,37,21,0,2,0,1,0,0,9,0,0,0,0,0
NS07-25,forcens_lgm,,6.66575,113.5489333,0,0,0,0,25,1,0,0,2,0,5,147,30,0,277,0,0,0,23,1,0,0,191,131,1,20,0,71,29,0,4,0,2,0,0,8,0,0,0,0,0
NS07-25,forcens_lgm,,6.66575,113.5489333,0,0,1,0,12,0,0,0,5,0,12,180,15,0,159,0,0,0,18,2,2,0,175,125,3,30,0,67,23,0,3,0,3,0,0,6,0,0,0,0,0
NS07-25,forcens_lgm,,6.66575,113.5489333,0,0,40,1,15,0,2,1,5,0,6,183,22,0,244,0,0,0,13,3,3,0,122,194,3,31,0,69,35,0,6,0,1,0,0,19,0,0,0,0,0
NS07-25,forcens_lgm,,6.66575,113.5489333,0,0,25,0,13,0,8,0,4,0,0,133,23,0,197,0,0,0,15,2,1,0,164,104,2,8,0,54,31,0,5,0,3,0,0,16,0,0,0,0,0
NS07-25,forcens_lgm,,6.66575,113.5489333,0,0,62,0,0,0,0,0,0,0,4,168,20,0,230,0,0,0,11,2,1,0,159,123,1,23,0,76,41,0,8,0,2,0,0,9,0,0,0,0,0
181-1123,forcens_lgm,,-41.786,-171.499,0,0,0,0,0,0,12,0,0,0,85,0,66,5,0,0,0,0,114,0,0,0,0,0,0,1,0,0,0,0,17,0,0,0,0,17,0,0,0,0,0
181-1123,forcens_lgm,,-41.786,-171.499,0,0,0,0,0,1,30,0,0,0,47,0,167,17,0,0,0,0,87,0,0,0,1,0,0,1,1,0,0,0,9,0,0,0,0,11,0,0,0,0,0
MD01-2390,forcens_lgm,,6.6353,113.409,0,0,18,0,0,0,1,0,0,0,2,31,42,1,68,0,0,0,9,0,0,0,62,25,0,5,5,22,23,0,0,0,7,0,1,15,0,0,0,0,0
MD01-2390,forcens_lgm,,6.6353,113.409,0,0,12,0,3,7,0,0,0,0,13,51,50,1,103,0,0,0,7,0,1,0,69,47,0,8,0,33,18,0,0,0,8,0,0,25,0,0,0,0,0
MD01-2390,forcens_lgm,,6.6353,113.409,0,0,0,0,1,0,0,0,0,0,0,16,58,0,93,0,0,0,13,0,1,0,85,15,0,2,11,26,13,0,0,0,3,0,0,28,0,0,0,0,0
MD01-2390,forcens_lgm,,6.6353,113.409,0,0,2,0,7,9,0,0,0,0,6,42,52,2,133,0,0,0,30,0,0,0,111,70,0,5,1,41,24,0,0,0,8,0,1,47,0,0,0,0,0
MD01-2390,forcens_lgm,,6.6353,113.409,0,0,1,0,9,5,1,0,0,0,3,33,35,3,69,0,0,0,9,0,1,0,83,15,0,12,1,28,25,0,0,0,5,0,4,22,0,0,0,0,0
MD99-2281,forcens_lgm,,60.341833,-9.455667,0,0,0,0,0,0,0,0,0,0,0,0,6,290,0,0,0,0,20,0,0,0,0,0,0,0,0,0,0,0,27,0,0,0,0,37,0,0,0,0,0
MD99-2281,forcens_lgm,,60.341833,-9.455667,0,0,0,0,0,0,0,0,0,0,0,0,6,291,0,0,0,0,19,0,0,0,0,0,0,0,0,0,0,0,16,0,0,0,0,42,0,0,0,0,0
MD99-2281,forcens_lgm,,60.341833,-9.455667,0,0,0,0,0,1,0,0,0,0,0,0,2,297,0,0,0,0,24,0,0,0,0,0,0,0,0,0,0,0,32,0,0,0,0,52,0,0,0,0,0
MD99-2281,forcens_lgm,,60.341833,-9.455667,0,0,0,0,0,0,0,0,0,0,0,0,8,257,0,0,0,0,31,0,0,0,0,0,0,0,0,0,0,0,24,0,0,0,0,40,0,0,0,0,0
MD99-2281,forcens_lgm,,60.341833,-9.455667,0,0,0,0,0,0,0,0,0,0,0,0,12,348,0,0,0,0,29,0,0,0,0,0,0,0,0,0,0,0,19,0,0,0,0,45,0,0,0,0,0
MD99-2281,forcens_lgm,,60.341833,-9.455667,0,0,0,0,0,0,0,0,0,0,0,0,13,260,0,0,0,0,36,0,0,0,0,0,0,0,0,0,0,0,17,0,0,0,0,40,0,0,0,0,0
MD99-2281,forcens_lgm,,60.341833,-9.455667,0,0,0,0,0,0,0,0,0,0,0,0,4,281,0,0,0,0,15,0,0,0,0,0,0,0,0,0,0,0,10,0,0,0,0,42,0,0,0,0,0
MD99-2281,forcens_lgm,,60.341833,-9.455667,0,0,0,0,0,0,0,0,0,0,0,0,11,249,0,0,0,0,30,0,0,0,0,0,0,0,0,0,0,0,26,0,0,0,0,43,0,0,0,0,0
MD99-2281,forcens_lgm,,60.341833,-9.455667,0,0,0,0,0,0,0,0,0,0,0,0,5,222,0,0,0,0,37,0,0,0,0,0,0,0,0,0,0,0,39,0,0,0,0,59,0,0,0,0,0
MD99-2281,forcens_lgm,,60.341833,-9.455667,0,0,0,0,0,0,0,0,0,0,0,0,8,319,0,0,0,0,12,0,0,0,0,0,0,0,0,0,0,0,17,0,0,0,0,30,0,0,0,0,0
MD99-2281,forcens_lgm,,60.341833,-9.455667,0,0,0,0,0,0,0,0,0,0,0,0,6,277,0,0,0,0,24,0,0,0,0,0,0,0,0,0,0,0,27,0,0,0,0,22,0,0,0,0,0
MD99-2281,forcens_lgm,,60.341833,-9.455667,0,0,0,0,0,1,0,0,0,0,0,0,5,239,0,0,0,0,26,0,0,0,0,0,0,0,0,0,0,0,33,0,0,0,0,45,0,0,0,0,0
MD99-2281,forcens_lgm,,60.341833,-9.455667,0,0,0,0,0,0,0,0,0,0,0,0,4,239,0,0,0,0,22,0,0,0,0,0,0,0,0,0,0,0,40,0,0,0,0,47,0,0,0,0,0
MD99-2281,forcens_lgm,,60.341833,-9.455667,0,0,0,0,0,0,0,0,0,0,0,0,7,237,0,0,0,0,30,0,0,0,0,0,0,0,0,0,0,0,38,0,0,0,0,51,0,0,0,0,0
MD99-2281,forcens_lgm,,60.341833,-9.455667,0,0,0,0,0,0,0,0,0,0,0,0,5,262,0,0,0,0,24,0,0,0,0,0,0,0,0,0,0,0,19,0,0,0,0,43,0,0,0,0,0
MD99-2281,forcens_lgm,,60.341833,-9.455667,0,0,0,0,0,0,0,0,0,0,0,0,6,274,0,0,0,0,14,0,0,0,0,0,0,0,0,0,0,0,24,0,0,0,0,36,0,0,0,0,0
MD99-2281,forcens_lgm,,60.341833,-9.455667,0,0,0,0,0,0,0,0,0,0,0,0,6,275,0,0,0,0,15,0,0,0,0,0,0,0,0,0,0,0,19,0,0,0,0,39,0,0,0,0,0
MD99-2281,forcens_lgm,,60.341833,-9.455667,0,0,0,0,0,0,0,0,0,0,0,0,11,265,0,0,0,0,25,0,0,0,0,0,0,0,0,0,0,0,21,0,0,0,0,50,0,0,0,0,0
MD99-2281,forcens_lgm,,60.341833,-9.455667,0,0,0,0,0,0,0,0,0,0,0,0,3,278,0,0,0,0,20,0,0,0,0,0,0,0,0,0,0,0,16,0,0,0,0,39,0,0,0,0,0
MD99-2281,forcens_lgm,,60.341833,-9.455667,0,0,0,0,0,0,0,0,0,0,0,0,3,306,0,0,0,0,22,0,0,0,0,0,0,0,0,0,0,0,30,0,0,0,0,54,0,0,0,0,0
MD99-2281,forcens_lgm,,60.341833,-9.455667,0,0,0,0,0,0,0,0,0,0,0,0,4,315,0,0,0,0,39,0,0,0,0,0,0,0,0,0,0,0,20,0,0,0,0,36,0,0,0,0,0
MD99-2281,forcens_lgm,,60.341833,-9.455667,0,0,0,0,0,0,0,0,0,0,0,0,8,305,0,0,0,0,19,0,0,0,0,0,0,0,0,0,0,0,32,0,0,0,0,44,0,0,0,0,0
MD99-2281,forcens_lgm,,60.341833,-9.455667,0,0,0,0,0,0,0,0,0,0,0,0,11,365,0,0,0,0,53,0,0,0,0,0,0,0,0,0,0,0,25,0,0,0,0,81,0,0,0,0,0
MD99-2281,forcens_lgm,,60.341833,-9.455667,0,0,0,0,0,0,0,0,0,0,0,0,5,308,0,0,0,0,24,0,0,0,0,0,0,0,0,0,0,0,9,0,0,0,0,19,0,0,0,0,0
MD01-2409,forcens_lgm,,41.5608,141.868,0,0,0,0,0,410,0,0,0,0,270,270,810,31950,0,0,0,0,6090,0,0,0,0,0,0,0,0,0,0,0,1620,0,0,0,0,0,0,0,0,0,0
MD01-2409,forcens_lgm,,41.5608,141.868,0,0,0,0,0,1310,0,0,0,0,650,330,4240,91050,0,0,0,0,25450,0,0,0,0,0,0,0,0,0,0,0,6200,0,0,0,0,5550,0,0,0,0,0
MD01-2409,forcens_lgm,,41.5608,141.868,0,0,120,0,0,0,0,0,0,0,250,490,860,39000,0,0,0,0,9690,250,0,0,0,0,0,0,0,0,0,0,250,0,0,0,0,1470,0,0,0,0,0
MD01-2409,forcens_lgm,,41.5608,141.868,0,0,0,0,0,250,0,0,0,0,130,130,380,29090,0,0,0,0,6200,0,0,0,0,0,0,130,0,0,0,0,630,0,0,0,0,1640,0,0,0,0,0
MD01-2409,forcens_lgm,,41.5608,141.868,0,0,0,0,0,1410,0,0,0,0,0,1760,3530,92970,0,0,0,0,19020,0,0,0,0,0,0,0,0,0,0,0,3170,0,0,0,0,5990,0,0,0,0,0
MD01-2409,forcens_lgm,,41.5608,141.868,0,0,0,0,0,0,0,0,0,0,0,2480,2480,75620,0,0,0,0,16120,0,0,0,0,0,0,0,0,0,0,0,3410,0,0,0,0,3100,0,0,0,0,0
MD01-2409,forcens_lgm,,41.5608,141.868,0,0,0,0,0,2350,0,0,0,0,0,3020,4820,76050,0,0,0,0,19100,0,0,0,0,0,0,0,0,0,0,0,5360,0,0,0,0,6700,340,0,0,0,0
MD01-2409,forcens_lgm,,41.5608,141.868,0,0,0,0,0,250,0,0,0,0,0,0,1510,17240,0,0,0,0,5540,0,0,0,0,0,0,0,0,0,0,0,380,0,0,0,0,1760,0,0,0,0,0
MD01-2409,forcens_lgm,,41.5608,141.868,0,0,0,0,0,0,0,0,0,0,0,3330,2380,64190,0,0,0,0,25680,0,0,0,0,0,0,0,0,0,0,0,480,0,0,0,0,950,0,0,0,0,0
MD01-2409,forcens_lgm,,41.5608,141.868,0,0,0,0,0,120,0,0,0,0,0,0,120,20270,0,0,0,0,4010,0,0,0,0,0,0,0,0,0,0,0,120,0,0,0,0,710,0,0,0,0,0
MD01-2409,forcens_lgm,,41.5608,141.868,0,0,0,0,0,110,0,0,0,0,110,220,790,16910,0,0,0,0,4340,0,0,0,0,0,0,0,0,0,0,0,440,0,0,0,0,1110,110,0,0,0,0
MD04-2797CQ,forcens_lgm,,36.95,11.67,0,0,0,0,0,28,0,0,0,0,2,0,98,0,0,0,0,0,65,0,0,0,42,0,8,0,2,0,1,0,94,0,0,0,0,58,0,0,0,0,0
MD04-2797CQ,forcens_lgm,,36.95,11.67,0,0,0,0,0,30,0,0,0,0,2,0,91,0,0,0,0,0,53,0,0,0,36,0,8,0,0,0,1,0,76,0,0,0,0,68,0,0,0,0,0
MD04-2797CQ,forcens_lgm,,36.95,11.67,0,0,0,0,0,22,0,0,0,0,2,0,122,3,0,0,0,0,71,0,0,0,54,0,10,0,0,0,3,0,105,0,0,0,0,81,0,0,0,0,0
MD04-2797CQ,forcens_lgm,,36.95,11.67,0,0,0,0,0,35,0,0,0,0,2,0,124,2,0,0,0,0,68,0,0,0,82,0,6,1,0,0,1,0,75,0,0,0,0,81,0,0,0,0,0
MD04-2797CQ,forcens_lgm,,36.95,11.67,0,0,0,0,0,15,0,0,0,0,1,0,92,0,0,0,0,0,65,0,0,0,46,0,2,0,0,0,2,0,46,0,0,0,0,34,0,0,0,0,0
MD04-2797CQ,forcens_lgm,,36.95,11.67,0,0,0,0,0,22,0,0,0,0,0,8,108,2,0,0,0,0,71,0,0,0,61,0,0,0,0,1,0,0,58,0,0,0,0,78,0,0,0,0,0
MD04-2797CQ,forcens_lgm,,36.95,11.67,0,0,0,0,0,35,0,0,0,0,1,2,133,2,0,0,0,0,106,0,0,0,44,0,1,0,0,0,0,0,84,0,0,0,0,95,0,0,0,0,0
MD04-2797CQ,forcens_lgm,,36.95,11.67,0,0,0,0,0,16,0,0,0,0,1,2,95,2,0,0,0,0,73,0,0,0,61,0,0,0,0,0,0,0,68,0,0,0,0,58,0,0,0,0,0
MD04-2797CQ,forcens_lgm,,36.95,11.67,0,0,0,0,0,60,0,0,0,0,3,4,156,3,0,0,0,0,105,0,0,0,86,0,0,0,0,0,1,0,126,0,0,0,0,117,0,0,0,0,0
MD04-2797CQ,forcens_lgm,,36.95,11.67,0,0,0,0,0,40,0,0,0,0,0,4,194,6,0,0,0,0,152,0,0,0,66,0,0,0,0,0,0,0,130,0,0,0,0,120,0,0,0,0,0
MD04-2797CQ,forcens_lgm,,36.95,11.67,0,0,0,0,0,30,0,0,0,0,2,2,150,3,0,0,0,0,90,0,0,0,81,0,1,0,0,0,0,0,72,0,0,0,0,77,0,0,0,0,0
MD04-2797CQ,forcens_lgm,,36.95,11.67,0,0,0,0,0,34,0,0,0,0,0,3,149,3,0,0,0,0,76,0,0,0,43,0,0,0,0,0,0,0,102,0,0,0,0,96,0,0,0,0,0
RS147-GC07,forcens_lgm,0.85,-45.15,146.2833333,0,0,0,1,0,1,11,0,0,0,32,0,85,71,0,0,0,0,73,0,0,0,0,0,0,0,0,0,1,0,40,0,0,0,0,33,0,0,0,0,0
RS147-GC07,forcens_lgm,0.87,-45.15,146.2833333,0,0,0,0,0,5,18,0,0,0,38,0,94,94,0,0,0,0,94,3,0,0,0,0,0,0,0,0,0,0,38,0,0,0,0,35,0,0,0,0,0
RS147-GC07,forcens_lgm,0.88,-45.15,146.2833333,0,0,0,0,0,0,14,0,0,0,26,0,32,58,0,0,0,0,80,5,0,0,0,0,0,0,0,0,0,0,40,0,0,0,0,24,0,0,0,0,0
RS147-GC07,forcens_lgm,0.91,-45.15,146.2833333,0,0,0,0,0,0,12,0,0,0,26,1,55,82,0,0,0,0,110,0,0,0,0,0,0,0,0,0,0,0,39,0,0,0,0,23,0,0,0,0,0
RS147-GC07,forcens_lgm,0.935,-45.15,146.2833333,0,0,0,0,0,1,20,0,0,0,34,2,62,110,0,0,0,0,150,12,0,0,0,0,0,0,0,0,1,0,119,0,0,0,0,58,0,0,0,0,0
RS147-GC07,forcens_lgm,0.985,-45.15,146.2833333,0,0,0,1,0,3,7,0,0,0,42,1,79,122,0,0,0,0,207,11,0,0,1,0,0,0,0,0,2,0,104,0,0,0,0,42,0,0,0,0,0
MD98-2196,forcens_lgm,,29.88,128.61,0,0,0,1,0,0,3,2,0,0,12,160,0,37,3,3,0,0,103,12,2,0,81,14,8,8,0,11,3,0,7,2,6,0,0,13,0,0,0,4,0
MD98-2196,forcens_lgm,,29.88,128.61,0,0,0,0,0,0,0,0,0,0,12,100,0,29,3,4,0,0,77,8,0,0,40,13,9,5,0,12,3,0,8,0,4,0,0,13,0,0,0,1,0
MD98-2196,forcens_lgm,,29.88,128.61,0,0,0,0,3,0,1,1,0,0,7,97,2,12,4,1,0,0,53,12,2,0,43,10,5,2,0,5,2,0,2,0,0,1,0,1,0,0,0,0,0
MD98-2196,forcens_lgm,,29.88,128.61,0,0,0,0,0,0,3,0,0,0,12,88,0,36,8,1,0,0,67,14,0,0,51,7,6,3,0,4,1,0,1,0,1,0,0,8,1,0,0,0,0
MD98-2196,forcens_lgm,,29.88,128.61,0,0,0,0,1,0,5,0,0,0,1,68,1,15,20,1,0,0,102,28,0,0,78,21,7,11,3,7,7,0,2,0,5,0,0,11,0,0,0,0,0
MD01-2398,forcens_lgm,,23.9918,124.413,0,0,1,0,1,2,4,0,0,0,3,57,9,8,9,0,0,0,50,14,2,0,71,10,4,4,0,10,4,0,1,0,2,0,0,39,0,0,0,0,0
MD01-2398,forcens_lgm,,23.9918,124.413,0,0,6,0,1,3,4,0,0,0,1,43,0,22,10,0,0,0,47,23,2,0,68,12,4,1,0,17,5,0,1,0,11,0,0,41,0,0,0,0,0
MD01-2398,forcens_lgm,,23.9918,124.413,0,0,3,0,1,6,7,4,0,0,7,35,1,17,7,0,0,0,51,22,3,0,91,15,15,14,2,30,2,0,3,0,12,0,0,81,0,0,0,4,0
MD01-2398,forcens_lgm,,23.9918,124.413,0,0,1,0,0,3,5,3,0,0,4,59,0,16,1,1,0,0,38,10,2,0,53,21,11,8,0,33,3,0,1,0,8,0,1,39,0,0,0,5,0
MD01-2398,forcens_lgm,,23.9918,124.413,0,0,2,0,0,0,5,1,0,0,2,37,4,4,0,0,0,0,43,22,1,0,72,6,4,0,0,10,0,0,1,0,13,1,0,31,1,0,0,0,0
GeoB 3302-1,forcens_lgm,,-33.218333,-72.09,0,0,0,0,0,0,0,32,0,0,448,0,176,4272,0,0,0,0,1488,0,0,0,0,0,0,32,0,0,0,0,0,0,0,0,0,240,0,0,0,0,0
GeoB 3302-1,forcens_lgm,,-33.218333,-72.09,0,0,0,0,0,8,8,0,0,0,288,0,128,4792,0,0,64,0,1176,0,0,0,0,0,0,8,0,0,0,0,32,0,0,0,0,256,0,0,0,0,0
GeoB 3302-1,forcens_lgm,,-33.218333,-72.09,0,0,0,0,0,32,8,0,0,0,328,0,0,4112,0,0,40,0,840,0,0,0,8,0,0,0,0,0,0,0,0,0,0,0,0,360,0,0,0,0,0
GeoB 3302-1,forcens_lgm,,-33.218333,-72.09,0,0,0,0,0,80,0,0,0,0,336,0,272,3488,0,0,80,0,1344,0,0,0,0,0,0,16,0,0,0,0,0,0,0,0,0,320,0,0,0,0,0
GeoB 3302-1,forcens_lgm,,-33.218333,-72.09,0,0,0,0,0,16,16,48,0,0,224,0,48,2592,0,0,32,0,560,0,0,0,0,0,0,0,0,0,0,0,0,0,0,0,0,376,0,0,0,0,0
GeoB 3302-1,forcens_lgm,,-33.218333,-72.09,0,0,0,0,0,0,0,16,0,0,800,0,672,6416,0,0,16,0,2544,0,0,0,0,0,0,0,0,0,64,0,0,0,0,0,0,880,0,0,0,0,0
GeoB 3302-1,forcens_lgm,,-33.218333,-72.09,0,0,0,0,0,0,32,0,0,0,480,0,384,3616,0,0,96,0,1248,0,0,0,0,0,0,0,0,0,0,0,32,0,0,0,0,480,0,0,0,0,0
GeoB 3302-1,forcens_lgm,,-33.218333,-72.09,0,0,0,0,0,128,32,0,0,0,656,0,368,5088,0,0,32,0,2000,0,0,0,16,0,0,0,0,0,0,0,32,0,0,0,0,912,0,0,0,0,0
GeoB 3302-1,forcens_lgm,,-33.218333,-72.09,0,0,0,0,0,32,16,0,0,0,1872,32,528,5520,0,0,48,0,2592,0,0,0,0,0,0,64,0,0,0,0,0,0,0,0,0,1024,0,0,0,0,0
GeoB 3302-1,forcens_lgm,,-33.218333,-72.09,0,0,0,0,0,0,96,32,0,0,1056,0,352,4416,0,0,96,0,2272,0,0,0,0,0,0,32,0,0,0,0,0,0,0,0,0,864,0,0,0,0,0
GeoB 3302-1,forcens_lgm,,-33.218333,-72.09,0,0,0,0,0,32,80,96,0,0,752,0,768,4320,0,0,48,0,1568,0,0,0,0,0,0,48,0,0,32,0,0,0,0,0,0,1088,0,0,0,0,0
GeoB 3302-1,forcens_lgm,,-33.218333,-72.09,0,0,0,0,0,96,0,0,0,0,1056,0,672,3264,0,0,128,0,1792,0,0,0,0,0,0,32,0,0,32,0,0,0,0,0,0,1280,0,0,0,0,0
GeoB 3302-1,forcens_lgm,,-33.218333,-72.09,0,0,0,0,0,32,0,16,0,0,992,0,432,3248,0,0,48,0,1712,0,0,0,0,0,0,32,0,0,0,0,0,0,0,0,0,768,0,0,0,0,0
GeoB 3302-1,forcens_lgm,,-33.218333,-72.09,0,0,0,0,0,0,16,32,0,0,752,0,320,2832,0,0,48,0,1120,0,0,0,0,0,0,64,0,0,0,0,0,0,0,0,0,512,0,0,0,0,0
GeoB 3302-1,forcens_lgm,,-33.218333,-72.09,0,0,16,0,0,16,0,0,0,0,832,0,176,3040,0,0,32,0,1664,32,0,0,0,0,0,16,0,0,0,0,0,0,0,0,0,656,0,0,0,0,0
GeoB 3302-1,forcens_lgm,,-33.218333,-72.09,0,0,0,0,0,32,16,0,0,0,688,0,448,3312,0,0,80,0,1376,0,0,0,0,0,0,32,16,0,0,0,0,0,0,0,0,704,0,0,0,0,0
GeoB 3302-1,forcens_lgm,,-33.218333,-72.09,0,0,0,0,0,32,0,0,0,0,496,0,256,2720,0,0,48,0,1120,0,0,0,0,0,0,0,0,0,0,0,0,0,0,0,0,608,0,0,0,0,0
GeoB 3302-1,forcens_lgm,,-33.218333,-72.09,0,0,0,0,0,32,0,0,0,0,624,0,448,3728,0,0,64,0,1216,0,0,0,0,0,0,0,0,0,32,0,0,0,0,0,0,720,0,0,0,0,0
GeoB 3302-1,forcens_lgm,,-33.218333,-72.09,0,0,0,0,0,16,32,0,0,0,592,0,304,4064,0,0,0,0,912,16,0,0,0,0,0,0,0,0,0,0,0,0,0,0,0,480,0,0,0,0,0
GeoB 3302-1,forcens_lgm,,-33.218333,-72.09,0,0,0,0,0,32,0,0,0,0,400,0,144,3280,0,0,96,0,704,0,0,0,0,0,0,0,0,0,48,0,16,0,0,0,0,544,0,0,0,0,0
GeoB 3302-1,forcens_lgm,,-33.218333,-72.09,0,0,0,0,0,16,16,0,0,0,416,0,192,2144,0,0,32,0,656,0,0,0,0,0,0,16,0,0,0,0,0,0,0,0,0,288,0,0,0,0,0
GeoB 3302-1,forcens_lgm,,-33.218333,-72.09,0,0,0,0,0,0,0,0,0,0,416,0,272,2528,0,0,48,0,800,0,0,0,0,0,0,0,0,0,0,0,0,0,0,0,0,384,0,0,0,0,0
GeoB 3302-1,forcens_lgm,,-33.218333,-72.09,0,0,16,0,0,48,16,0,0,0,376,0,208,2536,0,0,96,0,1056,0,0,0,0,0,0,0,0,0,0,0,0,0,0,0,0,488,0,0,0,0,0
GeoB 3302-1,forcens_lgm,,-33.218333,-72.09,0,0,0,0,0,0,0,0,0,0,416,0,144,2128,0,0,48,0,536,0,0,0,0,0,0,8,0,0,8,0,0,0,0,0,0,408,0,0,0,0,0
GeoB 3302-1,forcens_lgm,,-33.218333,-72.09,0,0,0,0,0,0,8,0,0,0,248,0,80,1368,0,0,96,0,656,0,0,0,0,0,0,0,0,0,0,0,0,0,0,0,0,440,0,0,0,0,0
GeoB10029-4,forcens_lgm,,-1.4945,100.128,0,0,9,0,6,3,0,1,2,0,0,24,17,0,50,1,1,0,9,5,1,0,75,16,12,0,2,8,22,0,1,0,7,0,0,24,0,0,0,1,0
GeoB10029-4,forcens_lgm,,-1.4945,100.128,0,0,17,0,19,7,0,7,0,0,0,44,14,0,72,4,4,0,4,2,1,0,66,34,14,1,2,12,10,3,2,0,6,0,0,29,0,0,0,0,0
GeoB10038-4,forcens_lgm,,-5.9375,103.246,0,0,1,0,13,3,5,4,6,0,0,45,23,1,37,1,2,0,29,8,4,0,34,22,4,1,1,4,11,0,1,0,6,0,1,24,0,0,1,0,0
GeoB10038-4,forcens_lgm,,-5.9375,103.246,0,0,1,0,23,4,4,0,12,0,0,32,34,0,34,2,5,0,49,6,3,0,71,13,16,0,2,11,5,0,0,1,4,1,0,47,1,0,0,0,0
GeoB10042-1,forcens_lgm,,-7.1135,104.6425,0,0,0,0,13,3,3,8,1,1,0,75,49,1,35,2,0,0,34,4,1,0,21,10,4,6,0,6,2,0,0,0,2,0,0,51,0,0,0,0,0
GeoB10042-1,forcens_lgm,,-7.1135,104.6425,0,0,4,0,18,1,0,4,4,0,0,47,32,0,37,2,2,0,26,8,3,0,25,5,3,0,0,5,4,0,0,0,5,0,0,47,0,0,0,0,0
GeoB10043-3,forcens_lgm,,-7.30917,105.05867,0,0,7,2,19,1,6,4,2,1,0,66,36,0,35,10,4,0,58,4,1,0,31,11,3,2,0,5,7,0,1,0,4,0,1,53,0,0,2,0,0
GeoB10043-3,forcens_lgm,,-7.30917,105.05867,0,0,5,0,24,4,3,6,4,0,0,101,49,5,67,1,2,0,82,20,0,0,52,19,7,1,1,7,9,0,2,0,9,0,1,72,0,0,4,0,0
GeoB10053-7,forcens_lgm,,-8.6765,112.8725,0,0,7,0,10,5,1,4,5,0,0,43,77,3,19,0,0,0,103,15,0,0,53,6,7,0,0,5,3,0,1,0,13,0,0,35,1,0,2,0,0
GeoB10053-7,forcens_lgm,,-8.6765,112.8725,0,0,1,0,8,1,2,2,7,1,0,32,59,0,26,0,0,0,70,8,1,0,28,9,4,4,0,6,5,0,4,0,17,0,0,18,0,0,0,0,0
GeoB10069-3,forcens_lgm,,-9.59483,120.917,2,0,13,0,12,9,0,5,14,0,0,87,105,1,21,0,0,0,175,13,0,0,175,10,44,2,1,6,17,0,9,0,59,0,0,195,3,0,14,0,0
GeoB10069-3,forcens_lgm,,-9.59483,120.917,0,0,2,1,4,9,3,3,9,0,1,37,60,1,24,0,0,0,126,11,1,0,104,5,18,0,0,4,7,0,6,0,50,0,0,88,0,0,10,0,0
GeoB10069-3,forcens_lgm,,-9.59483,120.917,0,0,3,0,14,10,3,4,15,0,0,45,81,5,23,0,0,0,148,10,0,0,120,7,20,0,0,8,9,0,8,0,57,0,0,144,0,0,12,0,0
GeoB12615-4,forcens_lgm,,-7.138333,39.840833,0,0,4,0,6,0,1,6,11,0,0,17,27,0,5,2,1,0,18,9,1,0,79,20,9,3,1,6,11,0,0,0,10,0,0,42,1,0,0,0,0
GeoB12615-4,forcens_lgm,,-7.138333,39.840833,0,0,1,0,8,0,2,6,8,0,2,12,15,1,15,2,0,0,31,11,3,0,113,32,8,3,1,12,14,0,0,1,11,0,0,61,1,0,3,0,0
GeoB16224-1,forcens_lgm,,6.656333,-52.083167,0,0,13,0,0,5,27,1,0,0,0,36,18,0,0,0,0,0,23,2,0,20,120,47,0,1,3,11,3,0,13,0,7,0,1,38,0,0,3,0,0
GeoB16224-1,forcens_lgm,,6.656333,-52.083167,0,0,12,0,0,1,26,0,0,0,0,39,9,0,0,0,0,0,13,0,3,6,100,21,0,4,3,1,3,0,9,0,9,0,0,34,0,0,0,0,0
GeoB18530-1,forcens_lgm,,42.8395,-49.23483333,0,0,0,0,0,3,0,0,0,0,13,0,40,243,0,0,0,0,25,0,0,0,0,0,0,0,0,0,0,0,33,0,0,0,0,16,0,0,0,0,0
GeoB18530-1,forcens_lgm,,42.8395,-49.23483333,0,0,0,0,0,0,0,0,0,0,6,0,35,209,0,0,0,0,68,0,0,0,0,0,0,0,0,0,0,0,48,0,0,0,0,9,0,0,0,0,0
GeoB20616-1,forcens_lgm,,-25.589,33.334,0,0,0,0,2,1,0,3,6,0,48,27,28,0,7,0,0,0,19,6,4,0,63,12,1,3,1,9,11,0,0,0,12,0,0,34,0,0,0,0,0
GeoB20616-1,forcens_lgm,,-25.589,33.334,0,0,0,0,4,0,0,3,2,0,66,14,35,3,2,0,0,0,18,6,1,0,66,15,2,2,1,6,2,0,1,0,5,0,0,36,0,0,0,0,0
GeoB2104-3,forcens_lgm,,-27.285,-46.373333,0,0,0,9,0,3,33,0,0,0,67,0,25,3,0,0,0,0,50,9,4,31,198,18,27,1,0,3,3,0,0,0,11,0,2,101,0,0,0,0,0
GeoB2104-3,forcens_lgm,,-27.285,-46.373333,0,0,7,4,0,6,13,0,0,0,22,2,8,0,1,0,0,0,5,15,4,22,138,13,12,0,2,1,8,0,0,0,4,0,1,49,1,0,0,0,0
GeoB7010-2,forcens_lgm,,8.57,-53.205,1,0,12,0,0,5,11,0,0,0,1,20,6,0,0,0,0,0,15,2,2,14,107,38,4,0,4,4,5,0,26,1,8,0,0,52,0,0,0,0,0
GeoB7010-2,forcens_lgm,,8.57,-53.205,0,0,5,0,0,5,6,0,0,0,0,27,3,2,0,0,0,0,24,3,0,17,94,47,0,0,2,8,7,0,23,1,9,0,0,39,0,0,0,0,0
LV29-114-3,forcens_lgm,4.05,49.375667,152.877933,0,0,0,0,0,0,0,0,0,0,0,0,5,168,0,0,0,0,32,0,0,0,0,0,0,0,0,0,0,0,0,0,0,0,0,1,0,0,0,0,0
SO189-119KL,forcens_lgm,,3.5178,96.3145,0,0,11,0,2,2,0,3,4,0,0,21,18,1,53,2,4,0,15,15,0,0,137,11,16,2,1,10,19,0,0,0,4,0,0,9,0,0,2,0,0
SO189-119KL,forcens_lgm,,3.5178,96.3145,0,0,2,0,3,2,0,1,0,0,0,33,19,1,56,1,5,0,15,3,0,0,70,10,7,0,0,7,9,1,1,1,7,0,0,11,0,0,0,0,0
SO189-144KL,forcens_lgm,,1.155,98.066,0,0,11,0,3,3,3,2,1,1,0,8,20,2,114,1,15,0,17,2,0,0,92,20,16,9,0,14,26,4,0,0,9,0,0,29,0,0,0,2,0
SO189-39KL,forcens_lgm,,-0.79,99.9085,0,0,15,0,12,1,0,0,5,0,0,37,32,1,95,0,5,0,15,1,0,0,64,32,17,0,1,9,13,1,1,0,4,0,0,28,0,0,0,0,0
SO189-39KL,forcens_lgm,,-0.79,99.9085,0,0,10,0,10,1,0,0,1,0,0,24,22,0,46,2,2,0,11,2,0,0,69,10,15,7,0,7,12,0,0,0,4,0,0,20,0,0,0,0,0
SO201-2-77KL,forcens_lgm,2.74,56.3305,170.7,0,0,0,0,0,0,0,0,0,0,0,0,7,317,0,0,0,0,104,0,0,0,0,0,0,0,0,0,0,0,3,0,0,0,0,0,0,0,0,0,0
SO201-2-77KL,forcens_lgm,2.54,56.3305,170.7,0,0,0,0,0,1,0,0,0,0,0,0,9,454,0,0,0,0,148,0,0,0,1,0,0,0,0,0,0,0,4,0,0,0,0,0,2,0,0,0,0
SO201-2-85KL,forcens_lgm,1.35,57.505,170.413167,0,0,0,0,0,0,0,0,0,0,0,0,19,354,0,0,0,0,111,0,0,0,0,0,0,0,0,0,0,0,0,0,0,0,0,0,0,0,0,0,0
MD04-2861,forcens_lgm,,24.13,63.91,0,0,0,0,0,0,0,0,0,1,0,0,15,10,0,0,0,0,117,34,0,0,108,52,7,71,0,4,18,0,1,0,6,0,0,14,0,0,0,0,0
MD04-2861,forcens_lgm,,24.13,63.91,0,0,0,0,0,0,0,0,0,0,0,0,27,12,2,0,0,0,119,28,0,0,93,45,5,61,0,3,17,0,0,0,10,0,0,23,0,0,0,0,0
MD04-2861,forcens_lgm,,24.13,63.91,0,0,0,0,0,0,0,0,0,0,0,0,16,11,0,0,0,0,91,21,0,0,173,32,1,64,0,0,6,0,2,0,11,0,0,17,0,0,0,0,0
MD04-2861,forcens_lgm,,24.13,63.91,0,0,0,0,1,0,0,0,0,0,0,0,15,5,1,0,1,0,91,21,0,0,182,35,0,68,0,2,23,0,4,0,13,0,0,13,0,0,0,0,0
MD04-2861,forcens_lgm,,24.13,63.91,0,0,0,0,0,0,0,0,0,0,0,0,9,5,0,0,1,0,90,26,0,1,159,19,10,26,0,1,6,0,2,0,8,1,0,7,0,0,0,0,0
MD04-2861,forcens_lgm,,24.13,63.91,0,0,0,0,1,0,0,0,0,0,0,0,22,11,0,0,0,0,102,28,0,0,89,42,4,54,0,5,21,0,1,0,19,0,0,9,0,0,0,0,0
MD04-2861,forcens_lgm,,24.13,63.91,0,0,0,0,0,0,0,0,0,0,0,1,18,10,0,0,0,0,108,13,0,0,74,48,0,98,1,6,25,0,1,0,4,0,0,9,0,0,0,0,0
MD04-2861,forcens_lgm,,24.13,63.91,0,0,0,0,0,1,0,0,0,0,0,0,17,7,1,0,0,0,99,19,0,0,51,47,0,90,0,0,35,0,2,0,10,0,0,9,0,0,0,0,0
MD04-2861,forcens_lgm,,24.13,63.91,0,0,0,2,0,0,0,0,0,0,0,0,21,10,0,0,0,0,89,15,0,0,56,44,2,78,2,0,30,0,4,0,6,0,0,5,0,0,0,0,0
E-34,forcens_lgm,,19.26883333,-94.5115,0,0,61,0,0,0,3,0,0,0,48,6,3,0,2,0,0,0,26,1,12,64,70,25,0,9,0,32,8,0,1,0,0,0,0,1,0,0,0,2,0
E-34,forcens_lgm,,19.26883333,-94.5115,0,0,37,0,0,0,3,0,0,0,28,2,3,0,0,0,0,0,18,1,3,88,72,10,0,22,0,39,4,0,0,0,0,0,0,1,0,0,0,0,0
E-34,forcens_lgm,,19.26883333,-94.5115,0,0,29,0,1,0,3,0,0,0,72,2,4,0,2,0,0,0,22,2,1,59,96,18,0,26,0,23,7,0,0,0,0,0,0,1,0,0,0,1,0
E-34,forcens_lgm,,19.26883333,-94.5115,0,0,75,0,0,0,9,0,0,0,105,6,9,0,2,0,0,0,43,9,6,69,157,19,0,24,0,16,12,0,0,0,0,0,0,0,0,0,0,6,0
E-34,forcens_lgm,,19.26883333,-94.5115,0,0,12,0,0,0,2,0,0,0,26,4,0,0,0,0,0,0,34,8,5,28,66,41,0,8,1,4,2,0,0,0,0,0,1,0,1,0,0,1,0
E-34,forcens_lgm,,19.26883333,-94.5115,0,0,27,0,0,1,8,0,0,0,56,1,1,0,0,0,0,0,18,2,1,41,78,75,0,6,0,13,6,0,0,0,0,0,0,1,0,0,0,0,0
E-34,forcens_lgm,,19.26883333,-94.5115,0,0,5,0,0,0,3,0,0,0,70,0,1,0,0,0,0,0,27,5,3,24,78,70,0,12,0,12,11,0,0,0,0,0,1,0,1,0,0,0,0
E-35,forcens_lgm,,19.16266667,-94.535,0,0,27,0,0,0,0,0,0,2,27,10,2,0,0,0,0,0,14,13,7,71,77,4,0,9,0,37,20,0,0,0,0,0,0,3,2,0,0,0,0
E-35,forcens_lgm,,19.16266667,-94.535,0,0,59,0,1,1,1,0,0,0,53,8,4,0,1,0,0,0,11,2,2,62,75,3,1,17,0,22,6,0,0,0,0,0,1,1,1,0,0,0,0
E-35,forcens_lgm,,19.16266667,-94.535,0,0,22,0,0,0,1,0,0,1,34,1,1,0,0,0,0,0,7,2,5,20,84,30,0,14,0,30,12,0,0,0,0,0,0,0,0,0,0,0,0
E-35,forcens_lgm,,19.16266667,-94.535,0,0,5,0,0,0,1,0,0,0,39,1,0,0,2,0,0,0,19,2,5,33,87,30,0,9,0,16,9,0,0,0,0,0,0,0,1,0,0,0,0
E-35,forcens_lgm,,19.16266667,-94.535,0,0,18,0,1,0,14,0,0,1,43,12,3,0,0,0,1,0,7,8,7,74,66,21,1,8,0,7,8,0,0,0,0,0,0,4,0,0,0,0,0
E-35,forcens_lgm,,19.16266667,-94.535,0,0,7,0,0,0,9,0,0,1,64,8,1,0,2,0,0,0,14,10,21,46.4,98.6,28,2,19,0,38,21,0,0,0,0,0,0,2,1,0,0,0,0
E-37,forcens_lgm,,18.961,-94.50916667,0,0,81,0,0,0,4,0,0,0,5,3,4,0,0,0,0,0,23,6,4,45,63,10,0,18,2,27,5,0,0,0,0,0,0,2,0,0,0,0,0
E-37,forcens_lgm,,18.961,-94.50916667,0,0,58,0,0,1,8,0,0,1,5,3,1,0,0,0,0,0,9,2,2,41,59,5,0,31,0,26,10,0,0,0,0,0,0,2,0,0,0,0,0
E-37,forcens_lgm,,18.961,-94.50916667,0,0,25,0,0,0,8,0,0,0,3,3,5,0,0,0,0,0,21,1,2,47,70,5,1,30,1,23,4,0,0,0,0,0,0,0,1,0,0,0,0
AII 125-8 JPC 20,forcens_lgm,,26.03816667,-110.9301667,0,0,0,0,6,0,0,0,0,0,0,10,486,0,0,0,0,0,111,0,0,0,0,0,0,1,0,0,0,0,0,0,0,0,0,0,0,0,0,0,0
AII 125-8 JPC 20,forcens_lgm,,26.03816667,-110.9301667,0,0,0,0,25,0,0,2,0,0,0,36,192,0,0,0,0,0,81,56,0,0,7,4,0,1,0,0,0,0,0,0,0,0,0,0,0,0,0,0,0
AII 125-8 JPC 20,forcens_lgm,,26.03816667,-110.9301667,0,0,0,0,0,0,0,0,0,0,0,5,101,0,0,0,0,0,75,0,0,0,4,4,0,0,0,0,0,0,0,0,0,0,0,12,0,0,0,0,0
AII 125-8 JPC 20,forcens_lgm,,26.03816667,-110.9301667,0,0,0,0,2,0,0,0,0,0,0,8,175,0,0,0,0,0,154,32,0,0,2,2,0,1,0,0,0,0,0,0,0,0,0,0,0,0,0,0,0
AII 125-8 JPC 20,forcens_lgm,,26.03816667,-110.9301667,0,0,0,0,3,0,0,0,0,0,0,76,220,0,0,0,0,0,62,14,0,0,0,2,0,0,0,0,0,0,0,0,0,0,0,0,0,0,0,1,0
AII 125-8 JPC 20,forcens_lgm,,26.03816667,-110.9301667,0,0,0,0,0,0,0,0,0,0,0,55,107,0,0,0,0,0,266,21,0,0,8,0,0,4,0,0,0,0,0,0,0,0,0,0,0,0,0,0,0
AII 125-8 JPC 20,forcens_lgm,,26.03816667,-110.9301667,0,0,0,0,15,0,0,0,0,0,0,18,225,0,0,0,0,0,87,19,0,0,7,1,0,0,0,0,0,0,0,0,0,0,0,1,0,0,0,0,0
AII 125-8 JPC 20,forcens_lgm,,26.03816667,-110.9301667,0,0,0,0,7,0,0,0,0,0,0,57,118,0,0,0,0,0,81,5,0,0,6,4,0,7,0,0,0,0,0,0,0,0,1,0,0,0,0,0,0
MD95-2010,forcens_lgm,3.1,66.6842,4.5662,0,0,0,0,0,0,0,0,0,0,0,0,1,295,0,0,0,0,0,0,0,0,0,0,0,0,0,0,0,0,0,0,0,0,0,0,0,0,0,0,0
MD95-2010,forcens_lgm,3.12,66.6842,4.5662,0,0,0,0,0,0,0,0,0,0,0,0,6,210,0,0,0,0,0,0,0,0,0,0,0,0,0,0,0,0,7,0,0,0,0,0,0,0,0,0,0
MD95-2010,forcens_lgm,3.17,66.6842,4.5662,0,0,0,0,0,0,0,0,0,0,0,0,3,234,0,0,0,0,0,0,0,0,0,0,0,0,0,0,0,0,6,0,0,0,0,0,0,0,0,0,0
MD95-2010,forcens_lgm,3.2,66.6842,4.5662,0,0,0,0,0,0,0,0,0,0,0,0,1,326,0,0,0,0,0,0,0,0,0,0,0,0,0,0,0,0,1,0,0,0,0,0,0,0,0,0,0
MD95-2010,forcens_lgm,3.3,66.6842,4.5662,0,0,0,0,0,0,0,0,0,0,0,0,4,290,0,0,0,0,0,0,0,0,0,0,0,0,0,0,0,0,0,0,0,0,0,0,0,0,0,0,0
MD95-2010,forcens_lgm,3.33,66.6842,4.5662,0,0,0,0,0,0,0,0,0,0,0,0,2,190,0,0,0,0,0,0,0,0,0,0,0,0,0,0,0,0,14,0,0,0,0,0,0,0,0,0,0
MD95-2010,forcens_lgm,3.37,66.6842,4.5662,0,0,0,0,0,0,0,0,0,0,0,0,2,200,0,0,0,0,0,0,0,0,0,0,0,0,0,0,0,0,11,0,0,0,0,0,0,0,0,0,0
MD95-2010,forcens_lgm,3.4,66.6842,4.5662,0,0,0,0,0,0,0,0,0,0,0,0,2,301,0,0,0,0,0,0,0,0,0,0,0,0,0,0,0,0,0,0,0,0,0,0,0,0,0,0,0
MD95-2010,forcens_lgm,3.43,66.6842,4.5662,0,0,0,0,0,0,0,0,0,0,0,0,5,195,0,0,0,0,0,0,0,0,0,0,0,0,0,0,0,0,9,0,0,0,0,0,0,0,0,0,0
MD95-2010,forcens_lgm,3.47,66.6842,4.5662,0,0,0,0,0,0,0,0,0,0,0,0,3,198,0,0,0,0,0,0,0,0,0,0,0,0,0,0,0,0,7,0,0,0,0,0,0,0,0,0,0
MD95-2010,forcens_lgm,3.5,66.6842,4.5662,0,0,0,0,0,0,0,0,0,0,0,0,3,296,0,0,0,0,0,0,0,0,0,0,0,0,0,0,0,0,0,0,0,0,0,0,0,0,0,0,0
MD95-2010,forcens_lgm,3.52,66.6842,4.5662,0,0,0,0,0,0,0,0,0,0,0,0,2,210,0,0,0,0,1,0,0,0,0,0,0,0,0,0,0,0,9,0,0,0,0,0,0,0,0,0,0
MD95-2010,forcens_lgm,3.54,66.6842,4.5662,0,0,0,0,0,0,0,0,0,0,0,0,4,191,0,0,0,0,0,0,0,0,0,0,0,0,0,0,0,0,9,0,0,0,0,0,0,0,0,0,0
MD95-2010,forcens_lgm,3.56,66.6842,4.5662,0,0,0,0,0,0,0,0,0,0,0,0,4,231,0,0,0,0,0,0,0,0,0,0,0,0,0,0,0,0,11,0,0,0,0,0,0,0,0,0,0
MD95-2010,forcens_lgm,3.6,66.6842,4.5662,0,0,0,0,0,0,0,0,0,0,0,0,3,289,0,0,0,0,0,0,0,0,0,0,0,0,0,0,0,0,0,0,0,0,0,0,0,0,0,0,0
MD95-2010,forcens_lgm,3.62,66.6842,4.5662,0,0,0,0,0,0,0,0,0,0,0,0,2,197,0,0,0,0,0,0,0,0,0,0,0,0,0,0,0,0,15,0,0,0,0,0,0,0,0,0,0
MD95-2010,forcens_lgm,3.66,66.6842,4.5662,0,0,0,0,0,0,0,0,0,0,0,0,5,199,0,0,0,0,0,0,0,0,0,0,0,0,0,0,0,0,9,0,0,0,0,0,0,0,0,0,0
MD95-2010,forcens_lgm,3.68,66.6842,4.5662,0,0,0,0,0,0,0,0,0,0,0,0,3,199,0,0,0,0,0,0,0,0,0,0,0,0,0,0,0,0,8,0,0,0,0,0,0,0,0,0,0
MD95-2010,forcens_lgm,3.7,66.6842,4.5662,0,0,0,0,0,0,0,0,0,0,0,0,2,314,0,0,0,0,0,0,0,0,0,0,0,0,0,0,0,0,0,0,0,0,0,0,0,0,0,0,0
MD95-2010,forcens_lgm,3.72,66.6842,4.5662,0,0,0,0,0,0,0,0,0,0,0,0,2,212,0,0,0,0,0,0,0,0,0,0,0,0,0,0,0,0,10,0,0,0,0,0,0,0,0,0,0
MD95-2010,forcens_lgm,3.76,66.6842,4.5662,0,0,0,0,0,0,0,0,0,0,0,0,7,189,0,0,0,0,1,0,0,0,0,0,0,0,0,0,0,0,12,0,0,0,0,0,0,0,0,0,0
MD95-2010,forcens_lgm,3.8,66.6842,4.5662,0,0,0,0,0,0,0,0,0,0,0,0,1,294,0,0,0,0,0,0,0,0,0,0,0,0,0,0,0,0,4,0,0,0,0,0,0,0,0,0,0
MD95-2010,forcens_lgm,3.83,66.6842,4.5662,0,0,0,0,0,0,0,0,0,0,0,0,4,232,0,0,0,0,0,0,0,0,0,0,0,0,0,0,0,0,13,0,0,0,0,0,0,0,0,0,0
MD95-2010,forcens_lgm,3.85,66.6842,4.5662,0,0,0,0,0,0,0,0,0,0,0,0,1,198,0,0,0,0,1,0,0,0,0,0,0,0,0,0,0,0,5,0,0,0,0,0,0,0,0,0,0
MD95-2010,forcens_lgm,3.88,66.6842,4.5662,0,0,0,0,0,0,0,0,0,0,0,0,2,211,0,0,0,0,0,0,0,0,0,0,0,0,0,0,0,0,8,0,0,0,0,0,0,0,0,0,0
MD95-2010,forcens_lgm,3.9,66.6842,4.5662,0,0,0,0,0,0,0,0,0,0,0,0,3,304,0,0,0,0,0,0,0,0,0,0,0,0,0,0,0,0,0,0,0,0,0,0,0,0,0,0,0
MD95-2010,forcens_lgm,3.93,66.6842,4.5662,0,0,0,0,0,0,0,0,0,0,0,0,4,226,0,0,0,0,0,0,0,0,0,0,0,0,0,0,0,0,12,0,0,0,0,0,0,0,0,0,0
MD95-2010,forcens_lgm,3.96,66.6842,4.5662,0,0,0,0,0,0,0,0,0,0,0,0,1,322,0,0,0,0,0,0,0,0,0,0,0,0,0,0,0,0,19,0,0,0,0,0,0,0,0,0,0
MD95-2010,forcens_lgm,4,66.6842,4.5662,0,0,0,0,0,0,0,0,0,0,0,0,5,284,0,0,0,0,0,0,0,0,0,0,0,0,0,0,0,0,1,0,0,0,0,0,0,0,0,0,0
MD95-2010,forcens_lgm,4.04,66.6842,4.5662,0,0,0,0,0,0,0,0,0,0,0,0,4,213,0,0,0,0,0,0,0,0,0,0,0,0,0,0,0,0,6,0,0,0,0,0,0,0,0,0,0
MD95-2010,forcens_lgm,4.1,66.6842,4.5662,0,0,0,0,0,0,0,0,0,0,0,0,3,295,0,0,0,0,0,0,0,0,0,0,0,0,0,0,0,0,1,0,0,0,0,0,0,0,0,0,0
MD95-2010,forcens_lgm,4.13,66.6842,4.5662,0,0,0,0,0,0,0,0,0,0,0,0,3,236,0,0,0,0,0,0,0,0,0,0,0,0,0,0,0,0,7,0,0,0,0,0,0,0,0,0,0
MD95-2010,forcens_lgm,4.16,66.6842,4.5662,0,0,0,0,0,0,0,0,0,0,0,0,3,200,0,0,0,0,0,0,0,0,0,0,0,0,0,0,0,0,12,0,0,0,0,0,0,0,0,0,0
MD95-2010,forcens_lgm,4.2,66.6842,4.5662,0,0,0,0,0,0,0,0,0,0,0,0,0,305,0,0,0,0,0,0,0,0,0,0,0,0,0,0,0,0,0,0,0,0,0,0,0,0,0,0,0
MD95-2010,forcens_lgm,4.27,66.6842,4.5662,0,0,0,0,0,0,0,0,0,0,0,0,2,207,0,0,0,0,1,0,0,0,0,0,0,0,0,0,0,0,3,0,0,0,0,0,0,0,0,0,0
MD95-2010,forcens_lgm,4.3,66.6842,4.5662,0,0,0,0,0,0,0,0,0,0,0,0,4,296,0,0,0,0,0,0,0,0,0,0,0,0,0,0,0,0,0,0,0,0,0,0,0,0,0,0,0
MD95-2010,forcens_lgm,4.36,66.6842,4.5662,0,0,0,0,0,0,0,0,0,0,0,0,2,195,0,0,0,0,0,0,0,0,0,0,0,0,0,0,0,0,15,0,0,0,0,0,0,0,0,0,0
MD95-2010,forcens_lgm,4.4,66.6842,4.5662,0,0,0,0,0,0,0,0,0,0,0,0,0,303,0,0,0,0,0,0,0,0,0,0,0,0,0,0,0,0,0,0,0,0,0,0,0,0,0,0,0
MD95-2010,forcens_lgm,4.43,66.6842,4.5662,0,0,0,0,0,0,0,0,0,0,0,0,5,200,0,0,0,0,0,0,0,0,0,0,0,0,0,0,0,0,5,0,0,0,0,0,0,0,0,0,0
MD95-2010,forcens_lgm,4.47,66.6842,4.5662,0,0,0,0,0,0,0,0,0,0,0,0,3,211,0,0,0,0,0,0,0,0,0,0,0,0,0,0,0,0,8,0,0,0,0,0,0,0,0,0,0
MD95-2010,forcens_lgm,4.49,66.6842,4.5662,0,0,0,0,0,0,0,0,0,0,0,0,3,205,0,0,0,0,0,0,0,0,0,0,0,0,0,0,0,0,2,0,0,0,0,0,0,0,0,0,0
MD95-2010,forcens_lgm,4.54,66.6842,4.5662,0,0,0,0,0,0,0,0,0,0,0,0,6,200,0,0,0,0,1,0,0,0,0,0,0,0,0,0,0,0,4,0,0,0,0,0,0,0,0,0,0
MD95-2010,forcens_lgm,4.59,66.6842,4.5662,0,0,0,0,0,0,0,0,0,0,0,0,6,192,0,0,0,0,0,0,0,0,0,0,0,0,0,0,0,0,2,0,0,0,0,0,0,0,0,0,0
MD95-2010,forcens_lgm,4.6,66.6842,4.5662,0,0,0,0,0,0,0,0,0,0,0,0,4,301,0,0,0,0,0,0,0,0,0,0,0,0,0,0,0,0,0,0,0,0,0,0,0,0,0,0,0
OMEXII-9K,forcens_lgm,,42.33233333,-9.698666667,0,0,0,0,0,35,4,0,0,0,34,0,78,119,0,0,0,0,79,21,0,0,11,0,0,2,0,6,0,0,39,0,0,0,0,44,0,0,0,0,0
OMEXII-9K,forcens_lgm,,42.33233333,-9.698666667,0,0,0,0,0,47,0,0,0,0,37,0,99,198,0,0,0,0,131,10,0,0,4,0,0,6,0,2,0,0,86,0,0,0,0,56,0,0,0,0,0
OMEXII-9K,forcens_lgm,,42.33233333,-9.698666667,0,0,0,0,0,46,1,0,0,0,6,0,57,124,0,0,0,0,90,9,0,0,8,0,0,3,0,1,0,0,77,0,0,0,0,33,0,0,0,0,0
OMEXII-9K,forcens_lgm,,42.33233333,-9.698666667,0,0,0,0,0,89,0,0,0,0,33,0,140,95,0,0,0,0,109,8,0,0,12,0,0,2,0,2,0,0,96,0,0,0,0,59,0,0,0,0,0
OMEXII-9K,forcens_lgm,,42.33233333,-9.698666667,0,0,0,0,0,55,1,0,0,0,44,0,65,150,0,0,0,0,139,19,0,0,4,0,0,7,0,0,0,0,79,0,0,0,0,59,0,0,0,0,0
OMEXII-9K,forcens_lgm,,42.33233333,-9.698666667,0,0,0,0,0,45,0,0,0,0,39,0,66,11,0,0,0,0,69,10,0,0,2,0,0,4,0,1,0,0,62,0,0,0,0,61,0,0,0,0,0
OMEXII-9K,forcens_lgm,,42.33233333,-9.698666667,0,0,0,0,0,27,0,0,0,0,28,0,72,15,0,0,0,0,80,10,0,0,1,0,0,4,0,1,0,0,47,0,0,0,0,60,0,0,0,0,0
OMEXII-9K,forcens_lgm,,42.33233333,-9.698666667,0,0,0,0,0,58,0,0,0,0,41,0,152,14,0,0,0,0,136,16,0,0,7,0,0,4,0,2,0,0,108,0,0,0,0,82,0,0,0,0,0
OMEXII-9K,forcens_lgm,,42.33233333,-9.698666667,0,0,0,0,0,41,1,0,0,0,26,0,138,9,0,0,0,0,103,8,0,0,12,0,0,1,0,2,0,0,76,0,0,0,0,55,0,0,0,0,0
OMEXII-9K,forcens_lgm,,42.33233333,-9.698666667,0,0,0,0,0,88,0,0,0,0,9,0,148,20,0,0,0,0,139,15,0,0,4,0,1,5,0,2,0,0,61,0,0,0,0,44,0,0,0,0,0
OMEXII-9K,forcens_lgm,,42.33233333,-9.698666667,0,0,0,0,0,78,0,0,0,0,24,0,247,10,0,0,0,0,196,20,0,0,3,0,0,2,0,0,0,0,96,0,0,0,0,51,0,0,0,0,0
OMEXII-9K,forcens_lgm,,42.33233333,-9.698666667,0,0,0,0,0,57,0,0,0,0,13,0,189,3,0,0,0,0,39,7,0,0,3,0,1,0,0,0,0,0,83,0,0,0,0,69,0,0,0,0,0
OMEXII-9K,forcens_lgm,,42.33233333,-9.698666667,0,0,0,0,0,77,0,0,0,0,38,0,256,7,0,0,0,0,98,7,0,0,4,0,0,0,0,2,0,0,36,0,0,0,0,38,0,0,0,0,0
OMEXII-9K,forcens_lgm,,42.33233333,-9.698666667,0,0,0,0,0,65,0,0,0,0,41,0,259,7,0,0,0,0,102,5,0,0,6,0,0,3,0,0,0,0,45,0,0,0,0,66,0,0,0,0,0
OMEXII-9K,forcens_lgm,,42.33233333,-9.698666667,0,0,0,0,0,29,0,0,0,0,23,0,98,8,0,0,0,0,57,8,0,0,2,0,0,0,0,0,0,0,31,0,0,0,0,58,0,0,0,0,0
OMEXII-9K,forcens_lgm,,42.33233333,-9.698666667,0,0,0,0,0,55,0,0,0,0,37,0,95,12,0,0,0,0,86,10,0,0,0,0,0,4,0,2,0,0,46,0,0,0,0,61,0,0,0,0,0
SU92-03,forcens_lgm,,43.196,10.113,0,0,0,0,0,20,0,0,0,0,35,2,92,5,0,0,0,0,87,1,0,0,5,0,0,5,0,19,9,0,9,0,1,0,0,37,0,0,0,0,0
SU92-03,forcens_lgm,,43.196,10.113,0,0,0,0,0,28,0,0,0,0,29,1,86,17,0,0,0,0,109,4,0,0,5,0,0,5,0,5,17,0,21,0,8,0,0,42,0,0,0,0,0
SU92-03,forcens_lgm,,43.196,10.113,0,0,0,0,0,16,0,0,0,0,86,0,83,28,0,0,0,0,73,0,0,0,5,0,0,1,2,2,8,0,10,0,5,0,0,45,0,0,0,0,0
SU92-03,forcens_lgm,,43.196,10.113,0,0,0,0,0,19,0,0,0,0,41,0,96,14,0,0,0,0,108,3,0,0,5,0,0,2,0,2,10,0,18,0,4,0,0,37,0,0,0,0,0
SU92-03,forcens_lgm,,43.196,10.113,0,0,0,0,0,13,0,0,0,0,50,0,80,10,0,0,0,0,112,6,0,0,1,0,0,3,0,4,5,0,8,0,4,0,0,30,0,0,0,0,0
SU92-03,forcens_lgm,,43.196,10.113,0,0,0,0,0,16,0,0,0,0,23,3,234,22,0,0,0,0,85,0,0,0,5,0,0,2,0,5,3,0,11,0,2,0,0,34,0,0,0,0,0
SU92-03,forcens_lgm,,43.196,10.113,0,0,0,0,0,28,0,0,0,0,72,0,251,28,0,0,0,0,110,9,0,0,3,0,0,5,0,7,3,0,41,0,3,0,0,62,1,0,0,0,0
PE109-13,forcens_lgm,,42.572,-9.69,0,0,0,0,0,14,0,0,0,0,67,45,45,52,0,0,0,0,77,0,0,0,4,0,0,9,0,31,6,0,24,0,0,0,0,40,0,0,0,0,0
PE109-13,forcens_lgm,,42.572,-9.69,0,0,0,0,0,54,0,0,0,0,63,34,32,2,0,0,0,0,68,0,3,0,3,0,0,10,0,29,0,0,46,0,0,0,0,48,0,0,0,0,0
PE109-13,forcens_lgm,,42.572,-9.69,0,0,0,0,0,16,0,0,0,0,57,28,44,0,0,0,0,0,74,5,6,0,4,0,0,6,0,26,1,0,38,0,0,0,0,45,0,0,0,0,0
PE109-13,forcens_lgm,,42.572,-9.69,0,0,0,0,0,33,1,0,0,0,29,43,40,4,0,0,0,0,74,1,0,0,13,0,0,3,0,19,1,0,47,0,0,0,0,49,0,0,0,0,0
PE109-13,forcens_lgm,,42.572,-9.69,0,0,0,0,0,13,0,0,0,0,92,49,42,3,0,0,0,0,27,3,0,0,8,0,0,3,0,25,1,0,35,0,0,0,0,43,0,0,0,0,0
PE109-13,forcens_lgm,,42.572,-9.69,0,0,0,0,0,40,0,0,0,0,36,50,39,5,0,0,0,0,58,5,0,0,3,0,0,6,0,9,1,0,41,1,0,0,0,61,0,0,0,0,0
PE109-13,forcens_lgm,,42.572,-9.69,0,0,0,0,0,22,0,0,0,0,86,47,29,2,0,0,0,0,53,1,0,0,8,0,0,15,0,23,1,0,31,0,0,0,0,34,0,0,0,0,0
PE109-13,forcens_lgm,,42.572,-9.69,0,0,0,0,0,28,0,0,0,0,25,32,51,7,0,0,0,0,50,3,0,0,1,0,0,3,0,11,0,0,89,0,0,0,0,44,0,0,0,0,0
PE109-13,forcens_lgm,,42.572,-9.69,0,0,0,0,0,5,0,0,0,0,15,24,32,8,0,0,0,0,143,2,0,0,3,0,0,7,0,21,0,0,42,0,0,0,0,27,0,0,0,0,0
PE109-13,forcens_lgm,,42.572,-9.69,0,0,0,0,0,7,1,0,0,0,39,31,29,0,0,0,0,0,121,1,0,0,4,0,0,29,0,39,3,0,13,0,0,0,0,17,0,0,0,0,0
KC24-19,forcens_lgm,,42.14966667,-10.48766667,0,0,0,0,0,8,0,0,0,0,20,13,40,33,0,0,0,0,20,2,0,0,0,0,0,0,0,2,0,0,9,0,0,0,0,21,0,0,0,0,0
KC24-19,forcens_lgm,,42.14966667,-10.48766667,0,0,0,0,0,6,0,0,0,0,37,7,23,29,0,0,0,0,34,1,0,0,2,0,0,1,0,3,2,0,1,0,0,0,0,1,0,0,0,0,0
KC24-19,forcens_lgm,,42.14966667,-10.48766667,0,0,0,0,0,8,0,0,0,0,11,4,36,64,0,0,0,0,21,0,0,0,4,0,0,0,0,2,0,0,4,0,0,0,0,8,0,0,0,0,0
KC24-19,forcens_lgm,,42.14966667,-10.48766667,0,0,0,0,0,19,0,0,0,0,22,5,17,39,0,0,0,0,24,0,0,0,5,0,0,1,0,0,1,0,11,0,0,0,0,18,0,0,1,0,0
KC24-19,forcens_lgm,,42.14966667,-10.48766667,0,0,0,0,0,19,0,0,0,0,21,14,61,10,0,0,0,0,33,2,0,0,5,0,0,0,0,4,0,0,8,0,0,0,0,15,0,0,0,0,0
KC24-19,forcens_lgm,,42.14966667,-10.48766667,0,0,0,0,0,13,0,0,0,0,24,6,41,4,0,0,0,0,34,0,0,0,3,0,0,4,0,2,2,0,9,0,0,0,0,11,0,0,0,0,0
KC24-19,forcens_lgm,,42.14966667,-10.48766667,0,0,0,0,0,18,0,0,0,0,12,16,63,7,0,0,0,0,33,0,0,0,3,0,1,1,0,3,0,0,20,0,0,0,0,19,0,0,0,0,0
KC24-19,forcens_lgm,,42.14966667,-10.48766667,0,0,0,0,0,9,0,0,0,0,30,6,35,7,0,0,0,0,46,0,0,0,2,0,1,3,0,3,4,0,9,0,0,0,0,12,0,0,0,0,0
KC24-19,forcens_lgm,,42.14966667,-10.48766667,0,0,0,0,0,23,0,0,0,0,46,12,69,5,0,0,0,0,62,1,0,0,3,0,1,1,0,7,2,0,4,0,0,0,0,10,0,0,0,0,0
KC24-19,forcens_lgm,,42.14966667,-10.48766667,0,0,0,0,0,17,0,0,0,0,31,5,53,11,0,0,0,0,16,0,0,0,4,0,0,0,0,0,0,0,7,0,0,0,0,2,0,0,0,0,0
KC24-19,forcens_lgm,,42.14966667,-10.48766667,0,0,0,0,0,13,0,0,0,0,30,7,69,9,0,0,0,0,30,3,0,0,9,0,0,1,0,4,0,0,4,0,0,0,0,7,0,0,0,0,0
KC24-19,forcens_lgm,,42.14966667,-10.48766667,0,0,0,0,0,10,0,0,0,0,42,4,31,6,0,0,0,0,40,0,0,0,3,0,0,1,2,2,1,0,3,0,0,0,0,6,0,0,0,0,0
KC24-19,forcens_lgm,,42.14966667,-10.48766667,0,0,0,0,0,11,0,0,0,0,40,11,42,4,0,0,0,0,46,0,0,0,2,0,0,1,0,6,0,0,1,0,0,0,0,4,0,0,0,0,0
KC24-19,forcens_lgm,,42.14966667,-10.48766667,0,0,0,0,0,10,0,0,0,0,30,4,42,4,0,0,0,0,32,0,1,0,3,0,0,3,0,0,3,0,7,0,0,0,0,5,0,0,1,0,0
KC24-19,forcens_lgm,,42.14966667,-10.48766667,0,0,0,0,0,7,0,0,0,0,21,6,66,11,0,0,0,0,38,0,0,0,2,0,0,2,0,1,0,0,5,0,0,0,0,8,0,0,0,0,0
KC24-19,forcens_lgm,,42.14966667,-10.48766667,0,0,0,0,0,7,0,0,0,0,24,5,60,2,0,0,0,0,47,0,1,0,2,0,0,2,0,4,1,0,8,0,0,0,0,3,0,0,0,0,0
KC24-19,forcens_lgm,,42.14966667,-10.48766667,0,0,0,0,0,16,0,0,0,0,9,7,77,24,0,0,0,0,35,0,0,0,2,0,0,0,0,0,2,0,25,0,0,0,0,22,0,0,0,0,0
KC24-19,forcens_lgm,,42.14966667,-10.48766667,0,0,0,0,0,4,0,0,0,0,20,10,72,33,0,0,0,0,30,1,0,0,2,0,0,0,0,2,3,0,9,0,0,0,0,9,0,0,0,0,0
KC24-19,forcens_lgm,,42.14966667,-10.48766667,0,0,0,0,0,10,0,0,0,0,16,5,64,28,0,0,0,0,38,0,0,0,3,0,0,0,0,1,0,0,22,0,0,0,0,21,0,0,0,0,0
KC24-19,forcens_lgm,,42.14966667,-10.48766667,0,0,0,0,0,9,0,0,0,0,13,7,51,43,0,0,0,0,32,0,0,0,2,0,0,0,0,1,1,0,8,0,0,0,0,10,0,0,0,0,0
KC24-19,forcens_lgm,,42.14966667,-10.48766667,0,0,0,0,0,8,0,0,0,0,14,2,46,40,0,0,0,0,20,0,0,0,2,0,0,0,0,0,0,0,8,0,0,0,0,5,0,0,0,0,0
KC24-19,forcens_lgm,,42.14966667,-10.48766667,0,0,0,0,0,12,0,0,0,0,10,1,45,56,0,0,0,0,18,0,0,0,0,0,0,1,0,1,0,0,12,0,0,0,0,10,0,0,0,0,0
MD99-2303,forcens_lgm,2.1,77.519667,8.399667,0,0,0,0,0,0,0,0,0,0,0,0,1,306,0,0,0,0,0,0,0,0,0,0,0,0,0,0,0,0,17,0,0,0,0,0,0,0,0,0,0
MD99-2303,forcens_lgm,2.2,77.519667,8.399667,0,0,0,0,0,0,0,0,0,0,0,0,4,305,0,0,0,0,0,0,0,0,0,0,0,0,0,0,0,0,16,0,0,0,0,0,0,0,0,0,0
MD99-2303,forcens_lgm,2.3,77.519667,8.399667,0,0,0,0,0,0,0,0,0,0,0,0,5,332,0,0,0,0,0,0,0,0,0,0,0,0,0,0,0,0,20,0,0,0,0,0,0,0,0,0,0
MD99-2303,forcens_lgm,2.4,77.519667,8.399667,0,0,0,0,0,0,0,0,0,0,0,0,5,305,0,0,0,0,0,0,0,0,0,0,0,0,0,0,0,0,17,0,0,0,0,0,0,0,0,0,0
MD99-2303,forcens_lgm,2.5,77.519667,8.399667,0,0,0,0,0,0,0,0,0,0,0,0,2,317,0,0,0,0,0,0,0,0,0,0,0,0,0,0,0,0,20,0,0,0,0,0,0,0,0,0,0
MD99-2303,forcens_lgm,2.6,77.519667,8.399667,0,0,0,0,0,0,0,0,0,0,0,0,3,309,0,0,0,0,0,0,0,0,0,0,0,0,0,0,0,0,10,0,0,0,0,0,0,0,0,0,0
MD99-2303,forcens_lgm,2.7,77.519667,8.399667,0,0,0,0,0,0,0,0,0,0,0,0,4,297,0,0,0,0,0,0,0,0,0,0,0,0,0,0,0,0,4,0,0,0,0,0,0,0,0,0,0
MD99-2303,forcens_lgm,2.8,77.519667,8.399667,0,0,0,0,0,0,0,0,0,0,0,0,1,288,0,0,0,0,0,0,0,0,0,0,0,0,0,0,0,0,13,0,0,0,0,0,0,0,0,0,0
MD96-2048,forcens_lgm,,-26.1667,34.0167,0,0,0,0,7,5,2,0,0,0,85,13,36,2,3,0,0,0,25,4,2,0,122,24,2,3,0,8,14,0,0,0,6,0,0,22,0,0,0,0,0
MD96-2048,forcens_lgm,,-26.1667,34.0167,0,0,2,0,7,2,3,0,0,0,72,26,49,3,0,0,0,0,30,5,3,0,126,21,0,4,0,6,6,0,2,0,19,0,0,25,0,0,0,0,0
MD96-2048,forcens_lgm,,-26.1667,34.0167,0,0,5,0,7,5,5,0,0,0,73,17,61,5,0,0,1,0,34,1,1,0,110,19,5,0,0,3,13,0,1,0,3,0,0,40,0,0,0,0,0
MD98-2195,forcens_lgm,,31.64,128.94,0,0,0,0,4,0,0,0,0,0,16,289,172,0,4,0,0,0,261,4,7,0,141,32,16,4,0,10,7,0,32,0,4,0,0,10,0,0,0,0,0
MD98-2195,forcens_lgm,,31.64,128.94,0,0,0,0,3,0,5,0,0,0,3,58,108,0,15,0,0,0,127,0,0,0,69,5,11,0,0,5,0,0,26,0,0,0,0,17,0,0,0,0,0
MD98-2195,forcens_lgm,,31.64,128.94,0,0,0,0,0,0,3,0,0,0,5,90,127,0,24,0,0,0,131,3,0,0,57,3,0,7,0,5,0,0,5,0,3,0,0,3,0,0,0,0,0
MD98-2195,forcens_lgm,,31.64,128.94,0,0,0,0,0,0,0,0,0,0,6,69,221,0,41,0,0,0,197,0,3,0,95,3,0,9,0,0,0,0,71,0,0,0,0,30,0,0,0,0,0
MD98-2195,forcens_lgm,,31.64,128.94,0,0,0,0,0,0,10,0,0,0,17,300,303,0,7,0,0,0,240,7,0,0,138,7,10,7,0,7,4,0,34,0,7,0,0,14,0,0,0,0,0
MD98-2195,forcens_lgm,,31.64,128.94,0,0,0,0,0,0,0,0,0,0,13,164,117,0,0,0,0,0,152,0,0,0,113,8,13,3,0,3,3,0,18,0,0,0,0,15,0,0,0,0,0
MD98-2195,forcens_lgm,,31.64,128.94,0,0,0,0,0,0,0,3,0,0,40,175,102,0,6,0,0,0,146,0,6,0,113,8,11,6,0,3,0,0,32,0,6,0,0,27,0,0,0,0,0
MD98-2195,forcens_lgm,,31.64,128.94,0,0,0,0,0,0,0,0,0,0,22,95,97,0,0,0,0,0,57,0,4,0,68,18,0,4,0,2,2,0,6,0,0,0,0,14,0,0,0,0,0
MD98-2195,forcens_lgm,,31.64,128.94,0,0,0,0,0,0,0,0,0,0,39,247,149,0,0,0,0,0,129,0,3,0,138,11,0,0,0,3,0,0,20,0,9,0,0,9,0,0,0,0,0
MD98-2195,forcens_lgm,,31.64,128.94,0,0,0,0,0,0,3,3,0,0,72,165,128,0,5,0,0,0,101,8,3,0,66,0,13,20,0,0,0,0,10,0,3,0,0,8,0,0,0,0,0
MD98-2195,forcens_lgm,,31.64,128.94,0,0,0,0,0,0,9,0,0,0,75,128,172,0,6,0,0,0,240,6,0,0,135,6,9,15,0,0,0,0,30,0,9,0,0,42,0,0,0,0,0
MD98-2195,forcens_lgm,,31.64,128.94,0,0,0,0,0,5,13,0,0,0,75,379,333,0,5,0,0,0,450,5,0,0,243,30,34,9,0,0,0,0,75,0,13,0,0,71,0,0,0,0,0
MD98-2195,forcens_lgm,,31.64,128.94,0,0,0,0,0,0,3,0,0,0,0,178,178,0,0,0,0,0,237,0,0,0,105,18,9,15,0,6,3,0,72,0,27,0,0,24,0,0,0,0,0
MD98-2195,forcens_lgm,,31.64,128.94,0,0,0,0,0,0,14,4,0,0,10,308,187,0,0,0,0,0,243,0,0,0,139,40,7,36,0,4,0,0,27,0,14,0,0,43,0,0,0,0,0
MD98-2195,forcens_lgm,,31.64,128.94,0,0,0,0,0,0,6,0,0,0,3,241,122,0,0,0,0,0,187,0,0,0,66,28,9,22,0,0,0,0,33,0,6,0,0,14,0,0,0,0,0
MD98-2195,forcens_lgm,,31.64,128.94,0,0,0,0,3,0,7,0,0,0,11,116,87,0,3,0,0,0,106,3,0,0,35,13,3,5,0,3,0,0,7,0,5,0,0,13,0,0,0,0,0
MD98-2195,forcens_lgm,,31.64,128.94,0,0,0,0,0,0,17,0,0,0,29,280,209,0,7,0,0,0,206,0,0,0,156,23,7,33,0,10,0,0,23,0,17,0,0,23,0,0,0,0,0
MD98-2195,forcens_lgm,,31.64,128.94,0,0,0,0,0,0,17,0,0,0,83,328,80,0,0,0,0,0,236,0,0,0,140,40,0,7,0,0,4,0,120,0,10,0,0,24,0,0,0,0,0
MD98-2195,forcens_lgm,,31.64,128.94,0,0,0,0,0,0,4,4,0,0,55,182,294,0,16,0,0,0,203,4,0,0,98,0,0,4,0,0,0,0,28,0,4,0,0,25,0,0,0,0,0
MD98-2195,forcens_lgm,,31.64,128.94,0,0,0,0,0,0,4,4,0,0,188,172,278,0,7,0,0,0,198,0,0,0,94,20,10,0,0,0,0,0,29,0,10,0,0,4,0,0,0,0,0
MD98-2195,forcens_lgm,,31.64,128.94,0,0,0,0,0,0,3,0,0,0,119,170,260,0,0,0,0,0,142,0,3,0,41,29,0,12,0,3,3,0,12,0,3,0,0,3,0,0,0,0,0
MD98-2195,forcens_lgm,,31.64,128.94,0,0,0,0,0,0,7,0,0,0,199,176,372,0,4,0,0,0,153,4,0,0,77,20,4,4,0,4,0,0,27,0,7,0,0,10,0,0,0,0,0
MD98-2195,forcens_lgm,,31.64,128.94,0,0,0,0,0,0,10,0,0,0,89,195,201,0,13,0,0,0,162,4,0,0,139,19,7,7,0,4,7,0,40,0,7,0,0,34,0,0,0,0,0
MD98-2195,forcens_lgm,,31.64,128.94,0,0,0,0,0,0,0,0,0,0,81,136,91,0,0,0,0,0,107,3,0,0,97,0,3,3,0,5,0,0,24,0,0,0,0,19,0,0,0,0,0
MD98-2195,forcens_lgm,,31.64,128.94,0,0,0,0,0,0,13,5,0,0,159,396,343,0,9,0,0,0,371,0,0,0,239,25,0,5,0,0,0,0,49,0,13,0,0,37,0,0,0,0,0
MD98-2195,forcens_lgm,,31.64,128.94,0,0,0,0,0,0,6,0,0,0,24,99,262,0,0,0,0,0,256,3,3,0,107,24,0,9,0,9,3,0,12,0,6,0,0,27,0,0,0,0,0
MD98-2195,forcens_lgm,,31.64,128.94,0,0,0,0,0,0,12,3,0,0,6,183,200,0,3,0,0,0,172,14,0,0,110,12,0,3,0,0,6,0,14,0,3,0,0,28,0,0,0,0,0
MD98-2195,forcens_lgm,,31.64,128.94,0,0,0,0,0,0,4,0,0,0,4,339,283,0,7,0,0,0,272,4,4,0,156,39,0,11,0,14,4,0,32,0,11,0,0,39,0,0,0,0,0
MD98-2195,forcens_lgm,,31.64,128.94,0,0,0,0,0,0,7,0,0,0,14,326,180,0,0,0,0,0,258,0,0,0,149,27,4,4,0,17,7,0,27,0,7,0,0,43,0,0,0,0,0
MD98-2195,forcens_lgm,,31.64,128.94,0,0,0,0,0,0,40,5,0,0,20,624,491,0,5,0,0,0,619,5,0,0,327,50,15,20,0,15,0,0,89,0,15,0,0,69,0,0,0,0,0
T89-40,forcens_lgm,,-21.6,6.783333333,0,0,0,0,1,0,4,0,0,1,66,0,85,12,0,0,0,0,67,2,0,2,22,1,2,5,0,4,1,0,13,0,1,0,0,24,0,0,0,0,0
GeoB1008-3,margo,2.18,-6.5823,10.3186,0,,8,0,0,8,0,0,,0,129,50,79,0,0,0,0,,273,0,0,11,10,7,0,92,0,1,0,,4,0,1,0,0,3,,,0,,
GeoB1008-3,margo,2.23,-6.5823,10.3186,0,,8,0,0,9,2,0,,4,159,40,72,0,0,0,0,,83,0,0,32,11,4,0,29,11,2,4,,5,0,0,0,0,11,,,0,,
GeoB1008-3,margo,2.28,-6.5823,10.3186,0,,4,0,1,13,1,0,,1,150,25,46,2,0,0,0,,178,0,0,21,4,7,0,39,7,0,0,,0,0,4,0,0,10,,,0,,
GeoB1008-3,margo,2.33,-6.5823,10.3186,0,,10,0,0,15,1,0,,5,153,27,89,0,0,0,0,,96,0,0,19,8,8,0,45,0,4,0,,0,0,0,0,1,4,,,0,,
GeoB1008-3,margo,2.38,-6.5823,10.3186,0,,9,0,0,7,1,0,,3,103,6,58,3,0,0,0,,65,0,0,19,24,4,0,20,0,3,1,,2,0,0,0,1,3,,,0,,
GeoB1008-3,margo,2.43,-6.5823,10.3186,0,,4,0,0,18,1,0,,10,43,11,63,0,0,0,0,,107,0,0,31,29,9,0,52,0,6,0,,0,0,0,0,1,8,,,0,,
GeoB1008-3,margo,2.48,-6.5823,10.3186,0,,5,0,1,6,1,0,,12,25,1,19,0,1,0,0,,46,0,1,8,25,9,0,42,1,5,4,,1,0,0,0,0,5,,,0,,
GeoB1008-3,margo,2.53,-6.5823,10.3186,0,,34,0,0,32,0,0,,8,54,23,71,3,1,0,0,,237,0,0,18,32,28,0,53,6,4,2,,2,0,6,0,0,7,,,0,,
GeoB1008-3,margo,2.58,-6.5823,10.3186,0,,27,0,0,13,0,0,,7,65,6,22,0,0,0,0,,113,0,0,39,38,8,0,59,7,12,2,,1,0,0,0,0,2,,,0,,
GeoB1008-3,margo,2.63,-6.5823,10.3186,0,,15,0,0,9,0,0,,8,121,11,85,4,2,0,0,,245,0,0,13,17,5,0,67,2,2,4,,0,0,4,0,2,2,,,0,,
GeoB1016-3,margo,0.73,-11.7705,11.6819,0,,11,0,0,55,0,0,,21,187,29,62,2,0,0,0,,172,2,0,10,6,8,2,95,23,0,3,,2,0,4,0,0,10,,,0,,
GeoB1016-3,margo,0.78,-11.7705,11.6819,0,,5,0,8,6,0,4,,7,115,26,28,0,0,0,0,,26,0,0,16,13,37,0,30,8,5,0,,2,0,3,4,0,15,,,0,,
GeoB1016-3,margo,0.88,-11.7705,11.6819,0,,5,0,0,7,0,0,,12,94,18,86,2,0,0,0,,32,0,0,20,22,4,0,84,4,3,0,,0,0,1,0,0,5,,,0,,
GeoB1028-5,margo,0.93,-20.104,9.1858,0,,3,1,0,5,1,0,,0,55,4,140,77,0,0,0,,138,0,0,0,6,0,0,4,2,1,1,,19,0,3,0,0,19,,,0,,
GeoB1028-5,margo,1.03,-20.104,9.1858,0,,1,1,0,8,3,0,,0,59,7,214,87,0,0,0,,188,0,0,0,4,0,0,27,0,4,4,,8,0,0,0,0,43,,,0,,
GeoB1031-4,margo,0.28,-21.88,7.1017,0,,0,2,0,0,8,0,,0,77,18,119,27,0,0,0,,63,5,2,5,19,0,0,15,6,2,5,,17,0,5,0,0,34,,,0,,
GeoB1031-4,margo,0.33,-21.88,7.1017,0,,0,6,0,5,16,0,,0,83,5,197,14,0,0,0,,117,4,1,4,13,1,7,16,0,4,20,,10,0,0,0,0,29,,,0,,
GeoB1101-5,margo,0.33,1.6583,-10.98,0,,25,0,2,0,4,0,,0,37,247,89,0,28,0,0,,17,1,3,3,61,93,0,12,4,14,3,,0,0,0,0,0,2,,,0,,
GeoB1101-5,margo,0.38,1.6583,-10.98,0,,6,0,0,0,4,0,,8,108,198,61,0,33,0,0,,14,0,5,0,24,76,1,14,1,11,1,,0,0,0,0,0,1,,,0,,
GeoB1105-4,margo,0.78,-1.665,-12.4283,0,,12,0,0,5,8,0,,0,119,37,77,3,0,0,0,,95,5,0,0,55,16,4,9,0,6,3,,0,0,13,0,0,37,,,0,,
GeoB1112-4,margo,0.48,-5.7783,-10.75,0,,12,0,0,1,6,0,,0,122,32,95,2,1,0,0,,87,5,2,8,77,69,0,15,2,22,0,,0,0,6,0,0,34,,,0,,
GeoB1112-4,margo,0.58,-5.7783,-10.75,0,,14,0,0,0,10,0,,0,124,36,83,2,0,0,0,,78,3,1,10,83,61,0,31,2,18,6,,4,0,1,0,0,32,,,0,,
GeoB1115-4,margo,0.63,-3.5583,-12.58,0,,5,0,0,5,8,0,,5,175,49,86,3,2,0,0,,124,0,1,24,80,44,3,22,2,10,3,,3,0,7,0,0,42,,,0,,
GeoB1115-4,margo,0.68,-3.5583,-12.58,0,,11,2,0,8,4,0,,1,130,90,31,0,0,0,0,,128,0,0,34,70,37,0,21,0,11,6,,0,0,2,0,0,38,,,0,,
GeoB1117-2,margo,0.53,-3.815,-14.8967,0,,11,0,0,1,8,1,,0,29,38,61,11,5,0,0,,32,0,0,9,58,79,1,11,0,14,5,,0,0,5,0,1,24,,,0,,
GeoB1117-2,margo,0.58,-3.815,-14.8967,0,,7,0,4,0,11,0,,0,62,20,37,2,9,0,0,,25,0,0,9,32,20,2,7,0,9,4,,20,0,8,0,0,27,,,0,,
GeoB1117-2,margo,0.63,-3.815,-14.8967,0,,21,0,0,3,11,0,,0,189,39,132,2,0,0,0,,59,3,0,1,39,42,6,12,1,12,0,,0,0,3,0,0,28,,,0,,
GeoB1214-1,margo,0.23,-24.69,7.24,0,,4,4,0,2,18,0,,0,104,3,206,22,0,0,0,,126,0,0,0,52,9,8,10,2,9,2,,7,0,11,1,0,59,,,4,,
GeoB1214-1,margo,0.28,-24.69,7.24,0,,2,6,0,6,13,0,,0,108,1,244,25,0,0,0,,139,3,0,0,53,2,3,9,2,10,1,,17,0,14,0,0,40,,,0,,
GeoB1220-1,margo,0.33,-24.0333,5.3067,0,,1,4,0,4,21,0,,0,46,0,129,13,0,0,0,,61,3,3,29,0,1,0,12,0,4,7,,0,3,6,0,0,18,,,0,,
GeoB1220-1,margo,0.38,-24.0333,5.3067,0,,4,4,0,5,29,0,,0,64,0,107,20,0,0,0,,73,7,0,36,0,0,4,9,0,6,3,,0,0,14,0,0,19,,,0,,
GeoB1306-1,margo,0.19,-35.2067,-26.765,3,,1,11,0,0,24,0,,0,102,1,444,3,0,0,0,,103,1,1,0,35,0,0,2,0,1,1,,0,0,0,0,0,3,,,0,,
GeoB1701-4,margo,0.98,1.95,3.5517,0,,39,0,0,4,0,0,,7,81,183,27,0,0,0,0,,15,0,2,106,48,33,2,21,6,19,6,,0,2,5,0,0,50,,,0,,
GeoB1701-4,margo,1.03,1.95,3.5517,0,,25,4,0,12,2,2,,3,94,234,19,2,0,0,0,,24,2,5,180,111,53,2,23,7,25,3,,2,0,20,0,0,65,,,0,,
GeoB1701-4,margo,1.08,1.95,3.5517,0,,20,3,0,6,0,0,,6,65,185,25,0,0,0,0,,28,3,4,103,107,44,0,15,6,20,7,,0,0,14,0,0,71,,,0,,
GeoB1701-4,margo,1.13,1.95,3.5517,0,,24,0,0,8,0,0,,0,104,156,90,4,0,0,0,,13,0,0,105,27,65,0,22,1,25,3,,0,0,19,0,0,10,,,0,,
GeoB1701-4,margo,1.18,1.95,3.5517,0,,19,0,0,6,0,0,,0,43,100,77,1,0,0,0,,19,0,1,42,40,25,0,13,0,15,0,,0,1,4,0,0,15,,,0,,
GeoB1722-1,margo,0.23,-29.45,11.75,0,,1,5,1,4,25,0,,0,140,13,223,10,0,0,0,,68,0,0,0,19,3,0,5,0,6,0,,1,0,7,0,0,27,,,0,,
GeoB1722-1,margo,0.28,-29.45,11.75,0,,1,5,0,0,5,0,,0,83,6,377,10,0,0,0,,58,0,0,0,33,2,0,4,2,2,3,,7,0,4,0,0,10,,,0,,
GeoB2004-2,margo,0.68,-30.87,14.3433,0,,1,8,1,2,21,0,,0,85,24,491,0,0,0,0,,98,0,0,0,19,11,2,6,0,18,1,,11,4,0,0,0,25,,,0,,
GeoB2004-2,margo,0.73,-30.87,14.3433,0,,1,4,1,5,17,0,,0,83,5,414,0,0,0,0,,95,0,0,0,21,1,0,10,0,11,2,,4,0,5,0,0,10,,,0,,
GeoB2004-2,margo,0.78,-30.87,14.3433,0,,1,6,0,5,13,0,,0,95,4,689,4,0,0,0,,117,0,0,0,15,4,0,6,0,4,8,,5,2,11,0,0,6,,,0,,
GeoB2016-1,margo,0.18,-31.9,-1.33,4,,2,21,0,8,63,0,,0,99,0,140,5,0,0,0,,228,13,1,0,56,0,0,5,1,12,0,,0,0,8,0,0,27,,,2,,
GeoB2019-1,margo,0.33,-36.06,-8.7783,3,,4,10,0,1,31,0,,0,133,0,218,21,0,0,0,,245,0,0,0,11,0,0,2,0,0,0,,26,0,3,0,0,16,,,0,,
GeoB2021-5,margo,0.13,-36.8333,-14.4033,0,,4,3,0,2,34,0,,0,142,1,193,43,0,0,0,,187,0,0,0,4,0,0,6,2,0,0,,44,0,0,0,0,35,,,0,,
GeoB1903-3,margo,0.48,-8.675,-11.845,0,,7,0,0,11,25,0,,2,54,82,25,0,0,0,0,,26,1,8,42,101,86,0,18,4,24,4,,0,2,28,0,1,85,,,0,,
GeoB1903-3,margo,0.53,-8.675,-11.845,0,,20,0,0,18,36,0,,9,97,75,88,0,0,0,0,,39,4,8,31,107,116,0,20,4,25,16,,0,2,18,0,0,74,,,0,,
GeoB1903-3,margo,0.58,-8.675,-11.845,0,,37,0,0,10,31,0,,0,100,79,147,2,0,0,0,,48,2,14,49,185,154,2,26,2,34,49,,4,2,72,0,0,86,,,0,,
GeoB1905-3,margo,0.38,-17.1433,-13.9867,0,,6,0,7,20,43,0,,0,75,3,9,0,6,0,0,,77,2,5,19,270,54,26,9,2,27,3,,0,2,52,0,1,116,,,0,,
GeoB1905-3,margo,0.43,-17.1433,-13.9867,0,,14,0,6,11,48,1,,0,84,1,8,0,4,0,0,,35,5,7,58,399,111,6,12,8,28,25,,0,4,147,0,2,48,,,0,,
GeoB1501-4,margo,0.33,-3.6783,-32.0067,0,,2,0,3,0,82,0,,5,14,43,28,0,0,0,0,,9,0,0,9,156,140,0,8,0,19,1,,0,0,0,0,0,33,,,0,,
GeoB1501-4,margo,0.38,-3.6783,-32.0067,0,,10,0,0,3,57,0,,3,13,59,36,0,0,0,0,,12,0,3,2,198,226,0,6,2,16,6,,0,2,0,0,0,35,,,0,,
GeoB1503-1,margo,0.28,2.3117,-30.6467,0,,7,0,2,8,44,0,,0,18,100,76,0,2,0,0,,35,35,2,50,125,67,5,2,6,9,8,,4,0,34,0,4,130,,,0,,
GeoB1503-1,margo,0.33,2.3117,-30.6467,0,,17,0,0,12,27,2,,0,26,78,90,0,1,0,0,,61,11,2,47,156,60,5,2,1,9,4,,0,0,35,0,0,108,,,0,,
GeoB1505-1,margo,0.48,2.27,-33.01,2,,22,0,0,0,57,0,,0,24,84,92,4,1,0,0,,36,4,4,0,307,117,0,2,3,11,0,,0,0,13,0,1,126,,,0,,
GeoB1505-1,margo,0.53,2.27,-33.01,0,,17,0,1,6,50,2,,0,26,71,69,0,4,0,0,,19,7,6,0,232,120,2,6,3,11,0,,0,0,0,0,1,71,,,0,,
GeoB1508-4,margo,0.28,5.3333,-34.025,0,,11,0,0,7,20,0,,0,0,41,14,2,0,0,0,,2,0,2,17,181,171,0,6,1,30,7,,0,0,11,0,2,57,,,0,,
GeoB1515-1,margo,0.48,4.2383,-43.6667,0,,12,0,0,2,42,0,,0,0,20,13,0,0,0,0,,7,0,3,3,211,137,2,6,1,11,0,,0,0,8,0,0,73,,,0,,
GeoB2109-1,margo,0.48,-27.9117,-45.8817,2,,2,6,0,6,32,0,,0,45,4,14,1,0,0,0,,16,5,1,0,168,18,2,1,2,8,0,,0,0,18,0,2,78,,,0,,
GeoB2109-1,margo,0.53,-27.9117,-45.8817,0,,1,7,0,2,34,0,,0,36,1,12,0,0,0,0,,24,0,2,1,150,12,0,1,0,7,1,,0,0,21,0,2,56,,,0,,
GeoB2109-1,margo,0.58,-27.9117,-45.8817,4,,0,8,0,8,49,0,,0,86,2,23,0,0,0,0,,26,5,4,20,134,20,0,3,0,4,0,,0,0,29,0,4,101,,,0,,
GeoB2109-1,margo,0.63,-27.9117,-45.8817,2,,2,7,0,6,56,0,,0,64,1,20,0,0,0,0,,24,0,3,21,231,12,0,1,1,4,0,,0,0,59,0,3,89,,,0,,
GeoB2116-4,margo,0.28,-25.5117,-35.9983,0,,3,5,3,0,62,1,,0,38,3,9,0,0,0,0,,7,0,31,0,13,26,0,2,3,0,0,,0,0,0,0,0,3,,,0,,
GeoB2117-1,margo,0.23,-23.0383,-36.6517,0,,2,1,0,0,19,1,,0,35,1,4,0,0,0,0,,39,0,13,0,295,30,0,4,5,3,1,,0,0,12,0,1,6,,,0,,
GeoB2125-1,margo,0.33,-20.8233,-39.8633,0,,6,1,0,3,6,0,,0,15,10,7,0,0,0,0,,12,6,2,49,235,25,6,2,2,8,11,,0,0,25,0,2,174,,,0,,
GeoB2125-1,margo,0.38,-20.8233,-39.8633,0,,3,0,0,1,10,0,,0,30,11,5,0,1,0,0,,10,8,3,49,286,20,0,3,0,2,4,,0,5,37,0,3,196,,,0,,
GeoB2202-4,margo,0.78,-8.1983,-34.265,0,,4,0,0,10,20,0,,0,1,3,0,0,0,0,0,,2,0,4,85,452,56,0,2,5,17,6,,0,0,23,0,8,116,,,0,,
GeoB2202-4,margo,0.83,-8.1983,-34.265,0,,2,0,0,7,24,0,,0,2,7,0,0,0,0,0,,2,0,9,68,412,73,2,6,0,19,6,,0,0,29,0,24,106,,,0,,
GeoB2202-4,margo,0.88,-8.1983,-34.265,0,,8,0,1,8,11,0,,0,5,2,1,1,1,0,0,,6,0,3,63,405,60,0,3,3,5,9,,0,0,50,0,11,138,,,0,,
GeoB2202-4,margo,0.93,-8.1983,-34.265,0,,5,0,3,5,6,0,,0,0,2,0,2,0,0,0,,6,0,4,55,363,42,0,3,0,12,10,,0,0,49,0,12,127,,,0,,
GeoB2215-10,margo,0.43,0.0067,-23.495,5,,11,0,0,0,38,0,,0,57,75,168,4,0,0,0,,68,10,2,5,122,83,0,3,5,12,0,,2,0,13,0,0,73,,,0,,
GeoB2215-10,margo,0.48,0.0067,-23.495,0,,11,0,0,0,53,0,,0,52,84,112,1,0,0,0,,16,0,4,3,30,49,0,1,0,3,0,,2,0,2,0,0,26,,,0,,
GeoB1413-4,margo,0.19,-15.68,-9.455,0,,22,1,0,6,35,1,,0,114,11,39,2,1,0,0,,62,46,5,0,121,57,12,7,2,13,5,,3,0,13,0,0,54,,,0,,
GeoB1413-4,margo,0.23,-15.68,-9.455,0,,14,0,0,8,36,0,,0,76,7,38,0,2,0,0,,50,39,2,0,93,32,17,8,2,14,4,,0,0,3,0,0,38,,,0,,
GeoB1417-1,margo,0.33,-20.3667,-12.7067,5,,13,0,1,18,44,0,,0,60,8,42,0,0,0,0,,129,11,4,6,172,45,18,7,2,20,4,,3,0,39,0,2,55,,,0,,
GeoB1417-1,margo,0.38,-20.3667,-12.7067,0,,14,0,0,8,46,1,,0,86,6,15,0,0,0,0,,122,18,9,6,174,59,18,8,5,16,9,,0,3,29,0,2,68,,,3,,
GeoB1419-2,margo,0.23,-15.5367,-17.0683,2,,9,0,0,0,23,0,,0,51,3,4,0,0,0,0,,86,18,7,3,222,83,0,7,5,10,1,,0,0,49,0,2,43,,,0,,
GeoB2819-1,margo,0.13,-30.8483,-38.3433,4,,2,20,0,25,80,0,,0,100,6,164,4,0,0,0,,104,10,5,1,188,14,2,4,7,6,1,,0,0,21,1,0,35,,,0,,
GeoB3104-1,margo,1.73,-3.6667,-37.7167,0,,0,0,0,0,20,0,,0,4,24,5,0,0,0,0,,0,0,2,48,317,95,2,2,0,10,4,,0,0,11,0,1,192,,,0,,
GeoB3104-1,margo,1.78,-3.6667,-37.7167,0,,2,0,0,3,26,0,,0,5,27,9,0,0,0,0,,0,0,4,30,250,80,4,3,0,8,0,,0,0,7,0,1,183,,,0,,
GeoB3104-1,margo,1.83,-3.6667,-37.7167,0,,5,0,0,0,16,0,,0,4,24,16,0,0,0,0,,0,0,0,38,207,68,0,2,0,13,1,,0,0,10,0,0,132,,,0,,
GeoB3104-1,margo,1.88,-3.6667,-37.7167,0,,4,1,0,0,18,0,,0,10,36,15,0,0,0,0,,0,0,0,19,185,86,15,1,0,22,3,,0,0,9,1,2,129,,,0,,
GeoB3104-1,margo,1.98,-3.6667,-37.7167,0,,1,0,0,0,18,0,,0,7,16,19,0,1,0,0,,0,0,1,47,114,65,2,2,0,11,9,,0,0,18,0,3,87,,,0,,
GeoB3117-1,margo,2.98,-4.295,-37.0917,0,,1,0,0,7,25,0,,0,5,14,11,0,0,0,0,,0,0,1,46,238,74,0,2,0,5,7,,0,0,31,0,2,159,,,0,,
GeoB3117-1,margo,3.03,-4.295,-37.0917,0,,1,0,0,2,20,0,,0,9,20,16,0,0,0,0,,0,0,1,28,184,63,0,1,0,4,4,,0,0,22,0,0,111,,,0,,
GeoB3117-1,margo,3.13,-4.295,-37.0917,0,,0,0,0,2,20,0,,0,4,16,12,0,0,0,0,,0,0,1,22,170,61,0,2,0,7,6,,0,0,48,0,1,104,,,0,,
GeoB3117-1,margo,3.23,-4.295,-37.0917,0,,4,0,0,0,15,0,,0,2,21,8,0,0,0,0,,0,0,1,15,177,54,2,2,0,10,5,,0,0,10,0,1,109,,,0,,
GeoB3117-1,margo,3.33,-4.295,-37.0917,0,,0,0,0,0,16,0,,0,0,15,4,0,0,0,0,,4,0,1,14,153,62,0,1,0,6,1,,0,0,9,0,1,80,,,0,,
GeoB3117-1,margo,3.43,-4.295,-37.0917,0,,1,0,0,0,6,0,,0,1,10,16,0,0,0,0,,0,0,2,21,227,62,3,2,0,7,8,,0,0,3,0,1,81,,,0,,
GeoB3117-1,margo,3.53,-4.295,-37.0917,0,,1,0,0,0,5,0,,0,0,23,11,0,0,0,0,,2,0,2,37,264,88,0,2,0,8,0,,0,0,11,0,1,82,,,0,,
GeoB3175-1,margo,1.68,-7.0533,-34.4633,0,,2,0,0,1,22,0,,0,6,4,8,0,0,0,0,,12,0,1,29,307,51,2,2,0,8,0,,0,0,10,0,3,36,,,0,,
GeoB3175-1,margo,1.73,-7.0533,-34.4633,0,,4,0,0,0,16,0,,0,2,2,3,0,1,0,0,,14,3,1,20,255,36,6,7,0,3,0,,0,0,12,0,3,33,,,0,,
GeoB3175-1,margo,1.78,-7.0533,-34.4633,0,,3,0,0,0,15,0,,0,5,5,0,0,3,0,0,,23,0,1,24,240,43,0,3,0,4,0,,0,0,13,0,2,22,,,0,,
GeoB3175-1,margo,1.83,-7.0533,-34.4633,0,,1,0,0,2,25,0,,0,3,3,8,0,8,0,0,,6,0,2,33,324,51,6,3,1,4,0,,0,0,11,0,2,41,,,0,,
GeoB3176-1,margo,3.43,-7.0117,-34.4417,0,,4,0,0,3,12,0,,0,10,3,0,2,2,0,0,,4,0,1,15,254,37,3,2,0,7,0,,0,0,12,0,7,59,,,0,,
GeoB3176-1,margo,3.48,-7.0117,-34.4417,0,,1,0,0,8,17,0,,0,4,3,1,3,0,0,0,,13,3,4,24,314,33,4,4,0,6,1,,0,0,19,0,13,87,,,0,,
GeoB3176-1,margo,3.53,-7.0117,-34.4417,0,,3,0,1,2,21,0,,0,4,4,4,0,1,0,0,,22,0,4,14,337,46,0,4,0,8,4,,0,0,27,0,12,48,,,0,,
GeoB3176-1,margo,3.58,-7.0117,-34.4417,0,,2,0,0,0,9,0,,0,2,3,1,0,0,0,0,,7,0,1,26,356,25,0,2,0,7,1,,0,0,9,1,5,65,,,0,,
GeoB1032-3,margo,0.38,-22.915,6.0367,0,,0,7,0,3,17,0,,0,88,4,154,10,0,0,0,,68,8,0,4,19,0,4,13,0,5,2,,3,0,5,0,0,24,,,0,,
GeoB1032-3,margo,0.43,-22.915,6.0367,0,,1,5,0,7,23,0,,0,88,6,209,17,0,0,0,,83,10,0,7,39,2,7,19,1,6,25,,0,0,4,0,0,38,,,0,,
GeoB1034-3,margo,0.23,-21.735,5.4217,0,,1,5,0,12,31,0,,0,171,9,223,14,0,0,0,,137,5,0,0,82,5,0,24,1,9,1,,14,0,6,0,0,39,,,0,,
GeoB1041-3,margo,0.53,-3.475,-7.6,0,,15,0,0,0,2,0,,0,176,55,89,0,1,0,0,,102,0,1,2,65,15,0,14,0,7,0,,0,0,0,0,0,21,,,0,,
GeoB1041-3,margo,0.58,-3.475,-7.6,0,,12,0,1,9,1,0,,0,142,27,62,3,0,0,0,,48,0,0,2,32,14,0,15,0,3,0,,3,0,0,0,0,16,,,0,,
GeoB3603-2,margo,0.33,-35.125,17.5433,0,,0,0,0,0,11,0,,0,55,0,268,6,0,0,0,,72,0,0,0,8,0,0,5,0,3,0,,0,0,0,0,0,16,,,0,,
GeoB3603-2,margo,0.38,-35.125,17.5433,0,,0,0,0,0,5,0,,0,55,7,234,3,0,0,0,,67,2,0,0,2,4,0,4,0,4,0,,3,0,0,0,0,20,,,0,,
GeoB3722-2,margo,0.83,-25.25,12.0217,0,,0,7,0,0,3,0,,0,55,0,607,14,0,0,0,,30,0,0,0,0,0,0,1,0,0,0,,0,0,0,0,0,0,,,0,,
GeoB3722-2,margo,0.88,-25.25,12.0217,0,,0,4,0,0,3,0,,0,95,1,850,11,0,0,0,,89,0,0,0,1,0,0,8,4,2,6,,0,0,0,0,0,2,,,0,,
GeoB3722-2,margo,0.93,-25.25,12.0217,0,,0,8,0,0,3,0,,0,65,0,950,3,0,0,0,,26,0,0,0,1,0,0,4,0,0,0,,0,0,0,0,0,0,,,0,,
GeoB3722-2,margo,0.98,-25.25,12.0217,0,,0,11,0,0,7,0,,0,45,0,757,10,0,0,0,,47,0,0,0,1,0,0,2,0,0,0,,0,0,0,0,0,0,,,0,,
GeoB3801-6,margo,0.18,-29.5117,-8.305,3,,4,19,0,0,37,0,,0,91,1,63,0,0,0,0,,89,32,5,0,73,12,0,4,2,8,0,,3,0,21,0,2,21,,,3,,
GeoB3808-6,margo,0.18,-30.8117,-14.7117,12,,7,20,0,12,58,0,,0,119,1,72,6,0,0,0,,185,6,4,1,136,4,0,5,2,24,0,,0,0,22,0,2,46,,,2,,
GeoB3813-3,margo,0.13,-32.2683,-21.9667,0,,6,18,0,1,50,0,,0,102,3,179,4,0,0,0,,89,13,5,0,81,4,0,2,1,3,0,,0,0,6,0,1,23,,,0,,
GeoB5112-5,margo,0.16,-23.825,-16.2583,0,,1,3,1,10,39,5,,0,70,0,9,0,0,0,0,,49,12,6,15,186,49,0,7,1,15,4,,0,0,75,0,21,70,,,0,,
GeoB5115-2,margo,0.14,-24.1433,-14.0433,0,,1,3,0,12,57,1,,0,66,0,3,3,0,0,0,,60,11,5,10,278,37,0,11,13,40,9,,0,0,79,0,12,102,,,0,,
GeoB5115-2,margo,0.15,-24.1433,-14.0433,0,,2,5,0,17,48,0,,0,51,0,12,0,1,0,0,,48,8,2,8,241,37,0,13,8,40,11,,2,0,81,1,11,79,,,0,,
GeoB5115-2,margo,0.16,-24.1433,-14.0433,0,,1,1,0,14,31,0,,0,49,0,9,0,2,0,0,,48,10,5,14,180,28,0,8,2,19,11,,0,0,45,0,18,89,,,0,,
GeoB5115-2,margo,0.17,-24.1433,-14.0433,0,,3,5,0,7,35,0,,0,60,0,10,4,4,0,0,,33,7,3,8,216,38,0,10,12,33,6,,0,0,63,0,19,93,,,0,,
GeoB5121-2,margo,0.16,-24.1833,-12.0217,0,,6,4,0,15,43,0,,0,62,0,11,3,0,0,0,,48,26,8,7,157,35,0,10,7,23,2,,0,0,88,0,9,84,,,5,,
GeoB5133-3,margo,0.18,-19.0867,-10.1917,4,,12,1,0,31,33,1,,0,92,1,30,1,2,0,0,,87,77,2,7,196,57,0,10,4,18,0,,0,0,60,0,4,80,,,4,,
GeoB5140-3,margo,0.1,-19.0517,-16.6133,0,,3,0,0,6,27,1,,0,41,1,14,17,1,0,0,,47,30,3,10,150,46,6,5,2,8,0,,0,3,154,1,3,81,,,8,,
GeoB5140-3,margo,0.11,-19.0517,-16.6133,7,,11,0,1,11,27,3,,0,46,3,11,5,2,0,0,,48,26,7,13,178,82,3,10,1,12,7,,0,5,171,1,4,102,,,0,,
GeoB5140-3,margo,0.12,-19.0517,-16.6133,7,,8,0,1,6,23,0,,0,30,2,20,7,2,0,0,,45,26,3,3,164,45,0,3,0,10,6,,2,6,110,1,2,53,,,0,,
RC8-94,margo,16,-27.283,-102.083,,,62,0,,0,,,,,20,0,,0,0,3,12,,61,90,300,,,19,130,23,8,18,38,,0,,15,0,2,303,0,,,,
RC9-124,margo,40,-28.75,172.6,,,82,12,,1,,,,,186,14,,0,1,0,0,,132,230,37,,,15,11,6,2,36,10,,5,,0,0,0,50,0,,,,
RC9-126,margo,30,-33.233,168.733,,,37,0,,0,,,,,321,48,,3,3,0,0,,246,140,0,,,3,3,18,0,23,3,,7,,1,0,0,40,0,,,,
RC10-97,margo,44,0.917,-134.317,,,11,0,,0,,,,,5,188,,0,178,17,1,,19,0,0,,,7,0,0,4,14,0,,0,,0,0,0,20,0,,,,
RC10-11,margo,20,-11.183,-162.917,,,0,0,,0,,,,,0,2,,0,9,0,0,,8,0,61,,,53,46,2,2,31,12,,0,,17,1,0,330,0,,,,
RC10-16,margo,9,33.083,158,,,10,0,,2,,,,,177,80,,1,0,0,0,,49,2,0,,,0,0,11,0,0,1,,1,,0,0,0,2,0,,,,
RC11-21,margo,40,1.817,-140.05,,,38,0,,0,,,,,1,56,,0,47,4,1,,9,1,0,,,5,1,1,1,3,1,,0,,3,0,0,1,0,,,,
RC11-21,margo,15,-6.133,-140.85,,,6,0,,0,,,,,0,42,,0,69,51,3,,58,2,18,,,46,35,1,2,28,4,,0,,10,0,0,160,0,,,,
RC11-22,margo,30,-14.817,-139.967,,,1,1,,0,,,,,0,1,,0,2,4,7,,17,2,14,,,59,73,2,0,18,16,,0,,20,1,2,285,0,,,,
RC11-23,margo,45,-8.8,-110.8,,,1,0,,0,,,,,2,94,,0,30,22,21,,50,0,17,,,42,1,6,1,11,3,,1,,3,0,0,170,0,,,,
RC12-10,margo,40,-26,169.2,,,75,2,,4,,,,,197,23,,0,2,0,0,,102,180,85,,,37,10,21,3,42,22,,1,,0,0,0,111,0,,,,
RC12-36,margo,20,15.1,124.133,,,4,0,,0,,,,,0,16,,0,7,0,0,,35,3,76,,,107,16,4,3,21,12,,0,,4,12,1,40,0,,,,
RC13-17,margo,30,19.083,-170.067,,,8,0,,0,,,,,6,3,,0,3,1,1,,6,0,33,,,7,0,2,3,1,1,,0,,0,40,0,1,0,,,,
RC13-81,margo,10,-19.017,-124.233,,,16,0,,0,,,,,0,4,,0,16,38,8,,40,0,231,,,103,46,4,5,44,21,,0,,4,3,1,618,0,,,,
RC13-11,margo,50,-1.65,-103.633,,,9,0,,0,,,,,47,121,,0,9,2,2,,31,1,0,,,4,0,3,0,4,0,,0,,1,0,0,15,0,,,,
V 18-31,margo,25,-2.85,-126.2,,,3,0,,0,,,,,0,69,,0,30,3,0,,11,0,0,,,1,0,0,0,1,0,,0,,2,0,0,17,0,,,,
V 18-31,margo,15,3.167,-118.467,,,1,0,,0,,,,,0,154,,0,15,2,0,,2,0,1,,,9,0,0,1,3,0,,0,,0,0,0,4,0,,,,
V 19-29,margo,120,-3.583,-83.933,,,1,0,,0,,,,,213,241,,67,0,0,0,,330,0,0,,,3,0,1,1,1,0,,52,,1,0,0,10,0,,,,
V 19-53,margo,45,-17.017,-113.517,,,8,0,,0,,,,,0,23,,0,101,65,0,,3,0,53,,,9,0,0,0,2,1,,0,,0,5,0,30,0,,,,
V 19-55,margo,23,-17,-114.183,,,3,0,,0,,,,,5,25,,0,91,85,3,,68,0,62,,,97,44,2,2,33,11,,0,,12,2,0,630,0,,,,
V 19-64,margo,15,-16.933,-121.2,,,2,0,,0,,,,,0,2,,0,14,20,4,,24,1,59,,,53,29,1,1,16,7,,0,,4,2,1,340,0,,,,
V 19-65,margo,15,-16.65,-124.383,,,5,0,,0,,,,,1,9,,0,36,50,11,,19,0,96,,,73,11,2,2,29,16,,0,,4,7,1,530,0,,,,
V 19-96,margo,15,0.867,172,,,4,0,,0,,,,,0,41,,0,87,2,0,,33,0,9,,,30,1,0,0,12,0,,0,,0,0,0,34,0,,,,
V 20-11,margo,20,47.95,168.783,,,0,0,,0,,,,,0,0,,380,0,0,0,,14,0,0,,,0,0,0,0,0,0,,26,,0,0,0,0,0,,,,
V 21-30,margo,250,-1.217,-89.683,,,1,0,,2,,,,,219,233,,4,0,0,0,,663,0,1,,,4,2,7,0,1,0,,50,,5,0,0,30,0,,,,
V 21-33,margo,45,-3.8,-92.083,,,1,0,,0,,,,,118,212,,0,4,0,0,,74,0,0,,,1,0,2,0,1,0,,0,,0,0,0,36,0,,,,
V 21-14,margo,70,37.683,163.033,,,0,0,,0,,,,,224,6,,16,1,0,0,,27,0,0,,,0,0,1,0,0,0,,2,,0,0,0,44,0,,,,
V 28-20,margo,20,2.767,-173.933,,,1,0,,0,,,,,0,3,,0,73,8,0,,125,0,26,,,58,16,0,0,28,10,,0,,46,1,1,220,0,,,,
V 28-20,margo,40,0.95,-179.417,,,12,0,,1,,,,,0,49,,0,144,23,0,,94,1,12,,,77,14,2,1,48,5,,0,,11,0,0,197,0,,,,
V 28-23,margo,20,-5.5,166.75,,,4,0,,4,,,,,0,54,,0,26,1,1,,70,1,15,,,70,10,0,1,20,16,,0,,14,0,0,232,0,,,,
V 28-23,margo,35,1.017,160.483,,,3,0,,0,,,,,0,21,,0,36,4,0,,39,1,6,,,22,4,0,0,21,7,,0,,6,0,1,63,0,,,,
V 28-23,margo,30,3.25,159.183,,,5,0,,1,,,,,0,30,,0,52,5,0,,30,0,7,,,14,2,0,0,23,5,,0,,2,0,0,56,0,,,,
V 28-24,margo,20,11.067,138.533,,,0,0,,0,,,,,0,42,,0,8,0,9,,100,1,54,,,178,45,2,4,48,4,,0,,17,2,3,140,0,,,,
V  28294,margo,4,28.433,139.967,,,75,0,,19,,,,,188,90,,4,26,0,0,,272,305,5,,,98,28,28,6,43,7,,2,,5,1,0,182,0,,,,
V  28304,margo,45,28.533,134.133,,,14,1,,3,,,,,113,123,,2,23,0,1,,167,65,42,,,82,4,5,11,29,17,,1,,1,0,0,90,0,,,,
V28-310,margo,40,25.417,125.633,,,3,0,,0,,,,,1,44,,0,44,0,0,,71,8,16,,,9,65,2,6,3,63,,1,,40,0,0,341,0,,,,
V 32126,margo,25,35.317,177.9,,,0,0,,1,,,,,179,17,,8,0,0,0,,182,0,0,,,0,0,9,2,4,0,,9,,0,0,0,17,0,,,,
V32-128,margo,32,36.467,177.167,,,0,0,,0,,,,,240,7,,74,0,0,0,,174,0,0,,,0,0,12,1,0,0,,16,,0,0,0,13,0,,,,
V  32139,margo,1,31.567,151.1,,,6,1,,3,,,,,237,15,,0,3,0,0,,30,5,3,,,3,0,6,1,3,0,,0,,0,0,3,0,0,,,,
RC10-62,margo,51,3.333,-101.717,,,6,0,,0,,,,,4,105,,0,8,0,0,,10,1,0,,,7,1,1,0,2,2,,0,,2,0,0,16,0,,,,
RC13110,margo,54,0.1,-95.65,,,14,0,,6,,,,,20,212,,0,0,0,0,,31,1,0,,,1,0,0,0,1,1,,2,,0,0,0,7,0,,,,
RC13115,margo,61,-1.633,-104.833,,,7,0,,0,,,,,22,174,,0,10,2,1,,26,1,1,,,4,0,2,0,4,1,,0,,0,0,0,9,0,,,,
V19-29,margo,120,-3.583,-83.933,,,5,0,,0,,,,,217,391,,30,1,0,0,,286,0,0,,,3,0,7,1,9,9,,38,,1,0,0,22,0,,,,
VNTRO1-8,margo,41,0.033,-110.483,,,42,0,,1,,,,,21,235,,0,7,2,0,,25,2,0,,,9,1,5,0,3,0,,0,,0,0,0,7,0,,,,
Y69-106p,margo,30,2.983,-86.55,,,0,0,,5,,,,,5,100,,0,1,0,2,,35,4,0,,,1,3,3,1,1,2,,3,,3,0,0,39,0,,,,
Y69-71P,margo,180,0.1,-86.483,,,0,0,,2,,,,,42,141,,0,2,0,0,,66,0,0,,,2,0,1,1,0,2,,0,,1,0,0,12,0,,,,
Y71-3-2,margo,20,7.167,-85.15,,,1,0,,0,,,,,0,114,,0,2,0,2,,35,0,0,,,2,0,2,0,7,0,,0,,0,0,0,40,0,,,,
y71-9-101,margo,63,-6.383,-106.933,,,3,0,,0,,,,,10,151,,0,6,0,0,,15,0,0,,,13,0,1,1,3,5,,0,,0,0,0,31,0,,,,
Y71-6-12,margo,49,-16.44,-77.56,,,0,0,,7,,,,,201,119,,117,1,0,10,,90,1,0,,,0,0,4,1,1,0,,15,,0,0,0,21,0,,,,
RR9702A-63TC,margo,16,-18.085,-79.04,,,0,0,,10,,,,,182,55,,22,5,0,14,,95,0,0,,,0,1,5,3,4,2,,0,,0,0,0,30,0,,,,
Y71-6-12,margo,46,-16.443,-77.563,,,0,0,,4,,,,,135,46,,35,1,0,7,,110,2,0,,,1,1,4,0,1,4,,1,,2,0,0,0,0,,,,
Y71-6-12,margo,50,-16.443,-77.563,,,0,0,,7,,,,,201,73,,120,1,0,10,,90,1,0,,,0,0,4,1,1,0,,15,,0,0,0,21,0,,,,
Y71-6-12,margo,56,-16.443,-77.563,,,2,0,,4,,,,,126,56,,34,0,1,2,,43,1,0,,,0,1,12,1,1,0,,1,,1,1,0,10,0,,,,
RR9702A-69TC,margo,70,-16.007,-76.378,,,0,0,,23,,,,,80,24,,69,0,0,3,,112,4,0,,,0,0,1,0,0,6,,48,,0,0,0,23,0,,,,
RR9702A-69TC,margo,80,-16.007,-76.378,,,0,0,,8,,,,,98,37,,39,0,0,7,,35,0,0,,,0,0,8,0,0,0,,8,,0,0,0,9,0,,,,
MD012416,margo,184.5,51.268,167.7255,,,0,0,,0,,,,,0,0,,255,0,0,0,,50,0,0,,,0,0,0,0,0,0,,0,,0,0,0,0,0,,,,
MD012416,margo,190.5,51.268,167.7255,,,0,0,,0,,,,,0,0,,307,0,0,0,,54,0,0,,,0,0,0,0,0,0,,0,,0,0,0,0,0,,,,
MD012416,margo,194.5,51.268,167.7255,,,0,0,,0,,,,,0,0,,326,0,0,0,,64,0,0,,,0,0,0,0,0,0,,0,,0,0,0,2,0,,,,
MD012416,margo,196.5,51.268,167.7255,,,0,0,,0,,,,,0,0,,307,0,0,0,,70,0,0,,,0,0,0,0,0,0,,0,,0,0,0,2,0,,,,
MD012416,margo,197.5,51.268,167.7255,,,0,0,,0,,,,,0,0,,338,0,0,0,,78,0,0,,,0,0,0,0,0,0,,0,,0,0,0,2,0,,,,
MD012416,margo,200.5,51.268,167.7255,,,0,0,,0,,,,,0,0,,267,0,0,0,,52,0,0,,,0,0,0,0,0,0,,0,,0,0,0,2,0,,,,
MD012416,margo,202.5,51.268,167.7255,,,0,0,,0,,,,,0,0,,327,0,0,0,,60,0,0,,,0,0,0,0,0,0,,0,,0,0,0,1,0,,,,
MD012416,margo,205.5,51.268,167.7255,,,0,0,,2,,,,,0,0,,307,0,0,0,,41,0,0,,,0,0,0,0,0,0,,0,,0,0,0,0,0,,,,
MD012416,margo,209.5,51.268,167.7255,,,0,0,,0,,,,,0,0,,270,0,0,0,,55,0,0,,,0,0,0,0,0,0,,0,,0,0,0,2,0,,,,
ODP Site 883D,margo,116,51.199,167.768,,,0,0,,1,,,,,0,0,,1138,0,0,0,,115,0,0,,,0,0,0,0,0,0,,0,,0,0,0,0,0,,,,
ODP Site 883D,margo,120,51.199,167.768,,,0,0,,0,,,,,0,0,,323,0,0,0,,42,0,0,,,0,0,0,0,0,0,,0,,0,0,0,0,0,,,,
ODP Site 883D,margo,123,51.199,167.768,,,0,0,,0,,,,,0,0,,379,0,0,0,,59,0,0,,,0,0,0,0,0,0,,0,,0,0,0,0,0,,,,
ODP Site 883D,margo,126,51.199,167.768,,,0,0,,0,,,,,0,0,,385,0,0,0,,56,0,0,,,0,0,0,0,0,0,,0,,0,0,0,0,0,,,,
ODP Site 883D,margo,130,51.199,167.768,,,0,0,,0,,,,,0,0,,313,0,0,0,,47,0,0,,,0,0,0,0,0,0,,2,,0,0,0,2,0,,,,
ODP Site 883D,margo,133,51.199,167.768,,,0,0,,0,,,,,0,0,,359,0,0,0,,55,0,0,,,0,0,0,0,0,0,,0,,0,0,0,0,0,,,,
ODP Site 883D,margo,136,51.199,167.768,,,0,0,,0,,,,,0,0,,412,0,0,0,,40,2,0,,,0,0,0,0,0,0,,0,,0,0,0,0,0,,,,
ODP Site 883D,margo,140,51.199,167.768,,,0,0,,0,,,,,0,0,,412,0,0,0,,25,0,0,,,0,0,0,0,0,0,,0,,0,0,0,0,0,,,,
ODP Site 883D,margo,143,51.199,167.768,,,0,0,,0,,,,,0,0,,1069,0,0,0,,85,0,0,,,0,0,0,0,0,0,,0,,0,0,0,0,0,,,,
ODP Site 883D,margo,145,51.199,167.768,,,0,0,,2,,,,,0,0,,396,0,0,0,,40,0,0,,,0,0,0,0,0,0,,0,,0,0,0,0,0,,,,
DGKS9603,margo,169,28.148,127.271,,,45,12,,0,,,,,42,484,,0,92,0,0,,62,42,15,,,125,0,21,0,32,28,,69,,65,4,0,45,0,,,,
DGKS9603,margo,171,28.148,127.271,,,46,9,,0,,,,,45,468,,0,95,0,0,,67,39,17,,,129,0,26,0,34,32,,73,,62,5,0,46,0,,,,
DGKS9603,margo,173,28.148,127.271,,,48,7,,0,,,,,43,482,,0,101,0,0,,75,33,15,,,116,0,33,0,39,26,,69,,72,4,0,52,0,,,,
DGKS9603,margo,175,28.148,127.271,,,55,5,,0,,,,,48,695,,0,118,0,0,,304,59,18,,,151,0,42,0,44,34,,167,,312,6,0,84,0,,,,
DGKS9603,margo,177,28.148,127.271,,,56,8,,0,,,,,52,706,,0,131,0,0,,297,56,17,,,150,0,34,0,47,33,,179,,324,8,0,83,0,,,,
DGKS9603,margo,180,28.148,127.271,,,52,10,,0,,,,,58,723,,0,150,0,0,,289,45,22,,,141,4,33,0,43,35,,166,,293,6,0,68,0,,,,
DGKS9603,margo,182,28.148,127.271,,,47,9,,0,,,,,57,698,,0,145,0,0,,249,39,16,,,128,0,36,0,36,41,,133,,256,4,0,63,0,,,,
DGKS9603,margo,184,28.148,127.271,,,49,11,,0,,,,,63,687,,0,145,0,0,,223,32,14,,,138,0,43,0,45,32,,154,,249,4,0,56,0,,,,
DGKS9603,margo,186,28.148,127.271,,,45,13,,0,,,,,59,679,,0,170,0,0,,204,37,13,,,148,0,38,0,41,38,,166,,257,5,0,52,0,,,,
DGKS9603,margo,188,28.148,127.271,,,50,10,,0,,,,,54,588,,0,113,0,0,,183,44,14,,,131,0,40,0,54,35,,165,,213,0,0,57,0,,,,
DGKS9603,margo,191,28.148,127.271,,,52,14,,0,,,,,58,565,,0,120,0,0,,168,39,12,,,133,0,35,0,50,29,,173,,227,0,0,47,0,,,,
DGKS9603,margo,193,28.148,127.271,,,44,12,,0,,,,,63,589,,0,126,0,0,,189,42,15,,,131,0,31,0,47,35,,180,,245,0,0,53,0,,,,
DGKS9603,margo,195,28.148,127.271,,,50,16,,0,,,,,64,563,,0,143,0,0,,183,38,10,,,131,0,30,0,42,38,,189,,252,0,0,64,0,,,,
DGKS9603,margo,197,28.148,127.271,,,54,14,,0,,,,,57,587,,0,149,0,0,,197,42,16,,,143,0,25,0,36,42,,193,,264,0,0,83,0,,,,
DGKS9603,margo,199,28.148,127.271,,,49,8,,0,,,,,54,506,,0,120,0,0,,148,37,12,,,116,0,23,0,28,33,,144,,208,0,0,67,0,,,,
DGKS9603,margo,201,28.148,127.271,,,42,10,,2,,,,,59,493,,0,147,0,0,,152,24,23,,,125,0,31,0,33,38,,157,,216,0,0,65,0,,,,
DGKS9603,margo,204,28.148,127.271,,,38,7,,0,,,,,52,414,,0,102,0,0,,145,32,16,,,113,0,27,0,27,32,,116,,182,0,0,57,0,,,,
DGKS9603,margo,206,28.148,127.271,,,43,11,,0,,,,,55,448,,0,116,0,0,,119,37,18,,,119,0,28,0,33,31,,123,,126,0,0,65,0,,,,
DGKS9603,margo,208,28.148,127.271,,,52,8,,0,,,,,52,424,,0,128,0,0,,125,41,16,,,122,0,28,0,36,35,,132,,135,0,0,66,0,,,,
DGKS9603,margo,210,28.148,127.271,,,15,16,,0,,,,,27,408,,0,126,0,0,,220,44,29,,,217,0,32,0,46,16,,146,,162,0,0,85,0,,,,
DGKS9603,margo,212,28.148,127.271,,,28,8,,0,,,,,49,432,,0,111,0,0,,202,42,19,,,167,0,30,0,33,24,,158,,98,0,0,63,0,,,,
DGKS9603,margo,215,28.148,127.271,,,33,8,,0,,,,,40,465,,0,126,0,0,,189,37,17,,,146,0,33,0,28,28,,162,,103,0,0,59,0,,,,
CHAT 1K,margo,40,-41.58333333,-171.5,,,11,0,,1,,,,,106,8,,1,0,0,0,,44,8,0,,,0,0,2,0,0,1,,10,,0,0,0,12,0,,,,
CHAT 1K,margo,50,-41.58333333,-171.5,,,18,0,,0,,,,,89,21,,0,0,0,0,,71,15,0,,,0,0,2,0,0,0,,14,,0,0,0,11,0,,,,
A015558,margo,0.58,8.983333333,51.73333333,0,,7,0,20,2,0,12,,0,0,55,,3,19,0,3,,40,2,0,0,18,1,0,2,0,1,0,0,1,0,12,1,0,36,0,,0,,
DSDP site 594,margo,2.52,-45.5235,174.948,0,,0,0,0,0,0,0,,0,12,0,,495,0,0,0,,3,0,0,0,0,0,0,0,0,0,0,0,4,0,0,0,0,5,0,,0,,
E26-001,margo,0.61,-40.28333333,168.34,0,,0,0,0,0,60,0,,0,56,2,,0,0,0,0,,105,0,0,0,0,0,0,3,0,0,0,0,37,0,0,0,0,11,0,,0,,
E27-030,margo,0.6,-45.0667,147.2283,0,,0,0,0,2,12,0,,0,45,0,,46,0,0,0,,120,2,0,0,1,0,0,2,0,0,0,0,17,0,0,0,0,26,0,,0,,
E45-027,margo,0.3,-43.23333333,105.5833333,0,,0,0,0,1,13,0,,0,38,0,,50,0,0,0,,157,0,0,0,0,0,0,0,1,0,0,0,12,0,0,0,0,11,0,,0,,
E45-078,margo,0.31,-45.037,114.348,0,,1,0,0,1,4,0,,0,52,0,,43,0,0,0,,155,0,0,0,0,0,0,1,0,0,0,0,17,1,0,0,0,11,0,,0,,
E45-102,margo,0.24,-33.61666667,113.5833333,0,,0,1,1,0,16,0,,0,152,4,,6,0,0,0,,37,13,0,0,19,2,4,0,0,4,0,0,0,0,0,0,0,41,0,,0,,
E48-011,margo,0.22,-29.7,97.58333333,0,,10,0,7,0,6,4,,0,123,1,,4,0,0,0,,27,1,6,0,53,0,0,4,0,0,1,0,0,1,0,0,0,13,0,,0,,
E48-035,margo,0.355,-30.35333333,86.485,0,,0,7,0,5,56,0,,0,93,0,,6,0,0,0,,50,7,7,0,58,2,0,7,0,7,2,0,0,0,0,0,0,3,0,,0,,
E55-006,margo,0.4,-38.8533,141.0633,0,,0,3,0,0,47,0,,0,35,0,,0,0,0,0,,71,2,0,0,0,0,0,0,0,0,0,0,62,0,18,0,0,62,0,,0,,
FR1/94-GC03,margo,0.3,-44.2606,149.9963889,0,,0,5,0,0,14,0,,0,38,0,,35,0,0,0,,169,2,0,0,0,1,0,0,0,1,0,0,32,0,0,0,0,15,0,,0,,
MD88-770,margo,1.12,-46.01666667,96.46666667,0,,0,0,0,0,1,0,,0,0,0,,206,0,0,0,,6,0,0,0,0,0,0,0,0,0,0,0,1,0,0,0,0,1,0,,0,,
ODP122-760A,margo,0.39,-16.922,115.5413333,0,,2,0,23,3,10,7,,0,8,37,,1,4,0,0,,2,5,4,0,100,17,2,6,0,21,1,0,0,0,4,1,1,63,0,,0,,
ODP122-762B,margo,0.8,-19.88733333,112.254,0,,4,3,14,1,5,1,,0,30,30,,0,1,3,3,,7,8,2,0,71,15,3,5,0,15,0,0,0,0,2,1,0,40,0,,0,,
P69,margo,3.9,-40.39666667,177.9966667,0,,12,1,0,1,4,0,,0,61,12,,39,0,0,0,,62,4,0,0,3,0,0,0,0,0,0,0,6,0,0,0,0,17,0,,0,,
Q200,margo,0.59,-45.995,172.025,0,,0,0,0,0,1,0,,0,2,0,,251,0,0,0,,20,0,0,0,0,0,0,0,0,0,0,0,3,0,0,0,0,0,0,,0,,
Q585,margo,0.73,-49.70333333,182.075,0,,0,0,0,0,0,0,,0,3,0,,325,0,0,0,,15,0,0,0,0,0,0,0,0,0,0,0,0,0,0,0,0,0,0,,0,,
R657 (S),margo,0.5,-42.53333333,181.5083333,0,,1,2,0,0,23,0,,0,107,19,,24,0,0,0,,60,0,0,0,0,1,0,1,0,0,0,0,51,0,0,0,0,32,0,,0,,
R657 (W),margo,0.5,-42.53333333,181.5083333,0,,8,0,0,3,22,0,,0,77,6,,24,0,0,0,,47,0,0,0,0,0,0,0,0,0,1,0,33,0,0,0,0,15,0,,0,,
RC08-039,margo,0.7,-42.88333333,42.35,0,,0,0,0,0,1,0,,0,1,0,,223,0,0,0,,18,0,0,0,0,0,0,0,0,0,0,0,11,0,0,0,0,9,0,,0,,
RC08-078,margo,0.5,-44.78333333,184.2333333,0,,0,0,0,0,23,0,,0,74,18,,11,0,0,1,,68,5,0,0,0,0,0,6,0,0,1,0,26,0,0,0,0,14,0,,0,,
RC09-148,margo,0.19,-29.68,113.7,0,,1,2,0,2,3,0,,0,160,15,,0,0,0,0,,14,17,0,0,71,23,1,0,0,5,0,0,0,0,0,0,0,34,0,,0,,
RC09-150 (P),margo,0.8,-31.28333333,114.5516667,0,,0,5,0,11,14,0,,0,153,3,,0,3,0,0,,25,11,0,0,11,8,3,3,3,5,8,0,0,0,8,0,0,22,0,,0,,
RC09-150 (W),margo,0.9,-31.28333333,114.5516667,0,,0,0,0,3,5,0,,0,171,3,,4,0,0,0,,29,9,0,0,11,1,0,0,0,0,2,0,0,0,0,0,0,44,0,,0,,
RC09-161,margo,1.6,19.56833333,59.595,0,,1,0,19,5,0,0,,0,0,20,,0,6,0,0,,87,2,0,0,33,17,0,14,1,5,14,0,1,1,8,0,0,60,0,,0,,
RC09-162,margo,0.5,19.07666667,60.42166667,0,,0,0,24,0,0,9,,0,0,41,,0,11,0,1,,66,11,0,0,39,23,2,10,0,7,5,0,0,0,7,0,0,46,0,,0,,
RC10-131,margo,0.3,-14.53,157.97,0,,0,0,1,0,1,1,,0,0,15,,0,8,0,0,,15,8,4,0,89,22,8,3,2,17,9,0,0,0,3,2,0,71,0,,0,,
RC11-120,margo,0.74,-43.51666667,79.86666667,0,,1,0,0,0,6,0,,0,5,0,,179,0,0,0,,76,0,0,0,0,0,0,0,0,0,1,0,5,0,0,0,0,3,0,,0,,
RC11-121,margo,0.4,-39.71666667,82.25,0,,0,1,0,2,13,0,,0,19,0,,27,0,0,0,,96,36,0,0,2,0,0,1,0,0,0,0,28,0,0,0,0,25,0,,0,,
RC11-126,margo,0.2,-30.06666667,94.41666667,0,,0,2,0,21,39,0,,0,51,0,,0,0,0,0,,80,6,1,0,46,4,4,3,3,3,5,0,3,0,4,0,0,13,0,,0,,
RC11-134,margo,0.1,-33.06666667,110.55,0,,2,1,0,5,18,0,,0,76,2,,0,0,0,0,,85,10,0,0,36,1,2,3,0,1,6,0,3,1,1,0,0,28,0,,0,,
RC11-145,margo,0.29,-25.48333333,110.0166667,0,,2,0,1,0,5,0,,0,158,13,,0,0,0,0,,6,11,2,0,56,8,1,2,0,4,1,0,0,0,0,0,0,62,0,,0,,
RC11-147,margo,0.6,-19.05833333,112.75,0,,3,0,14,3,8,3,,0,27,19,,0,5,0,0,,14,16,3,0,59,11,11,3,0,3,11,0,0,0,24,0,0,54,0,,0,,
RC12-109,margo,0.4,-25.88333333,157.8666667,0,,9,1,2,1,5,0,,0,105,8,,0,6,0,0,,34,89,1,0,97,22,5,3,0,16,7,0,0,0,3,0,0,29,0,,0,,
RC12-113 (A),margo,0.5,-24.88,163.52,0,,5,3,1,2,13,0,,0,43,6,,0,3,0,0,,17,64,2,0,96,18,12,5,2,8,8,0,0,0,4,0,0,16,0,,0,,
RC12-339,margo,0.7,9.133333333,90.03333333,0,,3,0,67,0,0,2,,0,0,54,,0,16,0,2,,33,3,6,0,34,18,4,1,1,4,5,0,0,0,4,1,0,38,0,,0,,
RC13-038,margo,0.4,-14.51666667,177.1,0,,2,0,1,1,0,5,,0,0,11,,0,3,0,0,,13,7,12,0,200,34,14,13,3,20,19,0,3,0,6,0,0,154,0,,0,,
RC14-007,margo,0.25,-35.51666667,44.75,0,,1,4,0,4,9,0,,0,68,39,,3,0,0,0,,48,30,0,0,0,4,0,1,0,9,0,0,2,0,0,0,0,16,0,,0,,
RC14-009,margo,0.7,-39.01666667,47.88333333,0,,0,2,0,0,5,0,,0,35,3,,17,0,0,0,,77,2,0,0,3,0,0,1,0,1,0,0,26,0,1,0,0,6,0,,0,,
RC14-029,margo,0.2,-10.92333333,88.315,0,,3,0,33,0,0,3,,0,3,32,,0,9,3,2,,9,0,5,0,73,38,11,8,0,4,2,0,0,0,9,0,1,47,0,,0,,
RC14-035,margo,0.4,-0.833333333,89.95,0,,5,0,45,0,0,4,,0,0,25,,0,25,14,3,,21,1,2,0,69,30,0,2,0,7,9,0,0,0,6,0,0,31,0,,0,,
RC14-037,margo,0.4,1.466666667,90.16666667,0,,0,0,28,1,0,1,,0,0,26,,0,20,10,5,,20,2,2,0,78,19,10,0,0,11,10,0,0,1,4,0,0,52,0,,0,,
RC17-069,margo,0.6,-31.5,32.6,0,,0,6,3,3,3,0,,0,95,18,,0,0,0,0,,27,3,0,0,45,9,3,3,6,6,12,0,0,0,3,0,0,45,0,,0,,
RC17-073,margo,0.3,-32.11666667,36.01666667,0,,0,9,1,9,3,0,,0,92,3,,1,1,0,0,,42,3,0,0,40,9,2,4,1,9,16,0,2,0,9,0,0,33,0,,0,,
RC17-098,margo,0.53,-13.21666667,65.61666667,0,,0,2,12,4,1,21,,0,0,29,,0,5,1,1,,10,3,7,0,78,22,3,5,0,11,7,0,0,0,7,0,0,68,0,,0,,
RC17-108,margo,0.4,-10.508,57.72,0,,1,0,8,2,1,1,,0,0,15,,1,6,0,2,,51,22,0,0,67,9,15,1,0,2,6,0,0,0,32,0,1,50,0,,0,,
RC17-113,margo,0.3,15.033,66.097,0,,0,0,35,1,0,7,,0,0,28,,0,46,0,5,,14,10,1,0,67,21,1,4,3,2,6,0,0,0,2,0,0,46,0,,0,,
RS067-GC10,margo,0.505,-38.86166667,140.1,0,,0,0,0,4,42,0,,0,30,1,,15,0,0,0,,138,0,0,0,1,0,0,0,0,0,0,0,21,0,0,0,0,14,0,,0,,
RS096-GC21,margo,0.29,-23.77216667,108.5006667,0,,2,1,3,3,6,0,,0,75,9,,0,0,0,0,,9,12,1,0,51,8,6,0,1,11,2,0,0,0,1,0,0,40,0,,0,,
RS147-GC07,margo,0.985,-45.15,146.28,0,,0,1,0,3,7,0,,0,42,1,,122,0,0,0,,207,11,0,0,1,0,0,0,0,0,2,0,0,104,0,0,0,42,0,,0,,
RS147-GC14,margo,0.25,-46.45,145.24,0,,0,0,0,0,5,0,,0,19,0,,101,0,0,0,,96,5,0,0,0,0,0,0,0,0,0,0,22,0,0,0,0,26,0,,0,,
RS147-GC31,margo,0.69,-44.53,149.05,0,,0,0,0,0,10,0,,0,35,0,,36,0,0,0,,108,0,0,0,0,0,0,0,0,0,0,0,55,0,0,0,0,15,0,,0,,
S794,margo,1.39,-35.31,177.9966667,0,,20,0,0,0,24,0,,0,52,40,,14,0,0,0,,46,15,0,0,0,0,1,1,1,2,0,0,27,0,0,0,0,30,0,,0,,
SHI9006,margo,5.99,-4.33223,117.59584,0,,0,0,13,5,0,0,,0,0,37,,8,14,0,0,,53,0,0,0,134,1,1,6,0,12,6,0,0,0,13,0,0,152,0,,0,,
SHI9016,margo,0.52,-8.455833333,128.238,0,,7,0,27,5,4,1,,0,0,59,,1,27,13,0,,24,5,1,0,126,19,6,4,0,18,6,0,0,0,23,0,0,85,0,,0,,
SHI9022,margo,5.79,-11.35444,122.03799,0,,5,0,29,1,2,0,,0,0,32,,0,14,0,0,,14,0,0,0,99,11,6,3,0,12,1,0,0,0,15,0,0,79,0,,0,,
SHI9034,margo,8.3,-9.09764,111.00721,0,,4,0,31,4,1,2,,0,0,108,,2,16,0,0,,61,0,0,0,31,2,4,2,0,8,2,0,0,0,8,0,1,31,0,,0,,
SO36-07,margo,0.73,-42.25,144.75,0,,0,0,0,2,25,0,,0,33,0,,65,0,0,0,,109,1,0,0,3,15,0,0,0,0,0,0,19,0,0,0,0,30,0,,0,,
SO36-21,margo,0.2,-43.8,145.5,0,,0,0,0,0,17,0,,0,50,0,,24,0,0,0,,140,0,0,0,1,0,0,4,0,0,0,0,4,0,0,0,0,25,0,,0,,
SO36-39,margo,0.3,-45.87,145.99,0,,0,0,0,0,4,0,,0,28,0,,68,0,0,0,,116,0,0,0,0,0,0,0,0,0,0,0,3,0,0,0,0,27,0,,0,,
SO36-47,margo,0.5,-46.87,145.98,0,,0,0,0,0,3,0,,0,40,0,,72,0,0,0,,121,0,0,0,0,0,0,0,0,0,0,0,9,0,0,0,0,20,0,,0,,
U938,margo,1.3,-45.075,179.4983333,0,,0,0,0,0,1,0,,0,97,0,,179,0,0,0,,19,0,0,0,0,0,0,0,0,0,0,0,26,0,0,0,0,3,0,,0,,
V14-077,margo,0.29,-29.64166667,32.85833333,0,,1,1,11,9,1,0,,0,83,19,,0,6,0,0,,8,1,1,0,53,14,3,6,1,11,18,0,0,0,6,0,0,34,0,,0,,
V14-081,margo,0.35,-28.425,43.78333333,0,,0,2,3,9,8,0,,0,42,5,,0,0,0,0,,23,3,0,0,62,12,10,4,1,4,13,0,4,1,15,0,0,65,0,,0,,
V14-101,margo,0.7,8.65,58.56666667,0,,8,0,12,1,0,7,,0,0,19,,0,14,0,3,,28,7,0,0,47,7,4,1,0,6,0,0,0,0,3,0,0,103,0,,0,,
V14-102,margo,0.4,10.25,57.18333333,0,,5,0,9,6,0,9,,0,1,62,,1,27,0,7,,28,6,2,0,22,6,2,1,2,9,0,0,0,0,4,0,0,50,0,,0,,
V16-089,margo,0.4,-33.01666667,85.78333333,0,,0,6,0,6,29,0,,0,84,0,,0,0,0,0,,88,1,0,0,13,0,1,3,1,1,2,0,5,1,0,0,0,8,0,,0,,
V18-191,margo,0.3,-32.433,46.567,0,,0,10,0,8,17,0,,0,102,1,,2,0,0,0,,43,3,0,0,31,4,2,3,2,3,9,0,0,1,3,0,0,16,0,,0,,
V18-207,margo,0.4,-25.63333333,87.11666667,0,,1,1,2,5,18,2,,0,29,2,,0,1,0,0,,7,12,8,0,116,18,13,5,0,7,14,0,1,1,4,1,0,32,0,,0,,
V19-178,margo,0.8,8.116666667,73.25,0,,0,0,35,2,0,3,,0,0,29,,0,16,9,6,,18,1,1,0,59,27,11,3,2,11,5,0,1,0,10,1,0,50,0,,0,,
V19-185,margo,0.3,6.7,59.33333333,0,,2,1,10,3,2,1,,0,0,11,,1,6,4,7,,35,8,1,0,62,6,2,1,0,4,3,0,1,0,6,0,0,94,0,,0,,
V19-188,margo,0.6,6.866666667,60.66666667,0,,7,2,39,2,0,5,,0,0,32,,1,16,4,10,,30,3,6,0,58,7,1,1,1,2,4,0,0,0,1,0,0,39,0,,0,,
V19-201,margo,0.7,-5.333333333,40.43333333,0,,6,0,28,2,0,1,,0,1,36,,0,11,0,2,,16,4,2,0,74,10,2,2,2,8,6,0,0,2,15,0,1,53,0,,0,,
V19-202,margo,0.4,-6.983333333,41.18333333,0,,3,0,32,2,1,3,,0,3,29,,2,12,1,3,,19,5,4,0,94,8,3,8,0,5,3,0,0,0,3,0,0,45,0,,0,,
V19-204,margo,0.3,-10.23333333,43.81666667,0,,3,0,17,0,3,3,,0,1,32,,0,14,0,2,,21,3,8,0,90,9,2,3,0,4,5,0,0,0,0,0,0,63,0,,0,,
V20-170,margo,0.3,-21.8,69.23333333,0,,1,1,7,2,17,2,,0,4,2,,0,1,0,0,,5,4,8,0,126,23,12,3,1,16,4,0,0,0,10,0,2,48,0,,0,,
V20-175,margo,0.3,-22.3,68,0,,1,2,2,3,18,0,,0,1,5,,0,1,0,0,,7,2,5,0,121,27,12,4,5,5,16,0,1,1,10,1,1,50,0,,0,,
V24-157,margo,0.3,-14.95,147.92,0,,0,0,13,1,3,1,,0,3,30,,0,10,0,0,,11,2,17,0,151,42,3,6,3,31,23,0,0,0,5,0,0,56,0,,0,,
V24-161,margo,0.5,-18.2,151.45,0,,1,0,7,3,2,4,,0,1,18,,0,7,1,1,,12,7,4,0,115,27,4,2,3,19,13,0,0,0,7,0,0,30,0,,0,,
V24-170,margo,0.4,-13.52,146.88,0,,2,0,12,2,5,5,,0,1,21,,0,20,0,1,,11,5,3,0,175,49,3,7,1,21,13,0,0,0,3,0,0,42,0,,0,,
V24-184,margo,0.3,-12.87,146.2,0,,0,0,9,0,13,1,,0,0,24,,0,11,0,0,,3,0,3,0,153,49,2,3,0,10,0,0,0,0,1,0,0,57,0,,0,,
V28-238,margo,0.39,1.016666667,160.4833333,0,,9,0,36,4,0,20,,0,0,161,,0,97,19,0,,6,0,26,0,238,55,6,1,0,117,65,0,0,0,7,0,0,178,0,,0,,
V28-239,margo,0.52,3.25,159.1833333,0,,4,0,38,8,0,30,,0,0,90,,0,155,10,1,,1,1,12,0,76,38,3,0,0,36,41,0,0,1,0,0,0,57,0,,0,,
V28-342 (W),margo,0.89,-14.1,120.5,0,,1,0,25,1,3,19,,0,0,42,,0,3,0,0,,0,1,4,0,70,20,5,10,0,22,3,0,0,0,2,1,0,32,0,,0,,
V29-029,margo,0.8,5.116666667,77.58333333,0,,1,0,29,2,0,1,,0,0,74,,0,16,1,6,,47,4,1,0,25,10,5,3,0,7,3,0,0,0,4,0,0,61,0,,0,,
V29-030,margo,0.8,3.083333333,76.25,0,,1,0,61,1,0,1,,0,0,53,,0,40,3,9,,18,1,0,0,34,10,4,4,1,6,5,1,0,0,1,0,0,37,0,,0,,
V29-045,margo,0.4,-6,69.817,0,,3,0,25,0,0,2,,0,0,27,,1,18,1,5,,19,0,1,0,70,16,4,6,3,8,2,0,0,1,6,0,0,67,0,,0,,
V29-048,margo,0.2,-6.266666667,63.43333333,0,,2,0,39,4,0,4,,0,0,47,,0,14,1,6,,9,0,11,0,60,30,2,3,3,15,9,0,0,0,2,1,0,26,0,,0,,
V29-064,margo,0.3,-27.283,74.867,0,,2,3,0,12,35,0,,0,22,0,,0,0,0,0,,14,2,4,0,111,22,2,8,7,12,12,0,0,0,5,0,1,26,0,,0,,
V33-065,margo,0.4,-22.73333333,112.5833333,0,,0,0,4,1,6,1,,0,104,17,,2,6,0,0,,6,7,0,0,52,8,9,1,0,11,0,0,0,0,1,0,1,55,0,,0,,
Z2108,margo,0.75,-33.3765,161.6125,0,,5,1,1,5,11,0,,0,110,37,,2,0,1,0,,49,20,0,0,25,2,1,7,0,0,10,0,104,0,1,0,0,26,3,,0,,
Z2112,margo,0.935,-33.53,166.53,0,,10,2,0,2,17,0,,0,140,6,,3,0,0,0,,69,31,0,0,14,1,0,5,0,4,7,0,0,1,3,0,0,8,0,,0,,
BC15,margo,0.7725,41.95,5.93,0,,0,0,0,19,0,0,,0,0,0,9,0,0,0,0,,96,0,0,0,0,0,0,0,0,0,0,0,50,0,0,0,0,32,0,,0,,
BC15,margo,0.9475,41.95,5.93,0,,0,0,0,15,0,0,,0,0,0,18,0,0,0,0,,78,0,0,0,2,0,0,0,0,0,0,0,52,0,0,0,0,10,0,,0,,
BC15,margo,1.0925,41.95,5.93,0,,0,0,0,24,1,0,,0,2,0,16,0,0,0,0,,101,0,0,0,2,0,0,0,0,0,0,0,84,0,0,0,0,30,0,,0,,
T87/2/20G,margo,0.405,34.97,23.75,0,,0,0,0,20,0,0,,0,0,0,59,0,0,0,0,,26,0,0,0,53,0,0,0,0,0,0,0,7,0,1,0,0,19,0,,0,,
T87/2/20G,margo,0.455,34.97,23.75,0,,0,0,0,22,0,0,,0,1,0,57,0,0,0,0,,33,0,0,0,71,0,0,0,0,0,0,0,6,0,0,0,0,33,0,,0,,
T87/2/20G,margo,0.505,34.97,23.75,0,,0,0,0,16,0,0,,0,0,0,71,0,0,0,0,,19,0,0,1,72,0,0,0,0,2,0,0,8,0,0,0,0,21,0,,0,,
MD 95-2043,margo,8.3,36.143,-2.621,0,,0,0,0,5,0,0,,0,0,0,246,7,0,0,0,,41,0,0,0,5,0,0,2,0,0,0,0,11,0,0,0,0,14,0,,0,,
MD 95-2043,margo,8.4,36.143,-2.621,0,,0,0,0,3,0,0,,0,2,0,298,3,0,0,0,,45,0,0,0,11,0,0,0,0,0,0,0,16,0,0,0,0,17,0,,0,,
MD 95-2043,margo,8.5,36.143,-2.621,0,,0,0,0,7,0,0,,0,3,0,321,7,0,0,0,,35,0,0,0,0,0,0,1,0,0,1,0,19,0,0,0,0,19,0,,0,,
MD 95-2043,margo,8.6,36.143,-2.621,0,,0,0,0,6,0,0,,0,2,0,276,3,0,0,0,,73,0,0,0,13,0,0,0,0,0,0,0,24,0,0,0,0,9,0,,0,,
MD 95-2043,margo,8.7,36.143,-2.621,0,,0,0,0,3,0,0,,0,3,0,181,2,0,0,0,,70,0,0,0,3,0,0,1,0,0,1,0,24,0,0,0,0,15,0,,0,,
MD 95-2043,margo,8.8,36.143,-2.621,0,,0,0,0,11,0,0,,0,8,0,441,6,0,0,0,,120,1,0,0,5,0,0,1,0,0,0,0,24,0,0,0,0,31,0,,0,,
MD 95-2043,margo,8.9,36.143,-2.621,0,,0,0,0,4,0,0,,0,5,0,291,6,0,0,0,,92,0,0,0,7,0,0,0,0,0,0,0,7,0,0,0,0,16,0,,0,,
DED8707,margo,1.095,39.41,13.34,0,,0,0,0,12,0,0,,0,1,2,37,2,0,0,0,,69,0,0,0,24,0,0,0,0,0,0,0,9,0,0,0,0,31,0,,0,,
DED8707,margo,1.215,39.41,13.34,0,,0,0,0,7,0,0,,0,1,2,86,3,0,0,0,,132,0,0,0,28,0,0,0,0,0,0,0,6,0,0,0,0,44,0,,0,,
KET8003,margo,1.91,38.49,14.3,0,,0,0,0,57,0,0,,0,0,4,156,5,0,0,0,,110,0,1,0,0,0,1,0,0,0,1,0,29,0,1,0,0,57,0,,0,,
KET8003,margo,1.95,38.49,14.3,0,,0,0,0,23,0,0,,0,2,0,133,3,0,0,0,,133,0,2,0,0,0,0,0,0,0,0,0,21,0,2,0,0,48,0,,0,,
KET8003,margo,2.01,38.49,14.3,0,,0,0,0,61,0,0,,0,0,3,170,7,0,0,0,,189,0,7,0,0,0,0,0,0,0,0,0,56,0,0,0,0,143,0,,0,,
KET8003,margo,2.05,38.49,14.3,0,,0,0,0,29,0,0,,0,0,0,131,4,0,0,0,,156,0,1,0,0,0,0,1,0,0,1,0,16,0,4,0,0,116,0,,0,,
KET8003,margo,2.11,38.49,14.3,0,,0,0,0,69,0,0,,0,1,1,95,8,0,0,0,,123,0,7,0,0,0,0,0,0,0,0,0,22,0,0,0,0,122,0,,0,,
KET8003,margo,2.15,38.49,14.3,0,,0,0,0,29,0,0,,0,1,0,82,1,0,0,0,,101,0,2,0,0,0,0,0,0,0,1,0,23,0,1,0,0,70,0,,0,,
KET8003,margo,2.21,38.49,14.3,0,,0,0,0,27,0,0,,0,0,2,147,7,0,0,0,,165,0,4,0,0,0,0,0,0,0,0,0,27,0,0,0,0,110,0,,0,,
KET8003,margo,2.25,38.49,14.3,0,,0,0,0,11,0,0,,0,2,0,214,5,0,0,0,,209,0,5,0,0,0,0,0,0,0,0,0,16,0,0,0,0,86,0,,0,,
KET8019,margo,2.71,40.33,13.21,0,,0,0,0,32,0,0,,0,1,1,104,9,0,0,0,,80,0,1,0,84,0,3,0,0,0,0,0,22,0,0,0,0,90,0,,0,,
KET8019,margo,2.81,40.33,13.21,0,,0,0,0,6,0,0,,0,1,0,65,5,0,0,0,,65,0,1,0,55,0,1,0,0,0,0,0,18,0,0,0,0,42,0,,0,,
KET8019,margo,2.98,40.33,13.21,0,,0,0,0,6,0,0,,0,2,0,198,5,0,0,0,,75,0,1,0,76,0,0,0,0,0,1,0,16,0,0,0,0,66,0,,0,,
KET8019,margo,3.01,40.33,13.21,0,,0,0,0,0,1,0,,0,2,0,170,6,0,0,0,,64,0,0,0,35,0,0,0,0,0,0,0,8,0,0,0,0,43,0,,0,,
KET8019,margo,3.14,40.33,13.21,0,,0,0,0,7,0,0,,0,1,0,94,4,0,0,0,,150,0,0,0,30,0,0,1,0,0,0,0,13,0,0,0,0,49,0,,0,,
KET8019,margo,3.21,40.33,13.21,0,,0,0,0,105,0,0,,0,1,0,165,9,0,0,0,,73,0,0,0,5,0,0,0,0,0,0,0,33,0,0,0,0,77,0,,0,,
KET8039,margo,2.7125,36.32,11.41,0,,0,1,0,4,0,0,,0,5,16,122,3,0,0,0,,70,0,0,0,129,0,0,0,0,0,2,0,43,0,0,0,0,62,0,,0,,
KET8039,margo,2.8125,36.32,11.41,0,,0,1,0,0,0,0,,0,14,10,90,0,0,0,0,,88,0,0,0,67,1,1,0,0,0,0,0,53,0,0,0,0,21,0,,0,,
KET8039,margo,2.9125,36.32,11.41,0,,0,0,0,3,0,0,,0,6,19,105,2,0,0,0,,64,0,3,0,111,0,0,0,0,0,0,0,38,0,0,0,0,31,0,,0,,
KET8039,margo,3.0125,36.32,11.41,0,,0,0,0,0,0,0,,0,8,9,73,0,0,0,0,,104,0,1,0,72,1,0,0,0,0,3,0,41,0,0,0,0,19,0,,0,,
KET8039,margo,3.1125,36.32,11.41,0,,0,1,0,1,0,0,,0,9,5,86,1,0,0,0,,59,0,3,0,93,0,0,0,0,0,0,0,43,0,0,0,0,21,0,,0,,
KET8039,margo,3.2125,36.32,11.41,0,,0,1,0,0,0,0,,0,10,17,145,3,0,0,0,,74,0,3,0,142,0,1,1,0,0,0,0,55,0,0,0,0,25,0,,0,,
KET8039,margo,3.3125,36.32,11.41,0,,0,0,0,2,0,0,,0,1,7,99,1,0,0,0,,44,0,2,0,83,0,0,0,0,0,0,0,27,0,0,0,0,37,0,,0,,
KET8039,margo,3.4125,36.32,11.41,0,,0,0,0,3,0,0,,0,6,7,143,3,0,0,0,,77,0,10,0,111,0,0,0,0,0,0,0,60,0,1,0,0,68,0,,0,,
KET8039,margo,3.5125,36.32,11.41,0,,0,0,0,0,0,0,,0,12,10,116,1,0,0,0,,66,0,3,0,92,0,3,1,0,0,2,0,49,0,0,0,0,32,0,,0,,
KET8039,margo,3.6125,36.32,11.41,0,,0,0,0,2,0,0,,0,5,12,114,4,0,0,0,,70,0,6,0,95,0,0,0,0,0,0,0,35,0,1,0,0,25,0,,0,,
KET8039,margo,3.7125,36.32,11.41,0,,0,2,0,0,0,0,,0,5,7,154,0,0,0,0,,55,0,3,0,47,0,0,1,0,0,1,0,36,0,0,0,0,26,0,,0,,
KET8039,margo,3.8125,36.32,11.41,0,,0,0,0,1,0,0,,0,5,5,224,3,0,0,0,,73,0,1,0,79,0,3,0,0,0,0,0,43,0,0,0,0,44,0,,0,,
KET8039,margo,3.9125,36.32,11.41,0,,0,0,0,1,0,0,,0,1,15,237,0,0,0,0,,72,0,2,0,91,0,0,0,0,0,0,0,22,0,1,0,0,25,0,,0,,
KET8039,margo,4.0125,36.32,11.41,0,,0,0,0,3,0,0,,0,5,9,185,4,0,0,0,,71,0,5,0,68,0,0,2,0,0,0,0,29,0,0,0,0,39,0,,0,,
KET8039,margo,4.1125,36.32,11.41,0,,0,3,0,0,0,0,,0,4,12,149,0,0,0,0,,92,0,1,0,6,0,0,2,0,0,1,0,23,0,0,0,0,33,0,,0,,
MD84-632,margo,1.58,32.47,34.23,0,,0,0,0,56,0,0,,0,0,0,193,0,0,0,0,,16,0,3,0,571,0,6,0,0,0,47,0,3,0,3,0,0,35,0,,0,,
MD84-632,margo,1.6,32.47,34.23,0,,0,0,0,48,0,0,,0,0,0,160,0,0,0,0,,30,0,3,0,701,0,0,0,0,0,39,0,0,0,1,0,0,30,0,,0,,
MD84-632,margo,1.62,32.47,34.23,0,,0,0,0,39,0,0,,0,0,0,153,0,0,0,0,,17,1,8,0,763,0,3,0,0,0,34,0,1,0,0,0,0,30,0,,0,,
MD84-632,margo,1.64,32.47,34.23,0,,0,0,0,77,0,0,,0,0,0,268,0,0,0,0,,53,1,5,2,1174,1,8,0,0,0,45,0,0,0,1,0,0,45,0,,0,,
MD84-632,margo,1.66,32.47,34.23,0,,0,0,0,45,0,0,,0,0,0,81,0,0,0,0,,36,1,1,0,593,0,2,0,0,0,25,0,0,0,0,0,0,24,0,,0,,
MD84-632,margo,1.68,32.47,34.23,0,,0,0,0,37,0,0,,0,0,0,209,0,0,0,0,,34,0,3,0,653,0,2,1,0,0,27,0,1,0,3,0,0,35,0,,0,,
MD84-632,margo,1.7,32.47,34.23,0,,0,0,0,62,0,0,,0,0,0,311,0,0,0,0,,59,0,9,0,1090,0,8,0,0,0,61,0,0,0,1,0,0,57,0,,0,,
MD84-632,margo,1.72,32.47,34.23,0,,0,0,0,72,0,0,,0,0,0,240,0,0,0,0,,50,0,5,0,1000,0,8,0,0,0,48,0,0,0,3,0,0,38,0,,0,,
MD84-632,margo,1.74,32.47,34.23,0,,0,0,0,38,0,0,,0,0,0,151,0,0,0,0,,17,0,6,0,713,0,8,0,0,0,33,0,1,0,3,0,0,14,0,,0,,
MD84-632,margo,1.76,32.47,34.23,0,,0,0,0,24,0,0,,0,0,0,126,0,0,0,0,,14,0,5,0,520,0,10,0,0,0,20,0,0,0,1,0,0,18,0,,0,,
MD84-632,margo,1.78,32.47,34.23,0,,0,0,0,30,0,0,,0,0,0,189,0,0,0,0,,12,1,4,0,871,1,4,0,0,0,26,0,0,0,3,0,0,26,0,,0,,
MD84-632,margo,1.8,32.47,34.23,0,,0,0,0,53,0,0,,0,0,0,186,0,0,0,0,,9,0,4,1,766,0,3,1,0,0,33,0,0,0,6,0,0,34,0,,0,,
MD84-632,margo,1.82,32.47,34.23,0,,0,0,0,49,0,0,,0,0,0,160,0,0,0,0,,11,0,6,0,620,0,5,0,0,0,20,0,1,0,8,0,0,38,0,,0,,
MD84-632,margo,1.84,32.47,34.23,0,,0,0,0,60,0,0,,0,0,0,159,0,0,0,0,,16,1,2,0,478,0,1,0,0,0,12,0,0,0,14,0,0,37,0,,0,,
MD84-632,margo,1.86,32.47,34.23,0,,0,0,0,52,0,0,,0,0,0,194,0,0,0,0,,12,1,40,0,561,0,3,0,0,0,7,0,0,0,13,0,0,41,0,,0,,
MD84-632,margo,1.88,32.47,34.23,0,,0,0,0,53,0,0,,0,0,0,166,0,0,0,0,,10,0,1,0,608,0,2,0,0,0,4,0,0,0,6,0,0,35,0,,0,,
MD84-632,margo,1.9,32.47,34.23,0,,0,0,0,117,0,0,,0,0,0,171,0,0,0,0,,11,0,2,1,1012,1,1,0,0,0,6,0,1,0,5,0,0,36,0,,0,,
MD84-632,margo,1.92,32.47,34.23,0,,0,0,0,87,0,0,,0,0,0,167,0,0,0,0,,57,0,4,0,1015,0,2,0,0,0,7,0,11,0,1,0,0,37,0,,0,,
MD84-632,margo,1.96,32.47,34.23,0,,0,0,0,75,0,0,,0,0,0,283,3,0,0,0,,267,0,12,0,937,0,2,0,1,0,9,0,17,0,0,0,0,20,0,,0,,
MD992346,margo,6.195,42.044,4.151,0,,0,0,0,38,0,0,,0,0,0,27,2,0,0,0,,286,0,0,0,2,0,0,0,0,0,2,0,107,0,0,0,0,53,0,,0,,
MD992346,margo,6.295,42.044,4.151,0,,0,0,0,43,0,0,,0,0,0,30,1,0,0,0,,202.875,0,0,0,2,0,0,0,0,0,2,0,88,0,0,0,0,70,0,,0,,
MD992346,margo,6.385,42.044,4.151,0,,0,0,0,25,0,0,,0,0,0,40,0,0,0,0,,209,0,0,0,6,0,0,0,0,0,2,0,66,0,0,0,0,39,0,,0,,
MD992346,margo,6.525,42.044,4.151,0,,0,0,0,13,0,0,,0,0,0,52,0,0,0,0,,198,0,1,0,8,0,0,0,0,0,2,0,111,0,0,0,0,54,0,,0,,
MD992346,margo,6.625,42.044,4.151,0,,0,0,0,10,0,0,,0,0,0,3,0,0,0,0,,200.875,0,0,0,0,0,0,0,0,0,0,0,63,0,0,0,0,30,0,,0,,
MD992346,margo,6.725,42.044,4.151,0,,0,0,0,45,0,0,,0,0,0,8,0,0,0,0,,255,0,0,0,4,0,0,0,0,0,0,0,43,0,0,0,0,38,0,,0,,
MD992346,margo,6.915,42.044,4.151,0,,0,0,0,41,0,0,,0,0,0,10,0,0,0,0,,269.625,0,0,0,0,0,0,0,0,0,0,0,22,0,0,0,0,37,0,,0,,
MD992346,margo,7.115,42.044,4.151,0,,0,0,0,9,0,0,,0,0,0,15,0,0,0,0,,326.5,1,0,0,3,0,0,0,0,0,3,0,118,0,0,0,0,62,0,,0,,
MD992346,margo,7.285,42.044,4.151,0,,0,0,0,10,0,0,,0,0,0,2,1,0,0,0,,148,0,0,0,2,0,0,0,0,0,0,0,37,0,0,0,0,35,0,,0,,
MD992346,margo,7.485,42.044,4.151,0,,0,0,0,14,0,0,,0,0,0,11,0,0,0,0,,206.25,0,0,0,0,0,0,0,0,0,0,0,74,0,0,0,0,36,0,,0,,
MD992346,margo,7.59,42.044,4.151,0,,0,0,0,3,0,0,,0,0,0,25,0,0,0,0,,253.5,0,0,0,1,0,0,0,0,0,1,0,33,0,0,0,0,13,0,,0,,
MD992346,margo,7.685,42.044,4.151,0,,0,0,0,6,0,0,,0,0,0,23,0,0,0,0,,298.5,0,0,0,0,0,0,0,0,0,2,0,52,0,0,0,0,65,0,,0,,
MD992346,margo,7.79,42.044,4.151,0,,0,0,0,4,0,0,,0,0,0,40,2,0,0,0,,247,0,0,0,1,0,0,0,0,0,2,0,41,0,0,0,0,77,0,,0,,
MD992346,margo,7.885,42.044,4.151,0,,0,0,0,6,0,0,,0,0,0,65,0,0,0,0,,178.25,0,0,0,1,0,0,0,0,0,0,0,16,0,0,0,0,71,0,,0,,
MD992346,margo,8,42.044,4.151,0,,0,0,0,3,0,0,,0,0,0,131,4,0,0,0,,271,0,0,0,1,0,0,0,0,0,2,0,21,0,0,0,0,74,0,,0,,
MD992346,margo,8.04,42.044,4.151,0,,0,0,0,9,0,0,,0,0,0,123,7,0,0,0,,299,0,0,0,0,0,0,0,0,0,0,0,11,0,0,0,0,45,0,,0,,
MD992346,margo,8.07,42.044,4.151,0,,0,0,0,1,0,0,,0,0,0,133,7,0,0,0,,273.5,0,0,0,0,0,0,0,0,0,1,0,16,0,0,0,0,45,0,,0,,
MD992346,margo,8.08,42.044,4.151,0,,0,0,0,3,0,0,,0,0,0,107,1,0,0,0,,178.25,0,0,0,1,0,0,0,0,0,0,0,2,0,0,0,0,18,0,,0,,
MD992346,margo,8.085,42.044,4.151,0,,0,0,0,5,0,0,,0,0,0,146,3,0,0,0,,259.5,0,0,0,0,0,0,0,0,0,0,0,7,0,0,0,0,39,0,,0,,
MD992346,margo,8.1,42.044,4.151,0,,0,0,0,4,0,0,,0,0,0,95,4,0,0,0,,206,0,0,0,0,0,0,0,0,0,0,0,5,0,0,0,0,37,0,,0,,
MD992346,margo,8.15,42.044,4.151,0,,0,0,0,1,0,0,,0,0,0,98,3,0,0,0,,310,0,0,0,0,0,0,0,0,0,0,0,4,0,0,0,0,27,0,,0,,
MD992346,margo,8.2,42.044,4.151,0,,0,0,0,2,0,0,,0,2,0,74,7,0,0,0,,355,0,0,0,7,0,0,0,0,0,3,0,3,0,0,0,0,44,0,,0,,
MD992346,margo,8.255,42.044,4.151,0,,0,0,0,2,0,0,,0,4,0,127,1,0,0,0,,192,0,0,0,32,0,2,0,0,0,4,0,6,0,0,0,0,124,0,,0,,
KET8216,margo,1.81,41.31,17.59,0,,0,0,0,16,0,0,,0,0,0,101,5,0,0,0,,93,0,0,0,0,0,0,0,0,0,0,0,11,0,0,0,0,19,0,,0,,
KET8216,margo,1.91,41.31,17.59,0,,0,0,0,38,0,0,,0,0,0,40,2,0,0,0,,34,0,0,0,0,0,2,0,0,0,0,0,10,0,0,0,0,17,0,,0,,
KET8216,margo,2.01,41.31,17.59,0,,0,0,0,23,0,0,,0,1,0,60,5,0,0,0,,52,0,0,0,0,0,0,2,0,0,0,0,14,0,0,0,0,12,0,,0,,
KET8216,margo,2.09,41.31,17.59,0,,0,0,0,25,0,0,,0,1,0,67,8,0,0,0,,136,0,0,0,0,0,0,0,0,0,0,0,49,0,0,0,0,26,0,,0,,
MD90901,margo,4.2,39.947,1.591,0,,0,0,0,56,0,0,,0,7,0,78,2,0,0,0,,184,0,0,0,40,0,0,1,0,0,2,0,25,0,0,0,0,34,0,,0,,
MD90901,margo,4.3,39.947,1.591,0,,0,0,0,21,0,0,,0,1,0,54,0,0,0,0,,105,0,0,0,40,0,0,2,0,0,0,0,42,0,0,0,0,24,0,,0,,
MD90901,margo,4.4,39.947,1.591,0,,0,0,0,20,0,0,,0,1,0,72,2,0,0,0,,155,0,0,0,58,0,0,2,0,1,1,0,45,0,0,0,0,25,0,,0,,
MD90901,margo,4.5,39.947,1.591,0,,0,0,0,11,0,0,,0,2,0,62,1,0,0,0,,123,0,0,0,44,0,0,0,0,0,0,0,36,0,0,0,0,16,0,,0,,
MD90901,margo,4.6,39.947,1.591,0,,0,0,0,18,0,0,,0,0,0,98,2,0,0,0,,112,0,1,0,36,0,0,0,0,0,0,0,23,0,0,0,0,20,0,,0,,
MD90901,margo,4.7,39.947,1.591,0,,0,0,0,59,0,0,,0,0,0,34,0,0,0,0,,210,0,0,0,26,0,0,0,0,0,0,0,24,0,0,0,0,18,0,,0,,
MD90901,margo,4.8,39.947,1.591,0,,0,0,0,16,0,0,,0,1,1,37,0,0,0,0,,144,1,2,0,55,0,0,0,0,0,1,0,9,0,0,0,0,26,0,,0,,
MD90901,margo,4.9,39.947,1.591,0,,0,0,0,28,0,0,,0,1,0,47,1,0,0,0,,138,0,1,0,40,0,1,0,0,1,0,0,38,0,0,0,0,25,0,,0,,
MD90901,margo,5,39.947,1.591,0,,0,0,0,41,0,0,,0,0,0,61,1,0,0,0,,175,0,2,0,18,0,0,0,0,0,0,0,76,0,0,0,0,22,0,,0,,
MD90901,margo,5.1,39.947,1.591,0,,0,0,0,29,0,0,,0,5,0,32,0,0,0,0,,93,0,0,0,35,0,0,0,0,1,0,0,45,0,0,0,0,70,0,,0,,
MD90901,margo,5.2,39.947,1.591,0,,0,0,0,6,0,0,,0,2,0,57,1,0,0,0,,128,0,1,0,81,0,0,0,0,0,0,0,23,0,0,0,0,38,0,,0,,
MD90901,margo,5.3,39.947,1.591,0,,0,0,0,14,0,0,,0,1,0,52,0,0,0,0,,246,0,1,0,65,0,0,0,0,0,0,0,47,0,0,0,0,72,0,,0,,
MD90901,margo,5.4,39.947,1.591,0,,0,0,0,21,0,0,,0,3,0,48,2,0,0,0,,204,0,0,0,42,0,0,0,0,0,0,0,31,0,0,0,0,43,0,,0,,
MD90901,margo,5.5,39.947,1.591,0,,0,0,0,29,0,0,,0,3,0,68,2,0,0,0,,103,0,0,0,30,0,0,0,0,0,0,0,32,0,0,0,0,30,0,,0,,
MD90901,margo,5.6,39.947,1.591,0,,0,0,0,10,0,0,,0,0,0,44,1,0,0,0,,95,0,0,0,19,0,0,1,0,0,0,0,40,0,0,0,0,20,0,,0,,
MD90901,margo,5.7,39.947,1.591,0,,0,0,0,11,0,0,,0,5,0,41,0,0,0,0,,147,0,0,0,13,0,1,0,0,0,0,0,97,0,0,0,0,62,0,,0,,
MD90-917,margo,5.45,41.298,17.613,0,,0,0,0,92,0,0,,0,0,0,187,2,0,0,0,,64,7,3,0,11,0,0,0,0,0,0,0,10,0,1,0,0,42,0,,0,,
MD90-917,margo,5.5,41.298,17.613,0,,0,0,0,134,0,0,,0,0,1,106,1,0,0,0,,60,1,0,0,15,0,0,0,0,0,0,0,45,0,0,0,0,51,0,,1,,
MD90-917,margo,5.55,41.298,17.613,0,,0,0,0,43,0,0,,0,0,0,141,2,0,0,0,,142,5,1,0,26,0,0,0,0,0,0,0,10,0,0,0,0,18,0,,0,,
MD90-917,margo,5.6,41.298,17.613,0,,0,0,0,61,0,0,,0,0,0,132,0,0,0,0,,108,1,1,0,12,0,2,0,0,0,0,0,11,0,0,0,0,42,0,,0,,
MD90-917,margo,5.65,41.298,17.613,0,,0,0,0,104,0,0,,0,0,0,65,1,0,0,0,,77,7,2,0,5,0,0,0,0,0,0,0,12,0,1,0,0,44,0,,0,,
MD90-917,margo,5.7,41.298,17.613,0,,0,0,0,74,0,0,,0,0,1,100,2,0,0,0,,104,3,1,0,5,0,0,0,0,0,0,0,10,0,0,0,0,19,0,,0,,
MD90-917,margo,5.75,41.298,17.613,0,,0,0,0,93,0,0,,0,0,0,141,0,0,0,0,,154,11,5,0,28,0,0,0,0,0,0,0,26,0,0,0,0,32,0,,0,,
MD90-917,margo,5.8,41.298,17.613,0,,0,0,0,71,0,0,,0,0,0,83,1,0,0,0,,118,2,1,0,2,0,0,0,0,0,0,0,17,0,0,0,0,41,0,,0,,
MD90-917,margo,5.85,41.298,17.613,0,,0,0,0,59,0,0,,0,0,0,73,0,0,0,0,,103,6,1,0,6,0,0,0,0,0,0,0,13,0,0,0,0,61,0,,0,,
MD90-917,margo,5.9,41.298,17.613,0,,0,0,0,189,0,0,,0,0,0,77,0,0,0,0,,85,3,0,0,2,0,0,0,0,0,0,0,27,0,1,0,0,50,0,,0,,
MD90-917,margo,5.95,41.298,17.613,0,,0,0,0,145,0,0,,0,0,0,98,0,0,0,0,,136,9,1,0,8,0,0,0,0,0,0,0,10,0,0,0,0,43,0,,0,,
MD90-917,margo,6,41.298,17.613,0,,0,0,0,14,0,0,,0,0,1,86,1,0,0,0,,113,6,0,0,15,0,0,0,0,0,0,0,54,0,1,0,0,20,0,,0,,
MD90-917,margo,6.05,41.298,17.613,0,,0,0,0,17,0,0,,0,2,0,83,0,0,0,0,,136,10,1,0,8,0,0,0,0,0,0,0,52,0,1,0,0,34,0,,0,,
MD90-917,margo,6.1,41.298,17.613,0,,0,0,0,16,0,0,,0,2,1,73,3,0,0,0,,132,7,0,0,11,1,0,0,0,0,0,0,53,0,1,0,0,29,0,,0,,
MD90-917,margo,6.15,41.298,17.613,0,,0,0,0,12,0,0,,0,1,0,83,0,0,0,0,,133,9,0,0,5,0,0,0,0,0,0,0,42,0,0,0,0,24,0,,0,,
MD90-917,margo,6.2,41.298,17.613,0,,0,0,0,21,0,0,,0,7,0,36,2,0,0,0,,93,6,0,0,2,0,0,0,0,0,0,0,96,0,0,0,0,33,0,,0,,
MD90-917,margo,6.25,41.298,17.613,0,,0,0,0,10,0,0,,0,3,0,43,0,0,0,0,,151,14,1,0,7,0,0,0,0,0,0,0,42,0,0,0,0,30,0,,0,,
SU8107,margo,2.5,35.57,-3.48,0,,0,0,0,7,0,0,,0,1,5,247,5,0,0,0,,43,0,0,0,0,0,0,1,0,0,1,0,116,0,0,0,0,15,0,,0,,
SU8107,margo,2.6,35.57,-3.48,0,,0,0,0,4,0,0,,0,5,14,320,7,0,0,0,,46,0,0,0,0,0,0,1,0,0,0,0,65,0,1,0,0,14,0,,0,,
SU8107,margo,2.7,35.57,-3.48,0,,0,0,0,10,0,0,,0,4,9,309,13,0,0,0,,29,0,0,0,0,0,0,0,0,0,2,0,67,0,0,0,0,16,0,,0,,
SU8107,margo,2.8,35.57,-3.48,0,,0,0,0,5,0,0,,0,2,3,180,6,0,0,0,,30,0,1,0,0,0,0,3,0,0,0,0,35,0,0,0,0,9,0,,0,,
SU8107,margo,2.9,35.57,-3.48,0,,0,0,0,2,0,0,,0,4,2,260,3,0,0,0,,33,0,0,0,0,0,0,0,0,0,2,0,63,0,0,0,0,13,0,,0,,
SU8107,margo,3,35.57,-3.48,0,,0,0,0,8,0,0,,0,1,2,235,3,0,0,0,,32,0,0,0,0,0,0,0,0,0,1,0,38,0,0,0,0,7,0,,0,,
SU8107,margo,3.1,35.57,-3.48,0,,0,0,0,9,0,0,,0,5,2,229,5,0,0,0,,46,0,0,0,0,0,0,0,0,0,0,0,75,0,0,0,0,18,0,,0,,
MD84627,margo,0.6,32.14,33.45,0,,0,0,0,9,0,0,,0,0,0,115,0,0,0,0,,7,0,0,0,161,0,1,0,0,0,0,0,1,0,0,0,0,12,0,,0,,
MD84627,margo,0.7,32.14,33.45,0,,0,0,0,12,0,0,,0,0,0,98,1,0,0,0,,6,0,0,0,263,0,0,0,0,0,0,0,0,0,0,0,0,10,0,,0,,
MD84627,margo,0.8,32.14,33.45,0,,0,0,0,7,0,0,,0,0,0,127,0,0,0,0,,12,0,0,0,373,0,0,0,0,0,0,0,0,0,0,0,0,7,0,,0,,
MD84629,margo,1.6,32.04,34.21,0,,0,0,0,2,0,0,,0,1,0,67,0,0,0,0,,7,0,9,0,0,0,2,0,1,0,1,0,0,0,6,0,0,10,0,,0,,
MD84629,margo,1.65,32.04,34.21,0,,0,0,0,1,0,0,,0,2,0,87,2,0,0,0,,11,0,0,0,0,0,1,4,0,0,0,0,3,0,0,0,0,1,0,,0,,
MD84629,margo,1.7,32.04,34.21,0,,0,0,0,4,0,0,,0,0,0,37,2,0,0,0,,15,0,15,0,0,0,0,0,0,0,0,0,1,0,5,0,0,4,0,,0,,
MD84629,margo,1.75,32.04,34.21,0,,0,0,0,2,0,0,,0,1,0,71,0,0,0,0,,10,0,0,0,0,1,0,0,0,0,0,0,1,0,0,0,0,5,0,,0,,
MD84629,margo,1.8,32.04,34.21,0,,0,0,0,7,0,0,,0,0,0,122,1,0,0,0,,166,1,9,0,0,0,1,0,0,1,0,0,1,0,11,0,0,5,0,,0,,
MD84629,margo,1.85,32.04,34.21,0,,0,0,0,0,0,0,,0,0,0,69,0,0,0,0,,72,1,0,0,0,0,1,0,0,0,0,0,2,0,0,0,0,0,0,,0,,
MD84629,margo,1.9,32.04,34.21,0,,0,0,0,3,0,0,,0,0,0,33,3,0,0,0,,131,0,5,0,0,0,0,0,0,0,0,0,6,0,12,0,0,3,0,,0,,
MD84629,margo,1.95,32.04,34.21,0,,0,0,0,0,0,0,,0,2,0,51,3,0,0,0,,161,0,0,0,0,3,0,0,0,0,1,0,0,0,0,0,0,4,0,,0,,
MD84629,margo,2,32.04,34.21,0,,0,0,0,5,0,0,,0,1,0,109,3,0,0,0,,199,0,0,0,0,0,0,0,0,0,0,0,40,0,1,0,0,17,0,,0,,
MD84641,margo,0.83,33.02,32.38,0,,0,0,0,2,0,0,,0,0,0,63,1,0,0,0,,4,0,1,0,0,0,0,0,0,0,0,0,0,0,0,0,0,3,0,,0,,
MD84641,margo,0.87,33.02,32.38,0,,0,0,0,7,0,0,,0,0,0,64,0,0,0,0,,8,0,0,0,0,0,0,2,0,0,0,0,0,0,1,0,0,8,0,,0,,
MD84641,margo,0.9,33.02,32.38,0,,0,0,0,8,0,0,,0,0,0,110,1,0,0,0,,17,0,0,0,0,0,0,0,0,0,0,0,0,0,0,0,0,6,0,,0,,
MD84641,margo,0.93,33.02,32.38,0,,0,0,0,11,0,0,,0,0,0,99,1,0,0,0,,7,0,0,0,0,0,0,1,0,0,0,0,0,0,0,0,0,9,0,,0,,
MD84641,margo,0.97,33.02,32.38,0,,0,0,0,17,0,0,,0,0,0,78,0,0,0,0,,20,0,0,0,0,0,0,3,0,0,0,0,0,0,6,0,0,11,0,,0,,
MD84641,margo,1,33.02,32.38,0,,0,0,0,17,0,0,,0,0,0,99,5,0,0,0,,58,0,0,0,0,1,0,0,0,0,0,0,3,0,1,0,0,7,0,,0,,
RC9191,margo,1.28,38.2,18.033,0,,0,0,0,22,0,0,,0,1,0,147,2,0,0,0,,90,0,0,0,0,0,2,0,0,0,0,0,1,0,0,0,0,36,0,,0,,
RC9191,margo,1.36,38.2,18.033,0,,0,0,0,18,0,0,,0,1,0,142,5,0,0,0,,108,0,0,0,0,0,0,0,0,0,0,0,6,0,0,0,0,42,0,,0,,
RC9191,margo,1.46,38.2,18.033,0,,0,0,0,68,0,0,,0,0,0,184,1,0,0,0,,73,0,0,0,0,0,0,0,0,0,1,0,9,0,1,0,0,40,0,,0,,
RC9191,margo,1.56,38.2,18.033,0,,0,0,0,38,0,0,,0,0,0,199,5,0,0,0,,90,0,1,0,0,0,0,0,0,0,0,0,14,0,1,0,0,50,0,,0,,
RC9191,margo,1.65,38.2,18.033,0,,0,0,0,49,0,0,,0,0,0,142,3,0,0,0,,110,1,0,0,0,0,0,0,0,0,0,0,4,0,0,0,0,80,0,,0,,
V10-49,margo,1.17,36.083,26.833,0,,0,0,0,30,0,0,,0,1,0,193,4,0,0,0,,32,0,0,0,0,0,0,0,0,0,2,0,4,0,1,0,0,81,0,,0,,
V10-51,margo,1.31,35.917,27.3,0,,0,0,0,16,0,0,,0,0,0,139,2,0,0,0,,17,0,0,0,0,0,0,3,0,0,0,0,5,0,0,0,0,30,0,,0,,
V10-51,margo,1.41,35.917,27.3,0,,0,0,0,19,0,0,,0,0,0,110,0,0,0,0,,27,0,1,0,0,0,0,0,0,0,0,0,3,0,0,0,0,45,0,,0,,
V10-51,margo,1.51,35.917,27.3,0,,0,0,0,41,0,0,,0,2,0,203,5,0,0,0,,82,0,1,0,0,0,0,1,0,0,0,0,14,0,1,0,0,49,0,,0,,
80KB11,margo,0.89,36.5,24.3,0,,0,0,0,7,0,0,,0,5,0,134,4,0,0,0,,58,0,0,0,0,0,0,2,0,0,0,0,31,0,0,0,0,26,0,,0,,
ODP 977,margo,3.56,36.19,-1.573,0,,0,0,0,0,0,0,,0,2,0,369,4,0,0,0,,22,0,0,0,2,0,0,0,0,2,0,0,13,0,1,0,0,5,0,,0,,
ODP 977,margo,3.66,36.19,-1.573,0,,0,0,0,0,0,0,,0,1,0,453,4,0,0,0,,17,0,0,0,4,0,0,1,0,0,0,0,10,0,0,0,0,11,0,,0,,
ODP 977,margo,3.76,36.19,-1.573,0,,0,0,0,0,0,0,,0,4,0,387,5,0,0,0,,36,0,0,0,3,0,0,0,0,0,0,0,6,0,1,0,0,9,0,,0,,
ODP 977,margo,3.96,36.19,-1.573,0,,0,0,0,0,0,0,,0,1,0,414,3,0,0,0,,66,0,0,0,4,0,0,1,0,0,0,0,6,0,1,0,0,13,0,,0,,
ODP 977,margo,4.02,36.19,-1.573,0,,0,0,0,0,0,0,,0,4,0,273,2,0,0,0,,67,0,0,0,3,0,0,0,0,0,0,0,15,0,1,0,0,11,0,,0,,
BS79-22,margo,2.85,38.231,14.23,0,,0,0,0,28,0,0,,0,0,0,67,0,0,0,0,,12,8,0,0,20,0,3,0,0,0,0,0,33,0,0,0,0,59,0,,0,,
BS79-22,margo,2.88,38.231,14.23,0,,0,0,0,38,0,0,,0,0,0,97,0,0,0,0,,30,15,0,0,26,0,2,0,0,0,0,0,67,0,0,0,0,104,0,,0,,
BS79-22,margo,2.91,38.231,14.23,0,,0,0,0,56,0,0,,0,1,2,141,0,0,0,0,,71,30,0,0,58,0,1,0,0,0,0,0,75,0,0,0,0,116,0,,0,,
BS79-22,margo,2.94,38.231,14.23,0,,0,0,0,18,0,0,,0,2,0,63,0,0,0,0,,22,11,0,0,26,0,0,0,0,0,0,0,35,0,0,0,0,39,0,,0,,
BS79-22,margo,2.97,38.231,14.23,0,,0,0,0,24,0,0,,0,0,1,49,0,0,0,0,,29,17,0,0,30,0,0,0,0,0,0,0,32,0,0,0,0,54,0,,0,,
BS79-22,margo,3,38.231,14.23,0,,0,0,0,20,0,0,,0,0,0,76,0,0,0,0,,29,14,0,0,36,0,0,0,0,1,0,0,39,0,0,0,0,59,0,,0,,
BS79-22,margo,3.03,38.231,14.23,0,,0,0,0,42,0,0,,0,0,4,128,0,0,0,0,,59,28,0,0,44,0,0,0,0,0,0,0,57,0,0,0,0,99,0,,0,,
BS79-22,margo,3.06,38.231,14.23,0,,0,0,0,18,0,0,,0,1,0,44,0,0,0,0,,31,18,0,0,18,0,0,0,0,0,0,0,16,0,0,0,0,38,0,,0,,
BS79-22,margo,3.09,38.231,14.23,0,,0,0,0,27,0,0,,0,0,1,71,0,0,0,0,,48,22,0,0,42,0,0,0,0,0,0,0,17,0,0,0,0,61,0,,0,,
BS79-22,margo,3.12,38.231,14.23,0,,0,0,0,57,0,0,,0,0,0,80,0,0,0,0,,38,24,0,0,53,0,0,0,0,0,0,0,32,0,0,0,0,91,0,,0,,
BS79-22,margo,3.15,38.231,14.23,0,,0,0,0,38,0,0,,0,0,0,86,0,0,0,0,,52,37,0,0,64,0,0,0,0,0,0,0,44,0,0,0,0,82,0,,0,,
BS79-22,margo,3.18,38.231,14.23,0,,0,0,0,41,0,0,,0,2,0,98,0,0,0,0,,53,31,0,0,31,0,2,0,0,0,0,0,59,0,0,0,0,111,0,,0,,
BS79-22,margo,3.21,38.231,14.23,0,,0,0,0,20,0,0,,0,0,0,54,0,0,0,0,,30,11,0,0,27,0,0,0,0,0,0,0,28,0,0,0,0,67,0,,0,,
BS79-22,margo,3.24,38.231,14.23,0,,0,0,0,26,0,0,,0,0,0,46,0,0,0,0,,34,13,0,0,14,0,0,0,0,0,0,0,21,0,0,0,0,57,0,,0,,
BS79-22,margo,3.27,38.231,14.23,0,,0,0,0,41,0,0,,0,0,0,64,0,0,0,0,,33,21,0,0,34,0,1,0,0,0,0,0,29,0,0,0,0,79,0,,0,,
BS79-22,margo,3.3,38.231,14.23,0,,0,0,0,24,0,0,,0,0,0,60,0,0,0,0,,53,20,0,0,41,0,0,1,0,0,0,0,27,0,0,0,0,93,0,,0,,
BS79-22,margo,3.33,38.231,14.23,0,,0,0,0,15,0,0,,0,0,0,73,0,0,0,0,,38,19,0,0,45,0,1,0,0,0,0,0,46,0,0,0,0,104,0,,0,,
BS79-22,margo,3.36,38.231,14.23,0,,0,0,0,13,0,0,,0,0,0,48,0,0,0,0,,24,14,0,0,36,0,0,0,0,0,0,0,18,0,0,0,0,52,0,,0,,
BS79-22,margo,3.39,38.231,14.23,0,,0,0,0,35,0,0,,0,0,0,60,0,0,0,0,,40,23,0,0,40,0,0,0,0,0,0,0,24,0,0,0,0,73,0,,0,,
BS79-22,margo,3.42,38.231,14.23,0,,0,0,0,34,0,0,,0,0,0,32,0,0,0,0,,24,8,0,0,38,0,0,0,0,0,0,0,28,0,0,0,0,42,0,,0,,
BS79-22,margo,3.45,38.231,14.23,0,,0,0,0,32,0,0,,0,1,0,60,0,0,0,0,,18,7,0,0,30,0,3,0,0,0,0,0,22,0,0,0,0,53,0,,0,,
BS79-33,margo,3.25,38.157,14.018,0,,0,0,0,42,0,0,,0,0,7,96,0,0,0,0,,41,14,0,0,39,0,0,0,0,1,0,0,48,0,0,0,0,75,0,,0,,
BS79-33,margo,3.3,38.157,14.018,0,,0,0,0,42,0,0,,0,1,7,80,0,0,0,0,,54,17,0,0,20,0,0,0,0,0,0,0,53,0,0,0,0,63,0,,0,,
BS79-33,margo,3.35,38.157,14.018,0,,0,0,0,33,0,0,,0,1,9,78,0,0,0,0,,64,22,0,0,45,0,0,0,0,0,0,0,41,0,0,0,0,39,0,,0,,
BS79-33,margo,3.4,38.157,14.018,0,,0,0,0,60,0,0,,0,0,0,65,0,0,0,0,,74,14,0,0,29,0,0,0,0,0,0,0,27,0,0,0,0,51,0,,0,,
BS79-33,margo,3.45,38.157,14.018,0,,0,0,0,25,0,0,,0,0,4,82,0,0,0,0,,74,19,0,0,34,0,0,0,0,0,0,0,35,0,0,0,0,39,0,,0,,
BS79-33,margo,3.5,38.157,14.018,0,,0,0,0,31,0,0,,0,1,0,73,0,0,0,0,,66,37,0,0,56,0,0,0,0,0,0,0,30,0,0,0,0,49,0,,0,,
BS79-33,margo,3.55,38.157,14.018,0,,0,0,0,50,0,0,,0,0,1,54,0,0,0,0,,67,18,0,0,37,0,0,0,0,0,0,0,53,0,0,0,0,64,0,,0,,
BS79-33,margo,3.6,38.157,14.018,0,,0,0,0,39,0,0,,0,0,4,81,0,0,0,0,,55,19,0,0,62,0,0,0,0,0,0,0,33,0,0,0,0,70,0,,0,,
BS79-33,margo,3.65,38.157,14.018,0,,0,0,0,30,0,0,,0,0,2,78,0,0,0,0,,60,20,0,0,46,0,0,1,0,0,0,0,39,0,0,0,0,61,0,,0,,
BS79-33,margo,3.7,38.157,14.018,0,,0,0,0,32,0,0,,0,2,3,82,0,0,0,0,,71,27,0,0,48,0,0,0,0,0,0,0,28,0,0,0,0,49,0,,0,,
BS79-33,margo,3.75,38.157,14.018,0,,0,0,0,42,0,0,,0,1,1,76,0,0,0,0,,51,25,0,0,31,0,0,0,0,1,0,0,40,0,0,0,0,75,0,,0,,
BS79-33,margo,3.8,38.157,14.018,0,,0,0,0,37,0,0,,0,0,0,60,0,0,0,0,,52,16,0,0,42,0,0,0,0,0,0,0,29,0,0,0,0,65,0,,0,,
BS79-33,margo,3.85,38.157,14.018,0,,0,0,0,39,0,0,,0,1,3,54,0,0,0,0,,71,20,2,2,21,0,0,0,0,0,0,0,40,0,0,0,0,86,0,,0,,
BS79-37,margo,2.4,38.215,13.269,0,,0,0,0,17,0,0,,0,0,0,165,4,0,0,0,,143,36,0,0,7,0,2,0,0,0,0,0,25,0,0,0,0,72,0,,0,,
BS79-37,margo,2.44,38.215,13.269,0,,0,0,0,24,0,0,,0,1,0,94,1,0,0,0,,88,43,0,0,0,0,0,0,0,0,0,0,26,0,0,0,0,126,0,,0,,
BS79-37,margo,2.48,38.215,13.269,0,,0,0,0,44,0,0,,0,1,0,73,5,0,0,0,,80,27,0,0,0,0,0,0,0,0,0,0,46,0,0,0,0,132,0,,0,,
BS79-38,margo,3.975,38.247,13.346,0,,0,0,0,43,0,0,,0,0,0,0,0,0,0,0,,60,28,0,0,0,0,0,0,0,0,0,0,30,0,0,0,0,79,0,,0,,
BS79-38,margo,4.025,38.247,13.346,0,,0,0,0,53,0,0,,0,1,0,0,0,0,0,0,,47,24,0,0,0,0,1,0,0,0,0,0,36,0,0,0,0,71,0,,0,,
BS79-38,margo,4.05,38.247,13.346,0,,0,0,0,65,0,0,,0,0,0,0,0,0,0,0,,36,23,0,0,0,0,0,0,0,0,0,0,66,0,0,0,0,95,0,,0,,
BS79-38,margo,4.075,38.247,13.346,0,,0,0,0,50,0,0,,0,0,0,0,0,0,0,0,,42,14,2,0,4,0,0,0,0,0,0,0,31,0,0,0,0,75,0,,0,,
BS79-38,margo,4.125,38.247,13.346,0,,0,0,0,55,0,0,,0,0,1,0,0,0,0,0,,38,21,0,0,7,0,0,0,0,0,0,0,37,0,0,0,0,78,0,,0,,
BS79-38,margo,4.175,38.247,13.346,0,,0,0,0,40,0,0,,0,3,0,0,0,0,0,0,,44,15,0,0,0,0,2,0,0,0,0,0,38,0,0,0,0,97,0,,0,,
BS79-38,margo,4.2,38.247,13.346,0,,0,0,0,3,1,0,,0,4,0,11,0,0,0,0,,20,13,0,1,1,0,0,0,0,1,0,0,6,0,0,0,0,10,0,,0,,
BS79-38,margo,4.225,38.247,13.346,0,,0,0,0,28,2,0,,0,9,0,0,0,0,0,0,,105,47,0,2,3,0,1,0,0,7,0,0,37,0,0,0,0,93,0,,0,,
BS79-38,margo,4.275,38.247,13.346,0,,0,0,0,37,2,0,,0,17,0,0,0,0,0,0,,51,26,0,0,0,0,0,0,0,3,0,0,41,0,0,0,0,70,0,,0,,
BS79-38,margo,4.325,38.247,13.346,0,,0,0,0,44,0,0,,0,19,0,0,0,0,0,0,,51,28,0,0,3,0,0,0,0,0,0,0,60,0,0,0,0,72,0,,0,,
BS79-38,margo,4.35,38.247,13.346,0,,0,0,0,42,0,0,,0,24,0,0,3,0,0,0,,9,24,1,0,8,1,0,0,0,2,0,0,107,0,0,0,0,81,0,,0,,
BS79-38,margo,4.375,38.247,13.346,0,,0,0,0,44,0,0,,0,14,0,0,0,0,0,0,,41,31,0,0,11,0,0,0,0,3,0,0,59,0,0,0,0,71,0,,0,,
BS79-38,margo,4.4,38.247,13.346,0,,0,0,0,54,0,0,,0,1,1,83,0,0,0,0,,38,38,0,0,5,0,0,0,0,0,0,0,40,0,0,0,0,41,0,,0,,
BS79-38,margo,4.425,38.247,13.346,0,,0,0,0,48,0,0,,0,2,0,0,0,0,0,0,,32,30,0,0,2,0,0,1,0,0,0,0,37,0,0,0,0,35,0,,0,,
BS79-38,margo,4.45,38.247,13.346,0,,0,0,0,94,0,0,,0,0,0,49,0,0,0,0,,58,50,0,0,1,0,1,0,0,0,0,0,66,0,0,0,0,60,0,,0,,
BS79-38,margo,4.475,38.247,13.346,0,,0,0,0,70,0,0,,0,2,1,0,0,0,0,0,,57,33,0,0,4,0,1,1,0,0,0,0,43,0,0,0,0,56,0,,0,,
BS79-38,margo,4.525,38.247,13.346,0,,0,0,0,60,0,0,,0,1,0,0,0,0,0,0,,67,25,0,0,4,0,0,0,0,1,0,0,41,0,0,0,0,58,0,,0,,
BS79-38,margo,4.55,38.247,13.346,0,,0,0,0,76,0,0,,0,0,0,28,0,0,0,0,,60,32,0,0,3,0,0,0,0,0,0,0,131,0,0,0,0,93,0,,0,,
BS79-38,margo,4.575,38.247,13.346,0,,0,0,0,49,0,0,,0,2,0,0,0,0,0,0,,52,24,0,0,4,0,0,0,0,0,0,0,43,0,0,0,0,60,0,,0,,
BS79-38,margo,4.6,38.247,13.346,0,,0,0,0,85,0,0,,0,4,2,75,0,0,0,0,,40,21,0,0,25,0,0,0,0,0,0,0,108,0,0,0,0,80,0,,0,,
BS79-38,margo,4.625,38.247,13.346,0,,0,0,0,45,0,0,,0,4,0,0,1,0,0,0,,28,16,1,0,16,0,2,0,0,0,0,0,91,0,0,0,0,63,0,,0,,
BS79-38,margo,4.65,38.247,13.346,0,,0,0,0,63,0,0,,0,1,2,0,0,0,0,0,,30,15,0,0,10,0,0,0,0,0,0,0,125,0,0,0,0,79,0,,0,,
BS79-38,margo,4.675,38.247,13.346,0,,0,0,0,45,0,0,,0,3,0,0,0,0,0,0,,38,16,0,0,9,0,0,0,0,0,0,0,92,0,0,0,0,65,0,,0,,
BS79-38,margo,4.7,38.247,13.346,0,,0,0,0,47,0,0,,0,0,0,0,0,0,0,0,,36,18,0,0,33,0,0,1,0,0,0,0,64,0,0,0,0,70,0,,0,,
RC9-178,margo,0.5,33.733,27.917,0,,0,0,0,28,0,0,,0,0,0,69,2,0,0,0,,29,0,0,0,79,0,0,0,0,0,0,0,0,0,0,0,0,20,0,,0,,
RC9-178,margo,0.61,33.733,27.917,0,,0,0,0,32,0,0,,0,0,0,128,3,0,0,0,,59,0,0,0,90,0,0,0,0,0,0,0,15,0,0,0,0,22,0,,0,,
RC9-178,margo,0.665,33.733,27.917,0,,0,0,0,25,0,0,,0,0,0,101,6,0,0,0,,71,0,1,0,68,0,0,0,0,0,0,0,15,0,0,0,0,30,0,,0,,
MD992344,margo,2.47,41.997,4.836,0,,0,0,0,14,0,0,,0,0,0,3,0,0,0,0,,250,0,0,0,0,0,0,0,0,0,0,0,172,0,0,0,0,28,0,,0,,
MD992344,margo,2.53,41.997,4.836,0,,0,0,0,0,0,0,,0,0,0,8,0,0,0,0,,113,0,0,0,1,0,0,1,0,0,1,0,69,0,0,0,0,2,0,,0,,
MD992344,margo,2.63,41.997,4.836,0,,0,0,0,12,0,0,,0,28,0,125,7,0,0,0,,373,0,0,0,11,0,0,0,0,0,2,0,130,0,0,0,0,37,0,,0,,
MD992344,margo,2.69,41.997,4.836,0,,0,0,0,8,0,0,,0,0,0,2,0,0,0,0,,61,0,0,0,0,0,0,0,0,0,0,0,42,0,0,0,0,8,0,,0,,
LC21,margo,275.5,35.66,26.58,0,,0,0,0,10,0,0,,0,0,0,64,0,0,0,0,,18,0,0,0,36,0,0,0,0,1,0,0,5,0,2,0,0,31,0,,0,,
LC21,margo,281.5,35.66,26.58,0,,0,0,0,13,0,0,,0,0,0,66,0,0,0,0,,25,0,0,0,57,0,0,0,0,0,0,0,0,0,2,0,0,10,0,,0,,
LC21,margo,289.5,35.66,26.58,0,,0,0,0,22,0,0,,0,0,0,90,3,0,0,0,,21,0,0,0,55,0,0,0,0,0,0,0,10,0,4,0,0,91,0,,0,,
LC21,margo,296,35.66,26.58,0,,0,0,0,11,0,0,,0,0,0,37,0,0,0,0,,7,0,0,0,15,0,0,0,0,0,0,0,5,0,2,0,0,23,0,,0,,
LC21,margo,303.5,35.66,26.58,0,,0,0,0,5,0,0,,0,0,0,59,1,0,0,0,,28,0,0,0,43,1,0,0,0,0,0,0,7,0,2,0,0,34,0,,0,,
LC21,margo,310.5,35.66,26.58,0,,0,0,0,17,0,0,,0,0,0,64,2,0,0,0,,23,0,0,0,45,0,0,0,0,0,0,0,31,0,4,0,0,44,0,,0,,
LC21,margo,317,35.66,26.58,0,,0,0,0,21,0,0,,0,0,0,81,0,0,0,0,,13,0,0,0,40,0,0,0,0,0,0,0,1,0,2,0,0,18,0,,0,,
LC21,margo,324.5,35.66,26.58,0,,0,0,0,17,0,0,,0,0,0,50,0,0,0,0,,25,0,0,0,22,0,0,0,0,0,0,0,20,0,4,0,0,16,0,,0,,
LC07,margo,0.685,38.14,10.07,0,,0,0,0,13,0,0,,0,2,0,44,1,0,0,0,,60,0,0,0,8,0,0,0,0,0,0,0,52,0,1,0,0,38,0,,0,,
LC07,margo,0.805,38.14,10.07,0,,0,0,0,12,0,0,,0,10,0,18,0,0,0,0,,35,0,0,0,8,0,0,0,0,0,0,0,40,0,0,0,0,20,0,,0,,
LC07,margo,0.865,38.14,10.07,0,,0,0,0,3,0,0,,0,5,0,28,0,0,0,0,,36,0,0,0,7,0,0,0,0,0,0,0,31,0,0,0,0,13,0,,0,,
ODP 975,margo,1.13,38.89,4.5,0,,0,0,0,40,0,0,,0,0,0,134,1,0,0,0,,221,0,0,0,0,1,0,0,0,1,0,0,75,0,0,0,0,117,0,,0,,
ODP 975,margo,1.165,38.89,4.5,0,,0,0,0,41,0,0,,0,2,0,45,4,0,0,0,,139,0,0,0,2,0,0,0,0,0,0,0,80,0,0,0,0,90,0,,0,,
ODP 975,margo,1.225,38.89,4.5,0,,0,0,0,147,3,0,,0,4,0,48,2,0,0,0,,302,0,0,0,5,0,0,0,0,0,0,0,126,0,0,0,0,93,0,,0,,
ODP 975,margo,1.285,38.89,4.5,0,,0,0,0,66,0,0,,0,1,0,34,0,0,0,0,,160,0,0,1,39,0,0,1,0,1,0,0,91,0,0,0,0,55,0,,0,,
ODP 975,margo,1.325,38.89,4.5,0,,0,0,0,109,0,0,,0,0,0,61,0,0,0,0,,134,0,0,0,32,0,0,0,0,0,0,0,144,0,0,0,0,68,0,,0,,
LC01,margo,0.682,40.26,6.887,0,,0,0,0,91,0,0,,0,0,0,31,0,0,0,0,,133,0,0,0,36,0,0,2,0,1,0,0,137,0,0,0,0,43,0,,0,,
LC01,margo,0.71,40.26,6.887,0,,0,0,0,54,0,0,,0,1,0,31,1,0,0,0,,153,0,0,0,55,0,0,0,0,0,0,0,35,0,0,0,0,30,0,,0,,
LC01,margo,0.757,40.26,6.887,0,,0,0,0,58,0,0,,0,0,0,32,0,0,0,0,,94,0,0,0,42,0,0,0,0,2,0,0,76,0,1,0,0,40,0,,0,,
LC01,margo,0.787,40.26,6.887,0,,0,0,0,69,0,0,,0,0,0,48,0,0,0,0,,169,0,0,0,20,0,0,0,0,1,0,0,225,0,0,0,0,57,0,,0,,
LC04,margo,0.832,38.65,6.11,0,,0,0,0,22,0,0,,0,0,0,42,2,0,0,0,,89,0,0,0,20,0,0,0,0,4,0,0,21,0,0,0,0,32,0,,0,,
LC04,margo,0.912,38.65,6.11,0,,0,0,0,69,0,0,,0,0,0,85,0,0,0,0,,108,0,0,0,54,0,0,0,0,2,0,0,53,0,1,0,0,82,0,,0,,
LC04,margo,0.997,38.65,6.11,0,,0,0,0,43,0,0,,0,0,0,73,0,0,0,0,,83,0,0,0,56,0,0,0,0,1,0,0,25,0,4,0,0,52,0,,0,,
ODP 969,margo,0.605,33.839,24.884,0,,0,0,0,56,0,0,,0,0,0,94,2,0,0,0,,49,0,1,0,74,0,0,0,0,1,0,0,16,0,0,0,0,32,0,,0,,
ODP 969,margo,0.625,33.839,24.884,0,,0,0,0,27,0,0,,0,0,0,82,1,0,0,0,,28,0,1,0,74,0,0,0,0,0,0,0,11,0,0,0,0,24,0,,0,,
ODP 969,margo,0.645,33.839,24.884,0,,0,0,0,45,0,0,,0,0,0,129,0,0,0,0,,49,0,0,0,139,0,0,0,0,0,0,0,8,0,1,0,0,54,0,,0,,
ODP 969,margo,0.665,33.839,24.884,0,,0,0,0,39,0,0,,0,0,0,98,0,0,0,0,,45,0,0,0,98,0,0,0,0,0,0,0,12,0,1,0,0,42,0,,0,,
ODP 969,margo,0.685,33.839,24.884,0,,0,0,0,35,0,0,,0,0,0,84,0,0,0,0,,36,1,0,0,119,0,0,0,0,0,0,0,7,0,0,0,0,54,0,,0,,
ODP 973,margo,0.945,35.78,18.948,0,,0,0,0,107,0,0,,0,0,0,33,0,0,0,0,,44,0,0,0,28,0,1,0,0,2,0,0,12,0,0,1,0,62,0,,0,,
ODP 973,margo,0.985,35.78,18.948,0,,0,0,0,60,0,0,,0,1,0,90,2,0,0,0,,62,0,0,0,91,0,0,0,0,3,0,0,6,0,3,0,0,47,0,,0,,
KL96,margo,0.455,32.77,19.19,0,,0,0,0,25,0,0,,0,0,0,42,2,0,0,0,,15,0,0,0,181,0,0,0,0,0,0,0,2,0,3,0,0,1,0,,0,,
KL96,margo,0.505,32.77,19.19,0,,0,0,0,31,0,0,,0,0,0,43,2,0,0,0,,16,0,0,0,145,0,0,1,0,0,0,0,3,0,2,0,0,4,0,,0,,
