Event,Data_Source,Depth [m],Latitude,Longitude,D. anfracta,G. cavernula,G. crassaformis,G. hirsuta,G. cultrata,G. scitula,G. truncatulinoides,G. tumida,G. ungulata,G. eastropacia,G. inflata,N. dutertrei,N. incompta,N. pachyderma,P. obliquiloculata,G. conglomerata,G. hexagonus,B. pumilio,G. bulloides,G. falconensis,G. conglobatus,G. ruber ruber,G. ruber albus,T. sacculifer,G. tenellus,O. universa,B. digitata,G. siphonifera,G. calida,G. adamsi,T. quinqueloba,T. humilis,G. rubescens,S. dehiscens,C. nitida,G. glutinata,G. uvula,G. minuta,T. iota,H. pelagica,H. digitata
OD-041-04,forcens_lgm,0.14,84.0292,11.2383,0,0,0,0,0,0,0,0,0,0,0,0,0.031,0.962,0,0,0,0,0,0,0,0,0,0,0,0,0,0,0,0,0,0,0,0,0,0.007,0,0,0,0,0
OD-041-04,forcens_lgm,0.15,84.0292,11.2383,0,0,0,0,0,0,0,0,0,0,0,0,0.007,0.991,0,0,0,0,0.001,0,0,0,0,0,0,0,0,0,0,0,0,0,0,0,0,0.001,0,0,0,0,0
PS2446-4,forcens_lgm,3.1,82.3967,40.9083,0,0,0,0,0,0,0,0,0,0,0,0,0.023,0.977,0,0,0,0,0,0,0,0,0,0,0,0,0,0,0,0,0,0,0,0,0,0,0,0,0,0,0
PS2446-4,forcens_lgm,3.3,82.3967,40.9083,0,0,0,0,0,0,0,0,0,0,0,0,0.017,0.983,0,0,0,0,0,0,0,0,0,0,0,0,0,0,0,0,0,0,0,0,0,0,0,0,0,0,0
PS2446-4,forcens_lgm,3.5,82.3967,40.9083,0,0,0,0,0,0,0,0,0,0,0,0,0.024,0.976,0,0,0,0,0,0,0,0,0,0,0,0,0,0,0,0,0,0,0,0,0,0,0,0,0,0,0
PS1533-3,forcens_lgm,0.73,82.0317,15.1908,0,0,0,0,0,0,0,0,0,0,0,0,0.03,0.954,0,0,0,0,0.013,0,0,0,0,0,0,0,0,0,0,0,0.002,0,0,0,0,0.001,0,0,0,0,0
PS1533-3,forcens_lgm,0.79,82.0317,15.1908,0,0,0,0,0,0,0,0,0,0,0,0,0.022,0.963,0,0,0,0,0.015,0,0,0,0,0,0,0,0,0,0,0,0,0,0,0,0,0,0,0,0,0,0
PS2876-1,forcens_lgm,0.17,81.759,-9.4355,0,0,0,0,0,0,0,0,0,0,0,0,0.03,0.969,0,0,0,0,0,0,0,0,0,0,0,0,0,0,0,0,0,0,0,0,0,0.001,0,0,0,0,0
PS2876-1,forcens_lgm,0.27,81.759,-9.4355,0,0,0,0,0,0,0,0,0,0,0,0,0.025,0.968,0,0,0,0,0,0,0,0,0,0,0,0,0,0,0,0,0,0,0,0,0,0.006,0,0,0,0,0
PS2876-1,forcens_lgm,0.61,81.759,-9.4355,0,0,0,0,0,0,0,0,0,0,0,0,0.043,0.957,0,0,0,0,0,0,0,0,0,0,0,0,0,0,0,0,0,0,0,0,0,0,0,0,0,0,0
PS2876-1,forcens_lgm,0.83,81.759,-9.4355,0,0,0,0,0,0,0,0,0,0,0,0,0.036,0.963,0,0,0,0,0,0,0,0,0,0,0,0,0,0,0,0,0,0,0,0,0,0.001,0,0,0,0,0
PS2138-1,forcens_lgm,1.72,81.535,30.5933,0,0,0,0,0,0.003,0,0,0,0,0,0,0.028,0.969,0,0,0,0,0,0,0,0,0,0,0,0,0,0,0,0,0,0,0,0,0,0,0,0,0,0,0
PS2138-1,forcens_lgm,1.92,81.535,30.5933,0,0,0,0,0,0,0,0,0,0,0,0,0.034,0.964,0,0,0,0,0,0,0,0,0,0,0,0,0,0,0,0,0.002,0,0,0,0,0,0,0,0,0,0
PS2138-1,forcens_lgm,2.13,81.535,30.5933,0,0,0,0,0,0,0,0,0,0,0,0,0.014,0.98,0,0,0,0,0,0,0,0,0,0,0,0,0,0,0,0,0.006,0,0,0,0,0,0,0,0,0,0
PS2138-1,forcens_lgm,2.23,81.535,30.5933,0,0,0,0,0,0,0,0,0,0,0,0,0.013,0.987,0,0,0,0,0,0,0,0,0,0,0,0,0,0,0,0,0,0,0,0,0,0,0,0,0,0,0
PS2129-1,forcens_lgm,0.3,81.3667,17.4717,0,0,0,0,0,0,0,0,0,0,0,0,0.021,0.976,0,0,0,0,0,0,0,0,0,0,0,0,0,0,0,0,0,0,0,0,0,0.003,0,0,0,0,0
PS2129-1,forcens_lgm,0.4,81.3667,17.4717,0,0,0,0,0,0,0,0,0,0,0,0,0.023,0.969,0,0,0,0,0.002,0,0,0,0,0,0,0,0,0,0,0,0,0,0,0,0,0.006,0,0,0,0,0
PS2837-5,forcens_lgm,3.89,81.2333,2.3817,0,0,0,0,0,0,0,0,0,0,0,0,0.018,0.978,0,0,0,0,0,0,0,0,0,0,0,0,0,0,0,0,0,0,0,0,0,0.004,0,0,0,0,0
PS2837-5,forcens_lgm,3.95,81.2333,2.3817,0,0,0,0,0,0,0,0,0,0,0,0,0.024,0.973,0,0,0,0,0,0,0,0,0,0,0,0,0,0,0,0,0,0,0,0,0,0.003,0,0,0,0,0
PS2837-5,forcens_lgm,3.97,81.2333,2.3817,0,0,0,0,0,0,0,0,0,0,0,0,0.022,0.978,0,0,0,0,0,0,0,0,0,0,0,0,0,0,0,0,0,0,0,0,0,0,0,0,0,0,0
PS2887-1,forcens_lgm,0.5,79.6,-4.6077,0,0,0,0,0,0,0,0,0,0,0,0,0.032,0.967,0,0,0,0,0,0,0,0,0,0,0,0,0,0,0,0,0,0,0,0,0,0.001,0,0,0,0,0
PS2887-1,forcens_lgm,0.52,79.6,-4.6077,0,0,0,0,0,0,0,0,0,0,0,0,0.023,0.977,0,0,0,0,0,0,0,0,0,0,0,0,0,0,0,0,0,0,0,0,0,0,0,0,0,0,0
PS2887-1,forcens_lgm,0.56,79.6,-4.6077,0,0,0,0,0,0,0,0,0,0,0,0,0.022,0.978,0,0,0,0,0,0,0,0,0,0,0,0,0,0,0,0,0,0,0,0,0,0,0,0,0,0,0
PS1230-1,forcens_lgm,0.24,78.8553,-4.7812,0,0,0,0,0,0,0,0,0,0,0,0,0.014,0.986,0,0,0,0,0,0,0,0,0,0,0,0,0,0,0,0,0,0,0,0,0,0,0,0,0,0,0
PS1230-1,forcens_lgm,0.26,78.8553,-4.7812,0,0,0,0,0,0,0,0,0,0,0,0,0.018,0.982,0,0,0,0,0,0,0,0,0,0,0,0,0,0,0,0,0,0,0,0,0,0,0,0,0,0,0
GIK17725-1,forcens_lgm,0.3,77.46,4.58,0,0,0,0,0,0,0,0,0,0,0,0,0.036,0.956,0,0,0,0,0,0,0,0,0,0,0,0,0,0,0,0,0,0,0,0,0,0.008,0,0,0,0,0
GIK17724-2,forcens_lgm,0.47,76,8.3333,0,0,0,0,0,0,0,0,0,0,0,0,0.02,0.978,0,0,0,0,0.001,0,0,0,0,0,0,0,0,0,0,0,0,0,0,0,0,0,0,0,0,0,0
GIK17724-2,forcens_lgm,0.53,76,8.3333,0,0,0,0,0,0,0,0,0,0,0,0,0.031,0.968,0,0,0,0,0,0,0,0,0,0,0,0,0,0,0,0,0,0,0,0,0,0,0,0,0,0,0
GIK17724-2,forcens_lgm,0.57,76,8.3333,0,0,0,0,0,0,0,0,0,0,0,0,0.028,0.97,0,0,0,0,0.002,0,0,0,0,0,0,0,0,0,0,0,0,0,0,0,0,0,0,0,0,0,0
GIK17724-2,forcens_lgm,0.58,76,8.3333,0,0,0,0,0,0,0,0,0,0,0,0,0.028,0.972,0,0,0,0,0,0,0,0,0,0,0,0,0,0,0,0,0,0,0,0,0,0,0,0,0,0,0
GIK17724-2,forcens_lgm,0.62,76,8.3333,0,0,0,0,0,0,0,0,0,0,0,0,0.025,0.975,0,0,0,0,0,0,0,0,0,0,0,0,0,0,0,0,0,0,0,0,0,0,0,0,0,0,0
PS1922-1,forcens_lgm,1.32,75.0003,-8.771,0,0,0,0,0,0,0,0,0,0,0,0,0.023,0.977,0,0,0,0,0,0,0,0,0,0,0,0,0,0,0,0,0,0,0,0,0,0,0,0,0,0,0
PS1922-1,forcens_lgm,1.56,75.0003,-8.771,0,0,0,0,0,0,0,0,0,0,0,0,0.017,0.983,0,0,0,0,0,0,0,0,0,0,0,0,0,0,0,0,0,0,0,0,0,0,0,0,0,0,0
PS1919-2,forcens_lgm,0.23,74.9967,-11.8267,0,0,0,0,0,0,0,0,0,0,0,0,0.005,0.995,0,0,0,0,0,0,0,0,0,0,0,0,0,0,0,0,0,0,0,0,0,0,0,0,0,0,0
PS1919-2,forcens_lgm,0.36,74.9967,-11.8267,0,0,0,0,0,0,0,0,0,0,0,0,0.009,0.991,0,0,0,0,0,0,0,0,0,0,0,0,0,0,0,0,0,0,0,0,0,0,0,0,0,0,0
PS2613-6,forcens_lgm,0.35,74.1767,-0.48,0,0,0,0,0,0,0,0,0,0,0,0,0.026,0.973,0,0,0,0,0,0,0,0,0,0,0,0,0,0,0,0,0,0,0,0,0,0.001,0,0,0,0,0
PS2613-6,forcens_lgm,0.4,74.1767,-0.48,0,0,0,0,0,0,0,0,0,0,0,0,0.043,0.957,0,0,0,0,0,0,0,0,0,0,0,0,0,0,0,0,0,0,0,0,0,0,0,0,0,0,0
GIK23294-4,forcens_lgm,1.2,72.3797,-10.5923,0,0,0,0,0,0,0,0,0,0,0,0,0.028,0.968,0,0,0,0,0.004,0,0,0,0,0,0,0,0,0,0,0,0,0,0,0,0,0,0,0,0,0,0
GIK23262-2,forcens_lgm,2.6,72.2252,14.4273,0,0,0,0,0,0,0,0,0,0,0,0,0.04,0.951,0,0,0,0,0.002,0,0,0,0,0,0,0,0,0,0,0,0.005,0,0,0,0,0.002,0,0,0,0,0
V27-60,forcens_lgm,2,72.183,8.583,0,0,0,0,0,0,0,0,0,0,0,0,0.032,0.956,0,0,0,0,0.003,0,0,0,0,0,0,0,0,0,0,0,0.003,0,0,0,0,0.006,0,0,0,0,0
MD95-2012,forcens_lgm,3.12,72.151,11.4343,0,0,0,0,0,0,0,0,0,0,0,0,0.026,0.945,0,0,0,0,0,0,0,0,0,0,0,0,0,0,0,0,0.002,0,0,0,0,0.028,0,0,0,0,0
MD95-2012,forcens_lgm,3.15,72.151,11.4343,0,0,0,0,0,0,0,0,0,0,0,0,0.026,0.945,0,0,0,0,0,0,0,0,0,0,0,0,0,0,0,0,0.002,0,0,0,0,0.028,0,0,0,0,0
MD95-2012,forcens_lgm,3.21,72.151,11.4343,0,0,0,0,0,0,0,0,0,0,0,0,0.015,0.967,0,0,0,0,0,0,0,0,0,0,0,0,0,0,0,0,0,0,0,0,0,0.018,0,0,0,0,0
MD95-2012,forcens_lgm,3.25,72.151,11.4343,0,0,0,0,0,0,0,0,0,0,0,0,0.015,0.967,0,0,0,0,0,0,0,0,0,0,0,0,0,0,0,0,0,0,0,0,0,0.018,0,0,0,0,0
MD95-2012,forcens_lgm,3.31,72.151,11.4343,0,0,0,0,0,0,0,0,0,0,0,0,0.015,0.967,0,0,0,0,0,0,0,0,0,0,0,0,0,0,0,0,0,0,0,0,0,0.018,0,0,0,0,0
MD95-2012,forcens_lgm,3.35,72.151,11.4343,0,0,0,0,0,0,0,0,0,0,0,0,0.015,0.967,0,0,0,0,0,0,0,0,0,0,0,0,0,0,0,0,0,0,0,0,0,0.018,0,0,0,0,0
MD95-2012,forcens_lgm,3.42,72.151,11.4343,0,0,0,0,0,0,0,0,0,0,0,0,0.015,0.967,0,0,0,0,0,0,0,0,0,0,0,0,0,0,0,0,0,0,0,0,0,0.018,0,0,0,0,0
MD95-2012,forcens_lgm,3.46,72.151,11.4343,0,0,0,0,0,0,0,0,0,0,0,0,0.016,0.953,0,0,0,0,0,0,0,0,0,0,0,0,0,0,0,0,0.004,0,0,0,0,0.027,0,0,0,0,0
MD95-2012,forcens_lgm,3.52,72.151,11.4343,0,0,0,0,0,0,0,0,0,0,0,0,0.016,0.953,0,0,0,0,0,0,0,0,0,0,0,0,0,0,0,0,0.004,0,0,0,0,0.027,0,0,0,0,0
MD95-2012,forcens_lgm,3.56,72.151,11.4343,0,0,0,0,0,0,0,0,0,0,0,0,0.016,0.953,0,0,0,0,0,0,0,0,0,0,0,0,0,0,0,0,0.004,0,0,0,0,0.027,0,0,0,0,0
MD95-2012,forcens_lgm,3.62,72.151,11.4343,0,0,0,0,0,0,0,0,0,0,0,0,0.016,0.953,0,0,0,0,0,0,0,0,0,0,0,0,0,0,0,0,0.004,0,0,0,0,0.027,0,0,0,0,0
MD95-2012,forcens_lgm,3.65,72.151,11.4343,0,0,0,0,0,0,0,0,0,0,0,0,0.016,0.953,0,0,0,0,0,0,0,0,0,0,0,0,0,0,0,0,0.004,0,0,0,0,0.027,0,0,0,0,0
MD95-2012,forcens_lgm,3.71,72.151,11.4343,0,0,0,0,0,0,0,0,0,0,0,0,0.026,0.95,0,0,0,0,0,0,0,0,0,0,0,0,0,0,0,0,0.001,0,0,0,0,0.023,0,0,0,0,0
MD95-2012,forcens_lgm,3.75,72.151,11.4343,0,0,0,0,0,0,0,0,0,0,0,0,0.026,0.95,0,0,0,0,0,0,0,0,0,0,0,0,0,0,0,0,0.001,0,0,0,0,0.023,0,0,0,0,0
MD95-2012,forcens_lgm,3.81,72.151,11.4343,0,0,0,0,0,0,0,0,0,0,0,0,0.026,0.95,0,0,0,0,0,0,0,0,0,0,0,0,0,0,0,0,0.001,0,0,0,0,0.023,0,0,0,0,0
MD95-2012,forcens_lgm,3.85,72.151,11.4343,0,0,0,0,0,0,0,0,0,0,0,0,0.022,0.956,0,0,0,0,0,0,0,0,0,0,0,0,0,0,0,0,0.003,0,0,0,0,0.018,0,0,0,0,0
MD95-2012,forcens_lgm,3.92,72.151,11.4343,0,0,0,0,0,0,0,0,0,0,0,0,0.022,0.956,0,0,0,0,0,0,0,0,0,0,0,0,0,0,0,0,0.003,0,0,0,0,0.018,0,0,0,0,0
MD95-2012,forcens_lgm,3.96,72.151,11.4343,0,0,0,0,0,0,0,0,0,0,0,0,0.035,0.956,0,0,0,0,0,0,0,0,0,0,0,0,0,0,0,0,0,0,0,0,0,0.009,0,0,0,0,0
MD95-2012,forcens_lgm,4,72.151,11.4343,0,0,0,0,0,0,0,0,0,0,0,0,0.035,0.956,0,0,0,0,0,0,0,0,0,0,0,0,0,0,0,0,0,0,0,0,0,0.009,0,0,0,0,0
MD95-2012,forcens_lgm,4.11,72.151,11.4343,0,0,0,0,0,0,0,0,0,0,0,0,0.035,0.956,0,0,0,0,0,0,0,0,0,0,0,0,0,0,0,0,0,0,0,0,0,0.009,0,0,0,0,0
MD95-2012,forcens_lgm,4.21,72.151,11.4343,0,0,0,0,0,0,0,0,0,0,0,0,0.003,0.988,0,0,0,0,0,0,0,0,0,0,0,0,0,0,0,0,0,0,0,0,0,0,0,0,0,0,0
MD95-2012,forcens_lgm,4.3,72.151,11.4343,0,0,0,0,0,0,0,0,0,0,0,0,0.021,0.959,0,0,0,0,0,0,0,0,0,0,0,0,0,0,0,0,0,0,0,0,0,0.019,0,0,0,0,0
MD95-2012,forcens_lgm,4.41,72.151,11.4343,0,0,0,0,0,0,0,0,0,0,0,0,0.021,0.959,0,0,0,0,0,0,0,0,0,0,0,0,0,0,0,0,0,0,0,0,0,0.019,0,0,0,0,0
MD95-2012,forcens_lgm,4.5,72.151,11.4343,0,0,0,0,0,0,0,0,0,0,0,0,0.021,0.959,0,0,0,0,0,0,0,0,0,0,0,0,0,0,0,0,0,0,0,0,0,0.019,0,0,0,0,0
MD95-2012,forcens_lgm,4.61,72.151,11.4343,0,0,0,0,0,0,0,0,0,0,0,0,0.021,0.959,0,0,0,0,0,0,0,0,0,0,0,0,0,0,0,0,0,0,0,0,0,0.019,0,0,0,0,0
MD95-2012,forcens_lgm,4.71,72.151,11.4343,0,0,0,0,0,0,0,0,0,0,0,0,0.003,0.995,0,0,0,0,0,0,0,0,0,0,0,0,0,0,0,0,0,0,0,0,0,0,0,0,0,0,0
MD95-2012,forcens_lgm,4.8,72.151,11.4343,0,0,0,0,0,0,0,0,0,0,0,0,0.039,0.946,0,0,0,0,0,0,0,0,0,0,0,0,0,0,0,0,0,0,0,0,0,0.015,0,0,0,0,0
MD95-2012,forcens_lgm,4.91,72.151,11.4343,0,0,0,0,0,0,0,0,0,0,0,0,0.039,0.946,0,0,0,0,0,0,0,0,0,0,0,0,0,0,0,0,0,0,0,0,0,0.015,0,0,0,0,0
MD95-2012,forcens_lgm,5,72.151,11.4343,0,0,0,0,0,0,0,0,0,0,0,0,0.039,0.946,0,0,0,0,0,0,0,0,0,0,0,0,0,0,0,0,0,0,0,0,0,0.015,0,0,0,0,0
MD95-2012,forcens_lgm,5.11,72.151,11.4343,0,0,0,0,0,0,0,0,0,0,0,0,0.003,0.994,0,0,0,0,0,0,0,0,0,0,0,0,0,0,0,0,0,0,0,0,0,0,0,0,0,0,0
MD95-2012,forcens_lgm,5.21,72.151,11.4343,0,0,0,0,0,0,0,0,0,0,0,0,0.017,0.96,0,0,0,0,0,0,0,0,0,0,0,0,0,0,0,0,0,0,0,0,0,0.023,0,0,0,0,0
MD95-2012,forcens_lgm,5.3,72.151,11.4343,0,0,0,0,0,0,0,0,0,0,0,0,0.017,0.96,0,0,0,0,0,0,0,0,0,0,0,0,0,0,0,0,0,0,0,0,0,0.023,0,0,0,0,0
MD95-2012,forcens_lgm,5.41,72.151,11.4343,0,0,0,0,0,0,0,0,0,0,0,0,0.017,0.96,0,0,0,0,0,0,0,0,0,0,0,0,0,0,0,0,0,0,0,0,0,0.023,0,0,0,0,0
MD95-2012,forcens_lgm,5.5,72.151,11.4343,0,0,0,0,0,0,0,0,0,0,0,0,0.011,0.98,0,0,0,0,0,0,0,0,0,0,0,0,0,0,0,0,0,0,0,0,0,0.009,0,0,0,0,0
GIK17730-4,forcens_lgm,1.4,72.1117,7.3883,0,0,0,0,0,0,0,0,0,0,0,0,0.019,0.976,0,0,0,0,0,0,0,0,0,0,0,0,0,0,0,0,0,0,0,0,0,0.004,0,0,0,0,0
GIK17730-4,forcens_lgm,1.45,72.1117,7.3883,0,0,0,0,0,0,0,0,0,0,0,0,0.014,0.969,0,0,0,0,0.012,0,0,0,0,0,0,0,0,0,0,0,0,0,0,0,0,0.004,0.002,0,0,0,0
GIK17730-4,forcens_lgm,1.47,72.1117,7.3883,0,0,0,0,0,0,0,0,0,0,0,0,0.039,0.959,0,0,0,0,0.003,0,0,0,0,0,0,0,0,0,0,0,0,0,0,0,0,0,0,0,0,0,0
GIK17730-4,forcens_lgm,1.5,72.1117,7.3883,0,0,0,0,0,0,0,0,0,0,0,0,0.024,0.959,0,0,0,0,0.014,0,0,0,0,0,0,0,0,0,0,0,0,0,0,0,0,0,0.003,0,0,0,0
GIK17730-4,forcens_lgm,1.5,72.1117,7.3883,0,0,0,0,0,0,0,0,0,0,0,0,0.024,0.962,0,0,0,0,0.008,0,0,0,0,0,0,0,0,0,0,0,0.003,0,0,0,0,0,0.003,0,0,0,0
GIK17730-4,forcens_lgm,1.55,72.1117,7.3883,0,0,0,0,0,0,0,0,0,0,0,0,0.007,0.965,0,0,0,0,0.011,0,0,0,0,0,0,0,0,0,0,0,0.003,0,0,0,0,0.013,0.001,0,0,0,0
GIK17730-4,forcens_lgm,1.55,72.1117,7.3883,0,0,0,0,0,0,0,0,0,0,0,0,0.023,0.972,0,0,0,0,0.005,0,0,0,0,0,0,0,0,0,0,0,0,0,0,0,0,0,0.001,0,0,0,0
GIK17730-4,forcens_lgm,1.57,72.1117,7.3883,0,0,0,0,0,0,0,0,0,0,0,0,0.02,0.98,0,0,0,0,0,0,0,0,0,0,0,0,0,0,0,0,0,0,0,0,0,0,0.001,0,0,0,0
PS1927-2,forcens_lgm,0.72,71.4967,-17.1483,0,0,0,0,0,0,0,0,0,0,0,0,0.001,0.999,0,0,0,0,0,0,0,0,0,0,0,0,0,0,0,0,0,0,0,0,0,0,0,0,0,0,0
PS1927-2,forcens_lgm,0.8,71.4967,-17.1483,0,0,0,0,0,0,0,0,0,0,0,0,0.009,0.991,0,0,0,0,0,0,0,0,0,0,0,0,0,0,0,0,0,0,0,0,0,0,0,0,0,0,0
PS1927-2,forcens_lgm,0.9,71.4967,-17.1483,0,0,0,0,0,0,0,0,0,0,0,0,0.008,0.992,0,0,0,0,0,0,0,0,0,0,0,0,0,0,0,0,0,0,0,0,0,0,0,0,0,0,0
GIK23351-1,forcens_lgm,0.6,70.3622,-18.2053,0,0,0,0,0,0,0,0,0,0,0,0,0.033,0.961,0,0,0,0,0.001,0,0,0,0,0,0,0,0,0,0,0,0,0,0,0,0,0.005,0,0,0,0,0
PS1730-2,forcens_lgm,0.9,70.1165,-17.6943,0,0,0,0,0,0,0,0,0,0,0,0,0.006,0.994,0,0,0,0,0,0,0,0,0,0,0,0,0,0,0,0,0,0,0,0,0,0,0,0,0,0,0
PS1951-1,forcens_lgm,0.83,68.8417,-20.825,0,0,0,0,0,0,0,0,0,0,0,0,0.015,0.985,0,0,0,0,0,0,0,0,0,0,0,0,0,0,0,0,0,0,0,0,0,0,0,0,0,0,0
PS1951-1,forcens_lgm,0.94,68.8417,-20.825,0,0,0,0,0,0,0,0,0,0,0,0,0.018,0.982,0,0,0,0,0,0,0,0,0,0,0,0,0,0,0,0,0,0,0,0,0,0,0,0,0,0,0
PS1951-1,forcens_lgm,1,68.8417,-20.825,0,0,0,0,0,0,0,0,0,0,0,0,0.011,0.989,0,0,0,0,0,0,0,0,0,0,0,0,0,0,0,0,0,0,0,0,0,0,0,0,0,0,0
GIK23056-2,forcens_lgm,0.3,68.5017,3.8383,0,0,0,0,0,0,0,0,0,0,0,0,0.007,0.942,0,0,0,0,0.002,0,0,0,0,0,0,0,0,0,0,0,0.041,0,0,0,0,0.005,0.002,0,0,0,0
GIK23056-2,forcens_lgm,0.35,68.5017,3.8383,0,0,0,0,0,0,0,0,0,0,0,0,0.016,0.965,0,0,0,0,0,0,0,0,0,0,0,0,0,0,0,0,0.019,0,0,0,0,0,0,0,0,0,0
GIK23065-2,forcens_lgm,0.3,68.495,0.8317,0,0,0,0,0,0,0,0,0,0,0,0,0.024,0.908,0,0,0,0,0.019,0,0,0,0,0,0,0,0,0,0,0,0.047,0,0,0,0,0.002,0,0,0,0,0
GIK23065-2,forcens_lgm,0.32,68.495,0.8317,0,0,0,0,0,0,0,0,0,0,0,0,0.017,0.981,0,0,0,0,0.003,0,0,0,0,0,0,0,0,0,0,0,0,0,0,0,0,0,0,0,0,0,0
GIK23065-2,forcens_lgm,0.34,68.495,0.8317,0,0,0,0,0,0,0,0,0,0,0,0,0.025,0.974,0,0,0,0,0,0,0,0,0,0,0,0,0,0,0,0,0,0,0,0,0,0.001,0,0,0,0,0
V28-56,forcens_lgm,0.6,68.033,-6.117,0,0,0,0,0,0,0,0,0,0,0,0,0.026,0.974,0,0,0,0,0,0,0,0,0,0,0,0,0,0,0,0,0,0,0,0,0,0,0,0,0,0,0
V28-56,forcens_lgm,0.7,68.033,-6.117,0,0,0,0,0,0,0,0,0,0,0,0,0.012,0.988,0,0,0,0,0,0,0,0,0,0,0,0,0,0,0,0,0,0,0,0,0,0,0,0,0,0,0
V28-56,forcens_lgm,0.8,68.033,-6.117,0,0,0,0,0,0,0,0,0,0,0,0,0.033,0.967,0,0,0,0,0,0,0,0,0,0,0,0,0,0,0,0,0,0,0,0,0,0,0,0,0,0,0
PS2644-5,forcens_lgm,,67.8667,-21.765,0,0,0,0,0,0,0,0,0,0,0,0,0.036,0.964,0,0,0,0,0,0,0,0,0,0,0,0,0,0,0,0,0,0,0,0,0,0,0,0,0,0,0
PS2644-5,forcens_lgm,,67.8667,-21.765,0,0,0,0,0,0,0,0,0,0,0,0,0.034,0.966,0,0,0,0,0,0,0,0,0,0,0,0,0,0,0,0,0,0,0,0,0,0,0,0,0,0,0
PS2644-5,forcens_lgm,,67.8667,-21.765,0,0,0,0,0,0,0,0,0,0,0,0,0.02,0.98,0,0,0,0,0,0,0,0,0,0,0,0,0,0,0,0,0,0,0,0,0,0,0,0,0,0,0
PS2644-5,forcens_lgm,,67.8667,-21.765,0,0,0,0,0,0,0,0,0,0,0,0,0.03,0.97,0,0,0,0,0,0,0,0,0,0,0,0,0,0,0,0,0,0,0,0,0,0,0,0,0,0,0
PS2644-5,forcens_lgm,,67.8667,-21.765,0,0,0,0,0,0,0,0,0,0,0,0,0.041,0.959,0,0,0,0,0,0,0,0,0,0,0,0,0,0,0,0,0,0,0,0,0,0,0,0,0,0,0
PS2644-5,forcens_lgm,,67.8667,-21.765,0,0,0,0,0,0,0,0,0,0,0,0,0.04,0.96,0,0,0,0,0,0,0,0,0,0,0,0,0,0,0,0,0,0,0,0,0,0,0,0,0,0,0
PS2644-5,forcens_lgm,,67.8667,-21.765,0,0,0,0,0,0,0,0,0,0,0,0,0.021,0.979,0,0,0,0,0,0,0,0,0,0,0,0,0,0,0,0,0,0,0,0,0,0,0,0,0,0,0
PS2644-5,forcens_lgm,,67.8667,-21.765,0,0,0,0,0,0,0,0,0,0,0,0,0.024,0.976,0,0,0,0,0,0,0,0,0,0,0,0,0,0,0,0,0,0,0,0,0,0,0,0,0,0,0
PS2644-5,forcens_lgm,,67.8667,-21.765,0,0,0,0,0,0,0,0,0,0,0,0,0.017,0.983,0,0,0,0,0,0,0,0,0,0,0,0,0,0,0,0,0,0,0,0,0,0,0,0,0,0,0
PS2644-5,forcens_lgm,,67.8667,-21.765,0,0,0,0,0,0,0,0,0,0,0,0,0.026,0.975,0,0,0,0,0,0,0,0,0,0,0,0,0,0,0,0,0,0,0,0,0,0,0,0,0,0,0
PS2644-5,forcens_lgm,,67.8667,-21.765,0,0,0,0,0,0,0,0,0,0,0,0,0.012,0.988,0,0,0,0,0,0,0,0,0,0,0,0,0,0,0,0,0,0,0,0,0,0,0,0,0,0,0
PS2644-5,forcens_lgm,,67.8667,-21.765,0,0,0,0,0,0,0,0,0,0,0,0,0.018,0.982,0,0,0,0,0,0,0,0,0,0,0,0,0,0,0,0,0,0,0,0,0,0,0,0,0,0,0
PS2644-5,forcens_lgm,,67.8667,-21.765,0,0,0,0,0,0,0,0,0,0,0,0,0.014,0.986,0,0,0,0,0,0,0,0,0,0,0,0,0,0,0,0,0,0,0,0,0,0,0,0,0,0,0
GIK23071-3,forcens_lgm,1.17,67.085,2.9083,0,0,0,0,0,0,0,0,0,0,0,0,0.031,0.967,0,0,0,0,0,0,0,0,0,0,0,0,0,0,0,0,0,0,0,0,0,0.002,0,0,0,0,0
GIK23071-3,forcens_lgm,1.18,67.085,2.9083,0,0,0,0,0,0,0,0,0,0,0,0,0.033,0.967,0,0,0,0,0,0,0,0,0,0,0,0,0,0,0,0,0,0,0,0,0,0,0,0,0,0,0
GIK23071-3,forcens_lgm,1.2,67.085,2.9083,0,0,0,0,0,0,0,0,0,0,0,0,0.015,0.985,0,0,0,0,0,0,0,0,0,0,0,0,0,0,0,0,0,0,0,0,0,0,0,0,0,0,0
GIK23071-3,forcens_lgm,1.28,67.085,2.9083,0,0,0,0,0,0,0,0,0,0,0,0,0.021,0.979,0,0,0,0,0,0,0,0,0,0,0,0,0,0,0,0,0,0,0,0,0,0,0,0,0,0,0
GIK23071-3,forcens_lgm,1.29,67.085,2.9083,0,0,0,0,0,0,0,0,0,0,0,0,0.032,0.968,0,0,0,0,0,0,0,0,0,0,0,0,0,0,0,0,0,0,0,0,0,0,0,0,0,0,0
GIK23071-3,forcens_lgm,1.3,67.085,2.9083,0,0,0,0,0,0,0,0,0,0,0,0,0.024,0.975,0,0,0,0,0,0,0,0,0,0,0,0,0,0,0,0,0,0,0,0,0,0,0,0,0,0,0
GIK23071-3,forcens_lgm,1.32,67.085,2.9083,0,0,0,0,0,0,0,0,0,0,0,0,0.022,0.976,0,0,0,0,0,0,0,0,0,0,0,0,0,0,0,0,0,0,0,0,0,0.002,0,0,0,0,0
GIK23071-3,forcens_lgm,1.34,67.085,2.9083,0,0,0,0,0,0,0,0,0,0,0,0,0.019,0.98,0,0,0,0,0,0,0,0,0,0,0,0,0,0,0,0,0,0,0,0,0,0.001,0,0,0,0,0
GIK23071-3,forcens_lgm,1.36,67.085,2.9083,0,0,0,0,0,0,0,0,0,0,0,0,0.034,0.966,0,0,0,0,0,0,0,0,0,0,0,0,0,0,0,0,0,0,0,0,0,0,0,0,0,0,0
GIK23071-3,forcens_lgm,1.38,67.085,2.9083,0,0,0,0,0,0,0,0,0,0,0,0,0.029,0.971,0,0,0,0,0,0,0,0,0,0,0,0,0,0,0,0,0,0,0,0,0,0,0,0,0,0,0
GIK23071-3,forcens_lgm,1.41,67.085,2.9083,0,0,0,0,0,0,0,0,0,0,0,0,0.016,0.984,0,0,0,0,0,0,0,0,0,0,0,0,0,0,0,0,0,0,0,0,0,0,0,0,0,0,0
GIK23071-3,forcens_lgm,1.43,67.085,2.9083,0,0,0,0,0,0,0,0,0,0,0,0,0.021,0.978,0,0,0,0,0,0,0,0,0,0,0,0,0,0,0,0,0,0,0,0,0,0.001,0,0,0,0,0
GIK23071-3,forcens_lgm,1.45,67.085,2.9083,0,0,0,0,0,0,0,0,0,0,0,0,0.031,0.966,0,0,0,0,0,0,0,0,0,0,0,0,0,0,0,0,0,0,0,0,0,0.003,0,0,0,0,0
GIK23071-3,forcens_lgm,1.47,67.085,2.9083,0,0,0,0,0,0,0,0,0,0,0,0,0.028,0.967,0,0,0,0,0,0,0,0,0,0,0,0,0,0,0,0,0,0,0,0,0,0.005,0,0,0,0,0
GIK23071-3,forcens_lgm,1.49,67.085,2.9083,0,0,0,0,0,0,0,0,0,0,0,0,0.035,0.965,0,0,0,0,0,0,0,0,0,0,0,0,0,0,0,0,0,0,0,0,0,0,0,0,0,0,0
GIK23071-3,forcens_lgm,1.53,67.085,2.9083,0,0,0,0,0,0,0,0,0,0,0,0,0.021,0.977,0,0,0,0,0,0,0,0,0,0,0,0,0,0,0,0,0.001,0,0,0,0,0.001,0,0,0,0,0
GIK23071-3,forcens_lgm,1.55,67.085,2.9083,0,0,0,0,0,0,0,0,0,0,0,0,0.021,0.977,0,0,0,0,0,0,0,0,0,0,0,0,0,0,0,0,0.001,0,0,0,0,0.001,0,0,0,0,0
GIK23071-3,forcens_lgm,1.57,67.085,2.9083,0,0,0,0,0,0,0,0,0,0,0,0,0.023,0.976,0,0,0,0,0,0,0,0,0,0,0,0,0,0,0,0,0,0,0,0,0,0.001,0,0,0,0,0
GIK23071-3,forcens_lgm,1.59,67.085,2.9083,0,0,0,0,0,0,0,0,0,0,0,0,0.023,0.977,0,0,0,0,0,0,0,0,0,0,0,0,0,0,0,0,0,0,0,0,0,0,0,0,0,0,0
GIK23071-3,forcens_lgm,1.61,67.085,2.9083,0,0,0,0,0,0,0,0,0,0,0,0,0.026,0.972,0,0,0,0,0,0,0,0,0,0,0,0,0,0,0,0,0.002,0,0,0,0,0,0,0,0,0,0
GIK23071-3,forcens_lgm,1.62,67.085,2.9083,0,0,0,0,0,0,0,0,0,0,0,0,0.029,0.97,0,0,0,0,0.001,0,0,0,0,0,0,0,0,0,0,0,0,0,0,0,0,0,0,0,0,0,0
GIK23071-3,forcens_lgm,1.64,67.085,2.9083,0,0,0,0,0,0,0,0,0,0,0,0,0.023,0.967,0,0,0,0,0.003,0,0,0,0,0,0,0,0,0,0,0,0.005,0,0,0,0,0.002,0,0,0,0,0
MD95-2011,forcens_lgm,10.41,66.9697,7.6393,0,0,0,0,0,0,0,0,0,0,0,0,0,0.957,0,0,0,0,0,0,0,0,0,0,0,0,0,0,0,0,0,0,0,0,0,0.043,0,0,0,0,0
MD95-2011,forcens_lgm,10.46,66.9697,7.6393,0,0,0,0,0,0,0,0,0,0,0,0,0,0.958,0,0,0,0,0,0,0,0,0,0,0,0,0,0,0,0,0.014,0,0,0,0,0.028,0,0,0,0,0
MD95-2011,forcens_lgm,10.52,66.9697,7.6393,0,0,0,0,0,0,0,0,0,0,0,0,0.014,0.935,0,0,0,0,0,0,0,0,0,0,0,0,0,0,0,0,0,0,0,0,0,0.05,0,0,0,0,0
MD95-2011,forcens_lgm,10.56,66.9697,7.6393,0,0,0,0,0,0,0,0,0,0,0,0,0.019,0.893,0,0,0,0,0,0,0,0,0,0,0,0,0,0,0,0,0,0,0,0,0,0.087,0,0,0,0,0
MD95-2011,forcens_lgm,10.62,66.9697,7.6393,0,0,0,0,0,0,0,0,0,0,0,0,0,0.965,0,0,0,0,0,0,0,0,0,0,0,0,0,0,0,0,0,0,0,0,0,0.035,0,0,0,0,0
MD95-2011,forcens_lgm,10.66,66.9697,7.6393,0,0,0,0,0,0,0,0,0,0,0,0,0.011,0.968,0,0,0,0,0,0,0,0,0,0,0,0,0,0,0,0,0,0,0,0,0,0.022,0,0,0,0,0
MD95-2011,forcens_lgm,10.71,66.9697,7.6393,0,0,0,0,0,0,0,0,0,0,0,0,0.008,0.977,0,0,0,0,0,0,0,0,0,0,0,0,0,0,0,0,0,0,0,0,0,0.015,0,0,0,0,0
MD95-2011,forcens_lgm,10.77,66.9697,7.6393,0,0,0,0,0,0,0,0,0,0,0,0,0.031,0.929,0,0,0,0,0,0,0,0,0,0,0,0,0,0,0,0,0.01,0,0,0,0,0.031,0,0,0,0,0
MD95-2011,forcens_lgm,10.81,66.9697,7.6393,0,0,0,0,0,0,0,0,0,0,0,0,0,0.954,0,0,0,0,0,0,0,0,0,0,0,0,0,0,0,0,0,0,0,0,0,0.046,0,0,0,0,0
MD95-2011,forcens_lgm,10.87,66.9697,7.6393,0,0,0,0,0,0,0,0,0,0,0,0,0,0.977,0,0,0,0,0,0,0,0,0,0,0,0,0,0,0,0,0,0,0,0,0,0.023,0,0,0,0,0
MD95-2011,forcens_lgm,10.91,66.9697,7.6393,0,0,0,0,0,0,0,0,0,0,0,0,0.013,0.949,0,0,0,0,0,0,0,0,0,0,0,0,0,0,0,0,0,0,0,0,0,0.038,0,0,0,0,0
MD95-2011,forcens_lgm,10.96,66.9697,7.6393,0,0,0,0,0,0,0,0,0,0,0,0,0.01,0.945,0,0,0,0,0,0.005,0,0,0,0,0,0,0,0,0,0,0.005,0,0,0,0,0.035,0,0,0,0,0
MD95-2011,forcens_lgm,11.02,66.9697,7.6393,0,0,0,0,0,0,0,0,0,0,0,0,0.021,0.952,0,0,0,0,0,0,0,0,0,0,0,0,0,0,0,0,0.007,0,0,0,0,0.021,0,0,0,0,0
MD95-2011,forcens_lgm,11.06,66.9697,7.6393,0,0,0,0,0,0,0,0,0,0,0,0,0.032,0.936,0,0,0,0,0,0,0,0,0,0,0,0,0,0,0,0,0,0,0,0,0,0.032,0,0,0,0,0
MD95-2011,forcens_lgm,11.12,66.9697,7.6393,0,0,0,0,0,0,0,0,0,0,0,0,0.035,0.965,0,0,0,0,0,0,0,0,0,0,0,0,0,0,0,0,0,0,0,0,0,0,0,0,0,0,0
MD95-2011,forcens_lgm,11.16,66.9697,7.6393,0,0,0,0,0,0,0,0,0,0,0,0,0.033,0.956,0,0,0,0,0,0,0,0,0,0,0,0,0,0,0,0,0,0,0,0,0,0.011,0,0,0,0,0
MD95-2011,forcens_lgm,11.21,66.9697,7.6393,0,0,0,0,0,0,0,0,0,0,0,0,0.015,0.979,0,0,0,0,0,0,0,0,0,0,0,0,0,0,0,0,0,0,0,0,0,0.005,0,0,0,0,0
MD95-2011,forcens_lgm,11.27,66.9697,7.6393,0,0,0,0,0,0,0,0,0,0,0,0,0.014,0.986,0,0,0,0,0,0,0,0,0,0,0,0,0,0,0,0,0,0,0,0,0,0,0,0,0,0,0
MD95-2011,forcens_lgm,11.31,66.9697,7.6393,0,0,0,0,0,0,0,0,0,0,0,0,0.007,0.973,0,0,0,0,0,0,0,0,0,0,0,0,0,0,0,0,0,0,0,0,0,0.02,0,0,0,0,0
MD95-2011,forcens_lgm,11.37,66.9697,7.6393,0,0,0,0,0,0,0,0,0,0,0,0,0,0.978,0,0,0,0,0,0,0,0,0,0,0,0,0,0,0,0,0,0,0,0,0,0.022,0,0,0,0,0
MD95-2011,forcens_lgm,11.77,66.9697,7.6393,0,0,0,0,0,0,0,0,0,0,0,0,0,0.988,0,0,0,0,0,0,0,0,0,0,0,0,0,0,0,0,0,0,0,0,0,0.012,0,0,0,0,0
MD95-2011,forcens_lgm,11.87,66.9697,7.6393,0,0,0,0,0,0,0,0,0,0,0,0,0.018,0.93,0,0,0,0,0,0,0,0,0,0,0,0,0,0,0,0,0,0,0,0,0,0.053,0,0,0,0,0
MD95-2011,forcens_lgm,11.91,66.9697,7.6393,0,0,0,0,0,0,0,0,0,0,0,0,0.014,0.928,0,0,0,0,0,0,0,0,0,0,0,0,0,0,0,0,0,0,0,0,0,0.058,0,0,0,0,0
MD95-2011,forcens_lgm,11.96,66.9697,7.6393,0,0,0,0,0,0,0,0,0,0,0,0,0.008,0.908,0,0,0,0,0,0,0,0,0,0,0,0,0,0,0,0,0,0,0,0,0,0.084,0,0,0,0,0
MD95-2011,forcens_lgm,12.21,66.9697,7.6393,0,0,0,0,0,0,0,0,0,0,0,0,0.014,0.943,0,0,0,0,0,0,0,0,0,0,0,0,0,0,0,0,0,0,0,0,0,0.043,0,0,0,0,0
MD95-2011,forcens_lgm,12.4,66.9697,7.6393,0,0,0,0,0,0,0,0,0,0,0,0,0.009,0.954,0,0,0,0,0,0,0,0,0,0,0,0,0,0,0,0,0,0,0,0,0,0.037,0,0,0,0,0
MD95-2011,forcens_lgm,12.61,66.9697,7.6393,0,0,0,0,0,0,0,0,0,0,0,0,0.026,0.912,0,0,0,0,0,0,0,0,0,0,0,0,0,0,0,0,0,0,0,0,0,0.061,0,0,0,0,0
MD95-2011,forcens_lgm,12.8,66.9697,7.6393,0,0,0,0,0,0,0,0,0,0,0,0,0.025,0.937,0,0,0,0,0,0,0,0,0,0,0,0,0,0,0,0,0,0,0,0,0,0.038,0,0,0,0,0
MD95-2011,forcens_lgm,13.01,66.9697,7.6393,0,0,0,0,0,0,0,0,0,0,0,0,0.021,0.958,0,0,0,0,0,0,0,0,0,0,0,0,0,0,0,0,0,0,0,0,0,0.021,0,0,0,0,0
MD95-2011,forcens_lgm,13.21,66.9697,7.6393,0,0,0,0,0,0,0,0,0,0,0,0,0.007,0.919,0,0,0,0,0,0,0,0,0,0,0,0,0,0,0,0,0,0,0,0,0,0.073,0,0,0,0,0
MD95-2011,forcens_lgm,13.4,66.9697,7.6393,0,0,0,0,0,0,0,0,0,0,0,0,0.015,0.918,0,0,0,0,0,0,0,0,0,0,0,0,0,0,0,0,0,0,0,0,0,0.067,0,0,0,0,0
MD95-2011,forcens_lgm,13.61,66.9697,7.6393,0,0,0,0,0,0,0,0,0,0,0,0,0.023,0.955,0,0,0,0,0,0,0,0,0,0,0,0,0,0,0,0,0,0,0,0,0,0.023,0,0,0,0,0
MD95-2011,forcens_lgm,13.8,66.9697,7.6393,0,0,0,0,0,0,0,0,0,0,0,0,0.025,0.902,0,0,0,0,0,0,0,0,0,0,0,0,0,0,0,0,0,0,0,0,0,0.073,0,0,0,0,0
MD95-2011,forcens_lgm,14.21,66.9697,7.6393,0,0,0,0,0,0,0,0,0,0,0,0,0.017,0.905,0,0,0,0,0,0,0,0,0,0,0,0,0,0,0,0,0,0,0,0,0,0.078,0,0,0,0,0
MD95-2011,forcens_lgm,14.4,66.9697,7.6393,0,0,0,0,0,0,0,0,0,0,0,0,0.016,0.862,0,0,0,0,0,0,0,0,0,0,0,0,0,0,0,0,0,0,0,0,0,0.122,0,0,0,0,0
MD95-2011,forcens_lgm,14.61,66.9697,7.6393,0,0,0,0,0,0,0,0,0,0,0,0,0.04,0.848,0,0,0,0,0,0,0,0,0,0,0,0,0,0,0,0,0,0,0,0,0,0.112,0,0,0,0,0
MD95-2011,forcens_lgm,14.8,66.9697,7.6393,0,0,0,0,0,0,0,0,0,0,0,0,0.023,0.917,0,0,0,0,0,0,0,0,0,0,0,0,0,0,0,0,0,0,0,0,0,0.06,0,0,0,0,0
MD95-2011,forcens_lgm,15.01,66.9697,7.6393,0,0,0,0,0,0,0,0,0,0,0,0,0.024,0.922,0,0,0,0,0,0,0,0,0,0,0,0,0,0,0,0,0,0,0,0,0,0.054,0,0,0,0,0
GIK23074-1,forcens_lgm,2.06,66.6667,4.905,0,0,0,0,0,0,0,0,0,0,0,0,0.03,0.968,0,0,0,0,0,0,0,0,0,0,0,0,0,0,0,0,0.002,0,0,0,0,0,0,0,0,0,0
GIK23074-1,forcens_lgm,2.1,66.6667,4.905,0,0,0,0,0,0,0,0,0,0,0,0,0.018,0.961,0,0,0,0,0,0,0,0,0,0,0,0,0,0,0,0,0.004,0,0,0,0,0.017,0,0,0,0,0
GIK23074-1,forcens_lgm,2.22,66.6667,4.905,0,0,0,0,0,0,0,0,0,0,0,0,0.026,0.97,0,0,0,0,0.001,0,0,0,0,0,0,0,0,0,0,0,0.001,0,0,0,0,0.001,0,0,0,0,0
GIK23074-1,forcens_lgm,2.32,66.6667,4.905,0,0,0,0,0,0,0,0,0,0,0,0,0.023,0.977,0,0,0,0,0,0,0,0,0,0,0,0,0,0,0,0,0,0,0,0,0,0.001,0,0,0,0,0
GIK23074-1,forcens_lgm,2.42,66.6667,4.905,0,0,0,0,0,0,0,0,0,0,0,0,0.022,0.978,0,0,0,0,0,0,0,0,0,0,0,0,0,0,0,0,0,0,0,0,0,0,0,0,0,0,0
GIK23074-1,forcens_lgm,2.52,66.6667,4.905,0,0,0,0,0,0,0,0,0,0,0,0,0.015,0.985,0,0,0,0,0,0,0,0,0,0,0,0,0,0,0,0,0,0,0,0,0,0,0,0,0,0,0
GIK23074-1,forcens_lgm,2.62,66.6667,4.905,0,0,0,0,0,0,0,0,0,0,0,0,0.023,0.965,0,0,0,0,0.001,0,0,0,0,0,0,0,0,0,0,0,0,0,0,0,0,0.011,0,0,0,0,0
GIK23074-1,forcens_lgm,2.71,66.6667,4.905,0,0,0,0,0,0,0,0,0,0,0,0,0.025,0.97,0,0,0,0,0,0,0,0,0,0,0,0,0,0,0,0,0.001,0,0,0,0,0.004,0,0,0,0,0
GIK23074-1,forcens_lgm,2.81,66.6667,4.905,0,0,0,0,0,0,0,0,0,0,0,0,0.027,0.968,0,0,0,0,0,0,0,0,0,0,0,0,0,0,0,0,0,0,0,0,0,0.005,0,0,0,0,0
GIK23074-1,forcens_lgm,2.91,66.6667,4.905,0,0,0,0,0,0,0,0,0,0,0,0,0.031,0.969,0,0,0,0,0,0,0,0,0,0,0,0,0,0,0,0,0,0,0,0,0,0,0,0,0,0,0
GIK23074-1,forcens_lgm,3.01,66.6667,4.905,0,0,0,0,0,0,0,0,0,0,0,0,0.024,0.976,0,0,0,0,0,0,0,0,0,0,0,0,0,0,0,0,0,0,0,0,0,0,0,0,0,0,0
GIK23074-1,forcens_lgm,3.11,66.6667,4.905,0,0,0,0,0,0,0,0,0,0,0,0,0.025,0.969,0,0,0,0,0,0,0,0,0,0,0,0,0,0,0,0,0,0,0,0,0,0.001,0,0,0,0,0
GIK23074-1,forcens_lgm,3.21,66.6667,4.905,0,0,0,0,0,0,0,0,0,0,0,0,0.024,0.976,0,0,0,0,0,0,0,0,0,0,0,0,0,0,0,0,0,0,0,0,0,0,0,0,0,0,0
GIK23074-1,forcens_lgm,3.31,66.6667,4.905,0,0,0,0,0,0,0,0,0,0,0,0,0.025,0.972,0,0,0,0,0,0,0,0,0,0,0,0,0,0,0,0,0,0,0,0,0,0.004,0,0,0,0,0
GIK23074-1,forcens_lgm,3.51,66.6667,4.905,0,0,0,0,0,0,0,0,0,0,0,0,0.034,0.954,0,0,0,0,0.002,0,0,0,0,0,0,0,0,0,0,0,0.002,0,0,0,0,0.007,0,0,0,0,0
GIK23074-1,forcens_lgm,3.71,66.6667,4.905,0,0,0,0,0,0,0,0,0,0,0,0,0.027,0.973,0,0,0,0,0,0,0,0,0,0,0,0,0,0,0,0,0,0,0,0,0,0,0,0,0,0,0
GIK23074-1,forcens_lgm,3.91,66.6667,4.905,0,0,0,0,0,0,0,0,0,0,0,0,0.024,0.953,0,0,0,0,0.004,0,0,0,0,0,0,0,0,0,0,0,0.012,0,0,0,0,0.008,0,0,0,0,0
GIK23074-1,forcens_lgm,3.93,66.6667,4.905,0,0,0,0,0,0,0,0,0,0,0,0,0.034,0.947,0,0,0,0,0.01,0,0,0,0,0,0,0,0,0,0,0,0.009,0,0,0,0,0,0,0,0,0,0
GIK23074-1,forcens_lgm,3.95,66.6667,4.905,0,0,0,0,0,0,0,0,0,0,0,0,0.009,0.964,0,0,0,0,0.023,0,0,0,0,0,0,0,0,0,0,0,0.004,0,0,0,0,0,0,0,0,0,0
GIK23074-1,forcens_lgm,4.11,66.6667,4.905,0,0,0,0,0,0,0,0,0,0,0,0,0.032,0.961,0,0,0,0,0.001,0,0,0,0,0,0,0,0,0,0,0,0.001,0,0,0,0,0.004,0,0,0,0,0
GIK23074-1,forcens_lgm,4.17,66.6667,4.905,0,0,0,0,0,0,0,0,0,0,0,0,0.025,0.975,0,0,0,0,0,0,0,0,0,0,0,0,0,0,0,0,0,0,0,0,0,0,0,0,0,0,0
V27-86,forcens_lgm,0.6,66.6,1.117,0,0,0,0,0,0,0,0,0,0,0,0,0.034,0.961,0,0,0,0,0,0,0,0,0,0,0,0,0,0,0,0,0.002,0,0,0,0,0.003,0,0,0,0,0
V27-86,forcens_lgm,0.7,66.6,1.117,0,0,0,0,0,0,0,0,0,0,0,0,0.019,0.971,0,0,0,0,0,0,0,0,0,0,0,0,0,0,0,0,0.01,0,0,0,0,0,0,0,0,0,0
GIK23519-5,forcens_lgm,0.68,64.7973,-29.5958,0,0,0,0,0,0,0,0,0,0,0,0,0.017,0.967,0,0,0,0,0.003,0,0,0,0,0,0,0,0,0,0,0,0.008,0,0,0,0,0.003,0,0,0,0,0
GIK23519-5,forcens_lgm,0.78,64.7973,-29.5958,0,0,0,0,0,0,0,0,0,0,0,0,0.016,0.962,0,0,0,0,0.009,0,0,0,0,0,0,0,0,0,0,0,0.013,0,0,0,0,0,0,0,0,0,0
GIK23519-5,forcens_lgm,0.88,64.7973,-29.5958,0,0,0,0,0,0,0,0,0,0,0,0,0.008,0.988,0,0,0,0,0,0,0,0,0,0,0,0,0,0,0,0,0.004,0,0,0,0,0,0,0,0,0,0
V28-14,forcens_lgm,1.6,64.783,-29.57,0,0,0,0,0,0,0,0,0,0,0,0,0.037,0.957,0,0,0,0,0,0,0,0,0,0,0,0,0,0,0,0,0.006,0,0,0,0,0,0,0,0,0,0
V28-14,forcens_lgm,1.7,64.783,-29.57,0,0,0,0,0,0,0,0,0,0,0,0,0.026,0.97,0,0,0,0,0,0,0,0,0,0,0,0,0,0,0,0,0,0,0,0,0,0.003,0,0,0,0,0
HU87-033-008,forcens_lgm,2.23,62.6485,-53.8845,0,0,0,0,0,0,0,0,0,0,0,0,0.024,0.976,0,0,0,0,0,0,0,0,0,0,0,0,0,0,0,0,0,0,0,0,0,0,0,0,0,0,0
HU87-033-008,forcens_lgm,2.35,62.6485,-53.8845,0,0,0,0,0,0,0,0,0,0,0,0,0.009,0.991,0,0,0,0,0,0,0,0,0,0,0,0,0,0,0,0,0,0,0,0,0,0,0,0,0,0,0
HU87-033-008,forcens_lgm,2.68,62.6485,-53.8845,0,0,0,0,0,0,0,0,0,0,0,0,0.009,0.991,0,0,0,0,0,0,0,0,0,0,0,0,0,0,0,0,0,0,0,0,0,0,0,0,0,0,0
HU87-033-008,forcens_lgm,3.03,62.6485,-53.8845,0,0,0,0,0,0,0,0,0,0,0,0,0.009,0.991,0,0,0,0,0,0,0,0,0,0,0,0,0,0,0,0,0,0,0,0,0,0,0,0,0,0,0
HU87-033-008,forcens_lgm,3.14,62.6485,-53.8845,0,0,0,0,0,0,0,0,0,0,0,0,0.015,0.985,0,0,0,0,0,0,0,0,0,0,0,0,0,0,0,0,0,0,0,0,0,0,0,0,0,0,0
GIK16397-2,forcens_lgm,0.1,61.8725,-11.1787,0,0,0,0,0,0,0,0,0,0,0,0,0.029,0.951,0,0,0,0,0,0,0,0,0,0,0,0,0,0,0,0,0.014,0,0,0,0,0.006,0,0,0,0,0
GIK16397-2,forcens_lgm,0.6,61.8725,-11.1787,0,0,0,0,0,0,0,0,0,0,0,0,0.026,0.959,0,0,0,0,0.002,0,0,0,0,0,0,0,0,0,0,0,0.013,0,0,0,0,0,0,0,0,0,0
GIK16397-2,forcens_lgm,0.7,61.8725,-11.1787,0,0,0,0,0,0,0,0,0,0,0,0,0.024,0.959,0,0,0,0,0,0,0,0,0,0,0,0,0,0,0,0,0.017,0,0,0,0,0,0,0,0,0,0
GIK16397-2,forcens_lgm,0.82,61.8725,-11.1787,0,0,0,0,0,0,0,0,0,0,0,0,0.015,0.968,0,0,0,0,0.001,0,0,0,0,0,0,0,0,0,0,0,0.016,0,0,0,0,0,0,0,0,0,0
GIK16397-2,forcens_lgm,1.02,61.8725,-11.1787,0,0,0,0,0,0,0,0,0,0,0,0,0.036,0.94,0,0,0,0,0.002,0,0,0,0,0,0,0,0,0,0,0,0.018,0,0,0,0,0.003,0,0,0,0,0
GIK16397-2,forcens_lgm,1.2,61.8725,-11.1787,0,0,0,0,0,0,0,0,0,0,0,0,0.025,0.949,0,0,0,0,0,0,0,0,0,0,0,0,0,0,0,0,0.023,0,0,0,0,0.003,0,0,0,0,0
GIK16397-2,forcens_lgm,1.6,61.8725,-11.1787,0,0,0,0,0,0,0,0,0,0,0,0,0.025,0.944,0,0,0,0,0,0,0,0,0,0,0,0,0,0,0,0,0.027,0,0,0,0,0.005,0,0,0,0,0
GIK16396-1,forcens_lgm,3.3,61.8722,-11.2423,0,0,0,0,0,0,0,0,0,0,0,0,0.041,0.941,0,0,0,0,0.001,0,0,0,0,0,0,0,0,0,0,0,0.016,0,0,0,0,0,0,0,0,0,0
GIK16396-1,forcens_lgm,3.5,61.8722,-11.2423,0,0,0,0,0,0,0,0,0,0,0,0,0.029,0.936,0,0,0,0,0.006,0,0,0,0,0,0,0,0,0,0,0,0.029,0,0,0,0,0,0,0,0,0,0
GIK16396-1,forcens_lgm,3.6,61.8722,-11.2423,0,0,0,0,0,0,0,0,0,0,0,0,0.032,0.956,0,0,0,0,0.002,0,0,0,0,0,0,0,0,0,0,0,0.011,0,0,0,0,0,0,0,0,0,0
GIK16396-1,forcens_lgm,3.7,61.8722,-11.2423,0,0,0,0,0,0,0,0,0,0,0,0,0.027,0.964,0,0,0,0,0.002,0,0,0,0,0,0,0,0,0,0,0,0.007,0,0,0,0,0,0,0,0,0,0
GIK16396-1,forcens_lgm,3.8,61.8722,-11.2423,0,0,0,0,0,0,0,0,0,0,0,0,0.028,0.967,0,0,0,0,0.001,0,0,0,0,0,0,0,0,0,0,0,0.001,0,0,0,0,0.003,0,0,0,0,0
GIK16396-1,forcens_lgm,3.9,61.8722,-11.2423,0,0,0,0,0,0,0,0,0,0,0,0,0.044,0.948,0,0,0,0,0,0,0,0,0,0,0,0,0,0,0,0,0.007,0,0,0,0,0,0,0,0,0,0
GIK16396-1,forcens_lgm,3.98,61.8722,-11.2423,0,0,0,0,0,0,0,0,0,0,0,0,0.036,0.956,0,0,0,0,0,0,0,0,0,0,0,0,0,0,0,0,0.007,0,0,0,0,0.001,0,0,0,0,0
GIK16396-1,forcens_lgm,4.02,61.8722,-11.2423,0,0,0,0,0,0,0,0,0,0,0,0,0.031,0.943,0,0,0,0,0.002,0,0,0,0,0,0,0,0,0,0,0,0.024,0,0,0,0,0,0,0,0,0,0
GIK16396-1,forcens_lgm,4.1,61.8722,-11.2423,0,0,0,0,0,0,0,0,0,0,0,0,0.036,0.942,0,0,0,0,0.006,0,0,0,0,0,0,0,0,0,0,0,0.016,0,0,0,0,0,0,0,0,0,0
GIK16396-1,forcens_lgm,4.2,61.8722,-11.2423,0,0,0,0,0,0,0,0,0,0,0,0,0.036,0.942,0,0,0,0,0.004,0,0,0,0,0,0,0,0,0,0,0,0.018,0,0,0,0,0,0,0,0,0,0
GIK16396-1,forcens_lgm,4.2,61.8722,-11.2423,0,0,0,0,0,0,0,0,0,0,0,0,0.043,0.936,0,0,0,0,0.005,0,0,0,0,0,0,0,0,0,0,0,0.016,0,0,0,0,0,0,0,0,0,0
GIK16396-1,forcens_lgm,4.3,61.8722,-11.2423,0,0,0,0,0,0,0,0,0,0,0,0,0.031,0.934,0,0,0,0,0.015,0,0,0,0,0,0,0,0,0,0,0,0.021,0,0,0,0,0,0,0,0,0,0
GIK16396-1,forcens_lgm,4.4,61.8722,-11.2423,0,0,0,0,0,0,0,0,0,0,0,0,0.02,0.958,0,0,0,0,0.004,0,0,0,0,0,0,0,0,0,0,0,0.017,0,0,0,0,0,0,0,0,0,0
GIK16396-1,forcens_lgm,4.5,61.8722,-11.2423,0,0,0,0,0,0,0,0,0,0,0,0,0.033,0.952,0,0,0,0,0.003,0,0,0,0,0,0,0,0,0,0,0,0.012,0,0,0,0,0,0,0,0,0,0
GIK16396-1,forcens_lgm,4.6,61.8722,-11.2423,0,0,0,0,0,0,0,0,0,0,0,0,0.031,0.96,0,0,0,0,0.001,0,0,0,0,0,0,0,0,0,0,0,0.008,0,0,0,0,0,0,0,0,0,0
GIK16396-1,forcens_lgm,4.7,61.8722,-11.2423,0,0,0,0,0,0,0,0,0,0,0,0,0.038,0.959,0,0,0,0,0,0,0,0,0,0,0,0,0,0,0,0,0.004,0,0,0,0,0,0,0,0,0,0
GIK16396-1,forcens_lgm,4.8,61.8722,-11.2423,0,0,0,0,0,0,0,0,0,0,0,0,0.037,0.957,0,0,0,0,0.001,0,0,0,0,0,0,0,0,0,0,0,0.003,0,0,0,0,0,0,0,0,0,0
GIK16396-1,forcens_lgm,4.9,61.8722,-11.2423,0,0,0,0,0,0,0,0,0,0,0,0,0.029,0.964,0,0,0,0,0.004,0,0,0,0,0,0,0,0,0,0,0,0.004,0,0,0,0,0,0,0,0,0,0
GIK16396-1,forcens_lgm,4.98,61.8722,-11.2423,0,0,0,0,0,0,0,0,0,0,0,0,0.029,0.958,0,0,0,0,0,0,0,0,0,0,0,0,0,0,0,0,0.011,0,0,0,0,0.003,0,0,0,0,0
GIK16396-1,forcens_lgm,5.02,61.8722,-11.2423,0,0,0,0,0,0,0,0,0,0,0,0,0.033,0.964,0,0,0,0,0,0,0,0,0,0,0,0,0,0,0,0,0.003,0,0,0,0,0,0,0,0,0,0
GIK16396-1,forcens_lgm,5.1,61.8722,-11.2423,0,0,0,0,0,0,0,0,0,0,0,0,0.029,0.963,0,0,0,0,0.002,0,0,0,0,0,0,0,0,0,0,0,0.006,0,0,0,0,0,0,0,0,0,0
GIK16396-1,forcens_lgm,5.2,61.8722,-11.2423,0,0,0,0,0,0,0,0,0,0,0,0,0.031,0.956,0,0,0,0,0.002,0,0,0,0,0,0,0,0,0,0,0,0.011,0,0,0,0,0.001,0,0,0,0,0
GIK16396-1,forcens_lgm,5.3,61.8722,-11.2423,0,0,0,0,0,0,0,0,0,0,0,0,0.025,0.954,0,0,0,0,0.01,0,0,0,0,0,0,0,0,0,0,0,0.019,0.001,0,0,0,0.001,0,0,0,0,0
GIK16396-1,forcens_lgm,5.4,61.8722,-11.2423,0,0,0,0,0,0,0,0,0,0,0,0,0.035,0.934,0,0,0,0,0.008,0,0,0,0,0,0,0,0,0,0,0,0.022,0,0,0,0,0,0,0,0,0,0
SU90-I06,forcens_lgm,0.21,59.5217,-39.445,0,0,0,0,0,0,0,0,0,0,0,0.002,0.03,0.967,0,0,0,0,0,0,0,0,0,0,0,0,0,0,0,0,0,0,0,0,0,0,0,0,0,0,0
SU90-I06,forcens_lgm,0.23,59.5217,-39.445,0,0,0,0,0,0,0,0,0,0,0,0.004,0.009,0.982,0,0,0,0,0.005,0,0,0,0,0,0,0,0,0,0,0,0,0,0,0,0,0,0,0,0,0,0
BOFS16K,forcens_lgm,0.44,59.4693,-23.2427,0,0,0,0,0,0,0,0,0,0,0.002,0,0.057,0.862,0,0,0,0,0.008,0,0,0,0,0,0,0,0,0,0,0,0.071,0,0,0,0,0,0,0,0,0,0
BOFS16K,forcens_lgm,0.48,59.4693,-23.2427,0,0,0,0,0,0.008,0,0,0,0,0,0,0.045,0.799,0,0,0,0,0.078,0,0,0,0,0,0,0,0,0,0,0,0.063,0,0,0,0,0.005,0,0,0,0,0
SO82_5-2,forcens_lgm,1,59.1862,-30.9048,0,0,0,0,0,0,0,0,0,0,0,0,0.027,0.956,0,0,0,0,0.007,0,0,0,0,0,0,0,0,0,0,0,0.007,0,0,0,0,0.003,0,0,0,0,0
SO82_5-2,forcens_lgm,1.05,59.1862,-30.9048,0,0,0,0,0,0,0,0,0,0,0,0,0.021,0.968,0,0,0,0,0.004,0,0,0,0,0,0,0,0,0,0,0,0.005,0,0,0,0,0.002,0,0,0,0,0
SO82_5-2,forcens_lgm,1.1,59.1862,-30.9048,0,0,0,0,0,0,0,0,0,0,0,0,0.02,0.972,0,0,0,0,0.003,0,0,0,0,0,0,0,0,0,0,0,0.003,0,0,0,0,0.002,0,0,0,0,0
SO82_5-2,forcens_lgm,1.15,59.1862,-30.9048,0,0,0,0,0,0,0,0,0,0,0,0,0.016,0.975,0,0,0,0,0.005,0,0,0,0,0,0,0,0,0,0,0,0.002,0,0,0,0,0.002,0,0,0,0,0
SO82_5-2,forcens_lgm,1.2,59.1862,-30.9048,0,0,0,0,0,0,0,0,0,0,0.001,0,0.015,0.96,0,0,0,0,0.01,0.001,0,0,0,0,0,0,0,0,0,0,0.007,0.003,0,0,0,0.003,0,0,0,0,0
SO82_5-2,forcens_lgm,1.21,59.1862,-30.9048,0,0,0,0,0,0,0,0,0,0,0,0,0.015,0.964,0,0,0,0,0.007,0.001,0,0,0,0,0,0,0,0.001,0,0,0.01,0,0,0,0,0.002,0,0,0,0,0
SO82_5-2,forcens_lgm,1.22,59.1862,-30.9048,0,0,0,0,0,0,0,0,0,0,0,0,0.011,0.972,0,0,0,0,0.01,0.001,0,0,0,0,0,0,0,0,0,0,0.006,0,0,0,0,0,0,0,0,0,0
SO82_5-2,forcens_lgm,1.23,59.1862,-30.9048,0,0,0,0,0,0,0,0,0,0,0,0,0.009,0.958,0,0,0,0,0.014,0.001,0,0,0,0,0,0,0,0.001,0,0,0.016,0,0,0,0,0.001,0,0,0,0,0
SO82_5-2,forcens_lgm,1.24,59.1862,-30.9048,0,0,0,0,0,0,0,0,0,0,0,0,0.009,0.953,0,0,0,0,0.023,0.001,0,0,0,0,0,0,0,0,0,0,0.013,0,0,0,0,0.001,0,0,0,0,0
SO82_5-2,forcens_lgm,1.25,59.1862,-30.9048,0,0,0,0,0,0,0,0,0,0,0,0,0.012,0.951,0,0,0,0,0.015,0,0,0,0,0,0,0,0,0.001,0,0,0.018,0,0,0,0,0.003,0,0,0,0,0
SO82_5-2,forcens_lgm,1.26,59.1862,-30.9048,0,0,0,0,0,0,0,0,0,0,0,0,0.019,0.951,0,0,0,0,0.01,0.001,0,0,0,0,0,0,0,0,0,0,0.015,0,0,0,0,0.004,0,0,0,0,0
SO82_5-2,forcens_lgm,1.27,59.1862,-30.9048,0,0,0,0,0,0,0,0,0,0,0,0,0.011,0.944,0,0,0,0,0.026,0,0,0,0,0,0,0,0,0.002,0,0,0.013,0,0,0,0,0.004,0,0,0,0,0
SO82_5-2,forcens_lgm,1.28,59.1862,-30.9048,0,0,0,0,0,0,0,0,0,0,0,0,0.017,0.946,0,0,0,0,0.015,0,0,0,0,0,0,0,0,0,0,0,0.014,0,0,0,0,0.008,0,0,0,0,0
SO82_5-2,forcens_lgm,1.29,59.1862,-30.9048,0,0,0,0.001,0,0,0,0,0,0,0.009,0,0.044,0.636,0,0,0,0,0.083,0.006,0,0,0,0,0,0,0,0.003,0,0,0.174,0,0,0,0,0.044,0,0,0,0,0
SO82_5-2,forcens_lgm,1.3,59.1862,-30.9048,0,0,0,0,0,0.004,0,0,0,0,0.029,0,0.082,0.367,0,0,0,0,0.229,0.02,0,0,0,0,0,0,0,0.002,0,0,0.234,0,0,0,0,0.033,0.002,0,0,0,0
SO82_5-2,forcens_lgm,1.31,59.1862,-30.9048,0,0,0,0.008,0,0,0,0,0,0,0.019,0,0.074,0.444,0,0,0,0,0.167,0.004,0,0,0,0,0,0,0,0.01,0,0,0.225,0,0,0,0,0.048,0,0,0,0,0
SO82_5-2,forcens_lgm,1.32,59.1862,-30.9048,0,0,0,0,0,0,0,0,0,0,0,0,0.032,0.88,0,0,0,0,0.023,0,0,0,0,0,0,0,0,0,0,0,0.06,0,0,0,0,0.005,0,0,0,0,0
SO82_5-2,forcens_lgm,1.33,59.1862,-30.9048,0,0,0,0,0,0,0,0,0,0,0,0,0.007,0.944,0,0,0,0,0.018,0,0,0,0,0,0,0,0,0,0,0,0.026,0,0,0,0,0.005,0,0,0,0,0
SO82_5-2,forcens_lgm,1.34,59.1862,-30.9048,0,0,0,0,0,0,0,0,0,0,0,0,0.016,0.943,0,0,0,0,0.016,0,0,0,0,0,0,0,0,0.003,0,0,0.019,0,0,0,0,0.003,0,0,0,0,0
SO82_5-2,forcens_lgm,1.35,59.1862,-30.9048,0,0,0,0,0,0,0,0,0,0,0,0,0.018,0.958,0,0,0,0,0.008,0,0,0,0,0,0,0,0,0,0,0,0.013,0,0,0,0,0.003,0,0,0,0,0
BOFS14K,forcens_lgm,0.36,58.6288,-19.4349,0,0,0,0,0,0,0,0,0,0,0,0,0.045,0.865,0,0,0,0,0.024,0,0,0,0,0,0,0,0,0,0,0,0.03,0,0,0,0,0.036,0,0,0,0,0
BOFS14K,forcens_lgm,0.38,58.6288,-19.4349,0,0,0,0,0,0.007,0,0,0,0,0,0,0.052,0.813,0,0,0,0,0.055,0,0,0,0,0,0,0,0,0,0,0,0.044,0,0,0,0,0.029,0,0,0,0,0
BOFS14K,forcens_lgm,0.4,58.6288,-19.4349,0,0,0,0,0,0.007,0,0,0,0,0,0,0.026,0.859,0,0,0,0,0.026,0,0,0,0,0,0,0,0,0,0,0,0.048,0,0,0,0,0.033,0,0,0,0,0
BOFS14K,forcens_lgm,0.42,58.6288,-19.4349,0,0,0,0,0,0.009,0,0,0,0,0,0,0.028,0.838,0,0,0,0,0.05,0,0,0,0,0,0,0,0,0,0,0,0.034,0,0,0,0,0.04,0,0,0,0,0
BOFS14K,forcens_lgm,0.44,58.6288,-19.4349,0,0,0,0,0,0.006,0,0,0,0,0,0,0.027,0.901,0,0,0,0,0.036,0,0,0,0,0,0,0,0,0,0,0,0.012,0,0,0,0,0.018,0,0,0,0,0
BOFS14K,forcens_lgm,0.46,58.6288,-19.4349,0,0,0,0,0,0.012,0,0,0,0,0.006,0,0.034,0.753,0,0,0,0,0.084,0,0,0,0,0,0,0,0,0,0,0,0.084,0,0,0,0,0.025,0,0,0,0,0
HU90-013-013,forcens_lgm,4.78,58.2098,-48.3733,0,0,0,0,0,0,0,0,0,0,0,0,0.007,0.98,0,0,0,0,0.007,0,0,0,0,0,0,0,0,0,0,0,0.007,0,0,0,0,0,0,0,0,0,0
BOFS17K,forcens_lgm,0.74,58.001,-16.5014,0,0,0,0,0,0.006,0,0,0,0,0,0,0.012,0.881,0,0,0,0,0.031,0,0,0,0,0,0,0,0,0,0,0,0.026,0,0,0,0,0.043,0,0,0,0,0
BOFS17K,forcens_lgm,0.76,58.001,-16.5014,0,0,0,0,0,0,0,0,0,0,0,0,0.024,0.902,0,0,0,0,0.014,0,0,0,0,0,0,0,0,0,0,0,0.022,0,0,0,0,0.037,0,0,0,0,0
BOFS17K,forcens_lgm,0.78,58.001,-16.5014,0,0,0,0,0,0.005,0,0,0,0,0,0,0.024,0.902,0,0,0,0,0.026,0,0,0,0,0,0,0,0,0,0,0,0.012,0,0,0,0,0.029,0,0,0,0,0
BOFS17K,forcens_lgm,0.8,58.001,-16.5014,0,0,0,0.002,0,0.002,0,0,0,0,0.002,0,0.037,0.781,0,0,0,0,0.071,0,0,0,0,0,0,0,0,0,0,0,0.045,0,0,0,0,0.059,0,0,0,0,0
BOFS17K,forcens_lgm,0.82,58.001,-16.5014,0,0,0,0,0,0.002,0,0,0,0,0,0,0.019,0.894,0,0,0,0,0.043,0,0,0,0,0,0,0,0,0,0,0,0.027,0,0,0,0,0.016,0,0,0,0,0
BOFS17K,forcens_lgm,0.84,58.001,-16.5014,0,0,0,0,0,0,0,0,0,0,0,0,0.022,0.793,0,0,0,0,0.068,0,0,0,0,0,0,0,0,0,0,0,0.057,0,0,0,0,0.06,0,0,0,0,0
BOFS17K,forcens_lgm,0.86,58.001,-16.5014,0,0,0,0,0,0,0,0,0,0,0,0,0.022,0.802,0,0,0,0,0.084,0,0,0,0,0,0,0,0,0,0,0,0.054,0,0,0,0,0.038,0,0,0,0,0
BOFS17K,forcens_lgm,0.88,58.001,-16.5014,0,0,0,0,0,0.013,0,0,0,0,0,0,0.021,0.766,0,0,0,0,0.091,0,0,0,0,0,0,0,0,0,0,0,0.043,0,0,0,0,0.065,0,0,0,0,0
BOFS17K,forcens_lgm,0.9,58.001,-16.5014,0,0,0,0,0,0.01,0,0,0,0,0,0,0.025,0.78,0,0,0,0,0.127,0,0,0,0,0,0,0,0,0,0,0,0.025,0,0,0,0,0.033,0,0,0,0,0
BOFS17K,forcens_lgm,0.92,58.001,-16.5014,0,0,0,0,0,0.014,0,0,0,0,0,0,0.025,0.642,0,0,0,0,0.185,0,0,0,0,0,0,0,0,0,0,0,0.077,0,0,0,0,0.058,0,0,0,0,0
BOFS17K,forcens_lgm,0.94,58.001,-16.5014,0,0,0,0,0,0.02,0,0,0,0,0.003,0,0.063,0.615,0,0,0,0,0.184,0.01,0,0,0,0,0,0,0,0,0,0,0.05,0,0,0,0,0.054,0,0,0,0,0
BOFS17K,forcens_lgm,0.96,58.001,-16.5014,0,0,0,0,0,0.012,0,0,0,0,0,0,0.028,0.55,0,0,0,0,0.231,0.02,0,0,0,0,0,0,0,0,0,0,0.092,0,0,0,0,0.068,0,0,0,0,0
BOFS17K,forcens_lgm,0.98,58.001,-16.5014,0,0,0,0,0,0.015,0,0,0,0,0.003,0,0.037,0.503,0,0,0,0,0.257,0.02,0,0,0,0,0,0,0,0,0,0,0.087,0,0,0,0,0.079,0,0,0,0,0
BOFS17K,forcens_lgm,1,58.001,-16.5014,0,0,0,0,0,0.003,0,0,0,0,0.01,0,0.04,0.473,0,0,0,0,0.289,0.013,0,0,0,0,0,0,0,0,0,0,0.114,0,0,0,0,0.054,0,0,0,0,0
BOFS17K,forcens_lgm,1.02,58.001,-16.5014,0,0,0,0.002,0,0.009,0,0,0,0,0.007,0,0.038,0.499,0,0,0,0,0.314,0.013,0,0,0,0,0,0,0,0,0,0,0.077,0,0,0,0,0.042,0,0,0,0,0
BOFS17K,forcens_lgm,1.04,58.001,-16.5014,0,0,0,0,0,0.01,0,0,0,0,0.007,0,0.059,0.535,0,0,0,0,0.269,0.01,0,0,0,0,0,0,0,0,0,0,0.07,0,0,0,0,0.035,0,0,0,0,0
GIK17051-3,forcens_lgm,2.1,56.1633,-31.99,0,0,0,0,0,0,0,0,0,0,0,0,0.019,0.919,0,0,0,0,0.007,0,0,0,0,0,0,0,0,0,0,0,0.042,0,0,0,0,0.014,0,0,0,0,0
NA87-22,forcens_lgm,3.8,55.5,-14.5833,0,0,0,0,0,0,0,0,0,0,0,0,0.017,0.892,0,0,0,0,0.017,0,0,0,0,0,0,0,0,0,0,0,0.014,0,0,0,0,0.061,0,0,0,0,0
NA87-22,forcens_lgm,3.9,55.5,-14.5833,0,0,0,0,0,0.004,0,0,0,0,0.004,0,0.004,0.933,0,0,0,0,0.021,0,0,0,0,0,0,0,0,0,0,0,0.007,0,0,0,0,0.028,0,0,0,0,0
NA87-22,forcens_lgm,4,55.5,-14.5833,0,0,0,0,0,0.017,0,0,0,0,0,0,0.006,0.865,0,0,0,0,0.048,0,0,0,0,0,0,0,0,0,0,0,0.044,0,0,0,0,0.021,0,0,0,0,0
NA87-22,forcens_lgm,4.1,55.5,-14.5833,0,0,0,0,0,0.004,0,0,0,0,0,0,0.008,0.906,0,0,0,0,0.03,0,0,0,0,0,0,0,0,0,0,0,0.011,0,0,0,0,0.041,0,0,0,0,0
NA87-22,forcens_lgm,4.2,55.5,-14.5833,0,0,0,0,0,0.006,0,0,0,0,0,0,0.006,0.88,0,0,0,0,0.023,0,0,0,0,0,0,0,0,0,0,0,0.026,0,0,0,0,0.058,0,0,0,0,0
NA87-22,forcens_lgm,4.3,55.5,-14.5833,0,0,0,0,0,0.002,0,0,0,0,0,0,0.006,0.908,0,0,0,0,0.041,0,0,0,0,0,0,0,0,0,0,0,0.03,0,0,0,0,0.013,0,0,0,0,0
NA87-22,forcens_lgm,4.4,55.5,-14.5833,0,0,0,0,0,0.004,0,0,0,0,0,0,0.011,0.933,0,0,0,0,0.022,0,0,0,0,0,0,0,0,0,0,0,0.011,0,0,0,0,0.019,0,0,0,0,0
GIK17050-1,forcens_lgm,3.75,55.47,-27.8883,0,0,0,0,0,0,0,0,0,0,0,0,0.02,0.943,0,0,0,0,0.035,0,0,0,0,0,0,0,0,0,0,0,0.002,0,0,0,0,0,0,0,0,0,0
GIK17050-1,forcens_lgm,3.85,55.47,-27.8883,0,0,0,0,0,0.002,0,0,0,0,0,0,0.025,0.873,0,0,0,0,0.039,0,0,0,0,0,0,0,0,0.003,0,0,0.054,0,0,0,0,0.004,0,0,0,0,0
GIK17050-1,forcens_lgm,3.95,55.47,-27.8883,0,0,0,0,0,0.004,0,0,0,0,0.004,0,0.049,0.726,0,0,0,0,0.154,0,0,0,0,0,0,0,0,0,0,0,0.055,0.002,0,0,0,0.008,0,0,0,0,0
GIK17049-6,forcens_lgm,1.6,55.26,-26.725,0,0,0,0,0,0,0,0,0,0,0,0,0.006,0.981,0,0,0,0,0.002,0,0,0,0,0,0,0,0,0,0,0,0.009,0,0,0,0,0.003,0,0,0,0,0
GIK17049-6,forcens_lgm,1.6,55.26,-26.725,0,0,0,0,0,0,0,0,0,0,0,0,0.011,0.962,0,0,0,0,0.014,0,0,0,0,0,0,0,0,0,0,0,0.012,0.001,0,0,0,0,0,0,0,0,0
GIK23419-8,forcens_lgm,0.4,54.9617,-19.755,0,0,0,0,0,0,0,0,0,0,0.001,0,0.044,0.865,0,0,0,0,0.035,0,0,0,0,0.005,0,0,0,0,0,0,0.016,0.001,0,0,0,0.034,0,0,0,0,0
V23-81,forcens_lgm,2.65,54.25,-16.83,0,0,0,0,0,0.009,0,0,0,0,0,0,0.021,0.823,0,0,0,0,0.039,0,0,0,0,0,0,0,0,0,0,0,0.072,0,0,0,0,0.006,0,0,0,0,0
V23-81,forcens_lgm,2.75,54.25,-16.83,0,0,0,0,0,0.021,0,0,0,0,0,0,0.018,0.866,0,0,0,0,0.023,0,0,0,0,0,0,0,0,0,0,0,0.028,0,0,0,0,0,0,0,0,0,0
V23-81,forcens_lgm,2.85,54.25,-16.83,0,0,0,0,0,0.008,0,0,0,0,0,0,0.02,0.783,0,0,0,0,0.053,0,0,0,0,0,0,0,0,0,0,0,0.101,0,0,0,0,0,0,0,0,0,0
V23-81,forcens_lgm,2.95,54.25,-16.83,0,0,0,0,0,0.006,0,0,0,0,0.003,0,0.02,0.885,0,0,0,0,0.035,0,0,0,0,0,0,0,0,0,0,0,0.04,0,0,0,0,0.003,0,0,0,0,0
SU90-39,forcens_lgm,0.81,52.5667,-21.94,0,0,0,0,0,0,0,0,0,0,0,0,0.004,0.957,0,0,0,0,0.011,0,0,0,0,0,0,0,0,0,0,0,0.022,0,0,0,0,0.007,0,0,0,0,0
SU90-39,forcens_lgm,0.9,52.5667,-21.94,0,0,0,0,0,0,0,0,0,0,0.011,0,0.007,0.907,0,0,0,0,0.011,0,0,0,0,0,0,0,0,0,0,0,0.036,0,0,0,0,0.025,0,0,0,0,0
SU90-39,forcens_lgm,0.99,52.5667,-21.94,0,0,0,0,0,0,0,0,0,0,0,0,0.019,0.916,0,0,0,0,0.025,0,0,0,0,0,0,0,0,0,0,0,0.031,0,0,0,0,0.006,0,0,0,0,0
BOFS8K,forcens_lgm,0.86,52.5033,-22.0623,0,0,0,0.003,0,0,0,0,0,0,0.003,0,0.017,0.952,0,0,0,0,0,0,0,0,0,0,0,0,0,0,0,0,0.011,0,0,0,0,0.014,0,0,0,0,0
BOFS8K,forcens_lgm,0.88,52.5033,-22.0623,0,0,0,0,0,0,0,0,0,0,0,0,0.026,0.93,0,0,0,0,0.029,0,0,0,0,0,0,0,0,0,0,0,0.01,0,0,0,0,0.006,0,0,0,0,0
BOFS8K,forcens_lgm,0.9,52.5033,-22.0623,0,0,0,0,0,0,0,0,0,0,0,0,0.021,0.971,0,0,0,0,0.005,0,0,0,0,0,0,0,0,0,0,0,0,0,0,0,0,0.003,0,0,0,0,0
BOFS8K,forcens_lgm,0.92,52.5033,-22.0623,0,0,0,0,0,0,0,0,0,0,0,0,0.007,0.966,0,0,0,0,0.003,0,0,0,0,0,0,0,0,0,0,0,0.007,0,0,0,0,0.017,0,0,0,0,0
BOFS8K,forcens_lgm,0.94,52.5033,-22.0623,0,0,0,0,0,0,0,0,0,0,0,0,0.013,0.98,0,0,0,0,0,0,0,0,0,0,0,0,0,0,0,0,0.003,0,0,0,0,0.005,0,0,0,0,0
BOFS8K,forcens_lgm,0.96,52.5033,-22.0623,0,0,0,0,0,0,0,0,0,0,0,0,0.017,0.963,0,0,0,0,0.004,0,0,0,0,0,0,0,0,0,0,0,0,0,0,0,0,0.015,0,0,0,0,0
BOFS8K,forcens_lgm,0.98,52.5033,-22.0623,0,0,0,0,0,0,0,0,0,0,0,0,0.007,0.963,0,0,0,0,0.007,0,0,0,0,0,0,0,0,0,0,0,0.012,0,0,0,0,0.007,0,0,0,0,0
BOFS8K,forcens_lgm,1,52.5033,-22.0623,0,0,0,0.007,0,0,0,0,0,0,0,0,0.01,0.961,0,0,0,0,0.007,0,0,0,0,0,0,0,0,0,0,0,0.003,0,0,0,0,0.013,0,0,0,0,0
BOFS8K,forcens_lgm,1.02,52.5033,-22.0623,0,0,0,0.005,0,0,0,0,0,0,0,0,0.008,0.963,0,0,0,0,0.011,0,0,0,0,0,0,0,0,0,0,0,0.011,0,0,0,0,0.003,0,0,0,0,0
BOFS8K,forcens_lgm,1.04,52.5033,-22.0623,0,0,0,0,0,0,0,0,0,0,0,0,0.011,0.954,0,0,0,0,0.007,0,0,0,0,0,0,0,0,0,0,0,0.007,0,0,0,0,0.021,0,0,0,0,0
BOFS8K,forcens_lgm,1.06,52.5033,-22.0623,0,0,0,0.002,0,0,0,0,0,0,0,0,0.019,0.944,0,0,0,0,0.002,0,0,0,0,0,0,0,0,0,0,0,0.023,0,0,0,0,0.009,0,0,0,0,0
BOFS8K,forcens_lgm,1.08,52.5033,-22.0623,0,0,0,0,0,0,0,0,0,0,0,0,0.023,0.939,0,0,0,0,0.014,0,0,0,0,0,0,0,0,0,0,0,0.02,0,0,0,0,0.005,0,0,0,0,0
BOFS8K,forcens_lgm,1.1,52.5033,-22.0623,0,0,0,0,0,0,0,0,0,0,0,0,0.029,0.936,0,0,0,0,0.023,0,0,0,0,0,0,0,0,0,0,0,0.006,0,0,0,0,0.006,0,0,0,0,0
BOFS8K,forcens_lgm,1.12,52.5033,-22.0623,0,0,0,0,0,0,0,0,0,0,0,0,0.016,0.955,0,0,0,0,0.019,0,0,0,0,0,0,0,0,0,0,0,0.006,0,0,0,0,0.003,0,0,0,0,0
BOFS8K,forcens_lgm,1.14,52.5033,-22.0623,0,0,0,0,0,0,0,0,0,0,0,0,0.008,0.953,0,0,0,0,0.024,0,0,0,0,0,0,0,0,0,0,0,0.004,0,0,0,0,0.01,0,0,0,0,0
BOFS8K,forcens_lgm,1.16,52.5033,-22.0623,0,0,0,0,0,0,0,0,0,0,0,0,0.015,0.927,0,0,0,0,0.04,0,0,0,0,0,0,0,0,0,0,0,0.015,0,0,0,0,0.003,0,0,0,0,0
BOFS8K,forcens_lgm,1.18,52.5033,-22.0623,0,0,0,0,0,0,0,0,0,0,0,0,0.008,0.943,0,0,0,0,0.023,0,0,0,0,0,0,0,0,0,0,0,0.019,0,0,0,0,0.008,0,0,0,0,0
BOFS8K,forcens_lgm,1.2,52.5033,-22.0623,0,0,0,0,0,0.006,0,0,0,0,0.018,0,0.012,0.924,0,0,0,0,0.018,0,0,0,0,0,0,0,0,0,0,0,0.018,0,0,0,0,0.003,0,0,0,0,0
GIK17045-3,forcens_lgm,0.95,52.425,-16.665,0,0,0,0,0,0.009,0,0,0,0,0.001,0.005,0.047,0.823,0,0,0,0,0.078,0,0,0,0,0,0,0,0,0,0,0,0.029,0,0,0,0,0.008,0,0,0,0,0
BOFS5K,forcens_lgm,0.78,50.6876,-21.8635,0,0,0,0,0,0.002,0,0,0,0,0,0,0.006,0.975,0,0,0,0,0.008,0,0,0,0,0,0,0,0,0,0,0,0.004,0,0,0,0,0.002,0,0,0,0,0
BOFS5K,forcens_lgm,0.8,50.6876,-21.8635,0,0,0,0,0,0.014,0,0,0,0,0,0,0.02,0.901,0,0,0,0,0.01,0,0,0,0.003,0,0,0,0,0,0,0,0.038,0,0,0,0,0.007,0,0,0,0,0
BOFS5K,forcens_lgm,0.82,50.6876,-21.8635,0,0,0,0,0,0.009,0,0,0,0,0,0,0.009,0.925,0,0,0,0,0.014,0,0,0,0,0,0,0,0,0,0,0,0.027,0,0,0,0,0.017,0,0,0,0,0
BOFS5K,forcens_lgm,0.84,50.6876,-21.8635,0,0,0,0,0,0.005,0,0,0,0,0,0,0.023,0.926,0,0,0,0,0.021,0,0,0,0,0,0,0,0,0,0,0,0.009,0,0,0,0,0.016,0,0,0,0,0
BOFS5K,forcens_lgm,0.86,50.6876,-21.8635,0,0,0,0.01,0,0.007,0,0,0,0,0,0,0,0.951,0,0,0,0,0.007,0,0,0,0.002,0,0,0,0,0,0,0,0.02,0,0,0,0,0.002,0,0,0,0,0
BOFS5K,forcens_lgm,0.88,50.6876,-21.8635,0,0,0,0,0,0.004,0,0,0,0,0,0,0.015,0.948,0,0,0,0,0.017,0,0,0,0.002,0,0,0,0,0,0,0,0.011,0,0,0,0,0.002,0,0,0,0,0
BOFS5K,forcens_lgm,0.9,50.6876,-21.8635,0,0,0,0.004,0,0.015,0,0,0,0,0,0,0.001,0.928,0,0,0,0,0.002,0,0,0,0.004,0,0,0,0,0,0,0,0.026,0,0,0,0,0.022,0,0,0,0,0
BOFS5K,forcens_lgm,0.92,50.6876,-21.8635,0,0,0,0,0,0.009,0,0,0,0,0.002,0,0.019,0.919,0,0,0,0,0.019,0,0,0,0,0,0,0,0,0,0,0,0.026,0,0,0,0,0.005,0,0,0,0,0
BOFS5K,forcens_lgm,0.94,50.6876,-21.8635,0,0,0,0.003,0,0.021,0,0,0,0,0,0,0.003,0.901,0,0,0,0,0.027,0,0,0,0.003,0,0,0,0,0,0,0,0.024,0,0,0,0,0.019,0,0,0,0,0
BOFS5K,forcens_lgm,0.96,50.6876,-21.8635,0,0,0,0.002,0,0.018,0,0,0,0,0,0,0.007,0.897,0,0,0,0,0.033,0,0,0,0,0,0,0,0,0,0,0,0.015,0,0,0,0,0.029,0,0,0,0,0
HU91-045-090,forcens_lgm,3,50.3898,-45.26,0,0,0,0,0,0,0,0,0,0,0,0,0,0.966,0,0,0,0,0.005,0,0,0,0,0,0,0,0,0,0,0,0.024,0,0,0,0,0.005,0,0,0,0,0
HU91-045-090,forcens_lgm,3.1,50.3898,-45.26,0,0,0,0,0,0,0,0,0,0,0.023,0,0.03,0.903,0,0,0,0,0.045,0,0,0,0,0,0,0,0,0,0,0,0,0,0,0,0,0,0,0,0,0,0
HU91-045-090,forcens_lgm,3.19,50.3898,-45.26,0,0,0,0,0,0,0,0,0,0,0,0,0.006,0.99,0,0,0,0,0.003,0,0,0,0,0,0,0,0,0,0,0,0,0,0,0,0,0,0,0,0,0,0
HU91-045-090,forcens_lgm,3.36,50.3898,-45.26,0,0,0,0,0,0,0,0,0,0,0,0,0.015,0.978,0,0,0,0,0,0,0,0,0,0,0,0,0,0,0,0,0.006,0,0,0,0,0,0,0,0,0,0
KN708-1,forcens_lgm,1,50,-23.75,0,0,0,0,0,0,0,0,0,0,0,0,0.016,0.948,0,0,0,0,0.016,0,0,0,0,0,0,0,0,0,0,0,0.016,0,0,0,0,0.003,0,0,0,0,0
GIK17055-1,forcens_lgm,0.8,48.215,-27.0567,0,0,0,0,0,0.001,0,0,0,0,0,0,0.027,0.847,0,0,0,0,0.032,0,0,0,0,0,0,0,0,0,0,0,0.092,0,0,0,0,0,0,0,0,0,0
GIK17055-1,forcens_lgm,0.85,48.215,-27.0567,0,0,0,0,0,0,0,0,0,0,0,0,0,0.785,0,0,0,0,0.013,0,0,0,0,0,0,0,0,0,0,0,0.202,0,0,0,0,0,0,0,0,0,0
GIK15612-2,forcens_lgm,0.53,44.36,-26.5433,0,0,0,0,0,0.026,0,0,0,0,0.018,0,0.091,0.588,0,0,0,0,0.131,0.002,0,0,0.004,0,0,0,0,0,0,0,0.127,0,0,0,0,0.014,0,0,0,0,0
GIK15612-2,forcens_lgm,0.56,44.36,-26.5433,0,0,0,0,0,0.021,0,0,0,0,0.017,0.004,0.069,0.599,0,0,0,0,0.131,0.004,0,0,0.004,0,0,0,0,0.002,0,0,0.138,0,0,0,0,0.01,0,0,0,0,0
GIK15612-2,forcens_lgm,0.6,44.36,-26.5433,0,0,0,0,0,0.024,0,0,0,0,0.04,0,0.061,0.59,0,0,0,0,0.146,0.002,0,0,0.002,0,0,0,0,0,0,0,0.109,0,0,0,0,0.026,0,0,0,0,0
GIK15612-2,forcens_lgm,0.67,44.36,-26.5433,0,0,0,0,0,0.029,0,0,0,0,0.021,0.002,0.067,0.503,0,0,0,0,0.193,0,0,0,0.002,0,0,0,0,0,0,0,0.164,0,0,0,0,0.019,0,0,0,0,0
V29-179,forcens_lgm,0.87,44.017,-24.53,0,0,0,0,0,0.032,0.002,0,0,0,0.087,0.001,0.184,0.405,0,0,0,0,0.178,0,0,0,0.015,0,0,0.003,0,0,0,0,0.032,0,0,0,0,0.059,0,0,0,0,0
V29-179,forcens_lgm,1.01,44.017,-24.53,0,0,0,0,0,0.055,0,0,0,0,0.071,0.002,0.245,0.249,0,0,0,0,0.195,0,0.004,0,0.017,0,0,0.001,0,0.001,0.001,0,0.085,0,0,0,0,0.073,0,0,0,0,0
CH82-24,forcens_lgm,0.68,43.465,-30.66,0,0,0.069,0,0,0,0,0,0,0,0,0,0.024,0.076,0.097,0,0,0,0.341,0.031,0,0,0.017,0,0,0,0,0,0,0,0.2,0.145,0,0,0,0,0,0,0,0,0
MD95-2040,forcens_lgm,3.35,40.5818,-9.8612,0,0,0,0,0,0.101,0.003,0,0,0,0.062,0,0.29,0.09,0,0,0,0,0.087,0.096,0,0,0.003,0,0,0.003,0.001,0.017,0,0,0.104,0,0,0,0,0.136,0,0,0,0,0
MD95-2040,forcens_lgm,3.38,40.5818,-9.8612,0,0,0,0,0,0.098,0.002,0,0,0,0.082,0,0.279,0.07,0,0,0,0,0.098,0.078,0,0,0.002,0,0,0,0.002,0.016,0,0,0.127,0,0,0,0,0.139,0,0,0,0,0
MD95-2040,forcens_lgm,3.41,40.5818,-9.8612,0,0,0,0,0,0.101,0.004,0,0,0,0.094,0,0.341,0.054,0,0,0,0,0.086,0.071,0,0,0.007,0,0,0.004,0,0.021,0,0,0.092,0,0,0,0,0.119,0,0,0,0,0
MD95-2040,forcens_lgm,3.44,40.5818,-9.8612,0,0,0,0,0,0.098,0,0,0,0,0.17,0,0.292,0.043,0,0,0,0,0.082,0.053,0,0,0.006,0,0,0.006,0,0.031,0,0,0.088,0,0,0,0,0.117,0,0,0,0,0
MD95-2040,forcens_lgm,3.47,40.5818,-9.8612,0,0,0,0,0,0.139,0.001,0,0,0,0.117,0,0.338,0.033,0,0,0,0,0.088,0.055,0,0,0.007,0,0.001,0.01,0,0.03,0,0,0.092,0,0,0,0,0.082,0,0,0,0,0
MD95-2040,forcens_lgm,3.5,40.5818,-9.8612,0,0,0,0,0,0.145,0.003,0,0,0,0.094,0,0.285,0.022,0,0,0,0,0.118,0.075,0,0,0.011,0,0,0.005,0,0.03,0,0,0.089,0,0,0,0,0.099,0,0,0,0,0
MD95-2040,forcens_lgm,3.53,40.5818,-9.8612,0,0,0,0,0,0.095,0.002,0,0,0,0.108,0,0.284,0.03,0,0,0,0,0.14,0.058,0,0,0.011,0,0.002,0.021,0,0.041,0,0,0.082,0,0,0,0,0.114,0,0,0,0,0
MD95-2040,forcens_lgm,3.56,40.5818,-9.8612,0,0,0,0,0,0.1,0.004,0,0,0,0.164,0,0.296,0.039,0,0,0,0,0.098,0.027,0,0,0.011,0,0.001,0.01,0,0.031,0,0,0.084,0,0,0,0,0.132,0,0,0,0,0
MD95-2040,forcens_lgm,3.59,40.5818,-9.8612,0,0,0,0,0,0.108,0.002,0,0,0,0.106,0,0.327,0.024,0,0,0,0,0.12,0.066,0,0,0.01,0,0.002,0.008,0.002,0.01,0,0,0.084,0,0,0,0,0.12,0,0,0,0,0
MD95-2040,forcens_lgm,3.62,40.5818,-9.8612,0,0,0,0,0,0.074,0.005,0,0,0,0.126,0,0.279,0.027,0,0,0,0,0.164,0.046,0,0,0.016,0,0.003,0.008,0,0.025,0,0,0.09,0,0,0,0,0.12,0,0,0,0,0
MD95-2040,forcens_lgm,3.65,40.5818,-9.8612,0,0,0,0,0,0.111,0,0,0,0,0.113,0,0.29,0.028,0,0,0,0,0.111,0.048,0,0,0.01,0,0,0.015,0,0.035,0,0,0.088,0,0,0,0,0.141,0,0,0,0,0
MD95-2040,forcens_lgm,3.68,40.5818,-9.8612,0,0,0,0,0,0.112,0.002,0,0,0,0.124,0,0.277,0.035,0,0,0,0,0.161,0.056,0,0,0.019,0,0,0.004,0,0.035,0,0,0.052,0,0,0,0,0.114,0,0,0,0,0
MD95-2040,forcens_lgm,3.71,40.5818,-9.8612,0,0,0,0,0,0.076,0,0,0,0,0.136,0,0.311,0.018,0,0,0,0,0.18,0.052,0,0,0.026,0,0,0.01,0,0.008,0,0,0.07,0,0,0,0,0.094,0,0,0,0,0
MD95-2040,forcens_lgm,3.74,40.5818,-9.8612,0,0,0,0,0,0.072,0,0,0,0,0.123,0,0.32,0.035,0,0,0,0,0.114,0.053,0,0,0.032,0,0,0.005,0,0.019,0,0,0.102,0,0,0,0,0.114,0,0,0,0,0
MD95-2040,forcens_lgm,3.77,40.5818,-9.8612,0,0,0,0,0,0.085,0.002,0,0,0,0.157,0,0.319,0.045,0,0,0,0,0.126,0.065,0,0,0.016,0,0.002,0.012,0.002,0.012,0,0,0.073,0,0,0,0,0.073,0,0,0,0,0
MD95-2040,forcens_lgm,3.8,40.5818,-9.8612,0,0,0,0,0,0.08,0,0,0,0,0.12,0,0.285,0.034,0,0,0,0,0.15,0.071,0,0,0.021,0,0,0.009,0,0.018,0,0,0.104,0,0,0,0,0.09,0,0,0,0,0
MD95-2040,forcens_lgm,3.83,40.5818,-9.8612,0,0,0,0,0,0.088,0,0,0,0,0.155,0,0.256,0.05,0,0,0,0,0.147,0.051,0,0,0.03,0,0,0.006,0.003,0.018,0,0,0.075,0,0,0,0,0.099,0,0,0,0,0
MD95-2040,forcens_lgm,3.86,40.5818,-9.8612,0,0,0,0,0,0.128,0,0,0,0,0.117,0,0.238,0.061,0,0,0,0,0.14,0.051,0,0,0.007,0,0,0.007,0,0.012,0,0,0.133,0,0,0,0,0.103,0,0,0,0,0
MD95-2040,forcens_lgm,3.89,40.5818,-9.8612,0,0,0,0,0,0.059,0,0,0,0,0.12,0,0.304,0.054,0,0,0,0,0.157,0.059,0,0,0.026,0,0,0.01,0,0.014,0,0,0.087,0,0,0,0,0.095,0,0,0,0,0
MD95-2040,forcens_lgm,3.92,40.5818,-9.8612,0,0,0,0,0,0.066,0.002,0,0,0,0.12,0,0.31,0.067,0,0,0,0,0.118,0.072,0,0,0.015,0,0,0.01,0,0.012,0,0,0.089,0,0,0,0,0.114,0,0,0,0,0
MD95-2040,forcens_lgm,3.95,40.5818,-9.8612,0,0,0,0,0,0.056,0,0,0,0,0.205,0,0.289,0.065,0,0,0,0,0.136,0.073,0,0,0.024,0,0,0.013,0,0.006,0,0,0.05,0,0.002,0,0,0.067,0,0,0,0,0
MD95-2040,forcens_lgm,3.98,40.5818,-9.8612,0,0,0,0,0,0.064,0,0,0,0,0.173,0,0.244,0.076,0,0,0,0,0.125,0.089,0,0,0.036,0,0,0.008,0,0.01,0,0,0.102,0,0,0,0,0.059,0,0,0,0,0
MD95-2040,forcens_lgm,4.01,40.5818,-9.8612,0,0,0,0,0,0.077,0,0,0,0,0.095,0,0.262,0.03,0,0,0,0,0.265,0.089,0,0,0.018,0,0,0.009,0.003,0.012,0,0,0.036,0,0,0,0,0.095,0,0,0,0,0
MD95-2040,forcens_lgm,4.04,40.5818,-9.8612,0,0,0,0,0,0.093,0,0,0,0,0.114,0,0.343,0.057,0,0,0,0,0.118,0.043,0,0.001,0.021,0,0,0.007,0,0.006,0,0,0.089,0,0,0,0,0.1,0,0,0,0,0
MD95-2040,forcens_lgm,4.07,40.5818,-9.8612,0,0,0,0,0,0.097,0.002,0,0,0,0.117,0,0.344,0.035,0,0,0,0,0.165,0.047,0,0,0.01,0,0,0.014,0,0.01,0,0,0.06,0,0,0,0,0.087,0,0,0,0,0
MD95-2040,forcens_lgm,4.1,40.5818,-9.8612,0,0,0,0,0,0.079,0.002,0,0,0,0.084,0,0.322,0.038,0,0,0,0,0.183,0.048,0,0,0.007,0,0,0.012,0.005,0.01,0,0,0.087,0,0,0,0,0.108,0,0,0,0,0
MD95-2040,forcens_lgm,4.13,40.5818,-9.8612,0,0,0,0,0,0.052,0.002,0,0,0,0.097,0,0.375,0.018,0,0,0,0,0.187,0.036,0,0,0.007,0,0,0.004,0.002,0.011,0,0,0.076,0,0,0,0,0.121,0,0,0,0,0
MD95-2040,forcens_lgm,4.16,40.5818,-9.8612,0,0,0,0,0,0.079,0,0,0,0,0.076,0,0.389,0.023,0,0,0,0,0.159,0.036,0,0,0.015,0,0,0.006,0,0.008,0,0,0.091,0,0,0,0,0.104,0.002,0,0,0,0
MD95-2040,forcens_lgm,4.19,40.5818,-9.8612,0,0,0,0,0,0.051,0,0,0,0,0.111,0,0.309,0.016,0,0,0,0,0.236,0.048,0,0,0.025,0,0,0.01,0,0.013,0,0,0.089,0,0,0,0,0.083,0,0,0,0,0
MD95-2040,forcens_lgm,4.22,40.5818,-9.8612,0,0,0,0,0,0.051,0.002,0,0,0,0.088,0,0.357,0.029,0,0,0,0,0.164,0.07,0,0,0.01,0,0,0.016,0,0.021,0,0,0.111,0,0,0,0,0.074,0,0,0,0,0
MD95-2040,forcens_lgm,4.25,40.5818,-9.8612,0,0,0,0,0,0.06,0.003,0,0,0,0.112,0,0.332,0.03,0,0,0,0,0.134,0.03,0,0,0.011,0,0.003,0.014,0.003,0.005,0,0,0.163,0,0,0,0,0.098,0,0,0,0,0
MD95-2040,forcens_lgm,4.28,40.5818,-9.8612,0,0,0,0,0,0.06,0,0,0,0,0.099,0,0.388,0.025,0,0,0,0,0.142,0.058,0,0,0.014,0,0,0.004,0.002,0.014,0,0,0.107,0,0,0,0,0.074,0,0,0,0,0
MD95-2040,forcens_lgm,4.31,40.5818,-9.8612,0,0,0,0,0,0.08,0,0,0,0,0.044,0,0.32,0.015,0,0,0,0,0.156,0.055,0,0,0.058,0,0,0.011,0.004,0.011,0,0,0.155,0.002,0,0,0,0.089,0,0,0,0,0
MD95-2040,forcens_lgm,4.34,40.5818,-9.8612,0,0,0,0,0,0.057,0.002,0,0,0,0.076,0,0.395,0.016,0,0,0,0,0.131,0.012,0,0,0.003,0.001,0,0.007,0,0.005,0,0,0.087,0,0.001,0,0,0.207,0,0,0,0,0
MD95-2040,forcens_lgm,4.37,40.5818,-9.8612,0,0,0,0,0,0.108,0,0,0,0,0.062,0,0.382,0.007,0,0,0,0,0.144,0.075,0,0,0.016,0,0,0.007,0,0.007,0,0,0.078,0,0,0,0,0.111,0,0,0,0,0
MD95-2040,forcens_lgm,4.4,40.5818,-9.8612,0,0,0,0,0,0.079,0,0,0,0,0.066,0,0.434,0.016,0,0,0,0,0.142,0.03,0,0,0.021,0,0,0.007,0,0.007,0,0,0.086,0,0,0,0,0.112,0,0,0,0,0
MD95-2040,forcens_lgm,4.43,40.5818,-9.8612,0,0,0,0,0,0.092,0,0,0,0,0.063,0,0.359,0.012,0,0,0,0,0.12,0.047,0,0,0.016,0,0,0.004,0,0.007,0,0,0.125,0,0.001,0,0,0.155,0,0,0,0,0
MD95-2040,forcens_lgm,4.46,40.5818,-9.8612,0,0,0,0,0,0.12,0.001,0,0,0,0.065,0,0.367,0.016,0,0,0,0,0.139,0.032,0,0,0.011,0,0,0.007,0,0.011,0,0,0.101,0,0.001,0,0,0.126,0,0,0,0,0
MD95-2040,forcens_lgm,4.49,40.5818,-9.8612,0,0,0,0,0,0.092,0,0,0,0,0.078,0,0.359,0.018,0,0,0,0,0.12,0.04,0.003,0,0.024,0,0,0.004,0,0.013,0,0,0.11,0,0,0,0,0.134,0,0,0,0,0
MD95-2040,forcens_lgm,4.52,40.5818,-9.8612,0,0,0,0,0,0.08,0,0,0,0,0.05,0,0.48,0.026,0,0,0,0,0.138,0.018,0.005,0,0.004,0,0,0.006,0.002,0.009,0,0,0.083,0,0.001,0,0,0.094,0,0,0,0,0
MD95-2040,forcens_lgm,4.55,40.5818,-9.8612,0,0,0,0,0,0.062,0,0,0,0,0.075,0,0.356,0.042,0,0,0,0,0.176,0.05,0.003,0,0.008,0,0,0.006,0.002,0.006,0,0,0.101,0,0.002,0,0,0.112,0,0,0,0,0
MD95-2040,forcens_lgm,4.58,40.5818,-9.8612,0,0,0,0,0,0.073,0.002,0,0,0,0.067,0,0.353,0.056,0,0,0,0,0.1,0.079,0,0,0.015,0,0,0.006,0,0.008,0,0,0.123,0,0,0,0,0.112,0,0,0,0,0
MD95-2039,forcens_lgm,3.6,40.5785,-10.3485,0,0,0,0,0,0.159,0,0,0,0,0.074,0,0.234,0.005,0,0,0,0,0.197,0.039,0,0,0.01,0,0,0.005,0,0.011,0,0,0.117,0,0,0,0,0.148,0,0,0,0,0
MD95-2039,forcens_lgm,3.7,40.5785,-10.3485,0,0,0,0,0,0.093,0.001,0,0,0,0.082,0,0.217,0.017,0,0,0,0,0.261,0.051,0,0,0.012,0,0.001,0.01,0,0.007,0,0,0.135,0,0,0,0,0.114,0,0,0,0,0
MD95-2039,forcens_lgm,3.8,40.5785,-10.3485,0,0,0,0,0,0.078,0,0,0,0,0.055,0,0.232,0.017,0,0,0,0,0.245,0.071,0,0,0.028,0,0,0.005,0,0.01,0,0,0.132,0,0,0,0,0.126,0,0,0,0,0
MD95-2039,forcens_lgm,3.9,40.5785,-10.3485,0,0,0,0,0,0.101,0.003,0,0,0,0.101,0,0.238,0.014,0,0,0,0,0.149,0.059,0,0,0.034,0,0,0.006,0,0.014,0,0,0.182,0,0,0,0,0.101,0,0,0,0,0
MD95-2039,forcens_lgm,4,40.5785,-10.3485,0,0,0,0,0,0.116,0,0,0,0,0.134,0,0.243,0.029,0,0,0,0,0.212,0.009,0,0,0.007,0,0,0,0.002,0.007,0,0,0.118,0,0,0,0,0.122,0,0,0,0,0
SU90-03,forcens_lgm,0.97,40.505,-32.0533,0,0,0,0,0,0.095,0,0,0,0,0.155,0,0.259,0.035,0,0,0,0,0.218,0.006,0,0,0.022,0,0,0,0,0,0,0,0.066,0,0,0,0,0.132,0,0,0,0,0
SU90-03,forcens_lgm,0.98,40.505,-32.0533,0,0,0,0,0,0.04,0,0,0,0,0.18,0,0.305,0.011,0,0,0,0,0.239,0.011,0,0,0.033,0,0,0,0,0,0,0,0.055,0,0,0,0,0.125,0,0,0,0,0
SU90-03,forcens_lgm,1,40.505,-32.0533,0,0,0,0,0,0.087,0.006,0,0,0,0.153,0,0.283,0.023,0,0,0,0,0.162,0.015,0,0,0.023,0,0,0.003,0,0,0,0,0.081,0,0,0,0,0.153,0,0,0,0,0
SU90-03,forcens_lgm,1.02,40.505,-32.0533,0,0,0,0,0,0.102,0.002,0,0,0,0.195,0,0.276,0.013,0,0,0,0,0.141,0.011,0,0,0.024,0,0,0.002,0,0,0,0,0.086,0,0,0,0,0.135,0,0,0,0,0
SU90-03,forcens_lgm,1.04,40.505,-32.0533,0,0,0,0,0,0.099,0,0,0,0,0.126,0,0.29,0.03,0,0,0,0,0.144,0.015,0,0,0.04,0,0,0,0,0,0,0,0.119,0,0.003,0,0,0.121,0,0,0,0,0
SU90-03,forcens_lgm,1.06,40.505,-32.0533,0,0,0,0,0,0.085,0.005,0,0,0,0.158,0.005,0.268,0.014,0,0,0,0,0.208,0.028,0,0,0.03,0,0,0.005,0,0,0,0,0.076,0,0,0,0,0.119,0,0,0,0,0
SU90-03,forcens_lgm,1.07,40.505,-32.0533,0,0,0,0,0,0.079,0,0,0,0,0.13,0,0.272,0.019,0,0,0,0,0.212,0.016,0,0,0.028,0,0,0,0,0,0,0,0.067,0,0,0,0,0.167,0,0,0,0,0
SU90-03,forcens_lgm,1.08,40.505,-32.0533,0,0,0,0,0,0.112,0.005,0,0,0,0.17,0.002,0.229,0.011,0,0,0,0,0.206,0.014,0,0,0.034,0,0,0,0,0,0,0,0.089,0,0,0,0,0.124,0,0,0,0,0
SU90-03,forcens_lgm,1.1,40.505,-32.0533,0,0,0,0.002,0,0.106,0,0,0,0,0.146,0,0.235,0.025,0,0,0,0,0.254,0.021,0,0,0.032,0,0,0.002,0,0,0,0,0.057,0,0,0,0,0.11,0,0,0,0,0
SU90-03,forcens_lgm,1.12,40.505,-32.0533,0,0,0,0,0,0.086,0.007,0,0,0,0.168,0,0.268,0.017,0,0,0,0,0.218,0.026,0,0,0.031,0,0,0.005,0,0,0,0,0.062,0,0,0,0,0.108,0,0,0,0,0
KF16,forcens_lgm,6,37.999,-31.1283,0,0,0,0,0,0.098,0.005,0,0,0,0.155,0.038,0.197,0.009,0,0,0,0,0.268,0.002,0,0.001,0.019,0,0.002,0.002,0,0.004,0.035,0,0.054,0,0.003,0,0,0.104,0,0,0,0,0
SU81-18,forcens_lgm,3.8,37.767,-10.183,0,0,0,0,0,0.127,0.003,0,0,0,0.118,0,0.341,0.01,0,0,0,0,0.111,0,0,0,0.003,0,0,0.013,0,0.022,0,0,0.07,0,0,0,0,0.182,0,0,0,0,0
SU81-18,forcens_lgm,3.9,37.767,-10.183,0,0,0,0,0,0.075,0.012,0,0,0,0.135,0,0.357,0.003,0,0,0,0,0.262,0,0,0,0.055,0,0,0.012,0,0.012,0,0,0.009,0,0,0,0,0.069,0,0,0,0,0
SU81-18,forcens_lgm,4,37.767,-10.183,0,0,0,0,0,0.01,0,0,0,0,0.059,0,0.276,0.003,0,0,0,0,0.36,0,0,0,0.059,0,0,0.007,0,0.01,0,0,0.066,0,0,0,0,0.147,0,0,0,0,0
SU81-18,forcens_lgm,4.1,37.767,-10.183,0,0,0,0,0,0.076,0.006,0,0,0,0.211,0,0.363,0.006,0,0,0,0,0.146,0,0,0,0.113,0,0,0,0,0.006,0,0,0.011,0,0,0,0,0.062,0,0,0,0,0
SU81-18,forcens_lgm,4.2,37.767,-10.183,0,0,0,0,0,0.019,0.013,0,0,0,0.23,0,0.285,0.006,0,0,0,0,0.207,0,0,0,0.084,0,0,0.01,0.003,0.003,0,0,0.039,0,0.003,0,0,0.097,0,0,0,0,0
SU81-18,forcens_lgm,4.3,37.767,-10.183,0,0,0,0,0,0.122,0.003,0,0,0,0.16,0,0.298,0.006,0,0,0,0,0.17,0.006,0,0,0.064,0,0,0.01,0,0,0,0,0.067,0,0,0,0,0.093,0,0,0,0,0
SU81-18,forcens_lgm,4.4,37.767,-10.183,0,0,0,0,0,0.053,0,0,0,0,0.164,0,0.302,0.004,0,0,0,0,0.248,0,0,0,0.05,0,0,0.027,0,0.011,0,0,0.031,0,0,0,0,0.111,0,0,0,0,0
SU81-18,forcens_lgm,4.5,37.767,-10.183,0,0,0,0,0,0.062,0.008,0,0,0,0.059,0,0.357,0.003,0,0,0,0,0.244,0.02,0,0,0.023,0,0,0.008,0,0.008,0,0,0.065,0,0.003,0,0,0.139,0,0,0,0,0
SU81-18,forcens_lgm,4.7,37.767,-10.183,0,0,0,0,0,0.107,0.011,0,0,0,0.059,0,0.452,0,0,0,0,0,0.17,0,0,0,0.07,0,0,0.004,0,0,0,0,0.022,0,0.007,0,0,0.096,0,0,0,0,0
SU81-18,forcens_lgm,4.8,37.767,-10.183,0,0,0,0,0,0.087,0.006,0,0,0,0.04,0,0.469,0.006,0,0,0,0,0.143,0,0,0,0.034,0,0,0.009,0,0.003,0,0,0.093,0,0.006,0,0,0.102,0,0,0,0,0
SU81-18,forcens_lgm,4.9,37.767,-10.183,0,0,0,0,0,0.031,0.007,0,0,0,0.073,0,0.458,0.007,0,0,0,0,0.281,0,0,0,0.038,0,0,0.014,0,0,0,0,0.021,0,0,0,0,0.069,0,0,0,0,0
SU81-18,forcens_lgm,5,37.767,-10.183,0,0,0,0.006,0,0.026,0.009,0,0,0,0.08,0,0.333,0.037,0,0,0,0,0.233,0,0,0,0.043,0,0,0.009,0,0.003,0,0,0.089,0,0,0,0,0.132,0,0,0,0,0
SU81-18,forcens_lgm,5.1,37.767,-10.183,0,0,0,0,0,0.039,0,0,0,0,0.011,0,0.234,0.068,0,0,0,0,0.421,0,0,0,0.005,0,0,0.005,0,0,0,0,0.15,0,0,0,0,0.066,0,0,0,0,0
SU81-18,forcens_lgm,5.2,37.767,-10.183,0,0,0,0,0,0.007,0,0,0,0,0,0,0.03,0.103,0,0,0,0,0.452,0,0,0,0,0,0,0,0,0,0,0,0.355,0,0,0,0,0.053,0,0,0,0,0
SU81-18,forcens_lgm,5.3,37.767,-10.183,0,0,0,0,0,0.087,0,0,0,0,0.081,0,0.224,0.014,0,0,0,0,0.364,0.003,0,0,0.003,0,0,0.014,0,0.008,0,0,0.014,0,0,0,0,0.188,0,0,0,0,0
KF13,forcens_lgm,1.8,37.5783,-31.8422,0,0,0,0.003,0,0.125,0.006,0,0,0,0.175,0.043,0.158,0.009,0,0,0,0,0.216,0.003,0.008,0.001,0.051,0,0.004,0.005,0,0.009,0.004,0,0.032,0.003,0,0,0.001,0.128,0,0,0,0,0
KF13,forcens_lgm,1.9,37.5783,-31.8422,0,0,0,0,0,0.174,0.005,0,0,0,0.191,0.047,0.121,0.005,0,0,0,0,0.177,0.005,0.012,0.003,0.055,0.001,0.005,0.002,0.001,0.009,0.007,0,0.023,0,0.003,0,0,0.144,0,0,0,0,0
KF09,forcens_lgm,2.6,37.1113,-32.2868,0,0,0,0,0,0.121,0.007,0,0,0,0.248,0.039,0.139,0,0,0,0,0,0.21,0.002,0,0.002,0.066,0,0,0.007,0,0.011,0.014,0,0.023,0,0.005,0,0,0.098,0,0,0,0,0
KF09,forcens_lgm,2.9,37.1113,-32.2868,0,0,0,0,0,0.109,0.006,0,0,0,0.248,0.054,0.118,0.012,0,0,0,0,0.196,0.003,0,0,0.073,0,0,0.006,0,0.027,0.003,0,0.006,0,0,0,0,0.136,0,0,0,0,0
KF09,forcens_lgm,3.1,37.1113,-32.2868,0,0,0,0.001,0,0.133,0,0,0,0,0.233,0.043,0.103,0.01,0,0,0,0,0.184,0,0.017,0,0.076,0.003,0.008,0.006,0.001,0.014,0,0,0.017,0,0,0,0,0.132,0.001,0,0,0,0
SU92-21,forcens_lgm,0.8,36.5117,-23.7367,0,0,0,0,0,0.004,0.018,0,0,0,0.469,0.046,0.246,0.013,0,0,0,0,0.04,0.018,0.004,0,0.055,0,0,0.014,0,0.007,0.009,0,0.009,0,0,0,0,0.048,0,0,0,0,0
SU92-21,forcens_lgm,0.85,36.5117,-23.7367,0,0,0,0,0,0.04,0.007,0,0,0,0.281,0.045,0.307,0,0,0,0,0,0.096,0.032,0.008,0,0.043,0,0.008,0.014,0,0.011,0.001,0,0.005,0,0.005,0,0,0.096,0,0,0,0,0
GIK15669-1,forcens_lgm,0.7,34.8917,-7.815,0,0,0,0,0,0.07,0.021,0,0,0,0.143,0.073,0.241,0,0,0,0,0,0.192,0.006,0.002,0,0.023,0,0.006,0.018,0.006,0.032,0.016,0,0.012,0,0,0,0,0.132,0,0,0,0,0
GIK15669-1,forcens_lgm,0.75,34.8917,-7.815,0,0,0.002,0,0,0.08,0.025,0,0,0,0.172,0.092,0.095,0.003,0,0,0,0,0.264,0.003,0.004,0,0.041,0,0.006,0.023,0.006,0.052,0.013,0,0.006,0,0,0,0,0.102,0,0,0,0,0
GIK15669-1,forcens_lgm,0.8,34.8917,-7.815,0,0,0.002,0,0,0.086,0.032,0,0,0,0.176,0.181,0.123,0.002,0,0,0,0,0.127,0.005,0.001,0,0.093,0,0,0.02,0.003,0.05,0.018,0,0.01,0,0,0,0,0.07,0,0,0,0,0
GIK15669-1,forcens_lgm,0.85,34.8917,-7.815,0,0,0.001,0,0,0.096,0.017,0,0,0,0.213,0.077,0.082,0.001,0,0,0,0,0.17,0.023,0.001,0,0.127,0.001,0.01,0.009,0,0.038,0.028,0,0.015,0,0,0,0,0.072,0,0,0,0,0
GIK15669-1,forcens_lgm,0.9,34.8917,-7.815,0,0,0,0,0,0.068,0.025,0,0,0,0.154,0.097,0.096,0,0,0,0,0,0.296,0,0.001,0,0.092,0,0.004,0.014,0,0.05,0.017,0,0,0,0,0,0,0.069,0,0,0,0,0
V17-165,forcens_lgm,0.35,32.75,-41.9,0,0,0.005,0.013,0,0.082,0.029,0,0,0,0.213,0.027,0.053,0,0,0,0,0,0.147,0.021,0.007,0.003,0.209,0.012,0.012,0.008,0.001,0.024,0.028,0,0,0.007,0.003,0,0,0.094,0,0,0,0,0
V17-165,forcens_lgm,0.45,32.75,-41.9,0,0,0.004,0.004,0,0.073,0.033,0.001,0,0,0.252,0.027,0.07,0,0,0,0,0,0.153,0.011,0.005,0.01,0.198,0.009,0.002,0.004,0.003,0.028,0.019,0,0,0.004,0,0,0,0.079,0,0,0,0,0
V17-165,forcens_lgm,0.54,32.75,-41.9,0,0,0.007,0.002,0,0.009,0.016,0,0,0,0.214,0.047,0.09,0,0,0,0,0,0.147,0.029,0.009,0.002,0.262,0.013,0,0.007,0,0.018,0.023,0,0,0.002,0,0,0,0.074,0,0,0,0,0
V17-165,forcens_lgm,0.58,32.75,-41.9,0,0,0.006,0.004,0,0.045,0.016,0,0,0,0.183,0.024,0.126,0,0,0,0,0,0.2,0.033,0.002,0.01,0.226,0.014,0,0.004,0.004,0.01,0.016,0,0,0.002,0,0,0,0.069,0,0,0,0,0
GIK15627-3,forcens_lgm,0.2,29.1667,-12.0867,0,0,0,0,0,0.043,0.014,0,0,0,0.056,0.146,0.202,0.003,0,0,0,0,0.362,0.002,0,0,0.023,0,0.002,0.004,0.007,0.005,0.009,0,0.038,0,0,0,0,0.048,0,0,0,0,0
GIK15627-3,forcens_lgm,0.23,29.1667,-12.0867,0,0,0.008,0.031,0,0.021,0.11,0,0,0,0.086,0.042,0,0,0,0,0,0,0.363,0.016,0.003,0.026,0.076,0.081,0.01,0.008,0,0.008,0.013,0,0.01,0.021,0,0,0,0.063,0,0,0,0,0
GIK15627-3,forcens_lgm,0.24,29.1667,-12.0867,0,0,0,0,0,0.012,0.01,0,0,0,0.044,0.07,0.263,0.006,0,0,0,0,0.404,0.002,0.002,0,0.065,0,0.004,0.007,0,0.018,0.001,0,0.016,0,0,0,0,0.068,0,0,0,0,0
GIK15627-3,forcens_lgm,0.3,29.1667,-12.0867,0,0,0.001,0,0,0.032,0.015,0,0,0,0.056,0.138,0.153,0.002,0,0,0,0,0.385,0.004,0,0,0.035,0,0.009,0.005,0.002,0.009,0.002,0,0.06,0,0,0,0,0.075,0,0,0,0,0
GIK15627-3,forcens_lgm,0.34,29.1667,-12.0867,0,0,0,0,0,0.024,0.007,0,0,0,0.048,0.116,0.265,0,0,0,0,0,0.34,0.002,0,0.002,0.046,0.002,0,0.002,0.002,0.008,0.012,0,0.031,0,0,0,0,0.064,0,0,0,0,0
GIK15637-1,forcens_lgm,0.51,27.005,-18.9867,0,0,0.002,0,0,0.023,0.07,0,0,0,0.109,0.151,0.188,0.003,0,0,0,0,0.188,0.037,0,0,0.062,0.004,0,0.02,0.013,0.042,0.027,0,0.003,0.003,0,0,0,0.05,0,0,0,0,0
GIK15637-1,forcens_lgm,0.52,27.005,-18.9867,0,0,0,0,0,0.035,0.033,0,0,0,0.089,0.225,0.227,0.004,0,0,0,0,0.161,0.035,0,0,0.078,0,0.004,0.018,0.002,0.025,0.008,0,0,0,0.004,0,0,0.048,0,0,0,0,0
GIK15637-1,forcens_lgm,0.54,27.005,-18.9867,0,0,0,0,0,0.026,0.05,0,0,0,0.14,0.19,0.163,0.002,0,0,0,0,0.122,0.048,0,0,0.079,0.004,0.007,0.019,0.002,0.031,0.02,0,0.009,0.004,0.002,0,0,0.074,0,0,0,0,0
GIK15637-1,forcens_lgm,0.56,27.005,-18.9867,0,0,0,0,0,0.004,0.057,0,0,0,0.091,0.182,0.201,0.004,0,0,0,0,0.157,0.074,0,0.002,0.074,0.002,0,0.013,0.014,0.036,0.023,0,0.011,0,0,0,0,0.049,0,0,0,0,0
GIK15637-1,forcens_lgm,0.57,27.005,-18.9867,0,0,0.002,0,0,0.01,0.041,0,0,0,0.115,0.192,0.226,0.003,0,0,0,0,0.143,0.055,0,0,0.076,0.003,0.006,0.019,0.002,0.034,0.016,0,0.006,0,0,0,0,0.052,0,0,0,0,0
GIK12309-2,forcens_lgm,1.62,26.8383,-15.11,0,0,0,0,0,0.017,0,0,0,0,0.042,0.182,0.316,0,0,0,0,0,0.289,0,0,0,0.024,0,0.003,0.005,0.003,0.008,0,0,0.026,0,0,0,0,0.062,0.001,0,0,0,0
GIK12309-2,forcens_lgm,1.73,26.8383,-15.11,0,0,0,0,0,0.015,0,0,0,0,0.051,0.143,0.26,0,0,0,0,0,0.364,0,0,0,0.041,0,0,0.017,0,0.007,0,0,0.045,0,0,0,0,0.039,0.001,0,0,0,0
GIK12309-2,forcens_lgm,1.82,26.8383,-15.11,0,0,0,0,0,0.005,0,0,0,0,0.036,0.153,0.327,0,0,0,0,0,0.303,0,0,0,0.042,0,0,0.007,0.002,0.01,0,0,0.047,0,0,0,0,0.058,0,0,0,0,0
GIK12392-1,forcens_lgm,1.12,25.1717,-16.845,0,0,0,0,0,0.007,0.003,0,0,0,0.043,0.108,0.376,0,0,0,0,0,0.369,0,0,0,0.007,0,0,0.005,0.001,0.007,0,0,0.047,0,0,0,0,0.022,0,0,0,0,0
GIK12392-1,forcens_lgm,1.22,25.1717,-16.845,0,0,0,0.001,0,0.007,0.005,0,0,0,0.04,0.145,0.352,0,0,0,0,0,0.347,0,0,0,0.017,0.001,0.001,0.002,0,0.01,0,0,0.037,0.001,0.002,0,0,0.025,0,0,0,0,0
GIK12392-1,forcens_lgm,1.32,25.1717,-16.845,0,0,0,0,0,0.008,0.002,0,0,0,0.046,0.105,0.302,0,0,0,0,0,0.465,0,0,0,0.018,0.003,0,0.002,0.001,0.002,0,0,0.032,0,0,0,0,0.005,0,0,0,0,0
GIK12392-1,forcens_lgm,1.42,25.1717,-16.845,0,0,0,0,0,0.003,0.001,0,0,0,0.071,0.122,0.339,0,0,0,0,0,0.378,0,0,0,0.014,0,0.001,0.001,0,0.004,0,0,0.035,0,0.002,0,0,0.02,0,0,0,0,0
GIK12310-4,forcens_lgm,1.11,23.4983,-18.7167,0,0,0.002,0,0,0.005,0.013,0,0,0,0.085,0.097,0.389,0,0,0,0,0,0.344,0,0,0,0.025,0.003,0.002,0.003,0,0.005,0,0,0.01,0,0,0,0,0.018,0,0,0,0,0
GIK12310-4,forcens_lgm,1.22,23.4983,-18.7167,0,0,0.002,0,0,0.002,0.002,0,0,0,0.124,0.097,0.41,0,0,0,0,0,0.29,0,0,0.002,0.026,0.002,0,0.004,0.002,0.006,0,0,0.012,0,0,0,0,0.02,0,0,0,0,0
GIK12379-1,forcens_lgm,2.33,23.135,-17.745,0,0,0,0,0,0.003,0.004,0,0,0,0.071,0.15,0.338,0,0,0,0,0,0.359,0,0,0,0.011,0.002,0.002,0.002,0,0.004,0,0,0.029,0,0,0,0,0.019,0,0,0,0,0
GIK12379-1,forcens_lgm,2.42,23.135,-17.745,0,0,0,0,0,0.002,0,0,0,0,0.1,0.15,0.315,0,0,0,0,0,0.371,0,0,0.001,0.017,0.001,0.001,0.006,0,0.003,0,0,0.013,0,0,0,0,0.014,0,0,0,0,0
GIK12379-1,forcens_lgm,2.52,23.135,-17.745,0,0,0,0,0,0.008,0.002,0,0,0,0.082,0.105,0.281,0,0,0,0,0,0.438,0,0,0,0.015,0.002,0.002,0.004,0,0.004,0,0,0.012,0,0,0,0,0.039,0,0,0,0,0
GIK12379-1,forcens_lgm,2.63,23.135,-17.745,0,0,0,0,0,0,0.004,0,0,0,0.093,0.113,0.458,0,0,0,0,0,0.25,0,0,0.002,0.014,0.001,0.001,0.004,0.001,0.005,0,0,0.01,0,0,0,0,0.036,0,0,0,0,0
GIK12379-1,forcens_lgm,2.73,23.135,-17.745,0,0,0,0,0,0.005,0.001,0,0,0,0.066,0.09,0.292,0,0.001,0,0,0,0.412,0,0.001,0.002,0.013,0.008,0,0.003,0,0.004,0,0,0.038,0,0.002,0,0,0.058,0,0,0,0,0
V23-100,forcens_lgm,0.38,21.3,-22.68,0,0,0.467,0,0,0,0.015,0,0,0,0.003,0,0.02,0.051,0.138,0,0,0,0.097,0.018,0,0,0.074,0.033,0.005,0.031,0,0.038,0.003,0,0.003,0.005,0,0,0,0,0,0,0,0,0
GIK16017-2,forcens_lgm,2.45,21.245,-17.8033,0,0,0,0,0,0.004,0,0,0,0,0.165,0.086,0.233,0,0,0,0,0,0.452,0.004,0,0.002,0.019,0.006,0,0.003,0,0.005,0.005,0,0,0,0,0,0,0.016,0,0,0,0,0
GIK16017-2,forcens_lgm,2.5,21.245,-17.8033,0,0,0.001,0,0,0.001,0.001,0,0,0,0.174,0.088,0.154,0.002,0,0,0,0,0.498,0,0,0.006,0.029,0.013,0,0.003,0.004,0.01,0.002,0,0,0,0,0,0,0.009,0,0,0,0,0
GIK16017-2,forcens_lgm,2.55,21.245,-17.8033,0,0,0,0,0,0,0,0,0,0,0.154,0.062,0.319,0.002,0,0,0,0,0.409,0,0,0.003,0.019,0,0,0.002,0,0.009,0.001,0,0,0,0,0,0,0.019,0,0,0,0,0
GIK16017-2,forcens_lgm,2.6,21.245,-17.8033,0,0,0.004,0,0,0.008,0.002,0,0,0,0.179,0.123,0.219,0,0,0,0,0,0.411,0.004,0,0.001,0.008,0.014,0.004,0.001,0,0.007,0.002,0,0.004,0,0,0,0,0.008,0,0,0,0,0
GIK16017-2,forcens_lgm,2.65,21.245,-17.8033,0,0,0,0,0,0,0,0,0,0,0.131,0.113,0.21,0.003,0,0,0,0,0.469,0,0,0.012,0.024,0.006,0.003,0.005,0,0.005,0.003,0,0,0,0,0,0,0.016,0,0,0,0,0
GIK16017-2,forcens_lgm,2.7,21.245,-17.8033,0,0,0.004,0,0,0,0,0,0,0,0.155,0.111,0.248,0,0,0,0,0,0.399,0,0,0.001,0.036,0.005,0,0.007,0,0.011,0.005,0,0.004,0,0,0,0,0.016,0,0,0,0,0
GIK16017-2,forcens_lgm,2.75,21.245,-17.8033,0,0,0.002,0.003,0,0.005,0,0,0,0,0.158,0.103,0.197,0.003,0,0,0,0,0.441,0.001,0,0.005,0.034,0.005,0.003,0.006,0,0.006,0.009,0,0.005,0,0,0,0,0.014,0,0,0,0,0
GIK12328-5,forcens_lgm,1.8,21.145,-18.5733,0,0,0,0,0,0.005,0.001,0,0,0,0.035,0.159,0.259,0,0,0,0,0,0.42,0,0,0.001,0.029,0,0,0.007,0,0.007,0,0,0.026,0,0,0,0,0.043,0.001,0,0,0,0
GIK12328-5,forcens_lgm,1.9,21.145,-18.5733,0,0,0,0,0,0,0,0,0,0,0.079,0.215,0.204,0,0,0,0,0,0.319,0,0,0,0.017,0,0.003,0.006,0,0,0,0,0.093,0,0,0,0,0.059,0,0,0,0,0
GIK12328-5,forcens_lgm,2,21.145,-18.5733,0,0,0,0,0,0.002,0.002,0,0,0,0.109,0.244,0.244,0,0,0,0,0,0.294,0,0,0,0.06,0,0.002,0.004,0,0.004,0,0,0.018,0,0,0,0,0.008,0.002,0,0,0,0
GIK12328-5,forcens_lgm,2.1,21.145,-18.5733,0,0,0,0,0,0.005,0.002,0,0,0,0.114,0.249,0.26,0,0,0,0,0,0.318,0,0,0,0.008,0.002,0,0,0,0,0,0,0.017,0,0,0,0,0.02,0.002,0,0,0,0
GIK12329-6,forcens_lgm,0.49,19.3667,-19.93,0,0,0.014,0.004,0,0,0.001,0,0,0,0.119,0.169,0.308,0.002,0,0,0,0,0.252,0.003,0,0.004,0.038,0.006,0,0.01,0,0.021,0,0,0.005,0,0.002,0,0,0.04,0,0,0,0,0
BOFS31/1K,forcens_lgm,0.54,18.9979,-20.1621,0,0,0,0,0,0.004,0.009,0.009,0,0,0.103,0.055,0.397,0.002,0,0,0,0,0.3,0.022,0,0.004,0.02,0.002,0,0.011,0,0,0.004,0,0.004,0,0.004,0,0,0.026,0,0,0,0,0
BOFS31/1K,forcens_lgm,0.56,18.9979,-20.1621,0,0,0,0,0,0,0.007,0.007,0,0,0.13,0.059,0.412,0,0,0,0,0,0.281,0.016,0,0.002,0.009,0.007,0.007,0.007,0,0,0.002,0,0.002,0,0.002,0,0,0.025,0,0,0,0,0
BOFS31/1K,forcens_lgm,0.58,18.9979,-20.1621,0,0,0,0,0.002,0,0.006,0.006,0,0,0.132,0.062,0.418,0,0,0,0,0,0.291,0.009,0,0.003,0.016,0.005,0,0.009,0.002,0,0.002,0,0.003,0,0.003,0,0,0.021,0.002,0,0,0,0
BOFS31/1K,forcens_lgm,0.6,18.9979,-20.1621,0,0,0,0,0,0,0.003,0.003,0,0,0.121,0.086,0.388,0,0,0,0,0,0.262,0.017,0,0.009,0.032,0.009,0,0.003,0,0,0.006,0,0.009,0,0.006,0,0,0.029,0,0,0,0,0
BOFS31/1K,forcens_lgm,0.62,18.9979,-20.1621,0,0,0,0,0,0,0,0,0,0,0.093,0.083,0.385,0.003,0,0,0,0,0.292,0,0,0.003,0.03,0.01,0,0.01,0,0,0.007,0,0.003,0,0.003,0,0,0.04,0,0,0,0,0
BOFS31/1K,forcens_lgm,0.64,18.9979,-20.1621,0,0,0,0,0,0,0,0,0,0,0.106,0.073,0.382,0,0,0,0,0,0.288,0.018,0,0.004,0.025,0.006,0,0.01,0,0,0.006,0,0.004,0,0,0,0,0.047,0,0,0,0,0
BOFS31/1K,forcens_lgm,0.66,18.9979,-20.1621,0,0,0,0,0,0.009,0,0,0,0,0.129,0.053,0.387,0.003,0,0,0,0,0.27,0.006,0,0.006,0.035,0.009,0,0.006,0,0,0.022,0,0.006,0,0.003,0,0,0.025,0,0,0,0,0
BOFS31/1K,forcens_lgm,0.68,18.9979,-20.1621,0,0,0,0,0,0.002,0.005,0.005,0,0,0.107,0.102,0.315,0,0,0,0,0,0.334,0.012,0.005,0.005,0.04,0.007,0,0.007,0,0,0.005,0,0.005,0,0,0,0,0.024,0,0,0,0,0
V30-49,forcens_lgm,0.64,18.433,-21.08,0,0,0.021,0,0,0,0.009,0,0,0,0.071,0.189,0.241,0.006,0,0,0,0,0.251,0.018,0,0.021,0.029,0.006,0.006,0.018,0.006,0.018,0.029,0,0.006,0,0.006,0,0,0.05,0,0,0,0,0
V30-49,forcens_lgm,0.68,18.433,-21.08,0,0,0.036,0,0.003,0.003,0.006,0,0,0,0.114,0.278,0.161,0,0,0,0,0,0.186,0.022,0,0.019,0.042,0.012,0.008,0.028,0,0.011,0.022,0,0.008,0,0.022,0,0,0.019,0,0,0,0,0
V30-49,forcens_lgm,0.72,18.433,-21.08,0,0,0.029,0,0,0,0.003,0,0,0,0.132,0.256,0.147,0,0,0,0,0,0.232,0.006,0,0.015,0.056,0.018,0.012,0.026,0,0.012,0.018,0,0.006,0,0.003,0,0,0.026,0,0,0,0,0
V30-49,forcens_lgm,0.76,18.433,-21.08,0,0,0.014,0,0,0.003,0.003,0,0,0,0.096,0.326,0.14,0,0,0,0,0,0.244,0.005,0,0.019,0.041,0.011,0.005,0.014,0,0.016,0.011,0,0.011,0,0.003,0,0,0.036,0,0,0,0,0
GIK13291-1,forcens_lgm,1.2,18.1175,-18.075,0,0,0.004,0,0,0,0,0,0,0,0.153,0.123,0.279,0.028,0,0,0,0,0.301,0,0,0,0.03,0.011,0,0,0,0.006,0.003,0,0.005,0,0,0,0,0.023,0,0,0,0,0
GIK13291-1,forcens_lgm,1.3,18.1175,-18.075,0,0,0.001,0,0,0,0,0,0,0,0.106,0.078,0.224,0.01,0,0,0,0,0.468,0.004,0,0,0.051,0.011,0,0,0,0,0,0,0.009,0,0,0,0,0.013,0,0,0,0,0
GIK13291-1,forcens_lgm,1.38,18.1175,-18.075,0,0,0.001,0,0,0,0,0,0,0,0.129,0.141,0.152,0,0,0,0,0,0.389,0.006,0,0.014,0.042,0.004,0,0,0,0.006,0.009,0,0.011,0,0.006,0,0,0.046,0,0,0,0,0
GIK13291-1,forcens_lgm,1.44,18.1175,-18.075,0,0,0.007,0,0,0.005,0,0,0,0,0.133,0.144,0.107,0,0,0,0,0,0.473,0.002,0.001,0.01,0.023,0.015,0,0,0.002,0.007,0.003,0,0.018,0,0.005,0,0,0.025,0,0,0,0,0
GIK13291-1,forcens_lgm,1.5,18.1175,-18.075,0,0,0.007,0,0,0.002,0,0,0,0,0.176,0.172,0.112,0,0,0,0,0,0.472,0.002,0.001,0.003,0,0.004,0,0,0.002,0.005,0.001,0,0.008,0,0.008,0,0,0.017,0,0,0,0,0
GIK13291-1,forcens_lgm,1.6,18.1175,-18.075,0,0,0.008,0,0,0.006,0,0,0,0,0.158,0.16,0.105,0,0,0,0,0,0.456,0,0,0.017,0.019,0.004,0,0,0,0,0,0,0,0,0,0,0,0.036,0,0,0,0,0
GIK13289-3,forcens_lgm,1.1,18.0732,-18.0092,0,0,0.001,0,0,0.011,0,0,0,0,0.101,0.181,0.255,0.009,0,0,0,0,0.365,0,0,0.007,0.012,0.003,0.002,0.006,0,0,0,0,0.02,0,0.002,0,0,0.024,0,0,0,0,0
GIK13289-3,forcens_lgm,1.2,18.0732,-18.0092,0,0,0,0,0,0.009,0,0,0,0,0.121,0.128,0.212,0.009,0,0,0,0,0.379,0.003,0,0.009,0.048,0.006,0,0.006,0.001,0.023,0,0,0.017,0,0,0,0,0.024,0,0,0,0,0
GIK13289-3,forcens_lgm,1.3,18.0732,-18.0092,0,0,0.012,0,0,0.016,0,0,0,0,0.103,0.097,0.114,0.003,0,0,0,0,0.508,0.002,0.001,0.006,0.044,0.007,0,0.012,0,0.014,0.002,0,0.015,0,0.003,0,0,0.04,0,0,0,0,0
V16-20,forcens_lgm,0.36,17.933,-50.35,0,0,0.011,0,0.002,0.002,0.027,0,0,0,0,0.028,0,0,0,0,0,0,0.011,0.002,0.014,0.025,0.619,0.159,0.005,0.005,0.002,0.037,0,0,0,0,0,0,0,0.048,0,0,0,0,0
V16-20,forcens_lgm,0.38,17.933,-50.35,0,0,0.003,0,0,0.003,0.025,0,0,0,0,0.017,0.002,0,0,0,0,0,0.048,0,0.018,0.045,0.601,0.092,0.013,0.002,0.002,0.015,0.002,0,0,0,0,0,0,0.11,0.002,0,0,0,0
V16-20,forcens_lgm,0.4,17.933,-50.35,0,0,0.003,0,0,0.003,0.028,0,0,0,0,0.013,0,0,0,0,0,0,0.003,0.005,0.005,0.025,0.538,0.108,0.02,0.003,0,0.015,0.015,0,0.003,0,0.06,0,0,0.153,0,0,0,0,0
V16-20,forcens_lgm,0.44,17.933,-50.35,0,0,0.003,0,0,0,0.036,0,0,0,0.003,0.024,0,0,0,0,0,0,0.024,0.006,0.015,0.054,0.561,0.105,0.018,0.003,0.006,0.018,0,0,0,0,0,0,0,0.116,0,0,0,0,0
M35027-1,forcens_lgm,0.5,17.6483,-67.1667,0,0,0.005,0,0,0,0.002,0,0,0,0.005,0.042,0.001,0,0,0,0,0,0.034,0,0.003,0.118,0.281,0.043,0.01,0.004,0,0.025,0.061,0,0,0,0.111,0,0.001,0.232,0,0,0,0,0
M35027-1,forcens_lgm,0.53,17.6483,-67.1667,0,0,0.008,0,0,0.01,0.017,0,0,0,0.002,0.02,0,0.015,0,0,0,0,0.034,0.01,0.005,0.128,0.321,0.111,0.015,0.013,0.01,0.07,0.005,0,0,0,0.026,0,0,0.15,0,0,0,0,0
M35027-1,forcens_lgm,0.55,17.6483,-67.1667,0,0,0.01,0,0.008,0.008,0.004,0,0,0,0.006,0.029,0.009,0.008,0.001,0,0,0,0.049,0,0.023,0.103,0.301,0.122,0.038,0.005,0,0.075,0.008,0,0,0,0.023,0,0,0.17,0,0,0,0,0
M35027-1,forcens_lgm,0.57,17.6483,-67.1667,0,0,0.001,0,0.001,0.044,0.01,0,0,0,0.007,0.021,0.002,0.018,0,0,0,0,0.064,0.009,0.023,0.089,0.272,0.087,0.035,0.007,0.009,0.071,0,0,0,0,0.044,0,0,0.177,0,0,0,0,0
M35027-1,forcens_lgm,0.6,17.6483,-67.1667,0,0,0.002,0.19,0.007,0.014,0.016,0.011,0,0,0,0.001,0.026,0,0.001,0,0,0,0.045,0.016,0,0.011,0.109,0.133,0.026,0,0,0.061,0.039,0,0,0,0.296,0,0,0.026,0.004,0,0,0,0
M35027-1,forcens_lgm,0.62,17.6483,-67.1667,0,0,0.012,0.14,0.002,0.015,0.021,0.016,0,0,0,0,0.014,0,0,0,0,0,0.029,0.023,0,0,0.095,0.107,0.042,0.007,0,0.033,0.084,0,0,0,0.319,0.01,0.004,0.007,0.004,0,0,0,0
V26-124,forcens_lgm,0.64,16.133,-74.45,0,0,0.016,0.002,0,0.008,0.012,0,0,0,0.075,0.049,0.002,0,0.002,0,0,0,0.045,0,0.006,0.1,0.401,0.081,0.016,0.012,0,0.035,0.022,0,0,0.004,0,0,0,0.098,0,0,0,0,0
V26-124,forcens_lgm,0.71,16.133,-74.45,0,0,0.015,0.005,0.007,0.007,0.005,0,0,0,0.034,0.041,0.005,0,0,0,0,0,0.044,0.002,0.005,0.08,0.391,0.092,0.015,0.036,0,0.046,0.029,0,0.005,0,0,0,0.002,0.124,0,0,0,0,0
V26-124,forcens_lgm,0.74,16.133,-74.45,0,0,0.011,0,0,0.004,0.023,0,0,0,0.051,0.046,0.004,0,0,0,0,0,0.032,0,0.004,0.129,0.386,0.081,0.018,0.016,0.001,0.039,0.012,0,0,0.001,0.016,0,0,0.117,0,0,0,0,0
GIK12337-5,forcens_lgm,1.6,15.9533,-18.1333,0,0,0.004,0,0,0.008,0.002,0,0,0,0.079,0.071,0.152,0.004,0,0,0,0,0.445,0.018,0,0.02,0.069,0.024,0.002,0.008,0,0.016,0,0,0.006,0,0.004,0,0,0.065,0,0,0,0,0
GIK12347-2,forcens_lgm,3,15.825,-17.8617,0,0,0.023,0.006,0,0.004,0.001,0,0,0,0.162,0.075,0.317,0.01,0,0,0,0,0.218,0.009,0,0.039,0.056,0.016,0,0.005,0.003,0.011,0,0,0.012,0,0.009,0,0,0.024,0,0,0,0,0
GIK12347-2,forcens_lgm,3.1,15.825,-17.8617,0,0,0.016,0.008,0,0,0,0,0,0,0.169,0.099,0.324,0.004,0,0,0,0,0.219,0.003,0,0.044,0.029,0.01,0.001,0.01,0,0.007,0,0,0.015,0,0.009,0,0,0.031,0,0,0,0,0
GIK12347-2,forcens_lgm,3.2,15.825,-17.8617,0,0,0.025,0.008,0,0.004,0,0,0,0,0.187,0.098,0.352,0.006,0,0,0,0,0.18,0.002,0,0.037,0.039,0.008,0,0.005,0.002,0.005,0,0,0.014,0,0.006,0,0,0.02,0,0,0,0,0
GIK12345-5,forcens_lgm,4.3,15.48,-17.36,0,0,0,0,0,0.013,0,0,0,0,0.213,0.106,0.296,0,0,0,0,0,0.189,0,0,0.073,0.029,0.03,0,0.002,0,0.006,0.006,0,0.011,0,0.014,0,0,0.013,0,0,0,0,0
GIK12345-5,forcens_lgm,4.4,15.48,-17.36,0,0,0.005,0.006,0,0.009,0,0,0,0,0.192,0.082,0.281,0,0,0,0,0,0.209,0.002,0,0.108,0.028,0.017,0,0.003,0.001,0.013,0,0,0.01,0,0.017,0,0,0.015,0,0,0,0,0
GIK12345-5,forcens_lgm,4.5,15.48,-17.36,0,0,0.005,0,0,0.011,0,0,0,0,0.177,0.166,0.214,0.002,0,0,0,0,0.2,0,0,0.071,0.058,0.025,0.004,0.007,0.008,0,0.001,0,0.015,0,0.013,0,0,0.023,0,0,0,0,0
GIK12345-5,forcens_lgm,4.6,15.48,-17.36,0,0,0.002,0.006,0,0.014,0,0,0,0,0.215,0.163,0.181,0,0,0,0,0,0.228,0.006,0,0.049,0.042,0.02,0,0.005,0.002,0.008,0,0,0.02,0,0.009,0,0,0.03,0,0,0,0,0
GIK12345-5,forcens_lgm,4.7,15.48,-17.36,0,0,0.001,0,0,0.029,0,0.006,0,0,0.192,0.18,0.119,0,0,0,0,0,0.302,0,0,0.04,0.045,0.024,0.001,0.004,0.001,0.015,0.005,0,0.009,0,0.006,0,0,0.02,0,0,0,0,0
GIK12345-5,forcens_lgm,4.8,15.48,-17.36,0,0,0.011,0.016,0,0.013,0,0,0,0,0.191,0.13,0.07,0,0,0,0,0,0.319,0.005,0,0.039,0.096,0.02,0,0.009,0,0.023,0.002,0,0.011,0,0.011,0,0,0.034,0,0,0,0,0
GIK12345-5,forcens_lgm,4.9,15.48,-17.36,0,0,0,0,0,0.05,0.009,0,0,0,0.137,0.096,0.076,0,0,0,0,0,0.387,0.002,0,0.039,0.078,0.013,0,0.013,0.002,0.026,0.004,0,0.015,0,0.011,0,0,0.041,0,0,0,0,0
V16-205,forcens_lgm,0.19,15.4,-43.4,0,0,0.013,0,0,0.002,0.068,0.004,0,0,0.002,0,0.023,0.002,0.017,0,0,0,0.008,0.006,0.023,0.034,0.506,0.212,0.017,0.008,0.013,0.032,0.008,0,0,0,0,0,0,0,0,0,0,0,0
RC13-153,forcens_lgm,0.59,15.065,-75.95,0,0,0.011,0,0,0.001,0.019,0,0,0,0.034,0.063,0.009,0,0.005,0,0,0,0.056,0.004,0.028,0.096,0.368,0.073,0.011,0.013,0,0.057,0.004,0,0.003,0.003,0.005,0,0,0.134,0,0,0,0,0
RC13-153,forcens_lgm,0.6,15.065,-75.95,0,0,0.006,0,0,0.01,0.032,0,0,0,0.049,0.042,0.012,0,0,0,0,0,0.016,0.006,0.023,0.075,0.328,0.107,0.019,0.01,0.003,0.091,0,0,0,0,0.019,0,0,0.149,0,0,0,0,0
V18-357,forcens_lgm,0.6,15.033,-80.23,0,0,0.007,0,0,0.011,0.049,0,0,0,0.018,0.022,0,0,0,0,0,0,0.011,0.007,0.04,0.036,0.375,0.105,0.022,0.022,0,0.083,0.004,0,0,0,0.04,0,0.004,0.159,0,0,0,0,0
V18-357,forcens_lgm,0.61,15.033,-80.23,0,0,0.012,0.001,0.003,0.003,0.025,0,0,0,0.004,0.023,0.004,0,0.003,0,0,0,0.012,0,0.014,0.096,0.476,0.078,0.023,0.018,0.006,0.047,0.014,0,0,0,0,0,0,0.132,0,0,0,0,0
V18-357,forcens_lgm,0.65,15.033,-80.23,0,0,0.009,0,0.006,0.009,0.027,0,0,0,0.011,0.047,0,0,0,0,0,0,0.015,0,0.013,0.077,0.446,0.102,0.018,0.018,0.004,0.037,0.019,0,0,0,0,0,0,0.131,0,0,0,0,0
V18-357,forcens_lgm,0.7,15.033,-80.23,0,0,0,0,0,0.005,0.023,0,0,0,0.016,0.031,0.016,0,0,0,0,0,0.005,0.005,0.036,0.086,0.464,0.114,0.016,0.016,0,0.034,0.005,0,0,0,0.01,0,0,0.112,0,0,0,0,0
V18-357,forcens_lgm,0.71,15.033,-80.23,0,0,0.011,0,0,0.003,0.025,0,0,0,0.02,0.056,0.003,0,0,0,0,0,0.008,0,0.011,0.07,0.503,0.07,0.014,0.028,0.003,0.045,0,0,0.003,0,0,0,0.003,0.098,0,0,0,0,0
V18-357,forcens_lgm,0.79,15.033,-80.23,0,0,0.008,0.003,0,0.007,0.033,0.001,0,0,0.018,0.072,0.01,0,0.001,0,0,0,0.02,0.004,0.005,0.069,0.415,0.078,0.003,0.026,0.003,0.043,0.009,0,0,0.001,0,0,0.001,0.145,0,0,0,0,0
V18-357,forcens_lgm,0.85,15.033,-80.23,0,0,0.003,0.003,0,0.003,0.018,0,0,0,0.036,0.087,0.015,0,0,0,0,0,0.015,0,0.015,0.081,0.308,0.09,0.012,0.015,0,0.057,0.003,0,0,0,0.033,0,0,0.198,0,0,0,0,0
V22-197,forcens_lgm,1.11,14.167,-18.58,0,0,0.006,0,0,0.002,0.001,0,0,0,0.16,0.028,0.569,0.001,0,0,0,0,0.076,0.007,0.001,0.033,0.032,0.021,0.003,0.018,0.003,0.003,0.004,0,0.001,0,0,0,0,0.03,0,0,0,0,0
V22-197,forcens_lgm,1.14,14.167,-18.58,0,0,0,0,0,0.003,0,0,0,0,0.19,0.02,0.534,0.007,0,0,0,0,0.122,0.003,0,0.02,0.034,0.021,0,0.003,0,0.003,0,0,0,0,0,0,0,0.031,0,0,0,0,0
V22-197,forcens_lgm,1.19,14.167,-18.58,0,0,0.009,0,0.002,0.003,0,0,0,0,0.178,0.047,0.398,0.006,0,0,0,0,0.161,0.009,0.001,0.048,0.041,0.038,0.004,0.004,0.001,0.005,0.005,0,0.002,0,0,0,0,0.032,0,0,0,0,0
V22-197,forcens_lgm,1.24,14.167,-18.58,0,0,0.004,0,0.001,0.004,0,0,0,0,0.203,0.074,0.438,0.006,0,0,0,0,0.091,0.001,0,0.068,0.034,0.022,0.004,0.007,0.004,0.007,0.001,0,0.003,0,0,0,0,0.02,0,0,0,0,0
V22-197,forcens_lgm,1.31,14.167,-18.58,0,0,0.014,0,0,0,0,0,0,0,0.186,0.082,0.401,0.008,0,0,0,0,0.148,0.003,0,0.033,0.041,0.02,0,0.027,0,0,0,0,0.005,0,0,0,0,0.033,0,0,0,0,0
M35003-4,forcens_lgm,3.1,12.09,-61.2433,0,0,0.018,0.005,0.016,0.021,0.008,0,0,0,0.005,0.036,0,0.005,0,0,0,0,0.112,0.005,0.005,0.111,0.272,0.1,0,0,0,0.077,0.003,0,0,0,0.005,0,0,0.195,0,0,0,0,0
M35003-4,forcens_lgm,3.2,12.09,-61.2433,0,0,0.026,0.002,0,0.023,0.017,0,0,0,0.005,0.036,0.003,0.036,0,0,0,0,0.094,0.014,0.011,0.144,0.195,0.101,0.005,0.001,0.001,0.061,0.027,0,0,0,0.027,0,0,0.154,0,0,0,0,0
M35003-4,forcens_lgm,3.3,12.09,-61.2433,0,0,0.049,0,0,0.022,0.018,0,0,0,0,0.058,0.008,0.022,0,0,0,0,0.098,0.009,0.011,0.158,0.25,0.113,0.018,0,0.003,0.054,0.025,0,0,0,0.024,0,0,0.058,0,0,0,0,0
M35003-4,forcens_lgm,3.4,12.09,-61.2433,0,0,0.04,0,0,0.003,0.012,0,0,0,0.006,0.053,0.025,0.043,0,0,0,0,0.068,0.015,0.006,0.139,0.245,0.161,0,0.006,0,0.062,0.006,0,0.003,0,0.031,0,0.003,0.071,0,0,0,0,0
M35003-4,forcens_lgm,3.5,12.09,-61.2433,0,0,0.025,0,0.002,0.023,0.02,0,0,0,0,0.07,0.002,0.002,0,0,0,0,0.059,0.016,0.007,0.106,0.218,0.162,0.007,0.018,0,0.092,0.014,0,0.009,0,0.025,0,0.002,0.104,0,0,0,0,0
M35003-4,forcens_lgm,3.6,12.09,-61.2433,0,0,0.003,0,0,0.02,0.02,0,0,0,0,0.044,0.003,0,0,0,0,0,0.092,0.03,0.007,0.128,0.324,0.13,0.007,0,0,0.052,0.012,0,0.01,0,0.017,0,0,0.087,0,0,0,0,0
V28-127,forcens_lgm,0.6,11.65,-80.13,0,0,0.017,0,0,0,0.069,0.003,0,0,0.006,0.042,0,0,0,0,0,0,0.006,0.006,0.019,0.106,0.428,0.05,0.022,0.036,0,0.097,0.003,0,0,0,0.003,0.003,0,0.086,0,0,0,0,0
GIK16415-2,forcens_lgm,0.45,9.5667,-19.095,0,0,0.064,0,0.007,0,0.015,0.007,0,0,0.283,0.332,0.046,0.009,0,0,0,0,0.057,0,0.01,0,0.044,0.104,0,0.015,0,0.009,0,0,0,0,0,0,0,0,0,0,0,0,0
GIK13519-1,forcens_lgm,0.27,5.67,-19.8517,0,0,0.016,0,0,0.031,0.012,0,0,0,0.02,0.043,0.049,0.002,0.002,0,0,0,0.096,0.006,0.002,0.031,0.339,0.183,0.008,0.008,0.008,0.035,0.002,0,0.002,0,0.012,0,0.002,0.091,0,0,0,0,0
GIK13519-1,forcens_lgm,0.3,5.67,-19.8517,0,0,0.022,0,0,0.039,0.007,0,0,0,0.027,0.073,0.052,0.002,0,0,0,0,0.09,0.005,0.005,0.029,0.33,0.139,0.015,0.01,0.012,0.022,0.012,0,0,0,0.012,0,0.002,0.095,0,0,0,0,0
GIK13519-1,forcens_lgm,0.35,5.67,-19.8517,0,0,0.008,0.003,0.001,0.014,0.008,0,0,0,0.044,0.076,0.027,0,0,0,0,0,0.053,0.005,0.007,0.03,0.403,0.165,0.005,0.01,0.005,0.025,0.004,0,0,0,0.003,0,0,0.104,0,0,0,0,0
GIK16457-2,forcens_lgm,0.3,5.385,-21.7517,0,0,0.03,0,0,0,0.037,0.003,0,0,0.015,0.193,0.033,0,0.017,0,0,0,0.051,0.003,0.007,0.015,0.287,0.271,0,0.006,0.009,0.003,0,0,0,0,0,0,0,0.015,0,0,0,0,0
GIK16458-1,forcens_lgm,0.26,5.335,-22.0533,0,0,0.042,0,0,0,0.013,0,0,0,0.023,0.116,0.01,0.011,0,0,0,0,0.026,0,0.02,0.023,0.339,0.291,0.005,0.009,0.018,0.015,0.003,0,0,0,0,0,0,0.036,0,0,0,0,0
GIK16458-1,forcens_lgm,0.28,5.335,-22.0533,0,0,0.03,0,0,0.002,0.02,0,0,0,0.014,0.121,0.008,0.008,0,0,0,0,0.045,0.005,0.023,0.02,0.355,0.281,0,0.014,0.005,0.018,0,0,0,0,0,0,0,0.032,0,0,0,0,0
GIK16458-1,forcens_lgm,0.3,5.335,-22.0533,0,0,0.023,0.002,0,0.002,0.025,0,0,0,0.013,0.109,0.021,0.013,0,0,0,0,0.045,0,0.011,0.007,0.403,0.23,0,0.008,0.007,0.022,0,0,0,0,0,0,0.002,0.058,0,0,0,0,0
GIK16458-2,forcens_lgm,0.29,5.335,-22.055,0,0,0.009,0,0.01,0.005,0.014,0.018,0,0,0.002,0.038,0.011,0,0.009,0,0,0,0.041,0,0.02,0.039,0.333,0.304,0.012,0.011,0.001,0.039,0.003,0,0,0,0.005,0,0.002,0.084,0,0,0,0,0
GIK16458-2,forcens_lgm,0.32,5.335,-22.055,0,0,0.003,0,0.026,0.003,0.004,0.011,0,0,0,0.042,0.002,0,0.015,0,0,0,0.042,0,0.008,0.055,0.291,0.368,0.007,0.014,0.007,0.042,0.003,0,0,0,0,0.001,0,0.057,0,0,0,0,0
GIK16776-1,forcens_lgm,0.25,3.735,-11.3983,0,0,0,0,0.009,0,0,0,0,0,0.098,0.571,0.009,0,0,0,0,0,0,0,0.08,0.018,0.062,0.152,0,0,0,0,0,0,0,0,0,0,0,0,0,0,0,0,0
GIK16776-1,forcens_lgm,0.4,3.735,-11.3983,0,0,0.03,0,0,0,0,0,0,0,0.13,0.403,0.013,0,0,0,0,0,0.052,0,0.022,0.039,0.056,0.182,0,0.043,0.004,0.004,0.004,0,0,0,0,0,0,0.017,0,0,0,0,0
GIK13521-1,forcens_lgm,0.36,3.02,-22.0317,0,0,0.043,0,0.027,0,0.034,0.008,0,0,0.038,0.22,0.081,0.004,0.04,0,0,0,0.026,0,0,0,0.171,0.26,0.004,0.001,0,0.026,0,0,0,0,0,0.001,0,0.013,0,0,0,0,0
GIK13521-1,forcens_lgm,0.39,3.02,-22.0317,0,0,0.037,0,0,0,0.071,0,0,0,0.108,0.344,0.204,0,0,0,0,0,0.039,0,0,0,0.05,0.111,0,0.006,0.002,0.002,0,0,0,0,0,0,0,0.013,0,0,0,0,0
GIK13521-1,forcens_lgm,0.42,3.02,-22.0317,0,0,0.044,0,0,0,0.059,0,0,0,0.128,0.43,0.218,0,0,0,0,0,0.012,0,0,0,0.031,0.053,0,0.001,0.009,0.003,0,0,0,0,0,0,0,0.006,0,0,0,0,0
V25-59,forcens_lgm,0.5,1.367,-33.48,0,0,0.026,0,0,0,0.124,0,0,0,0,0.205,0.068,0,0,0,0,0,0.036,0.013,0.003,0.062,0.231,0.114,0,0.003,0.003,0.003,0.013,0,0,0,0,0,0.007,0.085,0,0,0,0,0
V25-59,forcens_lgm,0.52,1.367,-33.48,0,0,0.017,0,0,0,0.111,0,0,0,0.026,0.149,0.043,0,0.003,0,0,0,0.04,0.009,0.003,0.094,0.237,0.12,0,0,0,0.014,0.009,0,0.003,0,0.003,0,0,0.12,0,0,0,0,0
V25-59,forcens_lgm,0.55,1.367,-33.48,0,0,0.038,0,0,0,0.072,0,0,0,0.013,0.204,0.047,0,0.003,0,0,0,0.025,0.006,0.009,0.088,0.21,0.125,0.006,0.003,0.003,0.009,0.009,0,0,0,0.003,0,0,0.125,0,0,0,0,0
V25-59,forcens_lgm,0.57,1.367,-33.48,0,0,0.037,0,0,0,0.056,0,0,0,0.017,0.189,0.047,0.003,0.003,0,0,0,0.033,0,0,0.11,0.193,0.152,0.007,0,0.003,0.003,0.01,0,0,0,0.003,0,0,0.133,0,0,0,0,0
V25-59,forcens_lgm,0.6,1.367,-33.48,0,0,0.025,0,0,0,0.071,0,0,0,0.012,0.189,0.065,0,0,0,0,0,0.009,0.009,0.006,0.127,0.165,0.152,0.003,0,0,0.019,0.006,0,0,0,0.012,0,0,0.124,0,0,0,0,0
V25-59,forcens_lgm,0.62,1.367,-33.48,0,0,0.027,0,0.007,0.01,0.093,0,0,0,0.013,0.176,0.05,0.003,0,0,0,0,0.037,0,0.003,0.13,0.193,0.103,0.003,0.007,0.003,0.013,0,0,0.003,0,0.007,0,0,0.12,0,0,0,0,0
GeoB1008-3,forcens_lgm,2.18,-6.5823,10.3186,0,0,0.0114,0,0,0.0107,0,0,0,0,0.1914,0.0739,0.1169,0,0,0,0,0,0.4077,0,0,0.0154,0.0148,0.01,0,0.1363,0,0.0013,0,0,0.0054,0,7e-04,0,0,0.004,0,0,0,0,0
GeoB1008-3,forcens_lgm,2.23,-6.5823,10.3186,0,0,0.0162,0,0,0.0179,0.0032,0,0,0.0065,0.3312,0.0828,0.1494,0,0,0,0,0,0.1721,0,0,0.0649,0.0211,0.0081,0,0.0601,0.0227,0.0032,0.0081,0,0.0097,0,0,0,0,0.0227,0,0,0,0,0
GeoB1008-3,forcens_lgm,2.28,-6.5823,10.3186,0,0,0.0075,0,0.0015,0.0254,0.0015,0,0,0.0015,0.2975,0.0478,0.0897,0.003,0,0,0,0,0.3513,0,0,0.0404,0.0075,0.012,0,0.0762,0.012,0,0,0,0,0,0.006,0,0,0.0194,0,0,0,0,0
GeoB1008-3,forcens_lgm,2.33,-6.5823,10.3186,0,0,0.0209,0,0,0.0298,0.0011,0,0,0.0099,0.3197,0.0551,0.1852,0,0,0,0,0,0.1996,0,0,0.0397,0.0165,0.0154,0,0.0926,0,0.0066,0,0,0,0,0,0,0.0011,0.0066,0,0,0,0,0
GeoB1008-3,forcens_lgm,2.38,-6.5823,10.3186,0,0,0.025,0,0,0.0205,0.0023,0,0,0.0091,0.3159,0.0182,0.1773,0.0091,0,0,0,0,0.2,0,0,0.0568,0.0727,0.0114,0,0.0591,0,0.0068,0.0023,0,0.0045,0,0,0,0.0023,0.0068,0,0,0,0,0
GeoB1008-3,forcens_lgm,2.43,-6.5823,10.3186,0,0,0.01,0,0,0.0464,0.0017,0,0,0.0249,0.1095,0.0282,0.1625,0,0,0,0,0,0.2753,0,0,0.0779,0.073,0.0216,0,0.1343,0,0.0133,0,0,0,0,0,0,0.0017,0.0199,0,0,0,0,0
GeoB1008-3,forcens_lgm,2.48,-6.5823,10.3186,0,0,0.0189,0,0.0047,0.0283,0.0047,0,0,0.0519,0.1179,0.0047,0.0896,0,0.0047,0,0,0,0.2123,0,0.0047,0.0377,0.1179,0.0424,0,0.1981,0.0047,0.0189,0.0142,0,0.0047,0,0,0,0,0.0189,0,0,0,0,0
GeoB1008-3,forcens_lgm,2.53,-6.5823,10.3186,0,0,0.0554,0,0,0.0511,0,0,0,0.013,0.088,0.037,0.1152,0.0043,0.0011,0,0,0,0.3859,0,0,0.0283,0.0511,0.0445,0,0.0859,0.0098,0.0054,0.0022,0,0.0022,0,0.0087,0,0,0.0109,0,0,0,0,0
GeoB1008-3,forcens_lgm,2.58,-6.5823,10.3186,0,0,0.0652,0,0,0.029,0,0,0,0.0145,0.157,0.0121,0.0531,0,0,0,0,0,0.2729,0,0,0.0918,0.0894,0.0193,0,0.1425,0.0145,0.0266,0.0048,0,0.0024,0,0,0,0,0.0048,0,0,0,0,0
GeoB1008-3,forcens_lgm,2.63,-6.5823,10.3186,0,0,0.0248,0,0,0.0149,0,0,0,0.0116,0.1987,0.0166,0.1391,0.0066,0.0017,0,0,0,0.404,0,0,0.0215,0.0281,0.0067,0,0.1093,0.0017,0.0017,0.005,0,0,0,0.005,0,0.0017,0.0017,0,0,0,0,0
GeoB1016-3,forcens_lgm,0.73,-11.7705,11.6819,0,0,0.0149,0,0,0.0788,0,0,0,0.0291,0.2681,0.0407,0.0885,0.0026,0,0,0,0,0.2468,0.0026,0,0.0136,0.0084,0.0103,0.0026,0.1363,0.0323,0,0.0032,0,0.0026,0,0.0052,0,0,0.0136,0,0,0,0,0
GeoB1016-3,forcens_lgm,0.78,-11.7705,11.6819,0,0,0.0116,0,0.0231,0.0173,0,0.0087,0,0.0202,0.3295,0.0723,0.0809,0,0,0,0,0,0.0723,0,0,0.0434,0.0347,0.1069,0,0.0867,0.0231,0.0116,0,0,0.0029,0,0.0058,0.0087,0,0.0405,0,0,0,0,0
GeoB1016-3,forcens_lgm,0.88,-11.7705,11.6819,0,0,0.0117,0,0,0.0176,0,0,0,0.0293,0.2383,0.0449,0.2188,0.0039,0,0,0,0,0.0801,0,0,0.0508,0.0547,0.0098,0,0.2129,0.0078,0.0059,0,0,0,0,0.002,0,0,0.0117,0,0,0,0,0
GeoB1028-5,forcens_lgm,0.93,-20.104,9.1858,0,0,0.005,0.002,0,0.0099,0.0019,0,0,0,0.1153,0.0074,0.2972,0.1622,0,0,0,0,0.2936,0,0,0,0.0118,0,0,0.0069,0.0025,0.0012,2e-04,0,0.0396,0,0.005,0,0,0.0384,0,0,0,0,0
GeoB1028-5,forcens_lgm,0.98,-20.104,9.1858,0,0,0.013,0.006,0,0,0.011,0,0,0,0.073,0.009,0.299,0.135,0.004,0,0,0,0.283,0.022,0,0,0.004,0,0,0.017,0,0.007,0.04,0,0.034,0,0.001,0,0,0.013,0,0,0,0,0
GeoB1028-5,forcens_lgm,1.03,-20.104,9.1858,0,0,0.0014,1e-04,0,0.0111,0.0035,0,0,0,0.0907,0.0104,0.3282,0.1326,0,0,0,0,0.2889,0,0,0,0.0055,0,0,0.0406,0,0.0052,0.006,0,0.0111,0,0,0,0,0.0649,0,0,0,0,0
GeoB1028-5,forcens_lgm,1.08,-20.104,9.1858,0,0,0.017,0,0,0,0.008,0,0,0,0.072,0.006,0.323,0.089,0,0,0,0,0.178,0.044,0,0,0.006,0,0,0.126,0.001,0.003,0.051,0,0.011,0,0.006,0,0,0.024,0,0,0,0,0
GeoB1031-4,forcens_lgm,0.28,-21.88,7.1017,0,0,0,0.0044,0,0,0.0179,0,0,0,0.1824,0.0424,0.2826,0.0622,0,0,0,0,0.1484,0.0113,0.0028,0.0099,0.0438,0,0,0.0335,0.0127,0.0028,0.0113,0,0.0396,0,0.0113,0,0,0.0806,0,0,0,0,0
GeoB1031-4,forcens_lgm,0.33,-21.88,7.1017,0,0,0,0.0104,0,0.0088,0.0285,0,0,0,0.1517,0.0088,0.3617,0.0248,0,0,0,0,0.2152,0.0073,0.0015,0.0073,0.0227,1e-04,0.0117,0.0282,0,0.0058,0.0357,0,0.0175,0,0,0,0,0.0525,0,0,0,0,0
GeoB1101-5,forcens_lgm,0.33,1.6583,-10.98,0,0,0.0387,0,0.0018,0,0.0053,0,0,0,0.0572,0.3879,0.1398,0,0.044,0,0,0,0.0264,9e-04,0.0035,0.0035,0.0959,0.1451,0,0.0176,0.0053,0.022,0.0035,0,0,0,0,0,0,0.0018,0,0,0,0,0
GeoB1101-5,forcens_lgm,0.38,1.6583,-10.98,0,0,0.0091,0,0,0,0.0065,0,0,0.0143,0.1917,0.3533,0.1082,0,0.0587,0,0,0,0.0235,0,0.0078,0,0.0417,0.1356,0.0013,0.0248,0.0013,0.0196,0.0013,0,0,0,0,0,0,0.0013,0,0,0,0,0
GeoB1105-4,forcens_lgm,0.78,-1.665,-12.4283,0,0,0.0234,0,0,0.0087,0.0158,0,0,0,0.2397,0.073,0.1536,0.0044,0,0,0,0,0.1917,0.0087,0,0,0.1095,0.0322,0.0065,0.0163,0,0.012,0.0044,0,0,0,0.0261,0,0,0.0741,0,0,0,0,0
GeoB1105-4,forcens_lgm,0.83,-1.665,-12.4283,0,0,0.0063,0,0,0.0072,0.009,0,0,0,0.2591,0.0402,0.2232,0.0036,0,0,0,0,0.1551,0.0251,0,0.035,0.0466,0.0434,0.0036,0.0118,0,0.0134,0.0179,0,0,0,0,0,0,0.0941,0,0,0,0,0
GeoB1105-4,forcens_lgm,0.93,-1.665,-12.4283,0,0,0.0732,0,0,0.0067,0.0043,0,0,0,0.2093,0.0293,0.315,0,0,0,0,0,0.0991,0.0168,0,0.0092,0.0748,0.0265,0.0034,0.0087,0,0.0076,0.0218,0,0,0,0.0067,0,0,0.0807,0,0,0,0,0
GeoB1105-4,forcens_lgm,1.03,-1.665,-12.4283,0,0,0.0429,0,0,0,0.0076,0,0,0,0.1436,0.061,0.2859,0.0025,0,0,0,0,0.1171,0.0353,0,0.0113,0.0516,0.0755,0.0025,0.0157,0,0.0228,0.005,0,0,0,0.005,0,0,0.1096,0,0,0,0,0
GeoB1112-4,forcens_lgm,0.48,-5.7783,-10.75,0,0,0.0197,0,0,0.0012,0.0099,0,0,0,0.2072,0.0543,0.1603,0.0025,0.0012,0,0,0,0.1467,0.0074,0.0025,0.0123,0.1295,0.1159,0,0.0247,0.0025,0.0358,0,0,0,0,0.0099,0,0,0.0567,0,0,0,0,0
GeoB1112-4,forcens_lgm,0.53,-5.7783,-10.75,0,0,0.0252,0,0,0.0045,0.0096,0,0,0,0.1858,0.03,0.1745,0,0.0093,0,0,0,0.1428,0.0091,6e-04,0.1365,0.0748,0.083,0.0045,0.032,0,0.021,0.0068,0,0,0,0.0091,0,0,0.034,0,0,0,0,0
GeoB1112-4,forcens_lgm,0.58,-5.7783,-10.75,0,0,0.0235,0,0,0,0.0162,0,0,0,0.2097,0.0601,0.1393,0.0029,0,0,0,0,0.132,0.0044,0.0015,0.0161,0.1393,0.1026,0,0.0513,0.0029,0.0293,0.0088,0,0.0059,0,0.0015,0,0,0.0528,0,0,0,0,0
GeoB1115-4,forcens_lgm,0.63,-3.5583,-12.58,0,0,0.0061,0,0,0.0061,0.0102,0,0,0.0071,0.2525,0.0703,0.1232,0.0031,0.002,0,0,0,0.1792,0,0.001,0.0346,0.1151,0.0631,0.0031,0.0305,0.002,0.0132,0.0041,0,0.0041,0,0.0092,0,0,0.0601,0,0,0,0,0
GeoB1115-4,forcens_lgm,0.68,-3.5583,-12.58,0,0,0.0176,0.0021,0,0.0124,0.0052,0,0,0.001,0.2104,0.1451,0.0487,0,0,0,0,0,0.2062,0,0,0.0549,0.1129,0.0591,0,0.0332,0,0.0176,0.0093,0,0,0,0.0031,0,0,0.0611,0,0,0,0,0
GeoB1117-2,forcens_lgm,0.53,-3.815,-14.8967,0,0,0.0254,0,0,0.0025,0.0203,0.0025,0,0,0.0736,0.0964,0.1548,0.0254,0.0102,0,0,0,0.0812,0,0,0.0228,0.1447,0.198,0.0025,0.0254,0,0.033,0.0102,0,0,0,0.0102,0,0.0025,0.0584,0,0,0,0,0
GeoB1117-2,forcens_lgm,0.58,-3.815,-14.8967,0,0,0.0228,0,0.0098,0,0.0326,0,0,0,0.1987,0.0651,0.1173,0.0033,0.0261,0,0,0,0.0814,0,0,0.0261,0.1042,0.0651,0.0065,0.0228,0,0.0261,0.013,0,0.0651,0,0.026,0,0,0.0879,0,0,0,0,0
GeoB1117-2,forcens_lgm,0.63,-3.815,-14.8967,0,0,0.0348,0,0,0.0035,0.0174,0,0,0,0.3177,0.0653,0.2219,0.0017,0,0,0,0,0.0992,0.0035,0,9e-04,0.0644,0.0705,0.0087,0.0191,9e-04,0.02,0,0,0,0,0.0035,0,0,0.047,0,0,0,0,0
GeoB1214-1,forcens_lgm,0.23,-24.69,7.24,0,0,0.0053,0.0057,0,0.0016,0.0261,0,0,0,0.1583,0.0039,0.314,0.0336,0,0,0,0,0.1921,0,0,0,0.0788,0.013,0.0116,0.015,0.0026,0.0132,0.0029,0,0.0103,0,0.0168,2e-04,0,0.0895,0,0,0.0052,0,0
GeoB1214-1,forcens_lgm,0.28,-24.69,7.24,0,0,0.0028,0.0087,0,0.0076,0.0175,0,0,0,0.1559,0.0011,0.3533,0.0363,0,0,0,0,0.2013,0.0035,0,0,0.0766,0.0015,0.0035,0.013,0.0017,0.0145,9e-04,0,0.0242,0,0.019,0,0,0.0571,0,0,0,0,0
GeoB1220-1,forcens_lgm,0.33,-24.0333,5.3067,0,0,0.002,0.0101,0,0.009,0.0574,0,0,0,0.128,0,0.3621,0.034,0,0,0,0,0.17,0.008,0.006,0.079,0,0.001,0,0.0331,0,0.0102,0.018,0,0,0.008,0.016,0,0,0.048,0,0,0,0,0
GeoB1220-1,forcens_lgm,0.38,-24.0333,5.3067,0,0,0.0085,0.0087,0,0.0107,0.0723,0,0,0,0.161,0,0.2687,0.0491,0,0,0,0,0.1834,0.0171,0,0.0906,0,0,0.0085,0.0211,0,0.0128,0.0064,0,0,0,0.0341,0,0,0.0469,0,0,0,0,0
GeoB1306-1,forcens_lgm,0.19,-35.2067,-26.765,0.0041,0,1e-04,0.0147,0,0,0.0328,0,0,0,0.1399,0.001,0.6078,0.0041,0,0,0,0,0.1402,0.001,3e-04,0,0.047,0,0,0.002,0,0.001,1e-04,0,0,0,0,0,0,0.0041,0,0,0,0,0
GeoB1309-2,forcens_lgm,0.18,-31.6667,-28.6667,0,0,0,0.0329,0,0.0309,0.1183,0,0,0,0.1362,0,0.1716,0,0,0,0,0,0.048,0.08,0.0133,0.0023,0.2173,0.0058,0.0091,0.0154,0.0046,0.0046,0.0755,0,0,0,0.0183,0,0,0.016,0,0,0,0,0
GeoB1312-2,forcens_lgm,0.13,-31.6617,-29.6567,0,0,0,0.0268,0,0.0507,0.1018,0,0,0,0.1378,0,0.1127,0.0075,0,0,0,0,0.0063,0.0438,0.007,0.0094,0.2712,0.0195,0.005,0.0119,0,0.0171,0.1233,0,0,0,0.0207,0,0,0.0275,0,0,0,0,0
GeoB1701-4,forcens_lgm,0.98,1.95,3.5517,0,0,0.059,0,0,0.0062,0,0,0,0.0106,0.1242,0.2828,0.0405,0,0,0,0,0,0.022,0,0.0018,0.1639,0.0731,0.0511,0.0018,0.0317,0.0079,0.0291,0.0079,0,0,0.0018,0.007,0,0,0.0775,0,0,0,0,0
GeoB1701-4,forcens_lgm,1.03,1.95,3.5517,0,0,0.0265,0.0039,0,0.0123,0.0019,0.0013,0,0.0032,0.1034,0.2578,0.0207,0.0013,0,0,0,0,0.0258,0.0013,0.0052,0.1983,0.1215,0.0582,0.0013,0.0245,0.0071,0.0271,0.0026,0,0.0013,0,0.022,0,0,0.0717,0,0,0,0,0
GeoB1701-4,forcens_lgm,1.08,1.95,3.5517,0,0,0.0273,0.0028,0,0.0075,0,0,0,0.0075,0.0894,0.2549,0.0339,0,0,0,0,0,0.0386,0.0038,0.0047,0.1421,0.1477,0.0602,0,0.0207,0.0075,0.0273,0.0085,0,0,0,0.0188,0,0,0.0969,0,0,0,0,0
GeoB1701-4,forcens_lgm,1.13,1.95,3.5517,0,0,0.0351,0,0,0.0114,0,0,0,0,0.1554,0.2327,0.1343,0.0053,0,0,0,0,0.0184,0,0,0.1563,0.0395,0.0966,0,0.0316,9e-04,0.036,0.0035,0,0,0,0.0281,0,0,0.0149,0,0,0,0,0
GeoB1701-4,forcens_lgm,1.18,1.95,3.5517,0,0,0.0438,0,0,0.0122,0,0,0,0,0.1022,0.2409,0.1873,0.0024,0,0,0,0,0.0438,0,0.0024,0.0998,0.0973,0.0584,0,0.0292,0,0.0341,0,0,0,0.0024,0.0097,0,0,0.0341,0,0,0,0,0
GeoB1706-2,forcens_lgm,1.23,-19.5617,11.175,0,0,0.0126,0,0,0,0,0,0,0,0.0377,0,0.0879,0.5146,0,0,0,0,0.1548,0.0042,0,0,0,0,0.0167,0.0126,0,0.0042,0,0,0.0669,0,0.0042,0,0,0.0753,0,0,0,0,0
GeoB1706-2,forcens_lgm,1.28,-19.5617,11.175,0,0,0,0.0055,0,0,0,0,0,0,0.0166,0,0.2099,0.5856,0,0,0,0,0.0773,0,0,0,0.011,0,0.0221,0.0055,0,0.0055,0,0,0.0331,0,0,0,0,0.0276,0,0,0,0,0
GeoB1706-2,forcens_lgm,1.33,-19.5617,11.175,0,0,0.0042,0,0,0,0,0,0,0,0.0042,0,0.1398,0.6695,0,0,0,0,0.0975,0,0,0,0,0,0,0.0085,0,0,0,0,0.0339,0,0,0,0,0.0381,0,0,0,0,0
GeoB1706-2,forcens_lgm,1.38,-19.5617,11.175,0,0,0.0099,0,0,0,0,0,0,0,0.0148,0,0.1626,0.6404,0,0,0,0,0.064,0.0049,0,0,0,0,0.0099,0.0049,0,0.0099,0,0,0.0246,0,0.0049,0,0,0.0394,0,0,0,0,0
GeoB1711-4,forcens_lgm,1.73,-23.315,12.3767,0,0,0,0,0,0,0,0,0,0,0.007,0.042,0.115,0.708,0,0,0,0,0.08,0,0,0,0.003,0,0,0,0,0,0,0,0.042,0,0,0,0,0.003,0,0,0,0,0
GeoB1711-4,forcens_lgm,1.78,-23.315,12.3767,0,0,0.004,0,0,0,0,0,0,0,0.008,0.067,0.118,0.616,0,0,0,0,0.141,0,0,0,0,0,0,0,0,0,0,0,0.043,0,0,0,0,0.004,0,0,0,0,0
GeoB1711-4,forcens_lgm,1.83,-23.315,12.3767,0,0,0,0,0,0,0.004,0,0,0,0.007,0.051,0.144,0.661,0,0,0.004,0,0.087,0,0,0,0,0,0,0,0,0,0,0,0.04,0,0,0,0,0.004,0,0,0,0,0
GeoB1711-4,forcens_lgm,1.88,-23.315,12.3767,0,0,0,0,0,0.003,0,0,0,0,0.019,0.101,0.131,0.616,0,0,0,0,0.049,0,0,0,0.003,0,0,0,0,0,0,0,0.063,0,0,0,0,0.011,0,0,0,0,0
GeoB1711-4,forcens_lgm,1.93,-23.315,12.3767,0,0,0,0,0,0,0.003,0,0,0,0.04,0.101,0.08,0.583,0,0,0,0,0.089,0.003,0,0,0,0,0,0,0,0,0,0,0.086,0,0,0,0,0.009,0,0,0,0,0
GeoB1711-4,forcens_lgm,1.98,-23.315,12.3767,0,0,0,0,0,0.005,0.003,0,0,0,0.024,0.068,0.168,0.587,0,0,0,0,0.084,0,0,0,0.003,0,0,0.003,0,0.003,0,0,0.047,0,0,0,0,0.003,0,0,0,0,0
GeoB1711-4,forcens_lgm,2.03,-23.315,12.3767,0,0,0,0,0,0,0.003,0,0,0,0.007,0.065,0.189,0.619,0,0,0,0,0.093,0,0,0,0,0,0,0,0,0,0,0,0.007,0,0,0,0,0.01,0,0,0,0,0
GeoB1711-4,forcens_lgm,2.08,-23.315,12.3767,0,0,0,0,0,0.007,0.002,0,0,0,0.009,0.026,0.153,0.654,0.002,0,0.007,0,0.074,0.002,0,0,0,0,0.002,0,0,0,0,0,0.03,0,0,0,0,0.019,0,0,0,0,0
GeoB1711-4,forcens_lgm,2.13,-23.315,12.3767,0,0,0,0,0,0,0,0,0,0,0.005,0.034,0.215,0.631,0,0,0,0,0.058,0,0,0,0,0,0.003,0,0,0,0,0,0.029,0,0,0,0,0.013,0,0,0,0,0
GeoB1711-4,forcens_lgm,2.18,-23.315,12.3767,0,0,0,0,0,0,0,0,0,0,0,0.058,0.219,0.518,0,0,0,0,0.19,0.007,0,0,0,0,0,0,0,0,0,0,0,0,0,0,0,0.007,0,0,0,0,0
GeoB1711-4,forcens_lgm,2.23,-23.315,12.3767,0,0,0,0,0,0.006,0,0,0,0,0.003,0.043,0.174,0.615,0,0,0,0,0.068,0,0,0,0.003,0,0,0,0.003,0,0,0,0.071,0,0,0,0,0.009,0,0,0,0,0
GeoB1711-4,forcens_lgm,2.28,-23.315,12.3767,0,0,0,0,0,0.004,0,0,0,0,0.012,0.045,0.198,0.537,0,0,0,0,0.124,0,0,0,0,0.004,0,0.004,0,0,0,0,0.054,0,0,0,0,0.012,0,0,0,0,0
GeoB1711-4,forcens_lgm,2.33,-23.315,12.3767,0,0,0,0,0,0,0,0,0,0,0.031,0.063,0.207,0.484,0,0,0,0,0.133,0,0,0,0,0,0,0.004,0,0,0,0,0.059,0,0,0,0,0.012,0,0,0,0,0
GeoB1711-4,forcens_lgm,2.38,-23.315,12.3767,0,0,0,0,0,0.005,0,0,0,0,0.005,0.023,0.23,0.563,0,0,0.005,0,0.104,0,0,0,0.005,0,0,0.005,0,0,0,0,0.05,0,0,0,0,0,0,0,0,0,0
GeoB1711-4,forcens_lgm,2.43,-23.315,12.3767,0,0,0,0,0,0.005,0,0,0,0,0.005,0.02,0.181,0.704,0,0,0.005,0,0.06,0,0,0,0.005,0,0,0,0,0,0,0,0.005,0,0,0,0,0,0,0,0,0,0
GeoB1711-4,forcens_lgm,2.48,-23.315,12.3767,0,0,0,0,0,0.003,0.01,0,0,0,0.006,0.092,0.194,0.556,0,0,0,0,0.086,0,0,0,0,0,0,0,0,0,0,0,0.032,0,0,0,0,0.016,0,0,0,0,0
GeoB1711-4,forcens_lgm,2.53,-23.315,12.3767,0,0,0.004,0,0,0,0.004,0,0,0,0.015,0.042,0.195,0.559,0,0,0,0,0.142,0,0,0,0,0,0,0,0,0,0,0,0.031,0,0,0,0,0.008,0,0,0,0,0
GeoB1722-1,forcens_lgm,0.23,-29.45,11.75,0,0,0.0016,0.009,0.0016,0.0064,0.0448,0,0,0,0.2535,0.0226,0.4039,0.0173,0,0,0,0,0.1223,0,0,0,0.0331,0.0047,0,0.0073,0,0.0104,0,0,0.0016,0,0.0126,0,0,0.0473,0,0,0,0,0
GeoB1722-1,forcens_lgm,0.28,-29.45,11.75,0,0,0.0016,0.007,0,0,0.0071,0,0,0,0.1375,0.0091,0.6249,0.0155,0,0,0,0,0.0948,0,0,0,0.0539,0.0017,0,0.0056,0.0033,0.003,0.0039,0,0.0103,0,0.0052,0,0,0.0155,0,0,0,0,0
GeoB2004-2,forcens_lgm,0.68,-30.87,14.3433,0,0,1e-04,0.0087,3e-04,0.0022,0.0254,0,0,0,0.1038,0.0284,0.5991,0,0,0,0,0,0.1192,0,0,0,0.0229,0.0129,0.0022,0.0068,0,0.0213,1e-04,0,0.0131,0.0044,0,0,0,0.0294,0,0,0,0,0
GeoB2004-2,forcens_lgm,0.73,-30.87,14.3433,0,0,6e-04,0.0051,6e-04,0.0064,0.0241,0,0,0,0.1214,0.0064,0.6083,0,0,0,0,0,0.1396,0,0,0,0.0301,0.0012,0,0.0144,0,0.0148,0.0018,0,0.0046,0,0.0069,0,0,0.0139,0,0,0,0,0
GeoB2004-2,forcens_lgm,0.78,-30.87,14.3433,0,0,4e-04,0.0053,0,0.0046,0.0126,0,0,0,0.0957,0.0035,0.6988,0.0031,0,0,0,0,0.1183,0,0,0,0.0152,0.0036,0,0.0059,0,0.0032,0.0077,0,0.0046,0.0015,0.0107,0,0,0.0054,0,0,0,0,0
GeoB2016-1,forcens_lgm,0.18,-31.9,-1.33,0.0046,0,0.0029,0.0301,0,0.0106,0.0914,0,0,0,0.1429,0,0.2034,0.0069,0,0,0,0,0.331,0.0183,1e-04,0,0.0813,0,0,0.0064,0.0011,0.0164,0,0,0,0,0.0114,0,0,0.0389,0,0,0.0023,0,0
GeoB2019-1,forcens_lgm,0.33,-36.06,-8.7783,0.0037,0,0.0042,0.0136,0,9e-04,0.0419,0,0,0,0.1849,0,0.3032,0.0289,0,0,0,0,0.34,0,0,0,0.0149,0,0,0.0024,0,0,0,0,0.0355,0,0.0037,0,0,0.0219,0,0,0,0,0
GeoB2021-5,forcens_lgm,0.13,-36.8333,-14.4033,0,0,0.0049,0.0036,0,0.002,0.0478,0,0,0,0.2038,0.001,0.2782,0.0614,0,0,0,0,0.2689,0,0,0,0.0049,0,0,0.0077,0.002,0,0,0,0.0634,0,0,0,0,0.0505,0,0,0,0,0
GeoB1903-3,forcens_lgm,0.48,-8.675,-11.845,0,0,0.01,0,0,0.0172,0.0387,0,0,0.0029,0.086,0.1304,0.0387,0,0,0,0,0,0.0415,0.0014,0.0115,0.0659,0.1604,0.1361,0,0.0272,0.0057,0.0372,0.0057,0,0,0.0029,0.0444,0,0.0014,0.1347,0,0,0,0,0
GeoB1903-3,forcens_lgm,0.53,-8.675,-11.845,0,0,0.0247,0,0,0.0218,0.0446,0,0,0.0104,0.1206,0.0931,0.1102,0,0,0,0,0,0.0484,0.0038,0.0095,0.038,0.1339,0.1453,0,0.0247,0.0047,0.0313,0.019,0,0,0.0019,0.0218,0,0,0.0921,0,0,0,0,0
GeoB1903-3,forcens_lgm,0.58,-8.675,-11.845,0,0,0.0326,0,0,0.0087,0.0268,0,0,0,0.0884,0.0698,0.1303,0.0012,0,0,0,0,0.0425,0.0012,0.0116,0.043,0.1641,0.1367,0.0012,0.0227,0.0017,0.0297,0.043,0,0.0035,0.0012,0.064,0,0,0.0762,0,0,0,0,0
GeoB1905-3,forcens_lgm,0.38,-17.1433,-13.9867,0,0,0.0063,0,0.0075,0.0239,0.0519,0,0,0,0.0898,0.003,0.0101,0,0.0072,0,0,0,0.0931,0.0024,0.006,0.0227,0.3262,0.0647,0.031,0.0107,0.0024,0.0316,0.0033,0,0,0.0024,0.062,0,0.0012,0.1397,0,0,0,0,0
GeoB1905-3,forcens_lgm,0.43,-17.1433,-13.9867,0,0,0.0123,0,0.0054,0.01,0.0449,8e-04,0,0,0.0784,2e-04,0.0075,0,0.0036,0,0,0,0.0326,0.0042,0.0061,0.0542,0.3757,0.1045,0.005,0.0111,0.0067,0.0263,0.0232,0,0,0.0033,0.138,0,0.0015,0.0443,0,0,0,0,0
GeoB1501-4,forcens_lgm,0.33,-3.6783,-32.0067,0,0,0.0031,0,0.0047,0,0.1496,0,0,0.0079,0.0252,0.0772,0.0504,0,0,0,0,0,0.0157,0,0,0.0157,0.2851,0.2551,0,0.0142,0,0.0346,0.0016,0,0,0,0,0,0,0.0598,0,0,0,0,0
GeoB1501-4,forcens_lgm,0.38,-3.6783,-32.0067,0,0,0.0138,0,0,0.0035,0.0838,0,0,0.0035,0.019,0.0856,0.0527,0,0,0,0,0,0.0164,0,0.0035,0.0017,0.2913,0.3328,0,0.0078,0.0017,0.0225,0.0078,0,0,0.0017,0,0,0,0.051,0,0,0,0,0
GeoB1503-1,forcens_lgm,0.28,2.3117,-30.6467,0,0,0.0079,0,0.0014,0.0101,0.0577,0,0,0,0.0231,0.131,0.0991,0,0.0014,0,0,0,0.0452,0.0447,0.0016,0.0648,0.1642,0.0877,0.0065,0.0022,0.0076,0.0114,0.0098,0,0.0044,0,0.0436,0,0.0049,0.1699,0,0,0,0,0
GeoB1503-1,forcens_lgm,0.33,2.3117,-30.6467,0,0,0.0217,0,0,0.0149,0.0359,0.0019,0,0,0.0341,0.104,0.1202,0,6e-04,0,0,0,0.0817,0.0136,0.0025,0.0625,0.2093,0.0798,0.0062,0.0025,6e-04,0.0111,0.005,0,0,0,0.0471,0,0,0.1449,0,0,0,0,0
GeoB1505-1,forcens_lgm,0.48,2.27,-33.01,0.0017,0,0.0239,0,0,0,0.063,0,0,0,0.0256,0.0929,0.1015,0.0035,9e-04,0,0,0,0.0399,0.0035,0.0035,0,0.3403,0.1298,0,0.0017,0.0026,0.0122,0,0,0,0,0.0139,0,9e-04,0.1389,0,0,0,0,0
GeoB1505-1,forcens_lgm,0.53,2.27,-33.01,0,0,0.0236,0,0.0012,0.0071,0.0697,0.0024,0,0,0.0354,0.0992,0.0956,0,0.0047,0,0,0,0.026,0.0094,0.0071,0,0.3235,0.1676,0.0024,0.0071,0.0035,0.0142,0,0,0,0,0,0,0.0012,0.0992,0,0,0,0,0
GeoB1508-4,forcens_lgm,0.28,5.3333,-34.025,0,0,0.0178,0,0,0.0119,0.0347,0,0,0,0,0.0713,0.0238,0.002,0,0,0,0,0.002,0,0.002,0.0287,0.3158,0.2981,0,0.0099,0.001,0.0515,0.0109,0,0,0,0.0178,0,0.003,0.098,0,0,0,0,0
GeoB1515-1,forcens_lgm,0.48,4.2383,-43.6667,0,0,0.0203,0,0,0.0029,0.0767,0,0,0,0,0.0355,0.0224,0,0,0,0,0,0.0116,0,0.0043,0.0051,0.3886,0.2525,0.0029,0.0094,0.0014,0.0188,0,0,0,0,0.0145,0,0,0.1331,0,0,0,0,0
GeoB1515-1,forcens_lgm,0.53,4.2383,-43.6667,0,0,0.0195,0,0,0,0.1057,0.0047,0,0,0,0.0295,0,0,0.0098,0.0071,0,0,0.0095,0.0201,0.0018,0.073,0.3703,0.1772,0,0.0239,0,0.0204,0,0,0,0,0.0142,0,0,0.1134,0,0,0,0,0
GeoB1515-1,forcens_lgm,0.63,4.2383,-43.6667,0,0,0.0118,0,0,0,0.092,0,0,0,0.001,0.0339,0.0124,0,0.0066,0.001,0,0,0.0182,0.0093,0.0016,0.0482,0.4059,0.174,0,0.0403,0,0.0304,0.0207,0,0,0,0.0093,0,0,0.0836,0,0,0,0,0
GeoB1523-1,forcens_lgm,0.38,3.8317,-41.6217,0,0,0.0048,0,0,0,0.0968,0,0,0,0,0.0318,0.0429,0,0,0,0,0,0.0032,0.0143,0.0056,0.0175,0.3864,0.2246,0.0095,0.0036,0.0016,0.0143,0.0127,0,0,0,0.0096,0,0.0016,0.1193,0,0,0,0,0
GeoB1523-1,forcens_lgm,0.43,3.8317,-41.6217,0,0,0.0125,0,0.0111,0,0.0988,0,0,0,0,0.0127,0.0154,0,0.0047,0,0,0,0,0,0.0031,0.0208,0.3746,0.2278,0.0055,0.0035,0.0139,0.0139,0.0458,0,0,0,0.0069,0,0,0.129,0,0,0,0,0
GeoB2109-1,forcens_lgm,0.48,-27.9117,-45.8817,0.0046,0,0.0034,0.0119,0,0.0137,0.0739,0,0,0,0.1052,0.008,0.0319,0.0023,0,0,0,0,0.0364,0.0114,0.0017,0,0.397,0.0415,0.0046,0.0011,0.0028,0.0188,0,0,0,0,0.041,0,0.0046,0.1843,0,0,0,0,0
GeoB2109-1,forcens_lgm,0.53,-27.9117,-45.8817,0,0,0.0026,0.0181,0,0.0045,0.0923,0,0,0,0.0982,0.0013,0.031,0,0,0,0,0,0.0659,0,0.0039,0.0013,0.4154,0.033,0,0.0026,0,0.0168,6e-04,0,0,0,0.0568,0,0.0032,0.1525,0,0,0,0,0
GeoB2109-1,forcens_lgm,0.58,-27.9117,-45.8817,0.0072,0,0,0.0135,0,0.0153,0.0935,0,0,0,0.1641,0.0022,0.0432,0,0,0,0,0,0.0486,0.009,0.0072,0.0369,0.2576,0.0373,0,0.004,0,0.0058,0,0,0,0,0.054,0,0.0063,0.1942,0,0,0,0,0
GeoB2109-1,forcens_lgm,0.63,-27.9117,-45.8817,0.003,0,0.0023,0.0102,0,0.009,0.0926,0,0,0,0.1062,0.0015,0.0331,0,0,0,0,0,0.0392,0,0.0049,0.0343,0.3849,0.02,0,0.0015,0.0015,0.0064,0,0,0,0,0.0979,0,0.0038,0.1476,0,0,0,0,0
GeoB2116-4,forcens_lgm,0.28,-25.5117,-35.9983,0,0,0.0104,0.0235,0.0104,0,0.3054,0.0026,0,0,0.188,0.0131,0.0418,0,0,0,0,0,0.0339,0,0.154,0,0.0627,0.1254,0,0.0078,0.0104,0,0,0,0,0,0,0,0,0.0104,0,0,0,0,0
GeoB2117-1,forcens_lgm,0.23,-23.0383,-36.6517,0,0,0.0032,0.0016,0,0,0.0395,0.0012,0,0,0.0749,0.0016,0.0081,0,0,0,0,0,0.0822,0,0.027,0,0.6342,0.0628,0,0.0073,0.0097,0.0064,8e-04,0,0,0,0.0258,0,8e-04,0.0129,0,0,0,0,0
GeoB2125-1,forcens_lgm,0.33,-20.8233,-39.8633,0,0,0.01,6e-04,0,0.0046,0.0094,0,0,0,0.0243,0.0154,0.0114,0,0,0,0,0,0.0194,0.0091,0.002,0.0817,0.3928,0.0417,0.0091,0.002,0.0023,0.0123,0.0174,0,0,0,0.0411,0,0.002,0.2908,0,0,0,0,0
GeoB2125-1,forcens_lgm,0.38,-20.8233,-39.8633,0,0,0.0031,0,0,2e-04,0.0145,0,0,0,0.0436,0.0148,0.0072,0,2e-04,0,0,0,0.0143,0.0107,0.0038,0.0721,0.4215,0.0286,0,0.0036,0,0.002,0.0056,0,0,0.0072,0.0537,0,0.0034,0.2883,0,0,0,0,0
GeoB2202-4,forcens_lgm,0.78,-8.1983,-34.265,0,0,0.0043,0,0,0.0116,0.024,0,0,0,0.0012,0.0026,0,0,0,0,0,0,0.0023,0,0.0049,0.1048,0.5585,0.0693,0,0.002,0.0052,0.0202,0.0069,0,0,0,0.0283,0,0.0095,0.1427,0,0,0,0,0
GeoB2202-4,forcens_lgm,0.83,-8.1983,-34.265,0,0,0.0013,0,0,0.0076,0.029,0,0,0,0.0013,0.0088,0,0,0,0,0,0,0.0013,0,0.0101,0.0844,0.5177,0.0919,0.0025,0.0063,0,0.0239,0.0063,0,0,0,0.0353,0,0.029,0.1335,0,0,0,0,0
GeoB2202-4,forcens_lgm,0.88,-8.1983,-34.265,0,0,0.0094,0,0.0012,0.0097,0.0127,0,0,0,0.0061,0.0015,3e-04,0.0012,0.0012,0,0,0,0.0067,0,0.0036,0.079,0.5106,0.0748,0,0.0033,0.0033,0.0058,0.0103,0,0,0,0.0618,0,0.013,0.1732,0,0,0,0,0
GeoB2202-4,forcens_lgm,0.93,-8.1983,-34.265,0,0,0.0062,0,0.0029,0.0059,0.0075,0,0,0,0,0.0018,0,0.0015,0,0,0,0,0.0073,0,0.0055,0.0782,0.5215,0.0597,0,0.0035,0,0.0161,0.0136,0,0,0,0.0705,0,0.016,0.1813,0,0,0,0,0
GeoB2204-2,forcens_lgm,0.33,-8.5283,-34.0217,0,0,0.0034,0,0,0,0.0364,0,0,0,0.0011,0.0029,0.0011,0,0,0,0,0,6e-04,0.0045,0.0072,0.0546,0.5695,0.1089,0.0045,0.0037,0.0056,0.0175,0.0169,0,0,0,0.009,6e-04,0.01,0.142,0,0,0,0,0
GeoB2204-2,forcens_lgm,0.38,-8.5283,-34.0217,0,0,0.001,0,0,0.0082,0.0195,0,0,0,0,0.0022,0.0123,0,0,0,0,0,0,0.0082,0.0098,0.0709,0.5339,0.0791,0.0041,0.0082,0.0062,0.0474,0.0236,0,0,0,0.0205,0,0.0146,0.1253,0,0,0,0,0
GeoB2215-10,forcens_lgm,0.43,0.0067,-23.495,0.0065,0,0.0134,0,0,0,0.05,0,0,0,0.0758,0.0995,0.2247,0.0043,0,0,0,0,0.0903,0.0129,0.0022,0.0065,0.1624,0.1102,0,0.0032,0.0065,0.0156,0,0,0.0022,0,0.0172,0,0,0.0968,0,0,0,0,0
GeoB2215-10,forcens_lgm,0.48,0.0067,-23.495,0,0,0.0239,0,0,0,0.1194,0,0,0,0.116,0.1894,0.2526,0.0017,0,0,0,0,0.0358,0,0.0085,0.0051,0.0666,0.1092,0,0.0017,0,0.0051,0,0,0.0034,0,0.0034,0,0,0.058,0,0,0,0,0
GeoB1413-4,forcens_lgm,0.19,-15.68,-9.455,0,0,0.0343,4e-04,0,0.0094,0.0561,9e-04,0,0,0.1833,0.0171,0.0626,0.0017,4e-04,0,0,0,0.0994,0.0737,0.0069,0,0.1936,0.0912,0.0188,0.0107,0.0026,0.0197,0.0077,0,0.0034,0,0.0206,0,0,0.0857,0,0,0,0,0
GeoB1413-4,forcens_lgm,0.23,-15.68,-9.455,0,0,0.0291,0,0,0.0157,0.075,0,0,0,0.1601,0.0129,0.0795,0,0.0039,0,0,0,0.1047,0.0806,0.0039,0,0.1965,0.0661,0.0358,0.0157,0.0022,0.0286,0.0067,0,0,0,0.0045,0,0,0.0784,0,0,0,0,0
GeoB1417-1,forcens_lgm,0.33,-20.3667,-12.7067,0.0064,0,0.0177,0,8e-04,0.0258,0.0632,0,0,0,0.085,0.0101,0.0596,0,0,0,0,0,0.1849,0.0153,0.0056,0.0085,0.2465,0.0644,0.0258,0.0093,0.0016,0.0274,0.0044,0,0.0032,0,0.0548,0,0.0016,0.0781,0,0,0,0,0
GeoB1417-1,forcens_lgm,0.38,-20.3667,-12.7067,0,0,0.0187,0,0,0.0104,0.0639,4e-04,0,0,0.1195,0.0078,0.0199,0,0,0,0,0,0.1707,0.0252,0.0122,0.0078,0.2428,0.0825,0.0243,0.01,0.0061,0.0222,0.0113,0,0,0.0035,0.04,0,0.0022,0.0947,0,0,0.0035,0,0
GeoB1419-2,forcens_lgm,0.23,-15.5367,-17.0683,0.0029,0,0.0139,0,0,0,0.0366,0,0,0,0.0822,0.0044,0.0059,0,0,0,0,0,0.1379,0.0279,0.0103,0.0044,0.3573,0.1335,0,0.011,0.0066,0.0161,7e-04,0,0,0,0.0778,0,0.0022,0.0682,0,0,0,0,0
GeoB2819-1,forcens_lgm,0.13,-30.8483,-38.3433,0.0044,0,0.0018,0.0248,0,0.0311,0.1001,0,0,0,0.1254,0.0066,0.2064,0.0044,0,0,0,0,0.1299,0.012,0.0061,0.0012,0.2359,0.0168,0.0022,0.0045,0.0087,0.0074,5e-04,0,0,0,0.0262,1e-04,0,0.0437,0,0,0,0,0
GeoB3104-1,forcens_lgm,1.73,-3.6667,-37.7167,0,0,0,0,0,0,0.0271,0,0,0,0.0042,0.0328,0.0066,0,0,0,0,0,0,0,0.0027,0.0652,0.4336,0.1292,0.0024,0.0018,0,0.0128,0.0048,0,0,0,0.0143,0,6e-04,0.2621,0,0,0,0,0
GeoB3104-1,forcens_lgm,1.78,-3.6667,-37.7167,0,0,0.0024,0,0,0.0032,0.0404,0,0,0,0.0071,0.0412,0.0135,0,0,0,0,0,0,0,0.0055,0.0467,0.3951,0.1258,0.0063,0.0032,0,0.0111,0,0,0,0,0.0095,0,8e-04,0.2882,0,0,0,0,0
GeoB3104-1,forcens_lgm,1.83,-3.6667,-37.7167,0,0,0.008,0,0,0,0.0301,0,0,0,0.0071,0.0434,0.0292,0,0,0,0,0,0,0,0,0.0709,0.3897,0.1276,0,0.0027,0,0.0239,0.0018,0,0,0,0.0177,0,0,0.248,0,0,0,0,0
GeoB3104-1,forcens_lgm,1.88,-3.6667,-37.7167,0,0,0.006,0.001,0,0,0.0318,0,0,0,0.0179,0.0642,0.0269,0,0,0,0,0,0,0,0,0.0333,0.3373,0.1572,0.0259,0.001,0,0.0398,0.004,0,0,0,0.016,0.001,0.002,0.2348,0,0,0,0,0
GeoB3104-1,forcens_lgm,1.98,-3.6667,-37.7167,0,0,0.0024,0,0,0,0.042,0,0,0,0.0156,0.0372,0.0444,0,0.0024,0,0,0,0,0,0.0012,0.1116,0.2737,0.1548,0.0048,0.0036,0,0.0264,0.0216,0,0,0,0.0432,0,0.006,0.2089,0,0,0,0,0
GeoB3117-1,forcens_lgm,2.98,-4.295,-37.0917,0,0,6e-04,0,0,0.0097,0.0401,0,0,0,0.0067,0.0213,0.0176,0,0,0,0,0,0,0,0.0012,0.0736,0.3844,0.118,0,0.0024,0,0.0067,0.0109,0,0,0,0.0486,0,0.0024,0.2555,0,0,0,0,0
GeoB3117-1,forcens_lgm,3.03,-4.295,-37.0917,0,0,0.0011,0,0,0.0022,0.0399,0,0,0,0.0185,0.0399,0.0326,0,0,0,0,0,0,0,0.0011,0.0567,0.3846,0.1319,0,6e-04,0,0.0079,0.0067,0,0,0,0.0449,0,0,0.2313,0,0,0,0,0
GeoB3117-1,forcens_lgm,3.13,-4.295,-37.0917,0,0,0,0,0,0.0023,0.0422,0,0,0,0.007,0.0334,0.0246,0,0,0,0,0,0,0,0.0012,0.0451,0.3623,0.1301,0,0.0029,0,0.0147,0.0117,0,0,0,0.1008,0,0.0012,0.2204,0,0,0,0,0
GeoB3117-1,forcens_lgm,3.23,-4.295,-37.0917,0,0,0.0077,0,0,0,0.0348,0,0,0,0.0039,0.0484,0.0174,0,0,0,0,0,0,0,0.001,0.0348,0.4101,0.1247,0.0039,0.0029,0,0.0232,0.0116,0,0,0,0.0232,0,0.001,0.2515,0,0,0,0,0
GeoB3117-1,forcens_lgm,3.33,-4.295,-37.0917,0,0,0,0,0,0,0.044,0,0,0,0,0.0391,0.0098,0,0,0,0,0,0.0098,0,0.0012,0.0379,0.4225,0.1698,0,0.0012,0,0.0159,0.0024,0,0,0,0.0245,0,0.0024,0.2198,0,0,0,0,0
GeoB3117-1,forcens_lgm,3.43,-4.295,-37.0917,0,0,8e-04,0,0,0,0.0122,0,0,0,8e-04,0.022,0.0343,0,0,0,0,0,0,0,0.0041,0.0465,0.5094,0.1387,0.0065,0.0033,0,0.0155,0.0163,0,0,0,0.0066,0,8e-04,0.182,0,0,0,0,0
GeoB3117-1,forcens_lgm,3.53,-4.295,-37.0917,0,0,9e-04,0,0,0,0.0078,0,0,0,0,0.0431,0.0189,0,0,0,0,0,0.0034,0,0.0026,0.068,0.4978,0.1645,0,0.0034,0,0.0146,0,0,0,0,0.0207,0,9e-04,0.1533,0,0,0,0,0
GeoB3175-1,forcens_lgm,1.68,-7.0533,-34.4633,0,0,0.0034,0,0,0.0016,0.0433,0,0,0,0.0105,0.0079,0.0154,0,0,0,0,0,0.0227,0,0.0014,0.0561,0.6124,0.1014,0.0032,0.0028,0,0.016,0,0,0,0,0.0194,0,0.0045,0.0713,0,0,0,0,0
GeoB3175-1,forcens_lgm,1.73,-7.0533,-34.4633,0,0,0.0093,0,0,0,0.0368,0,0,0,0.0034,0.0044,0.0068,0,0.0017,0,0,0,0.0338,0.0068,0.0023,0.0467,0.6153,0.0869,0.0135,0.015,0,0.0066,0,0,0,0,0.0271,0,0.0055,0.0778,0,0,0,0,0
GeoB3175-1,forcens_lgm,1.78,-7.0533,-34.4633,0,0,0.006,0,0,0,0.037,0,0,0,0.011,0.0105,0,0,0.0063,0,0,0,0.0553,0,5e-04,0.0593,0.6023,0.107,0,0.006,0,0.0083,0,0,0,0,0.032,0,0.0048,0.054,0,0,0,0,0
GeoB3175-1,forcens_lgm,1.83,-7.0533,-34.4633,0,0,5e-04,0,0,0.0037,0.0467,0,0,0,0.0049,0.0052,0.0142,0,0.0151,0,0,0,0.0099,0,0.0022,0.0627,0.6167,0.0966,0.0099,0.0049,6e-04,0.0074,0,0,0,0,0.0197,0,0.0026,0.0764,0,0,0,0,0
GeoB3176-1,forcens_lgm,3.43,-7.0117,-34.4417,0,0,0.0076,0,0,0.0061,0.0259,0,0,0,0.0228,0.0053,0,0.003,0.0034,0,0,0,0.0091,0,0.0015,0.033,0.5884,0.0854,0.0061,0.0042,0,0.0152,0,0,0,0,0.0274,0,0.0159,0.1367,0,0,0,0,0
GeoB3176-1,forcens_lgm,3.48,-7.0117,-34.4417,0,0,3e-04,0,0,0.0128,0.0305,0,0,0,0.0061,0.0048,0.0011,0.0043,0,0,0,0,0.0225,0.0043,0.0061,0.042,0.5693,0.0591,0.0064,0.0056,0,0.0099,0.0011,0,0,0,0.0342,0,0.0235,0.1561,0,0,0,0,0
GeoB3176-1,forcens_lgm,3.53,-7.0117,-34.4417,0,0,0.0036,0,3e-04,0.0024,0.037,0,0,0,0.0055,0.0055,0.0061,0,0.0012,0,0,0,0.0388,0,0.0055,0.0246,0.6054,0.0822,0,0.007,0,0.014,0.0061,0,0,0,0.0485,0,0.02,0.0861,0,0,0,0,0
GeoB3176-1,forcens_lgm,3.58,-7.0117,-34.4417,0,0,0.002,0,0,0,0.0175,0,0,0,0.0032,0.0057,0.0019,0,0,0,0,0,0.0127,0,0.0011,0.05,0.6918,0.0482,0,0.0023,0,0.0133,0.0014,0,0,0,0.0162,2e-04,0.0079,0.1248,0,0,0,0,0
GeoB1032-3,forcens_lgm,0.38,-22.915,6.0367,0,0,0,0.0159,0,0.0057,0.0391,0,0,0,0.2039,0.0071,0.3582,0.0226,0,0,0,0,0.1571,0.017,0,0.0071,0.0425,0,0.0085,0.0302,0,0.0115,0.0028,0,0.0057,0,0.0113,0,0,0.0538,0,0,0,0,0
GeoB1032-3,forcens_lgm,0.43,-22.915,6.0367,0,0,7e-04,0.0077,0,0.0119,0.0385,0,0,0,0.1498,0.0092,0.355,0.0277,0,0,0,0,0.1405,0.0158,0,0.0119,0.066,0.002,0.0106,0.0319,7e-04,0.0093,0.0409,0,0,0,0.0053,0,0,0.0647,0,0,0,0,0
GeoB1034-3,forcens_lgm,0.23,-21.735,5.4217,0,0,9e-04,0.0064,0,0.0146,0.0396,0,0,0,0.2192,0.0106,0.2855,0.0177,0,0,0,0,0.1748,0.0053,0,0,0.1039,0.0053,0,0.0301,9e-04,0.0106,9e-04,0,0.0177,0,0.0071,0,0,0.0491,0,0,0,0,0
GeoB1041-3,forcens_lgm,0.53,-3.475,-7.6,0,0,0.0256,0,0,0,0.0024,0,0,0,0.3153,0.0971,0.1583,0,0.0016,0,0,0,0.1811,0,4e-04,0.0032,0.1155,0.0268,0,0.0244,0,0.0116,0,0,0,0,0,0,0,0.0368,0,0,0,0,0
GeoB1041-3,forcens_lgm,0.58,-3.475,-7.6,0,0,0.0297,0,8e-04,0.0213,8e-04,0,0,0,0.3719,0.0707,0.1612,0.0061,0,0,0,0,0.1247,0,0,0.0046,0.0829,0.035,0,0.038,0,0.0068,0,0,0.0061,0,0,0,0,0.0395,0,0,0,0,0
GeoB3603-2,forcens_lgm,0.33,-35.125,17.5433,0,0,0,0,0,0,0.0247,0,0,0,0.1235,0,0.6099,0.0124,0,0,0,0,0.163,0,0,0,0.0173,0,0,0.0099,0,0.0049,0,0,0,0,0,0,0,0.0346,0,0,0,0,0
GeoB3603-2,forcens_lgm,0.38,-35.125,17.5433,0,0,0,0,0,0,0.011,0,0,0,0.135,0.0165,0.5813,0.0055,0,0,0,0,0.1653,0.0028,0,0,0.0028,0.0083,0,0.0083,0,0.0083,0,0,0.0055,0,0,0,0,0.0496,0,0,0,0,0
GeoB3722-2,forcens_lgm,0.83,-25.25,12.0217,0,0,0,0.0097,0,0,0.0038,0,0,0,0.0769,0,0.8482,0.0193,0,0,0,0,0.0408,0,0,0,0,0,0,0.0013,0,0,0,0,0,0,0,0,0,0,0,0,0,0,0
GeoB3722-2,forcens_lgm,0.88,-25.25,12.0217,0,0,0,0.0036,0,0,0.0023,0,0,0,0.0882,3e-04,0.7935,0.0099,0,0,0,0,0.0829,0,0,0,6e-04,0,0,0.007,0.0037,0.0016,0.0047,0,0,0,0,0,0,0.0016,0,0,0,0,0
GeoB3722-2,forcens_lgm,0.93,-25.25,12.0217,0,0,0,0.0072,0,0,0.0027,0,0,0,0.0609,0,0.8988,0.0023,0,0,0,0,0.0244,0,0,0,5e-04,0,0,0.0032,0,0,0,0,0,0,0,0,0,0,0,0,0,0,0
GeoB3722-2,forcens_lgm,0.98,-25.25,12.0217,0,0,0,0.0115,0,0,0.0076,0,0,0,0.0513,0,0.8641,0.011,0,0,0,0,0.0529,0,0,0,5e-04,0,0,0.0012,0,0,0,0,0,0,0,0,0,0,0,0,0,0,0
GeoB3801-6,forcens_lgm,0.18,-29.5117,-8.305,0.006,0,0.0067,0.0388,0,0,0.0762,0,0,0,0.1859,0.0015,0.1284,0,0,0,0,0,0.1822,0.0642,0.0101,0,0.1501,0.0246,0,0.0078,0.0037,0.0149,0,0,0.006,0,0.0418,0,0.0034,0.0418,0,0,0.006,0,0
GeoB3808-6,forcens_lgm,0.18,-30.8117,-14.7117,0.0151,0,0.0082,0.0264,0,0.0157,0.0785,0,0,0,0.1616,0.0013,0.0979,0.0075,0,0,0,0,0.2517,0.0075,0.0041,6e-04,0.1852,0.0041,0,0.0066,0.0019,0.0317,0,0,0,0,0.0289,0,0.0016,0.0615,0,0,0.0025,0,0
GeoB3813-3,forcens_lgm,0.13,-32.2683,-21.9667,0,0,0.0089,0.0299,0,7e-04,0.0859,0,0,0,0.1756,0.0045,0.3084,0.0059,0,0,0,0,0.1524,0.0208,0.0069,0,0.139,0.0054,0,0.002,0.0015,0.0045,0,0,0,0,0.0089,0,2e-04,0.0386,0,0,0,0,0
GeoB5112-5,forcens_lgm,0.16,-23.825,-16.2583,0,0,5e-04,0.0042,5e-04,0.0148,0.061,0.0064,0,0,0.1097,0,0.0127,0,0,0,0,0,0.0758,0.018,0.009,0.0233,0.2915,0.0768,0,0.0095,0.0011,0.0228,0.0048,0,0,0,0.1165,0,0.0318,0.1092,0,0,0,0,0
GeoB5115-2,forcens_lgm,0.14,-24.1433,-14.0433,0,0,7e-04,0.003,0,0.0141,0.0698,7e-04,0,0,0.0812,0,0.0034,0.0034,0,0,0,0,0.0738,0.0134,0.006,0.0121,0.3452,0.0456,0,0.0131,0.0151,0.0496,0.0107,0,0,0,0.0973,0,0.0141,0.1268,0,0,0,0,0
GeoB5115-2,forcens_lgm,0.15,-24.1433,-14.0433,0,0,0.0027,0.006,0,0.0226,0.0657,0,0,0,0.0703,0,0.0166,0,7e-04,0,0,0,0.067,0.0106,0.0017,0.0106,0.336,0.0504,0,0.0179,0.01,0.0551,0.0153,0,0.0027,0,0.1128,7e-04,0.0143,0.1101,0,0,0,0,0
GeoB5115-2,forcens_lgm,0.16,-24.1433,-14.0433,0,0,0.0016,0.0016,0,0.0227,0.0533,0,0,0,0.0848,0,0.0151,0,0.0028,0,0,0,0.0819,0.0164,0.0079,0.0236,0.3119,0.0475,0,0.0132,0.0025,0.0315,0.0183,0,0,0,0.0769,0,0.0302,0.1537,0,0,0,0,0
GeoB5115-2,forcens_lgm,0.17,-24.1433,-14.0433,0,0,0.0032,0.0067,0,0.0105,0.0522,0,0,0,0.0908,0,0.014,0.0047,0.0053,0,0,0,0.0499,0.0093,0.0038,0.0114,0.3273,0.0578,0,0.0143,0.0178,0.0491,0.0082,0,0,0,0.0946,0,0.0274,0.1401,0,0,0,0,0
GeoB5121-2,forcens_lgm,0.16,-24.1833,-12.0217,0,0,0.0084,0.0057,0,0.0229,0.0662,0,0,0,0.0957,0,0.0168,0.0044,0,0,0,0,0.0741,0.0397,0.011,0.0097,0.2425,0.0529,0,0.0141,0.0097,0.0353,0.0018,0,0,0,0.1349,0,0.0132,0.1287,0,0,0.0071,0,0
GeoB5133-3,forcens_lgm,0.18,-19.0867,-10.1917,0.0038,0,0.0139,2e-04,0,0.0376,0.0405,0.0012,0,0,0.1139,5e-04,0.0367,9e-04,0.0024,0,0,0,0.1078,0.096,0.0024,0.0087,0.2438,0.0701,0,0.0118,0.0042,0.0221,0,0,0,0,0.0743,0,0.0038,0.0998,0,0,0.0038,0,0
GeoB5140-3,forcens_lgm,0.1,-19.0517,-16.6133,0,0,0.0033,0,0,0.0081,0.0398,0.0015,0,0,0.062,8e-04,0.0213,0.0253,0.001,0,0,0,0.0706,0.0456,0.0033,0.0142,0.2281,0.0688,0.0081,0.0068,0.002,0.0109,0,0,0,0.0041,0.2349,5e-04,0.0033,0.123,0,0,0.0122,0,0
GeoB5140-3,forcens_lgm,0.11,-19.0517,-16.6133,0.0084,0,0.013,0,6e-04,0.0136,0.0344,0.0026,0,0,0.0577,0.0026,0.013,0.0052,0.0019,0,0,0,0.061,0.0331,0.0078,0.0156,0.2282,0.1044,0.0026,0.0123,6e-04,0.0143,0.0084,0,0,0.0052,0.2186,6e-04,0.0045,0.1297,0,0,0,0,0
GeoB5140-3,forcens_lgm,0.12,-19.0517,-16.6133,0.0117,0,0.0132,0,7e-04,0.0102,0.0399,0,0,0,0.052,0.0018,0.0337,0.0117,0.0022,0,0,0,0.0776,0.0454,0.0048,0.004,0.2873,0.0772,0,0.0037,0,0.0161,0.0088,0,0.0029,0.0088,0.1917,4e-04,0.0018,0.0922,0,0,0,0,0
V30-40,forcens_lgm,0.48,-0.2,-23.15,0,0,0.027,0,0.003,0.005,0.061,0.003,0,0,0.053,0.144,0.146,0,0.019,0,0,0,0.04,0.013,0,0.043,0.162,0.146,0.003,0.003,0,0.008,0.016,0,0.011,0.003,0.008,0,0.003,0.08,0,0,0,0,0
V30-40,forcens_lgm,0.51,-0.2,-23.15,0,0,0.023,0,0,0.003,0.085,0,0,0,0.043,0.154,0.219,0,0.003,0,0,0,0.046,0.006,0,0.023,0.125,0.14,0,0.009,0.003,0.011,0.009,0,0.006,0,0,0,0,0.091,0,0,0,0,0
V30-40,forcens_lgm,0.54,-0.2,-23.15,0,0,0.03,0,0,0.005,0.057,0,0,0,0.067,0.178,0.191,0.005,0.002,0,0,0,0.059,0.007,0,0.027,0.153,0.06,0.005,0.002,0,0.002,0.007,0,0.01,0.002,0.005,0,0,0.121,0,0,0,0,0
V30-40,forcens_lgm,0.57,-0.2,-23.15,0,0,0.039,0,0,0.003,0.115,0,0,0,0.065,0.194,0.136,0.005,0,0,0,0,0.06,0,0,0.026,0.094,0.144,0.005,0.01,0.003,0.008,0.008,0,0.008,0,0,0,0,0.071,0,0,0,0,0
V30-40,forcens_lgm,0.6,-0.2,-23.15,0,0,0.066,0,0,0,0.085,0,0,0,0.044,0.19,0.231,0.003,0,0,0,0,0.082,0.003,0,0.005,0.102,0.063,0.005,0.005,0.005,0.003,0.011,0,0.005,0,0,0,0.003,0.088,0,0,0,0,0
V30-40,forcens_lgm,0.63,-0.2,-23.15,0,0,0.033,0,0,0,0.107,0,0,0,0.063,0.255,0.186,0.005,0,0,0,0,0.049,0,0,0.008,0.085,0.107,0,0.005,0.003,0.011,0.016,0,0.014,0,0.003,0,0,0.044,0,0,0,0,0
GIK16772-2,forcens_lgm,0.3,-1.35,-11.9617,0,0,0.036,0,0,0,0.03,0,0,0,0.362,0.236,0.074,0.003,0,0,0,0,0.08,0.003,0,0.026,0.038,0.027,0,0.006,0,0.031,0.003,0,0,0,0.01,0,0,0.031,0,0,0,0,0
GIK16772-2,forcens_lgm,0.4,-1.35,-11.9617,0,0,0.088,0,0,0.001,0.036,0,0,0,0.258,0.229,0.192,0,0,0,0,0,0.066,0,0,0.001,0.029,0.023,0,0.001,0,0.014,0.001,0,0,0,0.006,0,0,0.052,0,0,0,0,0
GIK16867-2,forcens_lgm,0.55,-2.2017,5.1017,0,0,0.061,0,0.007,0.005,0,0,0,0,0.18,0.197,0.074,0.003,0.002,0,0,0,0.104,0,0,0.125,0.092,0.044,0.003,0.037,0,0.026,0.005,0,0.003,0,0.003,0,0,0.028,0,0,0,0,0
GIK16867-2,forcens_lgm,0.65,-2.2017,5.1017,0,0,0.082,0.002,0.002,0.015,0.002,0,0,0,0.228,0.108,0.053,0,0,0,0,0,0.163,0,0,0.117,0.094,0.02,0,0.053,0,0.025,0.002,0,0.003,0,0,0,0,0.032,0,0,0,0,0
V25-56,forcens_lgm,0.65,-3.55,-35.23,0,0,0,0.006,0.27,0,0,0.289,0,0,0,0,0.017,0,0,0,0,0,0.017,0,0,0,0,0.072,0,0,0,0.003,0.05,0,0,0,0.006,0,0.083,0.174,0,0,0,0,0
V25-56,forcens_lgm,0.7,-3.55,-35.23,0,0,0.003,0,0,0,0.054,0,0,0,0.018,0.049,0,0,0,0,0,0,0.003,0,0.008,0.015,0.384,0.263,0.015,0.003,0,0.028,0.003,0,0,0,0.013,0,0,0.142,0,0,0,0,0
V25-56,forcens_lgm,0.7,-3.55,-35.23,0,0,0,0.002,0.295,0.004,0,0.335,0,0,0,0,0.013,0,0,0,0,0,0.008,0.006,0,0,0,0.054,0.002,0,0,0,0.025,0,0,0.002,0.002,0,0.082,0.151,0,0,0,0,0
V25-56,forcens_lgm,0.76,-3.55,-35.23,0,0,0,0.005,0.289,0.002,0,0.311,0,0,0,0,0.012,0,0,0,0,0,0.021,0.007,0,0,0,0.038,0,0.002,0,0,0.045,0,0,0,0.005,0,0.056,0.165,0,0,0,0,0
V25-56,forcens_lgm,0.8,-3.55,-35.23,0,0,0.002,0,0.006,0.01,0.043,0,0,0,0.018,0.059,0,0,0,0,0,0,0,0.006,0.002,0.026,0.244,0.122,0.016,0.004,0,0.012,0.01,0,0,0.002,0.112,0,0.002,0.301,0,0,0,0,0
V25-56,forcens_lgm,0.8,-3.55,-35.23,0,0,0,0.002,0.283,0.004,0,0.327,0,0,0,0.002,0.017,0,0,0,0,0,0.023,0.008,0,0,0,0.057,0,0,0,0.002,0.042,0,0.002,0.008,0.006,0,0.063,0.134,0,0,0,0,0
V25-56,forcens_lgm,0.85,-3.55,-35.23,0,0,0,0.002,0.289,0.002,0,0.313,0,0,0,0.002,0.023,0,0,0,0,0,0.015,0.019,0,0.002,0,0.03,0,0,0,0,0.047,0,0.002,0.002,0.004,0.004,0.045,0.143,0,0,0,0,0
V25-56,forcens_lgm,0.5,-3.55,-35.23,0,0,0.026,0,0,0,0.124,0,0,0,0,0.205,0.068,0,0,0,0,0,0.036,0.013,0.003,0.062,0.231,0.114,0,0.003,0.003,0.003,0.013,0,0,0,0,0,0.007,0.085,0,0,0,0,0
V25-56,forcens_lgm,0.52,-3.55,-35.23,0,0,0.017,0,0,0,0.111,0,0,0,0.026,0.149,0.043,0,0.003,0,0,0,0.04,0.009,0.003,0.094,0.237,0.12,0,0,0,0.014,0.009,0,0.003,0,0.003,0,0,0.12,0,0,0,0,0
V25-56,forcens_lgm,0.55,-3.55,-35.23,0,0,0.038,0,0,0,0.072,0,0,0,0.013,0.204,0.047,0,0.003,0,0,0,0.025,0.006,0.009,0.088,0.21,0.125,0.006,0.003,0.003,0.009,0.009,0,0,0,0.003,0,0,0.125,0,0,0,0,0
V25-56,forcens_lgm,0.57,-3.55,-35.23,0,0,0.037,0,0,0,0.056,0,0,0,0.017,0.189,0.047,0.003,0.003,0,0,0,0.033,0,0,0.11,0.193,0.152,0.007,0,0.003,0.003,0.01,0,0,0,0.003,0,0,0.133,0,0,0,0,0
V25-56,forcens_lgm,0.6,-3.55,-35.23,0,0,0.025,0,0,0,0.071,0,0,0,0.012,0.189,0.065,0,0,0,0,0,0.009,0.009,0.006,0.127,0.165,0.152,0.003,0,0,0.019,0.006,0,0,0,0.012,0,0,0.124,0,0,0,0,0
V25-56,forcens_lgm,0.62,-3.55,-35.23,0,0,0.027,0,0.007,0.01,0.093,0,0,0,0.013,0.176,0.05,0.003,0,0,0,0,0.037,0,0.003,0.13,0.193,0.103,0.003,0.007,0.003,0.013,0,0,0.003,0,0.007,0,0,0.12,0,0,0,0,0
RC24-16,forcens_lgm,0.66,-5.038,-10.19,0,0,0.041,0,0,0,0.008,0,0,0,0.197,0.185,0.079,0.005,0,0,0,0,0.141,0.044,0,0.031,0.062,0.102,0.003,0.033,0,0.013,0.021,0,0,0,0,0,0,0.031,0,0,0,0,0
RC24-16,forcens_lgm,0.69,-5.038,-10.19,0,0,0.04,0,0,0.003,0.006,0,0,0,0.197,0.186,0.063,0,0.006,0,0,0,0.117,0.023,0.003,0.057,0.106,0.074,0,0.04,0,0.023,0.011,0,0,0,0.006,0,0,0.029,0,0,0,0,0
RC24-16,forcens_lgm,0.72,-5.038,-10.19,0,0,0.036,0,0.003,0.005,0.01,0,0,0,0.221,0.203,0.088,0,0.003,0,0,0,0.109,0.036,0.003,0.031,0.062,0.075,0,0.026,0.003,0.018,0.013,0,0,0,0,0,0,0.044,0,0,0,0,0
RC24-16,forcens_lgm,0.75,-5.038,-10.19,0,0,0.043,0,0,0,0.013,0,0,0,0.204,0.171,0.087,0.005,0.003,0,0,0,0.077,0.036,0.003,0.036,0.082,0.109,0,0.054,0.003,0.031,0.008,0,0,0,0,0,0,0.036,0,0,0,0,0
RC24-16,forcens_lgm,0.78,-5.038,-10.19,0,0,0.016,0,0.005,0,0.014,0,0,0,0.21,0.223,0.084,0.003,0.003,0,0,0,0.049,0.008,0,0.033,0.131,0.115,0,0.027,0,0.016,0.011,0,0.003,0,0,0,0,0.044,0,0,0,0,0
V22-174,forcens_lgm,0.55,-10.07,-12.82,0,0,0.02,0,0,0.014,0.083,0,0,0,0.072,0.069,0.095,0,0,0,0,0,0.011,0.083,0,0.052,0.155,0.098,0.017,0.011,0.003,0.046,0.006,0,0,0,0.08,0,0.006,0.069,0,0,0,0,0
V22-174,forcens_lgm,0.57,-10.07,-12.82,0,0,0.019,0,0,0.017,0.05,0,0,0,0.078,0.092,0.056,0,0.003,0,0,0,0.036,0.047,0,0.042,0.226,0.095,0.017,0.008,0.006,0.042,0.011,0,0,0.003,0.061,0,0,0.075,0,0,0,0,0
V22-174,forcens_lgm,0.6,-10.07,-12.82,0,0,0.031,0,0.003,0.017,0.045,0,0,0,0.093,0.11,0.068,0,0,0,0,0,0.04,0.059,0,0.04,0.193,0.102,0.008,0.008,0.003,0.048,0.011,0,0,0,0.034,0,0.006,0.076,0,0,0,0,0
V22-174,forcens_lgm,0.6,-10.07,-12.82,0,0,0.021,0,0.002,0.012,0.046,0.002,0,0,0.07,0.087,0.066,0.002,0,0,0,0,0.107,0.025,0.025,0.046,0.18,0.087,0.016,0.008,0.008,0.043,0.021,0,0,0.002,0.027,0,0,0.089,0,0,0,0,0
RC13-228,forcens_lgm,1.1,-22.33,11.198,0,0,0,0,0,0.003,0,0,0,0,0.036,0,0.469,0.239,0,0,0,0,0.155,0,0,0,0,0,0,0.006,0,0,0.016,0,0.071,0,0,0,0,0.003,0,0,0,0,0
RC13-228,forcens_lgm,1.15,-22.33,11.198,0,0,0,0,0,0,0.003,0,0,0,0.19,0,0.38,0.102,0,0,0,0,0.21,0,0,0,0.03,0.006,0.003,0,0.003,0.003,0.01,0,0.026,0,0,0,0,0.033,0,0,0,0,0
RC13-228,forcens_lgm,1.2,-22.33,11.198,0,0,0,0.006,0,0,0,0,0,0,0.096,0,0.436,0.164,0,0,0,0,0.208,0.003,0,0,0.018,0,0,0.006,0,0,0.009,0,0.023,0,0,0,0,0.032,0,0,0,0,0
RC13-228,forcens_lgm,1.25,-22.33,11.198,0,0,0,0,0,0,0,0,0,0,0.071,0.003,0.395,0.209,0,0,0,0,0.206,0.003,0,0,0.019,0,0,0.003,0,0,0,0,0.068,0,0,0,0,0.023,0,0,0,0,0
RC13-228,forcens_lgm,1.3,-22.33,11.198,0,0,0,0,0,0,0.003,0,0,0,0.046,0,0.599,0.155,0,0,0,0,0.138,0,0,0,0.016,0,0,0.003,0,0,0,0,0.01,0,0,0,0,0.03,0,0,0,0,0
RC13-228,forcens_lgm,1.35,-22.33,11.198,0,0,0,0,0,0.002,0,0,0,0,0.019,0,0.49,0.33,0,0,0,0,0.124,0,0,0,0.012,0,0,0,0,0,0,0,0.005,0,0,0,0,0.017,0,0,0,0,0
RC13-229,forcens_lgm,0.52,-25.49,11.307,0,0,0,0.005,0,0,0.006,0,0,0,0.211,0,0.697,0.025,0,0,0,0,0.029,0,0,0,0.019,0.004,0,0,0.001,0.002,0.001,0,0,0,0,0,0,0,0,0,0,0,0
RC13-229,forcens_lgm,0.55,-25.49,11.307,0,0,0,0.007,0,0.001,0.01,0,0,0,0.138,0.005,0.676,0.009,0.001,0,0,0,0.106,0,0,0,0.021,0,0,0.004,0.001,0.005,0,0,0.002,0,0,0,0,0.01,0,0,0,0,0
RC13-229,forcens_lgm,0.58,-25.49,11.307,0,0,0,0.005,0,0,0.01,0,0,0,0.063,0.018,0.783,0.016,0,0,0,0,0.071,0,0,0.003,0.003,0.008,0,0,0,0.003,0,0,0.005,0,0,0,0,0.013,0,0,0,0,0
RC13-229,forcens_lgm,0.6,-25.49,11.307,0,0,0,0.011,0,0,0.007,0,0,0,0.094,0.009,0.719,0.036,0,0,0,0,0.105,0.002,0,0,0,0,0,0,0,0.002,0,0,0.009,0,0,0,0,0.007,0,0,0,0,0
RC11-86,forcens_lgm,0.4,-35.78,18.45,0,0,0,0,0,0,0.007,0,0,0,0.136,0.007,0.629,0.01,0,0,0,0,0.119,0.007,0.003,0,0,0,0,0.007,0.003,0,0.028,0,0.01,0,0,0,0,0.031,0,0,0,0,0
RC11-86,forcens_lgm,0.5,-35.78,18.45,0,0,0.014,0.007,0.007,0.007,0.01,0.003,0,0,0.156,0.037,0.542,0.017,0.003,0,0,0,0.122,0.003,0,0,0,0,0,0.007,0,0.007,0.017,0,0.003,0.003,0.007,0,0,0.027,0,0,0,0,0
RC12-294,forcens_lgm,0.4,-37.27,-10.1,0,0,0,0,0,0.003,0.047,0,0,0,0.1,0.003,0.28,0.053,0,0,0,0,0.354,0.008,0,0,0.008,0,0,0,0,0,0,0,0.098,0,0,0,0,0.047,0,0,0,0,0
RC12-294,forcens_lgm,0.45,-37.27,-10.1,0,0,0,0.003,0,0.003,0.039,0,0,0,0.129,0,0.228,0.039,0,0,0,0,0.405,0.003,0,0,0.003,0,0,0,0,0,0,0,0.093,0,0,0,0,0.054,0,0,0,0,0
RC12-294,forcens_lgm,0.46,-37.27,-10.1,0,0,0.003,0.012,0,0.002,0.015,0,0,0,0.108,0,0.336,0.083,0,0,0,0,0.364,0.002,0,0,0.004,0,0,0,0,0,0,0,0.039,0,0,0,0,0.032,0,0,0,0,0
RC12-294,forcens_lgm,0.48,-37.27,-10.1,0,0,0.001,0,0,0.003,0.032,0,0,0,0.105,0,0.409,0.05,0,0,0,0,0.327,0.001,0,0,0.001,0,0,0,0,0,0,0,0.032,0.001,0,0,0,0.038,0,0,0,0,0
RC12-294,forcens_lgm,0.5,-37.27,-10.1,0,0,0,0.009,0,0.003,0.055,0,0,0,0.134,0,0.273,0.032,0,0,0,0,0.358,0.029,0,0,0.006,0,0,0,0,0,0,0,0.07,0,0,0,0,0.032,0,0,0,0,0
RC12-294,forcens_lgm,0.53,-37.27,-10.1,0,0,0.003,0.002,0,0,0.014,0,0,0,0.128,0.001,0.319,0.095,0,0,0,0,0.347,0.002,0,0,0.005,0,0,0.002,0,0,0,0,0.039,0,0,0,0,0.04,0.001,0,0,0,0
RC12-294,forcens_lgm,0.55,-37.27,-10.1,0,0,0.006,0.003,0,0,0.012,0,0,0,0.143,0.003,0.211,0.03,0,0,0,0,0.417,0.003,0,0,0.003,0,0,0,0,0,0,0,0.104,0,0,0,0,0.065,0,0,0,0,0
RC12-267,forcens_lgm,0.73,-38.68,-25.78,0,0,0.012,0.024,0,0,0.106,0,0,0,0.35,0,0.308,0.126,0,0,0,0,0.033,0.002,0,0,0.002,0,0,0,0,0,0,0,0.009,0,0,0,0,0.029,0,0,0,0,0
KS310,forcens_lgm,,35.55,-1.57,0,0,0,0,0,0.012,0,0,0,0,0,0,0.741,0,0,0,0,0,0.074,0,0,0,0.021,0,0,0.004,0,0,0,0,0.099,0,0,0,0,0.037,0,0,0,0,0
KS310,forcens_lgm,,35.55,-1.57,0,0,0,0,0,0.012,0,0,0,0,0.012,0,0.781,0,0,0,0,0,0.096,0,0,0,0.008,0,0,0,0,0,0,0,0.073,0,0,0,0,0.019,0,0,0,0,0
KS310,forcens_lgm,,35.55,-1.57,0,0,0,0,0,0.005,0,0,0,0,0.005,0,0.656,0,0,0,0,0,0.18,0,0,0,0.005,0,0,0.005,0,0,0,0,0.093,0,0,0,0,0.049,0,0,0,0,0
KS310,forcens_lgm,,35.55,-1.57,0,0,0,0,0,0.008,0,0,0,0,0.021,0,0.687,0,0,0,0,0,0.144,0,0,0,0.012,0,0,0.004,0,0,0,0,0.078,0,0,0,0,0.045,0,0,0,0,0
KS310,forcens_lgm,,35.55,-1.57,0,0,0,0,0,0.015,0,0,0,0,0.007,0,0.684,0,0,0,0,0,0.136,0,0,0,0.022,0,0,0.011,0,0,0,0,0.107,0,0,0,0,0.018,0,0,0,0,0
KS310,forcens_lgm,,35.55,-1.57,0,0,0,0,0,0.018,0,0,0,0,0.004,0,0.69,0,0,0,0,0,0.166,0,0,0,0.014,0,0,0.004,0,0,0,0,0.04,0,0,0,0,0.061,0,0,0,0,0
KS310,forcens_lgm,,35.55,-1.57,0,0,0,0,0,0.015,0,0,0,0,0.048,0,0.565,0,0,0,0,0,0.24,0,0,0,0,0,0,0.003,0,0.006,0,0,0.063,0,0.003,0,0,0.051,0,0,0,0,0
MD992346,forcens_lgm,,42.044,4.151,0,0,0,0,0,0.43,0,0,0,0,0,0,0.3,0.01,0,0,0,0,2.02875,0,0,0,0.02,0,0,0,0,0,0.02,0,0.88,0,0,0,0,0.7,0,0,0,0,0
MD992346,forcens_lgm,,42.044,4.151,0,0,0,0,0,0.1,0,0,0,0,0,0,0.03,0,0,0,0,0,2.00875,0,0,0,0,0,0,0,0,0,0,0,0.63,0,0,0,0,0.3,0,0,0,0,0
MD992346,forcens_lgm,,42.044,4.151,0,0,0,0,0,0.41,0,0,0,0,0,0,0.1,0,0,0,0,0,2.69625,0,0,0,0,0,0,0,0,0,0,0,0.22,0,0,0,0,0.37,0,0,0,0,0
MD992346,forcens_lgm,,42.044,4.151,0,0,0,0,0,0.09,0,0,0,0,0,0,0.15,0,0,0,0,0,3.265,0.01,0,0,0.03,0,0,0,0,0,0.03,0,1.18,0,0,0,0,0.62,0,0,0,0,0
MD992346,forcens_lgm,,42.044,4.151,0,0,0,0,0,0.14,0,0,0,0,0,0,0.11,0,0,0,0,0,2.0625,0,0,0,0,0,0,0,0,0,0,0,0.74,0,0,0,0,0.36,0,0,0,0,0
MD992346,forcens_lgm,,42.044,4.151,0,0,0,0,0,0.03,0,0,0,0,0,0,0.25,0,0,0,0,0,2.535,0,0,0,0.01,0,0,0,0,0,0.01,0,0.33,0,0,0,0,0.13,0,0,0,0,0
MD992346,forcens_lgm,,42.044,4.151,0,0,0,0,0,0.06,0,0,0,0,0,0,0.23,0,0,0,0,0,2.985,0,0,0,0,0,0,0,0,0,0.02,0,0.52,0,0,0,0,0.65,0,0,0,0,0
MD992346,forcens_lgm,,42.044,4.151,0,0,0,0,0,0.06,0,0,0,0,0,0,0.65,0,0,0,0,0,1.7825,0,0,0,0.01,0,0,0,0,0,0,0,0.16,0,0,0,0,0.71,0,0,0,0,0
MD992346,forcens_lgm,,42.044,4.151,0,0,0,0,0,0.01,0,0,0,0,0,0,1.33,0.07,0,0,0,0,2.735,0,0,0,0,0,0,0,0,0,0.01,0,0.16,0,0,0,0,0.45,0,0,0,0,0
MD992346,forcens_lgm,,42.044,4.151,0,0,0,0,0,0.03,0,0,0,0,0,0,1.07,0.01,0,0,0,0,1.7825,0,0,0,0.01,0,0,0,0,0,0,0,0.02,0,0,0,0,0.18,0,0,0,0,0
MD992346,forcens_lgm,,42.044,4.151,0,0,0,0,0,0.05,0,0,0,0,0,0,1.46,0.03,0,0,0,0,2.595,0,0,0,0,0,0,0,0,0,0,0,0.07,0,0,0,0,0.39,0,0,0,0,0
MD992346,forcens_lgm,,42.044,4.151,,,,,,,,,,,,,,,,,,,,,,,,,,,,,,,,,,,,,,,,,
DSDP site 588,forcens_lgm,0.42,-26.11,161.2266667,0,0,0.0331,0,0.0033,0.0066,0.0695,0,0,0,0.1987,0.0265,0.0232,0,0,0,0,0,0.1457,0.0662,0.0066,0,0.2715,0,0,0.0165,0,0.0199,0,0,0,0,0.043,0,0,0.0463,0,0,0,0,0
DSDP site 591,forcens_lgm,0.4,-31.58433333,164.4486667,0,0,0.0191,0,0,0.0032,0.0127,0,0,0,0.2484,0.0095,0.1847152542,0.00318474576,0,0,0,0,0.2707,0.0637,0.0064,0,0.0509,0.0032,0.0064,0.0159,0,0.035,0,0,0,0,0,0,0,0.0605,0,0,0,0,0
DSDP site 592,forcens_lgm,0.31,-36.47333333,165.4421667,0,0,0.006,0,0,0.009,0.1351,0,0,0,0.2402,0.054,0.2011942029,0.0060057971,0,0,0,0,0.2643,0.009,0.006,0,0.006,0,0,0.003,0,0.003,0,0,0.03,0,0,0,0,0.024,0,0,0,0,0
DSDP site 593,forcens_lgm,0.38,-40.5078,167.6745,0,0,0,0,0,0,0.135,0,0,0,0.1475,0.0025,0.1575,0.02,0,0,0,0,0.295,0.0025,0,0,0,0,0,0,0,0,0,0,0.1475,0,0,0,0,0.09,0,0,0.005,0,0
E36-023,forcens_lgm,0.19,-43.9167,150.0505556,0,0,0,0,0,0.0032,0.01351168,0,0,0,0.0863,0.0032,0.1565,0.0351,0,0,0,0,0.5591,0,0,0,0.0032,0,0,0.0032,0,0,0,0,0.0479,0,0,0,0,0.0894,0,0,0,0,0
E45-029,forcens_lgm,0.39,-44.88333333,106.5166667,0,0,0,0,0,0,0.023,0,0,0,0.139,0,0.023,0.309,0,0,0,0,0.493,0,0,0,0,0,0,0,0,0,0,0,0,0,0,0,0,0.014,0,0,0,0,0
E48-003,forcens_lgm,0.22,-41.02,100.0116667,0,0,0.003,0,0,0.005,0.022,0,0,0,0.101,0,0.049,0.126,0,0,0,0,0.388,0,0,0,0,0,0,0,0,0,0,0,0.23,0,0,0,0,0.068,0,0,0,0,0
E48-022,forcens_lgm,0.82,-39.895,85.41,0,0,0,0,0,0.006,0.022,0,0,0,0.059,0,0.184,0.138,0,0,0,0,0.328,0,0,0,0.002,0,0,0.002,0,0,0,0,0.179,0,0,0,0,0.07,0,0,0,0,0
E48-023,forcens_lgm,0.55,-39.515,83.72333333,0,0,0,0,0,0.002,0.025,0,0,0,0.051,0,0.199,0.153,0,0,0,0,0.21,0.057,0,0,0,0,0,0.006,0,0,0,0,0.208,0,0,0,0,0.079,0,0,0,0,0
E48-027,forcens_lgm,0.62,-38.54166667,79.89833333,0,0,0,0.003,0,0,0.034,0,0,0,0.063,0.003,0.204,0.088,0,0,0,0,0.263,0.006,0,0,0.003,0,0,0,0,0,0,0,0.238,0,0.003,0,0,0.088,0,0,0,0,0
E48-028,forcens_lgm,0.73,-38.54833333,79.91833333,0,0,0,0.003,0,0.003,0.029,0,0,0,0.076,0.009,0.245,0.102,0,0,0,0,0.225,0.012,0,0,0.003,0,0,0.009,0.003,0,0,0,0.175,0,0.006,0,0,0.093,0,0,0,0,0
E49-018,forcens_lgm,0.5,-46.05,90.16666667,0,0,0,0,0,0,0.003,0,0,0,0.124,0,0.025,0.594,0,0,0,0,0.225,0.006,0,0,0,0,0,0,0,0,0,0,0.013,0,0,0,0,0.01,0,0,0,0,0
E49-021,forcens_lgm,0.49,-42.18333333,94.88333333,0,0,0,0,0,0,0.034,0,0,0,0.058,0,0.058,0.146,0,0,0,0,0.488,0.005,0,0,0,0,0,0.002,0,0,0.002,0,0.09,0,0,0,0,0.117,0,0,0,0,0
E49-023,forcens_lgm,0.59,-47.11666667,95.08333333,0,0,0.003,0,0,0,0.008,0,0,0,0.041,0,0.003,0.837,0,0,0,0,0.097,0,0,0,0,0,0,0,0,0,0,0,0.003,0,0,0,0,0.008,0,0,0,0,0
FR10/95-GC05,forcens_lgm,0.67,-14.00916667,121.0263333,0,0,0.00647,0,0.0938,0,0.0324,0.003,0,0,0,0.12,0.032,0,0.0356,0,0,0,0.029,0.0129,0.016,0,0.262,0.0388,0.0421,0.00647,0.003,0.0259,0,0,0,0,0.0356,0,0,0.197,0,0,0,0,0
FR10/95-GC11,forcens_lgm,0.29,-17.64283333,114.9988333,0,0,0,0,0.0831,0.0033,0.0199,0,0,0,0.0299,0.0432,0.0365,0,0.0166,0.0033,0.0033,0,0.0532,0.0166,0.0066,0,0.2857,0.0465,0.0299,0.01,0,0.0266,0.0066,0,0,0,0.0498,0,0.0033,0.2193,0,0,0,0,0
FR10/95-GC14,forcens_lgm,0.39,-20.04516667,112.6621667,0,0,0.0033,0,0.0232,0,0.0099,0.0033,0,0,0.1325,0.043,0.0099,0,0.0066,0,0.0066,0,0.2417,0.0331,0.0033,0,0.1722,0.0199,0.0232,0,0.0033,0.0596,0.0033,0,0,0,0.0132,0,0,0.1854,0,0,0,0,0
FR10/95-GC17,forcens_lgm,1.43,-22.129,113.5018333,0,0,0,0,0.019,0,0.003,0,0,0,0.237,0.026,0.01,0,0.01,0,0,0,0.143,0.036,0,0,0.136,0.006,0.026,0,0,0.042,0,0,0,0.003,0.029,0,0,0.269,0,0,0,0,0
FR10/95-GC20,forcens_lgm,0.64,-24.7445,111.8291667,0,0,0,0,0.006,0,0.003,0,0,0,0.291,0.025,0,0,0,0,0,0,0.119,0.053,0.003,0,0.184,0.009,0.028,0,0,0.013,0,0,0,0,0.025,0,0,0.238,0,0,0,0,0
FR10/95-GC29,forcens_lgm,0.91,-30.99183333,114.5895,0,0,0,0.006,0.008,0,0.025,0.003,0,0,0.431,0,0.006,0,0,0,0,0,0.126,0.036,0.006,0,0.12,0,0.008,0,0,0.031,0.008,0,0.003,0.003,0.008,0,0,0.137,0,0,0,0,0
FR2/96-GC10,forcens_lgm,0.26,-24.46416667,108.5101667,0,0,0,0,0.003,0.005,0.011,0,0,0,0.299,0.019,0,0,0.003,0,0,0,0.092,0.051,0.005,0,0.194,0.024,0.022,0.005,0.003,0.032,0,0,0,0.003,0.022,0,0,0.183,0,0,0,0,0
FR2/96-GC17,forcens_lgm,0.43,-12.24666667,112.7378333,0,0,0,0,0.157,0.003,0.0196,0.016,0,0,0,0.16,0.088,0,0.0555,0,0,0,0.0849,0.003,0.0131,0,0.199,0.0523,0.003,0,0,0.049,0,0,0,0,0.003,0.003,0,0.078,0,0,0,0,0
FR2/96-GC27,forcens_lgm,1.29,-18.56183333,116.2668333,0,0,0,0,0.053,0,0.0033,0,0,0,0.0033,0.0298,0.0198,0,0.0496,0.0033,0.0099,0,0.043,0.013,0.0166,0,0.384,0.096,0.0629,0,0.0033,0.0596,0,0,0,0,0.017,0.0033,0,0.1192,0,0,0,0,0
K12,forcens_lgm,2.8675,2.688888889,127.7361111,0,0,0.003,0,0.141,0,0,0,0,0,0,0.34,0.063,0,0.102,0,0,0,0.105,0.012,0.003,0,0.108,0.006,0.006,0,0,0,0,0,0,0,0.009,0,0,0.157,0,0,0,0,0
MD76-131,forcens_lgm,1.9,15.32,72.34,0,0,0,0,0,0.005,0,0,0,0,0,0.055,0,0,0.045,0.005,0.014,0,0.123,0.018,0.009,0,0.309,0.127,0.041,0.014,0,0.045,0.009,0,0,0,0.018,0,0,0.164,0,0,0,0,0
MD77-169,forcens_lgm,1.51,10.13,95.03,0,0,0.003,0,0,0.003,0,0,0,0,0,0.156,0,0,0.075,0.01,0.013,0,0.094,0.01,0.018,0,0.294,0.047,0.036,0.003,0.003,0.016,0.086,0,0,0,0.01,0,0,0.125,0,0,0,0,0
MD77-171,forcens_lgm,2.61,11.46,94.09,0,0,0,0,0,0.005,0,0,0,0,0,0.125,0,0,0.046,0.017,0.024,0,0.11,0.014,0.005,0,0.276,0.053,0.091,0.01,0.002,0.026,0.026,0,0,0,0.034,0,0,0.137,0,0,0,0,0
MD77-179,forcens_lgm,0.52,18.22,91.01,0,0,0,0,0,0.004,0,0,0,0,0,0.081,0,0,0.106,0.007,0.015,0,0.113,0.026,0.013,0,0.124,0.056,0.063,0.013,0.004,0.017,0.026,0,0,0,0.026,0,0,0.307,0,0,0,0,0
MD77-180,forcens_lgm,1.81,18.28,89.51,0,0,0,0,0,0,0,0,0,0,0,0.071,0,0,0.064,0.01,0.012,0,0.118,0.012,0.007,0,0.204,0.111,0.034,0.01,0,0.042,0.034,0,0,0,0.017,0,0,0.251,0,0,0,0,0
MD77-191,forcens_lgm,6.72,7.3,76.43,0,0,0.006,0,0,0,0,0,0,0,0,0.188,0,0,0.029,0.006,0.047,0,0.318,0.029,0,0,0.088,0.053,0.035,0,0,0.012,0.024,0,0,0,0.047,0,0,0.118,0,0,0,0,0
MD77-194,forcens_lgm,3.11,10.28,75.14,0,0,0,0,0,0.006,0,0,0,0,0,0.107,0,0,0.012,0.006,0.032,0,0.277,0.003,0.003,0,0.231,0.058,0.052,0,0,0.017,0.049,0,0,0,0.04,0.003,0,0.104,0,0,0,0,0
MD77-203,forcens_lgm,3.41,20.42,59.34,0,0,0,0,0,0,0,0,0,0,0,0.034,0.006,0.003,0.011,0,0,0,0.289,0.154,0,0,0.14,0.034,0.003,0.1,0,0.029,0.12,0,0.017,0,0.011,0,0,0.049,0,0,0,0,0
ODP site 828,forcens_lgm,12.38,-15.2889,166.2839,0,0,0.0097,0,0.0484,0.0097,0,0.0032,0,0,0.0064,0.0613,0.0032,0,0.0355,0,0,0,0.0774,0,0.0064,0,0.348,0.0806,0.0064,0.0355,0,0.0484,0.0032,0,0,0,0.0064,0,0,0.184,0,0,0,0,0
RC12-113 (M),forcens_lgm,0.4,-24.88,163.52,0,0,0.0425,0,0.0033,0.0033,0,0,0,0,0.1699,0.0261,0,0,0.0098,0,0,0,0.0752,0.0915,0.0131,0,0.2582,0.085,0.0196,0.0196,0.0065,0.0719,0,0,0,0,0.0165,0,0,0.0457,0,0,0,0,0
RC12-328,forcens_lgm,0.3,-3.95,60.6,0,0,0.037,0,0,0.018,0,0,0,0,0,0.168,0,0,0.034,0.006,0.015,0,0.061,0.012,0.006,0,0.315,0.052,0.015,0.009,0.009,0.073,0.028,0,0,0,0.012,0.003,0,0.125,0,0,0,0,0
RC12-340,forcens_lgm,0.7,12.7,90.017,0,0,0.007,0,0,0,0,0,0,0,0,0.163,0,0,0.074,0.01,0.02,0,0.022,0,0.02,0,0.229,0.032,0.076,0.034,0,0.034,0.052,0,0,0,0.02,0.002,0,0.204,0,0,0,0,0
RC12-341,forcens_lgm,0.6,13.05,89.583,0,0,0.004,0,0,0.002,0,0,0,0,0,0.126,0,0,0.041,0.017,0.037,0,0.03,0.013,0.022,0,0.174,0.028,0.115,0.02,0.002,0.033,0.033,0,0,0,0.03,0,0,0.273,0,0,0,0,0
RC12-343,forcens_lgm,0.6,15.167,90.567,0,0,0,0,0,0,0,0,0,0,0,0.097,0,0,0.067,0.006,0.009,0,0.033,0.009,0.024,0,0.209,0.067,0.076,0.006,0,0.021,0.015,0,0,0,0.009,0,0,0.352,0,0,0,0,0
RC12-344,forcens_lgm,2.9,12.767,96.067,0,0,0,0,0,0,0,0,0,0,0,0.088,0.004,0,0.063,0.021,0.021,0,0.063,0.021,0.007,0,0.449,0.046,0.039,0.004,0,0.06,0.035,0,0,0,0.039,0,0,0.042,0,0,0,0,0
RC14-039,forcens_lgm,0.7,-5.857,90.52,0,0,0.005,0,0,0.002,0,0,0,0,0,0.222,0,0,0.11,0.03,0.026,0,0.112,0.014,0.016,0,0.175,0.068,0.005,0.005,0.009,0.037,0.012,0,0,0,0.016,0,0,0.136,0,0,0,0,0
V28-342 (P),forcens_lgm,0.9,-14.1,120.5,0,0,0.005,0,0,0.017,0.005,0,0,0,0,0.169,0,0,0.031,0,0,0,0.084,0.012,0.002,0,0.27,0.039,0.029,0.005,0.002,0.029,0.048,0,0,0,0.048,0,0,0.205,0,0,0,0,0
V28-345,forcens_lgm,0.9,-17.67,117.95,0,0,0.006,0,0,0.019,0.029,0,0,0,0.025,0.121,0,0,0.032,0,0,0,0.098,0.044,0.003,0,0.267,0.025,0.038,0.003,0,0.019,0.019,0,0.003,0,0.029,0,0,0.219,0,0,0,0,0
V29-015,forcens_lgm,0.7,11.95,88.733,0,0,0,0,0,0,0,0,0,0,0,0.165,0,0,0.039,0.07,0.008,0,0.078,0.008,0.02,0,0.176,0.078,0.05,0.008,0.006,0.028,0.02,0,0,0,0.003,0.011,0,0.232,0,0,0,0,0
V34-087,forcens_lgm,1,13.273,57.348,0,0,0.002,0,0,0.006,0.006,0,0,0,0,0.103,0,0,0.022,0,0.002,0,0.25,0.125,0,0,0.192,0.022,0.01,0.016,0,0.012,0.034,0,0,0,0.02,0,0,0.177,0,0,0,0,0
V34-088,forcens_lgm,1,16.54,59.755,0,0,0,0,0,0.009,0.012,0,0,0,0,0.112,0.003,0,0.009,0,0.003,0,0.21,0.106,0,0,0.131,0.052,0.027,0.021,0,0.006,0.04,0,0.021,0,0.043,0,0,0.195,0,0,0,0,0
V34-091,forcens_lgm,0.7,20.937,64.033,0,0,0,0,0,0,0.013,0,0,0,0,0.13,0,0.003,0.041,0,0.003,0,0.168,0.044,0.006,0,0.33,0.07,0.01,0.016,0.003,0.035,0.025,0,0,0,0.006,0,0,0.095,0,0,0,0,0
V34-092,forcens_lgm,0.85,21.148,65.118,0,0,0,0,0,0,0,0,0,0,0,0.027,0,0,0.019,0,0,0,0.031,0.206,0,0,0.362,0.082,0.008,0.093,0.008,0.07,0.035,0,0,0,0,0,0,0.058,0,0,0,0,0
V34-101,forcens_lgm,0.4,17.488,67.423,0,0,0,0,0,0.005,0.007,0,0,0,0,0.063,0,0,0.056,0,0,0,0.051,0.047,0.012,0,0.372,0.105,0.019,0.028,0.003,0.014,0.035,0,0,0,0.007,0,0,0.175,0,0,0,0,0
V34-109,forcens_lgm,0.8,19.733,66.083,0,0,0,0,0,0,0.008,0,0,0,0,0.061,0,0,0.045,0,0.003,0,0.058,0.1,0.003,0,0.309,0.098,0.018,0.061,0,0.026,0.047,0,0,0,0.013,0,0,0.15,0,0,0,0,0
V34-111,forcens_lgm,0.6,17.617,63.883,0,0,0,0,0,0,0.022,0,0,0,0,0.091,0,0,0.041,0,0,0,0.05,0.044,0.031,0,0.369,0.091,0.019,0.019,0.003,0.038,0.034,0,0,0,0.003,0.003,0,0.144,0,0,0,0,0
17938-2,forcens_lgm,3.65,19.78,117.53,0,0,0.00301204819,0,0,0.00301204819,0.00301204819,0,0,0,0.06626506024,0.5180722892,0,0,0.02108433735,0,0,0,0.06325301205,0.00301204819,0,0,0.1024096386,0.05120481928,0.01204819277,0.00301204819,0,0.00602409639,0.03313253012,0,0,0,0.02409638554,0.00301204819,0,0.0843373494,0,0,0,0,0
17938-2,forcens_lgm,3.75,19.78,117.53,0,0,0,0,,0.00917431193,0,,0,0,0.06116207951,0.4525993884,0.00611620795,0,0.02752293578,0.00305810398,0,0,0.06727828746,0.00917431193,0.00611620795,0,0.122324159,0.03975535168,0.01529051988,0.02140672783,0,0.00611620795,0.03058103976,0,0,0,0.01529051988,0,0,0.08868501529,0,0,0,0,0
17938-2,forcens_lgm,3.85,19.78,117.53,0,0,0.00307692308,0,,0.00923076923,0,,0,0,0.03692307692,0.4830769231,0,0,0.01538461538,0,0,0,0.07076923077,0.00615384615,0.00615384615,0,0.1507692308,0.04923076923,0.00923076923,0.02153846154,0,0.01230769231,0.06153846154,0,0,0,0.01846153846,0,0,0.04,0,0,0,0,0
17938-2,forcens_lgm,3.95,19.78,117.53,0,0,0.00421940928,0,0,0.00421940928,0,0,0,0,0.07172995781,0.3966244726,0.00421940928,0,0.0358649789,0,0,0,0.0864978903,0.00421940928,0.00210970464,0,0.1603375527,0.06962025316,0.02953586498,0.00632911392,0.00421940928,0.01687763713,0.04008438819,0,0,0,0.00632911392,0,0,0.05696202532,0,0,0,0,0
17938-2,forcens_lgm,4.05,19.78,117.53,0,0,0.00737100737,0,,0.00245700246,0,,0,0,0.05651105651,0.4963144963,0,0,0.02211302211,0,0,0,0.04422604423,0.00737100737,0.00245700246,0,0.1547911548,0.01474201474,0.02457002457,0.01965601966,0,0.01228501229,0.0343980344,0,0,0,0.00245700246,0,0,0.08108108108,0,0,0,0,0
17938-2,forcens_lgm,4.15,19.78,117.53,0,0,0.0035971223,0,,0.0035971223,0,,0,0,0.03597122302,0.4244604317,0.0035971223,0,0.01798561151,0,0,0,0.1079136691,0.0071942446,0.0035971223,0,0.2230215827,0.01438848921,0.01438848921,0.0071942446,0,0.01079136691,0.03956834532,0,0,0,0.0035971223,0,0,0.07194244604,0,0,0,0,0
17938-2,forcens_lgm,4.25,19.78,117.53,0,0,0,0,,0.01545253863,0,,0,0,0.00220750552,0.3841059603,0,0,0.03752759382,0,0.00220750552,0,0.09492273731,0.01103752759,0.00220750552,0,0.229580574,0.02869757174,0.02869757174,0.01545253863,0,0.00662251656,0.0353200883,0,0,0,0.00441501104,0,0,0.08388520971,0,0,0,0,0
17938-2,forcens_lgm,4.35,19.78,117.53,0,0,0,0,,0.02448979592,0,,0,0,0.02040816327,0.4367346939,0,0,0.03673469388,0,0.00816326531,0,0.07346938776,0.01632653061,0,0,0.1673469388,0.02448979592,0,0.02448979592,0,0.00408163265,0.04489795918,0,0,0,0.02448979592,0,0,0.07346938776,0,0,0,0,0
17938-2,forcens_lgm,4.45,19.78,117.53,0,0,0,0,,0.00471698113,0.00235849057,,0,0,0.03773584906,0.5636792453,0,0,0.0070754717,0,0,0,0.04009433962,0.00235849057,0.00235849057,0,0.1391509434,0.03773584906,0.00471698113,0.01179245283,0,0.0141509434,0.02122641509,0,0,0,0.02594339623,0,0,0.07311320755,0,0,0,0,0
17938-2,forcens_lgm,4.55,19.78,117.53,0,0,0,0,,0,0,,0,0,0.06593406593,0.3846153846,0.00549450549,0,0.01098901099,0,0,0,0.07142857143,0.00549450549,0,0,0.2142857143,0.02747252747,0.01098901099,0.01648351648,0,0.01098901099,0.03846153846,0,0,0,0.00549450549,0,0,0.1153846154,0,0,0,0,0
17938-2,forcens_lgm,4.65,19.78,117.53,0,0,0,0,,0.00514138817,0,,0,0,0.01285347044,0.3881748072,0.00257069409,0,0.00771208226,0,0.00514138817,0,0.05398457584,0.00257069409,0,0,0.1748071979,0.07712082262,0.00771208226,0.03856041131,0,0.02313624679,0.03598971722,0,0,0,0.00257069409,0,0,0.1388174807,0,0,0,0,0
17938-2,forcens_lgm,4.75,19.78,117.53,0,0,0.00338983051,0,,0.00338983051,0,,0,0,0.03389830508,0.4881355932,0.00338983051,0,0.02033898305,0,0.00338983051,0,0.04406779661,0.00338983051,0,0,0.1016949153,0.04745762712,0.00677966102,0.02033898305,0,0.01016949153,0.02372881356,0,0,0,0.03728813559,0,0,0.1254237288,0,0,0,0,0
17938-2,forcens_lgm,4.85,19.78,117.53,0,0,0.0522388,0,,0,0,,0,0,0.2052238,0.1940298507,0,0,0.01492537313,0.00373134328,0,0,0.05597014925,0.01492537313,0.01492537313,0,0.1194029851,0.07089552239,0.01119402985,0.00373134328,0.00373134328,0.01492537313,0.0223880597,0,0,0,0.01119402985,0,0,0.1567164179,0,0,0,0,0
17938-2,forcens_lgm,4.95,19.78,117.53,0,0,0,0,,0.00536193029,0,,0,0,0.09383378016,0.471849866,0.01072386059,0,0.02144772118,0.00268096515,0,0,0.03753351206,0.00536193029,0.00268096515,0,0.1072386059,0.02949061662,0.00268096515,0.01340482574,0,0.01072386059,0.04289544236,0,0,0,0.00536193029,0,0,0.1286863271,0,0,0,0,0
17938-2,forcens_lgm,5.05,19.78,117.53,0,0,0.00546448087,0,,0,0,,0,0,0.00546448087,0.5054644809,0.01366120219,0,0.01366120219,0.00273224044,0.00819672131,0,0.06010928962,0.00273224044,0,0,0.1666666667,0.04918032787,0.00546448087,0.01366120219,0,0.01366120219,0.03551912568,0,0,0,0.02459016393,0,0,0.05737704918,0,0,0,0,0
17938-2,forcens_lgm,5.15,19.78,117.53,0,0,0.00657894737,0,,0.01315789474,0,,0,0,0.00657894737,0.4868421053,0.00986842105,0,0.01644736842,0,0,0,0.04276315789,0.00657894737,0,0,0.1447368421,0.07894736842,0.00657894737,0.01315789474,0,0.02302631579,0.02631578947,0,0,0,0.01315789474,0,0,0.09539473684,0,0,0,0,0
17938-2,forcens_lgm,5.25,19.78,117.53,0,0,0.02008032129,0,0,0.00602409639,0,0,0,0,0.05220883534,0.483935743,0.00803212851,0,0.01606425703,0.00602409639,0,0,0.0421686747,0,0.00200803213,0,0.1365461847,0.06024096386,0.00602409639,0.02610441767,0,0.03012048193,0.02208835341,0,0,0,0.00803212851,0,0,0.07429718876,0,0,0,0,0
17938-2,forcens_lgm,5.35,19.78,117.53,0,0,0.00853242321,0,,0.01535836177,0.00170648464,,0,0,0.06484641638,0.5051194539,0.00341296928,0,0.02730375427,0.00341296928,0,0,0.06484641638,0.00341296928,0.00341296928,0,0.1058020478,0.05119453925,0.02218430034,0.01877133106,0,0.00853242321,0.03071672355,0,0,0,0.00853242321,0,0,0.04948805461,0,0,0,0,0
17938-2,forcens_lgm,5.45,19.78,117.53,0,0,0.00204081633,0,,0.00204081633,0,,0,0,0.00612244898,0.4285714286,0.01020408163,0,0.00612244898,0,0,0,0.1306122449,0.00612244898,0.00816326531,0,0.1326530612,0.05714285714,0.01020408163,0.00408163265,0,0.04081632653,0.0306122449,0,0,0,0.01632653061,0,0,0.1,0,0,0,0,0
17938-2,forcens_lgm,5.55,19.78,117.53,0,0,0.01659751037,0,,0.01244813278,0,,0,0,0,0.4979253112,0.02489626556,0,0.07053941909,0,0,0,0.0622406639,0,0.00414937759,0,0.1037344398,0.04979253112,0.00414937759,0.01244813278,0,0.01659751037,0.02489626556,0,0,0,0.01659751037,0,0,0.07468879668,0,0,0,0,0
17938-2,forcens_lgm,5.6,19.78,117.53,0,0,0.01760889713,0,,0.0046339203,0.00092678406,,0,0,0,0.5403151066,0,0,0.02224281742,0.00092678406,0.00185356812,0,0.07784986098,0.00370713624,0.00092678406,0,0.1158480074,0.06394810009,0.00556070436,0.01019462465,0.00092678406,0.01297497683,0.02873030584,0,0,0,0.00370713624,0,0,0.08155699722,0,0,0,0,0
17938-2,forcens_lgm,5.65,19.78,117.53,0,0,0.01416430595,0,,0.00849858357,0.00283286119,,0,0,0.00283286119,0.6033994334,0.00283286119,0,0.00849858357,0,0,0,0.05099150142,0.00566572238,0,0,0.09065155807,0.04532577904,0.00566572238,0.00566572238,0,0.01133144476,0.03116147309,0,0,0,0.01983002833,0,0,0.07082152975,0,0,0,0,0
17938-2,forcens_lgm,5.75,19.78,117.53,0,0,0.0022172949,0,,0.0066518847,0,,0,0,0,0.5521064302,0,0,0.0155210643,0.0044345898,0.0044345898,0,0.05986696231,0.0022172949,0,0,0.1219512195,0.07317073171,0.0044345898,0.0110864745,0.0022172949,0.0110864745,0.0243902439,0,0,0,0.0022172949,0,0,0.08647450111,0,0,0,0,0
17938-2,forcens_lgm,5.85,19.78,117.53,0,0,0.00699300699,0,,0.0027972028,0,,0,0,0.1202797203,0.606993007,0.00559440559,0,0.01538461538,0.0027972028,0.0013986014,0,0.04055944056,0.0013986014,0.0041958042,0,0.06713286713,0.01818181818,0.0013986014,0.00699300699,0,0.00559440559,0.03216783217,0,0,0,0.0041958042,0,0,0.05314685315,0,0,0,0,0
31-KL,forcens_lgm,1.61,18.75,115.87,0,0,0.01829268293,0,,0,0,,0,0,0.02134146341,0.4298780488,0.05792682927,0,0.01524390244,0.00914634146,0,0,0.04268292683,0.00914634146,0,0,0.1890243902,0.06097560976,0.00304878049,0.00609756098,0,0.00914634146,0.02743902439,0,0,0,0.00914634146,0,0,0.07926829268,0,0,0,0,0
31-KL,forcens_lgm,1.65,18.75,115.87,0,0,0.01990049751,0,,0.00497512438,0,,0,0,0.08457711443,0.3830845771,0.0447761194,0,0.03482587065,0.00995024876,0,0,0.06467661692,0,0.00995024876,0,0.1592039801,0.06965174129,0.00995024876,0.00995024876,0,0.00497512438,0.00995024876,0,0,0,0,0,0,0.05970149254,0,0,0,0,0
31-KL,forcens_lgm,1.69,18.75,115.87,0,0,0.02040816327,0,,0,0,,0,0,0.04591836735,0.5357142857,0.05102040816,0,0.03571428571,0,0.01020408163,0,0.05612244898,0,0.00510204082,0,0.1020408163,0.05102040816,0.01020408163,0.02040816327,0,0,0.01020408163,0,0,0,0.00510204082,0,0,0.03571428571,0,0,0,0,0
31-KL,forcens_lgm,1.73,18.75,115.87,0,0,0.00630914826,0,,0,0,,0,0,0.01577287066,0.4416403785,0.04416403785,0,0.04731861199,0,0.00315457413,0,0.05047318612,0.02208201893,0,0,0.119873817,0.05362776025,0,0.01577287066,0,0.01261829653,0.05047318612,0,0,0,0.01261829653,0,0,0.07570977918,0,0,0,0,0
31-KL,forcens_lgm,1.77,18.75,115.87,0,0,0.01030927835,0,,0.00343642612,0,,0,0,0.0618556701,0.5395189003,0.03436426117,0,0.02405498282,0.01718213058,0,0,0.07216494845,0.00343642612,0.00343642612,0,0.09621993127,0.0206185567,0.00343642612,0.0206185567,0.00343642612,0.00687285223,0.0206185567,0,0,0,0,0.00343642612,0,0.04810996564,0,0,0,0,0
31-KL,forcens_lgm,1.81,18.75,115.87,0,0,0.00487804878,0,,0,0,,0,0,0.1024390244,0.5219512195,0.0243902439,0,0.00487804878,0.00487804878,0,0,0.07804878049,0,0,0,0.1073170732,0.03902439024,0.00975609756,0.00487804878,0.00487804878,0.00975609756,0.00975609756,0,0,0,0,0,0,0.06829268293,0,0,0,0,0
31-KL,forcens_lgm,1.85,18.75,115.87,0,0,0,0,,0,0,,0,0,0.118226601,0.4581280788,0.04926108374,0,0.0197044335,0,0,0,0.05418719212,0.01477832512,0,0,0.1133004926,0.05418719212,0.00985221675,0.01477832512,0,0,0.0197044335,0,0,0,0,0,0,0.04926108374,0,0,0,0,0
31-KL,forcens_lgm,1.89,18.75,115.87,0,0,0,0,,0,0,,0,0,0.1149425287,0.3908045977,0.02873563218,0,0.02873563218,0,0,0,0.1091954023,0.01149425287,0.00574712644,0,0.1091954023,0.02873563218,0.00574712644,0.00574712644,0,0.01724137931,0.02873563218,0,0,0,0.00574712644,0,0,0.08620689655,0,0,0,0,0
31-KL,forcens_lgm,1.97,18.75,115.87,0,0,0.0074906367,0,,0.00374531835,0,,0,0,0.138576779,0.3970037453,0.02247191011,0,0.03370786517,0.00374531835,0.00374531835,0,0.06741573034,0.0074906367,0.0074906367,0,0.1573033708,0.04868913858,0,0.01498127341,0.0074906367,0.0074906367,0.01872659176,0,0,0,0,0,0,0.04494382022,0,0,0,0,0
31-KL,forcens_lgm,2.01,18.75,115.87,0,0,0.01290322581,0,,0.01290322581,0,,0,0,0.1612903226,0.4,0.03870967742,0,0.02580645161,0,0,0,0.03225806452,0.01290322581,0.01290322581,0,0.1032258065,0.03225806452,0.01290322581,0.01290322581,0.0064516129,0.0064516129,0.01935483871,0,0,0,0,0,0,0.05806451613,0,0,0,0,0
31-KL,forcens_lgm,2.05,18.75,115.87,0,0,0.00980392157,0,,0.00490196078,0,,0,0,0.1078431373,0.3970588235,0.01960784314,0,0.03921568627,0.01960784314,0,0,0.05882352941,0.00980392157,0.00980392157,0,0.1764705882,0.03921568627,0,0.01470588235,0,0.01470588235,0.03921568627,0,0,0,0,0,0,0.03431372549,0,0,0,0,0
31-KL,forcens_lgm,2.09,18.75,115.87,0,0,0.01754385965,0,,0.00438596491,0,,0,0,0.1315789474,0.3815789474,0.04824561404,0,0.04385964912,0.01315789474,0,0,0.03070175439,0.00877192982,0.00877192982,0,0.1228070175,0.06578947368,0.00877192982,0.01754385965,0,0.01315789474,0.01754385965,0,0,0,0,0,0,0.06140350877,0,0,0,0,0
31-KL,forcens_lgm,2.13,18.75,115.87,0,0,0.015625,0,0,0.00520833333,0.00520833333,0,0,0,0.1458333333,0.4583333333,0.046875,0,0.04166666667,0,0,0,0.05729166667,0.00520833333,0.00520833333,0,0.07291666667,0.04166666667,0.01041666667,0.01041666667,0,0.01041666667,0.03125,0,0,0,0,0.00520833333,0,0.03125,0,0,0,0,0
31-KL,forcens_lgm,2.17,18.75,115.87,0,0,0.00952380952,0,,0.01428571429,0.00476190476,,0,0,0.1428571429,0.4571428571,0.06666666667,0,0.01904761905,0,0,0,0.02857142857,0.00952380952,0.00476190476,0,0.05714285714,0.03333333333,0.00476190476,0,0,0.00476190476,0.03333333333,0,0,0,0,0,0,0.09523809524,0,0,0,0,0
6706-2,forcens_lgm,259,42.16,-124.94,0,0,0,0,0,0,0,0,0,0,0,0.009,0.009,0.54,0,0,0,0,0.388,0,0,0,0,0,0,0,0,0,0,0,0.033,0,0,0,0,0.021,0,0,0,0,0
CHAT 1K,forcens_lgm,40,-41.58333333,-171.5,0,0,0.03583061889,0,0,0.00325732899,0.05211726384,0,0,0,0.342019544,0.02605863192,0.2866449511,0.00325732899,0,0,0,0,0.1400651466,0.02605863192,0,0,0.00325732899,0,0,0.00651465798,0,0,0.00325732899,0,0.0325732899,0,0,0,0,0.03908794788,0,0,0,0,0
CHAT 1K,forcens_lgm,50,-41.58333333,-171.5,0,0,0.04627249357,0,0,0,0.05912596401,0,0,0,0.2262210797,0.05141388175,0.3290488432,0,0,0,0,0,0.1825192802,0.03856041131,0,0,0.00257069409,0,0,0.00257069409,0,0,0,0,0.03341902314,0,0,0,0,0.02827763496,0,0,0,0,0
DGKS9603,forcens_lgm,169,28.148,127.271,0,0,0.02122527738,0.00578871201,,0,0.02797877472,,0,0,0.02026049204,0.2334780511,0.02508441872,0,0.04438012542,0,0,0,0.02990834539,0.02026049204,0.00675349735,0,0.2518089725,0.05981669079,0,0.01013024602,0,0.01543656536,0.01350699469,0,0.0328027014,0,0.03087313073,0.00192957067,0,0.02122527738,0,0,0,0,0
DGKS9603,forcens_lgm,171,28.148,127.271,0,0,0.02231926249,0.00388161087,,0,0.03008248423,,0,0,0.02134885978,0.2270742358,0.02134885978,0,0.04609412906,0,0,0,0.03202328967,0.01843765163,0.00776322174,0,0.2406598738,0.0621057739,0,0.01261523532,0,0.01649684619,0.01552644347,0,0.03493449782,0,0.03008248423,0.00242600679,0,0.02231926249,0,0,0,0,0
DGKS9603,forcens_lgm,173,28.148,127.271,0,0,0.02306583373,0.00288322922,,0,0.03171552138,,0,0,0.02018260452,0.2316194137,0.02210475733,0,0.04805382028,0,0,0,0.03555982701,0.01537722249,0.00672753484,0,0.2354637194,0.05574243152,0,0.01537722249,0,0.01826045171,0.01249399327,0,0.03267659779,0,0.0345987506,0.00192215281,0,0.02498798654,0,0,0,0,0
DGKS9603,forcens_lgm,175,28.148,127.271,0,0,0.01604278075,0.00118835413,,0,0.02139037433,,0,0,0.01426024955,0.2061794415,0.01544860368,0,0.03505644682,0,0,0,0.09031491384,0.01723113488,0.00534759358,0,0.2222222222,0.04456327986,0,0.01218062983,0,0.01307189542,0.0101010101,0,0.04931669638,0,0.0926916221,0.00178253119,0,0.02495543672,0,0,0,0,0
DGKS9603,forcens_lgm,177,28.148,127.271,0,0,0.01673640167,0.00239091452,,0,0.01972504483,,0,0,0.01554094441,0.2109982068,0.01673640167,0,0.03885236103,0,0,0,0.08846383742,0.01673640167,0.00478182905,0,0.2217573222,0.04482964734,0,0.01016138673,0,0.01374775852,0.0095636581,0,0.05319784818,0,0.09683203825,0.00209205021,0,0.02450687388,0,0,0,0,0
DGKS9603,forcens_lgm,180,28.148,127.271,0,0,0.01563439567,0.00300661455,,0,0.02044497895,,0,0,0.0174383644,0.2170775707,0.0174383644,0,0.04509921828,0,0,0,0.0865904991,0.01322910403,0.00661455201,0,0.2260974143,0.04209260373,0.00120264582,0.00962116657,0,0.01262778112,0.01022248948,0,0.04990980156,0,0.08779314492,0.00180396873,0,0.02044497895,0,0,0,0,0
DGKS9603,forcens_lgm,182,28.148,127.271,0,0,0.01504251145,0.00261608895,,0,0.02419882276,,0,0,0.01831262263,0.2282537606,0.01700457816,0,0.04708960105,0,0,0,0.08109875736,0.0124264225,0.00523217789,0,0.2282537606,0.04185742315,0,0.01177240026,0,0.01177240026,0.01308044474,0,0.04316546763,0,0.0837148463,0.00130804447,0,0.02027468934,0,0,0,0,0
DGKS9603,forcens_lgm,184,28.148,127.271,0,0,0.0157480315,0.0032808399,,0,0.02165354331,,0,0,0.02034120735,0.2250656168,0.0157480315,0,0.04724409449,0,0,0,0.07283464567,0.01049868766,0.00459317585,0,0.2270341207,0.04527559055,0,0.01377952756,0,0.01443569554,0.01049868766,0,0.05052493438,0,0.0813648294,0.00098425197,0,0.01837270341,0,0,0,0,0
DGKS9603,forcens_lgm,186,28.148,127.271,0,0,0.01436031332,0.00391644909,,0,0.02023498695,,0,0,0.01892950392,0.2212793734,0.0182767624,0,0.05548302872,0,0,0,0.06657963446,0.01174934726,0.00391644909,0,0.2238903394,0.04830287206,0,0.01207571802,0,0.01305483029,0.01240208877,0,0.05417754569,0,0.08355091384,0.00130548303,0,0.01697127937,0,0,0,0,0
DGKS9603,forcens_lgm,188,28.148,127.271,0,0,0.01795332136,0.00323159785,,0,0.0236983842,,0,0,0.01938958707,0.2111310592,0.01938958707,0,0.04021543986,0,0,0,0.06535008977,0.0157989228,0.00502692998,0,0.2132854578,0.04667863555,0,0.01436265709,0,0.01938958707,0.01220825853,0,0.05888689408,0,0.07612208259,0,0,0.02010771993,0,0,0,0,0
DGKS9603,forcens_lgm,191,28.148,127.271,0,0,0.01923076923,0.00517751479,,0,0.02218934911,,0,0,0.02144970414,0.2085798817,0.01775147929,0,0.04437869822,0,0,0,0.06213017751,0.01405325444,0.00443786982,0,0.2100591716,0.04881656805,0,0.01294378698,0,0.01849112426,0.01035502959,0,0.06360946746,0,0.08357988166,0,0,0.01701183432,0,0,0,0,0
DGKS9603,forcens_lgm,193,28.148,127.271,0,0,0.0156416637,0.00426590828,,0,0.01990757199,,0,0,0.02204052613,0.2090295059,0.0156416637,0,0.04479203697,0,0,0,0.0668325631,0.01493067899,0.004976893,0,0.2040526129,0.0462140064,0,0.01066477071,0,0.01635264842,0.01208674014,0,0.06398862424,0,0.08674013509,0,0,0.01848560256,0,0,0,0,0
DGKS9603,forcens_lgm,195,28.148,127.271,0,0,0.01740947075,0.00557103064,,0,0.02298050139,,0,0,0.02228412256,0.1956824513,0.01323119777,0,0.04944289694,0,0,0,0.06337047354,0.01323119777,0.00348189415,0,0.204735376,0.04526462396,0,0.01044568245,0,0.01462395543,0.01323119777,0,0.06545961003,0,0.08774373259,0,0,0.02228412256,0,0,0,0,0
DGKS9603,forcens_lgm,197,28.148,127.271,0,0,0.01823092505,0.00472653612,,0,0.02025658339,,0,0,0.0189061445,0.1978392978,0.01620526671,0,0.04996623903,0,0,0,0.06617150574,0.01417960837,0.00540175557,0,0.2025658339,0.04794058069,0,0.00810263336,0,0.01215395003,0.01417960837,0,0.06482106685,0,0.08912896691,0,0,0.0276839973,0,0,0,0,0
DGKS9603,forcens_lgm,199,28.148,127.271,0,0,0.01941747573,0.00323624595,,0,0.02103559871,,0,0,0.02184466019,0.2046925566,0.0145631068,0,0.04854368932,0,0,0,0.05987055016,0.0145631068,0.00485436893,0,0.2176375405,0.04692556634,0,0.00889967638,0,0.01132686084,0.01294498382,0,0.05825242718,0,0.08414239482,0,0,0.02669902913,0,0,0,0,0
DGKS9603,forcens_lgm,201,28.148,127.271,0,0,0.01648998822,0.00392618767,,0.00039261877,0.03455045151,,0,0,0.0227718885,0.1931684335,0.01334903808,0,0.05732234001,0,0,0,0.05967805261,0.00942285041,0.00863761288,0,0.2002355713,0.04868472713,0,0.01177856302,0,0.01256380055,0.01491951315,0,0.06124852768,0,0.08480565371,0,0,0.0251276011,0,0,0,0,0
DGKS9603,forcens_lgm,204,28.148,127.271,0,0,0.01780693533,0.00281162137,,0,0.02905342081,,0,0,0.02436738519,0.1940018744,0.01312089972,0,0.04779756326,0,0,0,0.06747891284,0.01499531396,0.00749765698,0,0.2052483599,0.05248359888,0,0.0121836926,0,0.0121836926,0.01499531396,0,0.05435801312,0,0.08528584817,0,0,0.02624179944,0,0,0,0,0
DGKS9603,forcens_lgm,206,28.148,127.271,0,0,0.01908223535,0.00454338937,,0,0.02998636983,,0,0,0.02453430259,0.2035438437,0.01635620173,0,0.05224897774,0,0,0,0.05361199455,0.01635620173,0.00817810086,0,0.2062698773,0.05361199455,0,0.01272149023,0,0.01453884598,0.01363016811,0,0.0554293503,0,0.05724670604,0,0,0.02907769196,0,0,0,0,0
DGKS9603,forcens_lgm,208,28.148,127.271,0,0,0.02373345504,0.00319488818,,0,0.02555910543,,0,0,0.02373345504,0.1935189411,0.01825650388,0,0.05842081241,0,0,0,0.05659516203,0.01825650388,0.00730260155,0,0.1980830671,0.05568233683,0,0.01232314012,0,0.01643085349,0.0155180283,0,0.0602464628,0,0.061159288,0,0,0.0301232314,0,0,0,0,0
DGKS9603,forcens_lgm,210,28.148,127.271,0,0,0.00564061241,0.00644641418,,0,0.02578565673,,0,0,0.01047542305,0.1643835616,0.02336825141,0,0.05076551168,0,0,0,0.088638195,0.017727639,0.01128122482,0,0.1651893634,0.08702659146,0,0.01289282836,0,0.01853344077,0.00644641418,0,0.05882352941,0,0.06526994359,0,0,0.03384367446,0,0,0,0,0
DGKS9603,forcens_lgm,212,28.148,127.271,0,0,0.01214223764,0.00346921075,,0,0.02515177797,,0,0,0.02081526453,0.1873373807,0.02341717259,0,0.04770164788,0,0,0,0.08759757155,0.01821335646,0.0078057242,0,0.1951431049,0.07198612316,0,0.01257588899,0,0.01387684302,0.01040763226,0,0.0685169124,0,0.04249783174,0,0,0.02688638335,0,0,0,0,0
DGKS9603,forcens_lgm,215,28.148,127.271,0,0,0.01360544218,0.00340136054,,0,0.02636054422,,0,0,0.01700680272,0.1972789116,0.01955782313,0,0.05357142857,0,0,0,0.07993197279,0.01530612245,0.00680272109,0,0.199829932,0.06207482993,0,0.01360544218,0,0.0119047619,0.0119047619,0,0.06887755102,0,0.04336734694,0,0,0.02465986395,0,0,0,0,0
GIK17940-2,forcens_lgm,875,20.11666667,117.3833333,0,0,0.003,0,,0.019,0.003,,0,0,0.005,0.25,0.096,0.002,0.013,0,0,0,0.151,0.008,0.001,0,0.121,0.029,0.031,0.003,0.006,0.005,0.041,0,0.008,0,0,0,0,0.144,0,0,0,0,0
GIK17940-2,forcens_lgm,885,20.11666667,117.3833333,0,0,0.01,0,,0.011,0.001,,0,0,0.037,0.236,0.104,0.001,0.014,0,0,0,0.149,0.008,0.002,0,0.117,0.024,0.035,0.007,0.002,0.005,0.033,0,0.005,0,0,0,0,0.146,0,0,0,0,0
GIK17940-2,forcens_lgm,895,20.11666667,117.3833333,0,0,0.007,0,,0.013,0.003,,0,0,0.03,0.254,0.086,0,0.019,0,0,0,0.13,0.006,0.001,0,0.146,0.031,0.02,0.001,0.005,0.004,0.046,0,0.008,0,0,0,0,0.124,0,0,0,0,0
GIK17940-2,forcens_lgm,905,20.11666667,117.3833333,0,0,0.006,0,,0.012,0,,0,0,0.029,0.235,0.091,0.002,0.028,0,0,0,0.139,0.009,0,0,0.155,0.034,0.019,0.008,0.001,0.009,0.032,0,0.009,0,0,0,0,0.131,0,0,0,0,0
GIK17940-2,forcens_lgm,915,20.11666667,117.3833333,0,0,0.006,0,,0.011,0,,0,0,0.005,0.199,0.104,0.004,0.018,0,0,0,0.145,0.013,0,0,0.218,0.037,0.023,0.014,0.002,0.009,0.027,0,0.003,0,0,0,0,0.116,0,0,0,0,0
GIK17940-2,forcens_lgm,925,20.11666667,117.3833333,0,0,0.008,0,,0.015,0,,0,0,0.016,0.244,0.098,0.001,0.007,0,0,0,0.114,0.017,0,0,0.147,0.035,0.011,0.023,0,0.012,0.009,0,0.01,0,0,0,0,0.134,0,0,0,0,0
GIK17940-2,forcens_lgm,935,20.11666667,117.3833333,0,0,0.015,0,,0.008,0.003,,0,0,0.001,0.272,0.091,0.002,0.009,0,0,0,0.15,0.011,0.003,0,0.146,0.039,0.017,0.006,0.005,0.011,0.033,0,0.009,0,0,0,0,0.126,0,0,0,0,0
GIK17954,forcens_lgm,102.5,14.79666667,111.525,0,0,0.003,0,,0.035,0,,0,0,0.021,0.118,0.116,0,0.032,0,0,0,0.077,0,0,0,0.303,0.079,0.005,0.006,0.027,0.019,0.034,0,0,0,0.002,0.003,0.002,0.086,0,0,0,0,0
GIK17954,forcens_lgm,112.5,14.79666667,111.525,0,0,0.007,0,,0.019,0,,0,0,0.008,0.139,0.14,0,0.034,0,0,0,0.065,0,0.003,0,0.291,0.084,0.008,0.021,0.017,0.018,0.023,0,0,0,0.007,0.01,0,0.067,0,0,0,0,0
GIK17954,forcens_lgm,122.5,14.79666667,111.525,0,0,0.019,0.002,,0.011,0.008,,0,0,0.009,0.089,0.124,0.002,0.038,0,0,0,0.066,0.006,0.006,0,0.285,0.109,0,0.008,0.013,0.043,0.049,0,0,0,0.002,0.025,0,0.074,0,0,0,0,0
KH90-3-P2,forcens_lgm,0.631,-1.170166667,160.007,0,0,0,0,,0,0,,0,0,0,0.09989909183,0,0,0.06155398587,0.01109989909,0.00201816347,0,0.1241170535,0.00908173562,0.00706357215,0,0.3007063572,0.05650857719,0.01311806256,0,0.00201816347,0.06357214934,0.00403632694,0,0,0,0.02219979818,0,0.00201816347,0.1876892028,0,0,0,0,0
KH90-3-P2,forcens_lgm,0.677,-1.170166667,160.007,0,0,0.00300902708,0,,0,0,,0,0,0,0.05616850552,0,0,0.05115346038,0.00501504514,0,0,0.1374122367,0.00200601805,0,0,0.3189568706,0.04914744233,0.00702106319,0,0,0.07321965898,0.00300902708,0,0,0,0.01705115346,0,0,0.2427281846,0,0,0,0,0
KH92-1-3a,forcens_lgm,0.324,8.015666667,139.6401667,0,0,0.00704934542,0,,0.00704934542,0.00201409869,,0,0,0,0.09466263847,0,0,0.02014098691,0,0.00704934542,0,0.09466263847,0.00201409869,0.0443101712,0,0.3232628399,0.07452165156,0.02416918429,0.00704934542,0.00805639476,0.05740181269,0.01007049345,0,0.00201409869,0,0.01510574018,0,0.00805639476,0.1258811682,0,0,0,0,0
KH92-1-5a,forcens_lgm,0.222,3.531833333,141.8616667,0,0,0,0,,0,0,,0,0,0,0.035,0,0,0.045,0,0,0,0.055,0.015,0.005,0,0.31,0.035,0.015,0,0,0.185,0,0,0,0,0.005,0,0.005,0.255,0,0,0,0,0
MD012394,forcens_lgm,5.09,13.78,110.25,0,0,0,0,,0.045113,0,,0,0,0.033835,0.390977,0,0,0.026316,0.003759,0,0,0.033835,0.007519,0,0,0.191729,0.041353,0.030075,0.007519,0.007519,0.018797,0.045113,0,0,0,0.011278,0,0,0.078947,0,0,0,0,0
MD012394,forcens_lgm,5.14,13.78,110.25,0,0,0,0,,0.04143615661,0,,0,0,0.0165746632,0.3204418172,0,0,0.04972398959,0,0,0,0.0607734308,0.00552522199,0,0,0.1906081254,0.06629865279,0.01104944121,0.00828683022,0.01104944121,0.02209988518,0.0441987676,0,0,0,0.0138120522,0,0,0.07182287201,0,0,0,0,0
MD012394,forcens_lgm,5.19,13.78,110.25,0,0,0,0,,0.03352,0,,0,0,0.030726,0.326816,0,0,0.047486,0.002793,0,0,0.036313,0.00838,0,0,0.212291,0.058659,0.022346,0,0.002793,0.022346,0.044693,0,0,0,0.022346,0.002793,0,0.055866,0,0,0,0,0
MD012394,forcens_lgm,5.24,13.78,110.25,0,0,0,0,,0.030303,0,,0,0,0.030303,0.363636,0,0,0.047619,0,0,0,0.038961,0.004329,0,0,0.207792,0.034632,0.025974,0.010823,0.004329,0.02381,0.064935,0,0,0,0.012987,0,0,0.064935,0,0,0,0,0
MD012394,forcens_lgm,5.29,13.78,110.25,0,0,0,0,,0.0288070513,0,,0,0,0.04115264353,0.3580241831,0,0,0.03703677671,0,0,0,0.032921914,0,0.01234559224,0,0.2181068017,0.02469118447,0.04115264353,0.01646045494,0,0.00411486271,0.0288070513,0,0,0,0.01234559224,0,0,0.09876574201,0,0,0,0,0
MD012394,forcens_lgm,5.34,13.78,110.25,0,0,0,0,,0.03750030281,0,,0,0,0.02187517664,0.3374996972,0,0,0.04687537852,0,0,0,0.04375035328,0.00312502523,0.01562512617,0,0.1843754795,0.03750030281,0.04687537852,0.0093750757,0.00312502523,0.01562512617,0.06874954578,0,0,0,0.00625005047,0,0,0.05937547945,0,0,0,0,0
MD012394,forcens_lgm,5.39,13.78,110.25,0,0,0.004098,0,,0.040984,0,,0,0,0.020492,0.331967,0,0,0.045082,0,0,0,0.04918,0.004098,0.016393,0,0.213115,0.036885,0.020492,0.012295,0.004098,0.02459,0.045082,0,0,0,0.008197,0,0,0.061475,0,0,0,0,0
MD012394,forcens_lgm,5.44,13.78,110.25,0,0,0,0,,0.033003,0,,0,0,0.016502,0.30033,0,0.0033,0.049505,0.006601,0,0,0.052805,0.013201,0.006601,0,0.231023,0.052805,0.023102,0.013201,0.006601,0.026403,0.052805,0,0,0,0.0033,0,0,0.069307,0,0,0,0,0
MD012394,forcens_lgm,5.49,13.78,110.25,0,0,0,0,,0.036667,0.006667,,0,0,0.016667,0.296667,0,0,0.043333,0.006667,0,0,0.03,0.006667,0.003333,0,0.236667,0.07,0.016667,0.016667,0,0.016667,0.026667,0,0,0,0.006667,0,0.003333,0.086667,0,0,0,0,0
MD012394,forcens_lgm,5.54,13.78,110.25,0,0,0.00578021892,0,,0.04335214478,0,,0,0,0.00578021892,0.2832367617,0,0,0.02890210037,0.01156043784,0,0,0.07803446406,0.01734065675,0.00289061235,0,0.2398846169,0.03468231929,0.01156043784,0.02312188145,0.00867083127,0.01156043784,0.03468231929,0,0,0,0.01156043784,0,0,0.09248551425,0,0,0,0,0
MD012394,forcens_lgm,5.59,13.78,110.25,0,0,0,0,,0.01916905344,0,,0,0,0.03194875679,0.297124341,0,0.00319517664,0.03194875679,0,0,0,0.06389751358,0.00958452672,0,0,0.2076674207,0.06389751358,0.01597487999,0.03194875679,0.00958452672,0.00638935008,0.03514393343,0,0,0,0.00638935008,0,0,0.07667721694,0,0,0,0,0
MD012394,forcens_lgm,5.64,13.78,110.25,0,0,0,0,,0.042254,0,,0,0,0.018779,0.276995,0,0,0.061033,0,0,0,0.042254,0.004695,0,0,0.262911,0.037559,0.014085,0.00939,0.00939,0.014085,0.028169,0,0,0,0.014085,0,0,0.089202,0,0,0,0,0
MD012394,forcens_lgm,5.69,13.78,110.25,0,0,0,0,,0.03956881463,0,,0,0,0.00359689126,0.2805755829,0,0,0.02158235115,0,0,0,0.06115116578,0.00359689126,0,0,0.2805755829,0.05755427452,0.02877713726,0.02158235115,0,0.01438856863,0.03597091978,0,0,0,0.025180246,0,0,0.07194284315,0,0,0,0,0
MD012394,forcens_lgm,5.74,13.78,110.25,0,0,0.00313479624,0,,0.01880877743,0,,0,0,0.02821316614,0.2194357367,0,0,0.05642633229,0,0,0,0.04388714734,0.01253918495,0.00313479624,0,0.2288401254,0.05956112853,0.01567398119,0.02821316614,0.00313479624,0.02507836991,0.07523510972,0,0,0,0.03448275862,0,0,0.08150470219,0,0,0,0,0
MD012394,forcens_lgm,5.79,13.78,110.25,0,0,0.037249,0,,0.017192,0.005731,,0,0,0.017192,0.25788,0,0,0.051576,0,0,0,0.048711,0.008596,0,0,0.160458,0.074499,0.011461,0.014327,0.005731,0.014327,0.057307,0,0,0,0.028653,0,0,0.114613,0,0,0,0,0
MD012394,forcens_lgm,5.84,13.78,110.25,0,0,0.01928365515,0,,0.01928365515,0,,0,0,0.04132240546,0.2451793376,0,0,0.03305812547,0,0,0,0.05785096544,0.01101937516,0.00550918482,0,0.2369140521,0.06611524543,0.00826427999,0.02203875031,0.00550918482,0.01377447032,0.04683159028,0,0,0,0.01101937516,0,0,0.07988971575,0,0,0,0,0
MD012416,forcens_lgm,184.5,51.268,167.7255,0,0,0,0,0,0,0,0,0,0,0,0,0.01941747573,0.8220064725,0,0,0,0,0.1585760518,0,0,0,0,0,0,0,0,0,0,0,0,0,0,0,0,0,0,0,0,0,0
MD012416,forcens_lgm,190.5,51.268,167.7255,0,0,0,0,0,0,0,0,0,0,0,0,0.01643835616,0.8383561644,0,0,0,0,0.1452054795,0,0,0,0,0,0,0,0,0,0,0,0,0,0,0,0,0,0,0,0,0,0
MD012416,forcens_lgm,194.5,51.268,167.7255,0,0,0,0,0,0,0,0,0,0,0,0,0.01015228426,0.8274111675,0,0,0,0,0.1598984772,0,0,0,0,0,0,0,0,0,0,0,0,0,0,0,0,0.00253807107,0,0,0,0,0
MD012416,forcens_lgm,196.5,51.268,167.7255,0,0,0,0,0,0,0,0,0,0,0,0,0.00789473684,0.8052631579,0,0,0,0,0.1815789474,0,0,0,0,0,0,0,0,0,0,0,0,0,0,0,0,0.00263157895,0,0,0,0,0
MD012416,forcens_lgm,197.5,51.268,167.7255,0,0,0,0,0,0,0,0,0,0,0,0,0.01421800948,0.7985781991,0,0,0,0,0.182464455,0,0,0,0,0,0,0,0,0,0,0,0,0,0,0,0,0.00473933649,0,0,0,0,0
MD012416,forcens_lgm,200.5,51.268,167.7255,0,0,0,0,0,0,0,0,0,0,0,0,0.01230769231,0.8215384615,0,0,0,0,0.16,0,0,0,0,0,0,0,0,0,0,0,0,0,0,0,0,0.00615384615,0,0,0,0,0
MD012416,forcens_lgm,202.5,51.268,167.7255,0,0,0,0,0,0,0,0,0,0,0,0,0.01272264631,0.8320610687,0,0,0,0,0.1526717557,0,0,0,0,0,0,0,0,0,0,0,0,0,0,0,0,0.00254452926,0,0,0,0,0
MD012416,forcens_lgm,205.5,51.268,167.7255,0,0,0,0,0,0.00279329609,0,0,0,0,0,0,0.02793296089,0.8575418994,0,0,0,0,0.1117318436,0,0,0,0,0,0,0,0,0,0,0,0,0,0,0,0,0,0,0,0,0,0
MD012416,forcens_lgm,209.5,51.268,167.7255,0,0,0,0,0,0,0,0,0,0,0,0,0.02114803625,0.8126888218,0,0,0,0,0.163141994,0,0,0,0,0,0,0,0,0,0,0,0,0,0,0,0,0.00302114804,0,0,0,0,0
MD972142,forcens_lgm,2.775,12.69,119.47,0,0,0.00268817204,0,,0,0,,0,0,0.00537634409,0.185483871,0,0,0.06720430108,0.00537634409,0,0,0.09677419355,0.00537634409,0.00537634409,0,0.1827956989,0.0752688172,0.04032258065,0.00806451613,0,0.05913978495,0.1424731183,0,0,0,0.01344086022,0,0,0.08602150538,0,0,0,0,0
MD972142,forcens_lgm,2.815,12.69,119.47,0,0,0.01724137931,0,,0,0,,0,0,0.00287356322,0.183908046,0,0,0.0632183908,0.00574712644,0,0,0.09770114943,0.00574712644,0,0,0.1724137931,0.09195402299,0.02298850575,0.02011494253,0,0.05172413793,0.1005747126,0,0,0,0.02011494253,0,0,0.1149425287,0,0,0,0,0
MD972142,forcens_lgm,2.895,12.69,119.47,0,0,0.00959232614,0,,0,0,,0,0,0.0071942446,0.1510791367,0,0,0.1079136691,0.00959232614,0,0,0.07434052758,0.01438848921,0,0,0.1630695444,0.1007194245,0.01438848921,0.00959232614,0.00959232614,0.0479616307,0.1103117506,0,0,0,0.02158273381,0,0,0.1103117506,0,0,0,0,0
MD972142,forcens_lgm,2.975,12.69,119.47,0,0,0.03056027165,0,,0,0.00509337861,,0,0,0.00169779287,0.1612903226,0,0,0.07130730051,0.00679117148,0,0,0.04753820034,0.02716468591,0.00339558574,0,0.1799660441,0.08998302207,0.03395585739,0.00848896435,0.00679117148,0.04244482173,0.1290322581,0,0,0,0.0220713073,0,0,0.1052631579,0,0,0,0,0
MD972142,forcens_lgm,3.055,12.69,119.47,0,0,0.0390625,0,,0,0,,0,0,0.00520833333,0.1770833333,0,0,0.0546875,0.00520833333,0,0,0.109375,0.01041666667,0.00260416667,0,0.2135416667,0,0.0390625,0.00520833333,0.0234375,0.04427083333,0.1666666667,0,0,0,0.00260416667,0,0,0.08072916667,0,0,0,0,0
MD972142,forcens_lgm,3.135,12.69,119.47,0,0,0.03910614525,0,,0.00279329609,0.01675977654,,0,0,0.00558659218,0.1927374302,0,0,0.07541899441,0.01396648045,0,0,0.04748603352,0.01955307263,0.00558659218,0,0.187150838,0.1005586592,0.02793296089,0.00279329609,0.00279329609,0.03910614525,0.1536312849,0,0,0,0.00558659218,0,0,0.05027932961,0,0,0,0,0
MD972148,forcens_lgm,9.955,19.8,117.54,0,0,0,0,,0,0,,0,0,0.04032258065,0.310483871,0,0,0.00806451613,0.01209677419,0,0,0.1169354839,0,0,0,0.1653225806,0.06451612903,0.01612903226,0.02419354839,0,0.00806451613,0.0685483871,0,0,0,0.01209677419,0,0,0.1330645161,0,0,0,0,0
MD972148,forcens_lgm,10.035,19.8,117.54,0,0,0,0,,0,0,,0,0,0.01811594203,0.4239130435,0,0,0.01811594203,0.00362318841,0,0,0.05072463768,0.00724637681,0,0,0.1811594203,0.0652173913,0,0.02173913043,0,0.01449275362,0.05434782609,0,0,0,0,0,0,0.1376811594,0,0,0,0,0
MD972148,forcens_lgm,10.115,19.8,117.54,0,0,0,0,,0,0,,0,0,0.00900900901,0.472972973,0,0,0.01351351351,0.0045045045,0,0,0.04954954955,0,0,0,0.1666666667,0.04054054054,0,0.00900900901,0.0045045045,0.01801801802,0.05405405405,0,0,0,0.01801801802,0,0,0.1081081081,0,0,0,0,0
MD972148,forcens_lgm,10.195,19.8,117.54,0,0,0,0,,0,0,,0,0,0.03738317757,0.5046728972,0,0,0.00934579439,0.0046728972,0,0,0.05140186916,0.0046728972,0,0,0.1214953271,0.06074766355,0,0.02336448598,0,0.0046728972,0.02336448598,0,0,0,0.00934579439,0,0,0.1214953271,0,0,0,0,0
MD972148,forcens_lgm,10.275,19.8,117.54,0,0,0.01593625498,0,,0,0,,0,0,0.06772908367,0.4581673307,0,0,0.01992031873,0,0,0,0.05179282869,0.00398406375,0,0,0.08764940239,0.08764940239,0.01195219124,0.02788844622,0,0.01593625498,0.07569721116,0,0,0,0.02390438247,0,0,0.03585657371,0,0,0,0,0
MD972148,forcens_lgm,10.435,19.8,117.54,0,0,0.01229508197,0,,0,0,,0,0,0.2581967213,0.2213114754,0,0,0.01639344262,0,0,0,0.03278688525,0.00819672131,0.00409836066,0,0.131147541,0.06147540984,0,0.01229508197,0,0.00819672131,0.02459016393,0,0,0,0.00409836066,0,0,0.1762295082,0,0,0,0,0
MD972148,forcens_lgm,10.515,19.8,117.54,0,0,0.00790513834,0,,0,0,,0,0,0.1106719368,0.2885375494,0,0,0.02766798419,0,0,0,0.07114624506,0.00395256917,0,0,0.1501976285,0.07509881423,0.01581027668,0.01185770751,0,0.00790513834,0.0395256917,0,0,0,0.03162055336,0,0,0.1146245059,0,0,0,0,0
MD972148,forcens_lgm,10.595,19.8,117.54,0,0,0.00423728814,0,,0,0,,0,0,0.07627118644,0.3644067797,0,0,0.04237288136,0.01271186441,0,0,0.03813559322,0.00847457627,0,0,0.156779661,0.04237288136,0.00847457627,0.02118644068,0,0.00847457627,0.08474576271,0,0,0,0.02118644068,0,0,0.08474576271,0,0,0,0,0
MD972148,forcens_lgm,10.675,19.8,117.54,0,0,0.01382488479,0,,0,0,,0,0,0.0599078341,0.4516129032,0,0,0.01843317972,0.00460829493,0,0,0.0599078341,0.00921658986,0,0,0.08755760369,0.05529953917,0.01843317972,0.00921658986,0,0.00460829493,0.05069124424,0,0,0,0.00921658986,0,0,0.1198156682,0,0,0,0,0
MD972148,forcens_lgm,10.755,19.8,117.54,0,0,0.01025641026,0,,0,0,,0,0,0.00512820513,0.4615384615,0,0,0.00512820513,0.02051282051,0,0,0.04615384615,0.02051282051,0,0,0.1282051282,0.04615384615,0.02564102564,0.00512820513,0,0,0.04102564103,0,0,0,0.02051282051,0,0,0.1384615385,0,0,0,0,0
MD972148,forcens_lgm,10.835,19.8,117.54,0,0,0.00660792952,0,,0,0,,0,0,0.00881057269,0.4801762115,0,0,0.02643171806,0,0,0,0.05726872247,0.00220264317,0.00440528634,0,0.1255506608,0.05947136564,0.01321585903,0.00440528634,0,0.00660792952,0.02422907489,0,0.01101321586,0,0.01101321586,0,0,0.1255506608,0,0,0,0,0
MD972148,forcens_lgm,10.915,19.8,117.54,0,0,0.01547987616,0,,0,0.01238390093,,0,0,0.01238390093,0.5015479876,0,0,0.01238390093,0.00619195046,0,0,0.04024767802,0,0,0,0.1207430341,0.08049535604,0.00619195046,0.01857585139,0.00309597523,0.01238390093,0.03095975232,0,0.00309597523,0,0.00619195046,0,0,0.09287925697,0,0,0,0,0
MD972148,forcens_lgm,11.075,19.8,117.54,0,0,0.01013513514,0,,0,0.00337837838,,0,0,0.02364864865,0.4527027027,0,0,0.02702702703,0.00675675676,0,0,0.08108108108,0.00675675676,0,0,0.1486486486,0.04054054054,0.00337837838,0.01013513514,0.00337837838,0.02027027027,0.06756756757,0,0,0,0.01013513514,0,0,0.0777027027,0,0,0,0,0
MD972148,forcens_lgm,11.155,19.8,117.54,0,0,0.00684931507,0,,0,0.00342465753,,0,0,0.04452054795,0.3835616438,0,0,0.02054794521,0.01369863014,0,0,0.09931506849,0.00684931507,0,0,0.1678082192,0.03082191781,0.01369863014,0.0102739726,0.00342465753,0.01369863014,0.07534246575,0,0,0,0.0102739726,0,0,0.08561643836,0,0,0,0,0
MD972148,forcens_lgm,11.235,19.8,117.54,0,0,0.01454545455,0,,0,0.00363636364,,0,0,0.05090909091,0.4181818182,0,0,0.01818181818,0.02545454545,0,0,0.08363636364,0,0,0,0.1272727273,0.04363636364,0.01818181818,0.01454545455,0,0.01818181818,0.08,0,0,0,0.01090909091,0,0,0.06909090909,0,0,0,0,0
MD972148,forcens_lgm,11.315,19.8,117.54,0,0,0,0,,0,0,,0,0,0.0859375,0.375,0,0,0.0234375,0.0078125,0,0,0.09375,0.00390625,0,0,0.1484375,0.06640625,0.01171875,0.02734375,0,0.01171875,0.0625,0,0,0,0.00390625,0.00390625,0,0.0625,0,0,0,0,0
MD972148,forcens_lgm,11.395,19.8,117.54,0,0,0.01454545455,0,,0,0,,0,0,0.05090909091,0.4254545455,0,0,0.01090909091,0.00727272727,0,0,0.07636363636,0.00363636364,0,0,0.12,0.04727272727,0.00363636364,0.01818181818,0,0.01090909091,0.1054545455,0,0,0,0.00727272727,0,0,0.08363636364,0,0,0,0,0
MD972148,forcens_lgm,11.475,19.8,117.54,0,0,0.01327433628,0,,0,0.00884955752,,0,0,0.00884955752,0.4424778761,0,0,0.01769911504,0.01327433628,0,0,0.08407079646,0.01327433628,0.00442477876,0,0.110619469,0.08407079646,0.00884955752,0.00884955752,0,0.00884955752,0.1150442478,0,0,0,0.01327433628,0,0,0.03539823009,0,0,0,0,0
MD972148,forcens_lgm,11.555,19.8,117.54,0,0,0.01872659176,0,,0,0,,0,0,0.0074906367,0.4831460674,0,0,0.01123595506,0.01498127341,0,0,0.0936329588,0.00374531835,0,0,0.1161048689,0.04494382022,0.01123595506,0.01872659176,0,0.01498127341,0.05617977528,0,0,0,0,0,0,0.08988764045,0,0,0,0,0
MD972148,forcens_lgm,11.635,19.8,117.54,0,0,0.00737100737,0,,0,0,,0,0,0.00737100737,0.457002457,0,0,0.01965601966,0.01228501229,0,0,0.1253071253,0.00245700246,0.00245700246,0,0.1179361179,0.03931203931,0.00491400491,0.00491400491,0,0.00982800983,0.07862407862,0,0,0,0.00982800983,0,0,0.08353808354,0,0,0,0,0
MD972148,forcens_lgm,11.715,19.8,117.54,0,0,0.00917431193,0,,0,0.00917431193,,0,0,0.00917431193,0.4885321101,0,0,0.02981651376,0.02752293578,0,0,0.08944954128,0.00458715596,0.00229357798,0,0.1100917431,0.04587155963,0.00229357798,0.01146788991,0,0.00458715596,0.05963302752,0,0,0,0.00688073394,0.00229357798,0,0.07110091743,0,0,0,0,0
MD972148,forcens_lgm,11.795,19.8,117.54,0,0,0.02760736196,0,,0,0.00613496933,,0,0,0.00613496933,0.4938650307,0,0,0.02147239264,0.02760736196,0,0,0.06748466258,0.00920245399,0,0,0.1042944785,0.03987730061,0.02147239264,0.00306748466,0.00306748466,0.00306748466,0.03374233129,0,0,0,0.00613496933,0,0,0.1104294479,0,0,0,0,0
MD972148,forcens_lgm,11.875,19.8,117.54,0,0,0.01337792642,0,,0.00334448161,0,,0,0,0.00334448161,0.4882943144,0,0,0.01672240803,0.01337792642,0,0,0.09698996656,0.00668896321,0.00334448161,0,0.1204013378,0.05016722408,0.01003344482,0.01337792642,0,0.01003344482,0.03344481605,0,0,0,0.00668896321,0.00334448161,0,0.09698996656,0,0,0,0,0
MD972148,forcens_lgm,11.955,19.8,117.54,0,0,0.00925925926,0,,0,0,,0,0,0,0.4513888889,0,0,0.01388888889,0.01388888889,0,0,0.09953703704,0.00925925926,0,0,0.1273148148,0.05324074074,0.00925925926,0.00925925926,0,0.0162037037,0.05555555556,0,0,0,0.01851851852,0,0,0.0787037037,0,0,0,0,0
MD972148,forcens_lgm,12.035,19.8,117.54,0,0,0.0119047619,0,,0.00238095238,0,,0,0,0.00238095238,0.519047619,0,0,0.02380952381,0.0119047619,0,0,0.1023809524,0,0,0,0.08095238095,0.06428571429,0,0.01666666667,0.00238095238,0.01428571429,0.0380952381,0,0,0,0.00714285714,0,0,0.05714285714,0,0,0,0,0
MD972148,forcens_lgm,12.115,19.8,117.54,0,0,0.00748129676,0,,0,0.00498753117,,0,0,0.00498753117,0.506234414,0,0,0.02244389027,0.01246882793,0,0,0.072319202,0.00997506234,0.00249376559,0,0.144638404,0.05735660848,0.00748129676,0.02244389027,0,0.00997506234,0.02992518703,0,0,0,0.00249376559,0.00249376559,0,0.05735660848,0,0,0,0,0
MD972148,forcens_lgm,12.195,19.8,117.54,0,0,0,0,,0.00350877193,0,,0,0,0.03157894737,0.5754385965,0,0,0.03859649123,0,0,0,0.05614035088,0,0,0,0.07719298246,0.04561403509,0.00350877193,0.01052631579,0,0,0.04561403509,0,0,0,0.00350877193,0,0,0.101754386,0,0,0,0,0
MD972148,forcens_lgm,12.275,19.8,117.54,0,0,0,0,0,0,0,0,0,0,0.1011235955,0.4344569288,0,0,0.03745318352,0.01123595506,0,0,0.07116104869,0.0074906367,0.0074906367,0,0.1086142322,0.04494382022,0.0074906367,0.03370786517,0,0.01123595506,0.03745318352,0,0,0,0,0,0,0.0861423221,0,0,0,0,0
MD972148,forcens_lgm,12.355,19.8,117.54,0,0,0,0,,0,0,,0,0,0.08906882591,0.4028340081,0,0,0.03238866397,0.00607287449,0,0,0.1133603239,0.00607287449,0,0,0.08502024291,0.08097165992,0.00809716599,0.03036437247,0,0.02226720648,0.04858299595,0,0,0,0.00809716599,0,0,0.06477732794,0,0,0,0,0
MD972148,forcens_lgm,12.435,19.8,117.54,0,0,0,0,,0,0.00221238938,,0,0,0.08185840708,0.407079646,0,0,0.02433628319,0.00442477876,0,0,0.08185840708,0.01548672566,0.00221238938,0,0.08185840708,0.05973451327,0.01548672566,0.01548672566,0,0.01327433628,0.08628318584,0,0,0,0.00663716814,0,0,0.09955752212,0,0,0,0,0
MD972148,forcens_lgm,12.515,19.8,117.54,0,0,0,0,,0,0.00409836066,,0,0,0.04713114754,0.4651639344,0,0,0.02254098361,0.00409836066,0,0,0.08606557377,0.00204918033,0,0,0.09426229508,0.05532786885,0.01229508197,0.00614754098,0.00204918033,0.02459016393,0.07172131148,0,0,0,0.00614754098,0,0,0.09426229508,0,0,0,0,0
MD972148,forcens_lgm,12.595,19.8,117.54,0,0,0,0.00205761317,,0,0,,0,0,0.08436213992,0.4650205761,0,0,0.01440329218,0.00205761317,0,0,0.04526748971,0.00205761317,0,0,0.1172839506,0.02263374486,0.01440329218,0.01234567901,0.00205761317,0.01234567901,0.07407407407,0,0,0,0.00617283951,0,0,0.121399177,0,0,0,0,0
MD972148,forcens_lgm,12.675,19.8,117.54,0,0,0,0,,0.00265957447,0,,0,0,0.09574468085,0.3803191489,0,0,0.02393617021,0.01063829787,0.00265957447,0,0.07978723404,0,0,0,0.1462765957,0.0585106383,0.01063829787,0.03723404255,0.00265957447,0.01595744681,0.03191489362,0,0,0,0.0079787234,0,0,0.04787234043,0,0,0,0,0
MD972148,forcens_lgm,12.755,19.8,117.54,0,0,0,0,,0,0,,0,0,0.06896551724,0.5095785441,0,0,0.01915708812,0.00766283525,0,0,0.06896551724,0.00383141762,0.00766283525,0,0.07279693487,0.030651341,0.00766283525,0.02681992337,0,0.0153256705,0.05747126437,0,0,0,0,0,0,0.07279693487,0,0,0,0,0
MD972148,forcens_lgm,12.835,19.8,117.54,0,0,0.0021691974,0,,0,0,,0,0,0.114967462,0.3665943601,0,0,0.02386117137,0.0021691974,0,0,0.0715835141,0.00433839479,0.0021691974,0,0.1127982646,0.03904555315,0.01084598698,0.01735357918,0.0021691974,0.01518438178,0.07809110629,0,0,0,0.00650759219,0.00433839479,0,0.08893709328,0,0,0,0,0
MD972148,forcens_lgm,12.915,19.8,117.54,0,0,0,0,,0,0,,0,0,0.01546391753,0.4896907216,0,0,0.02577319588,0.00515463918,0,0,0.0618556701,0,0.00515463918,0,0.118556701,0.05154639175,0.0206185567,0.01546391753,0,0.01030927835,0.05154639175,0,0,0,0.00515463918,0,0,0.1082474227,0,0,0,0,0
MD972151,forcens_lgm,5.475,8.73,109.87,0,0,0.041139,0,,0.003165,0,,0,0,0.003165,0.227848,0,0,0.164557,0.015823,0,0,0.037975,0.009494,0.009494,0,0.177215,0.120253,0,0.012658,0.006329,0.015823,0.044304,0,0,0,0.03481,0,0,0.066456,0,0,0,0,0
MD972151,forcens_lgm,5.555,8.73,109.87,0,0,0.033493,0,,0.004785,0.004785,,0,0,0.028708,0.157895,0,0.004785,0.205742,0.019139,0,0,0.038278,0.004785,0,0,0.148325,0.15311,0.004785,0.033493,0,0.014354,0.028708,0,0,0,0.004785,0,0,0.076555,0,0,0,0,0
MD972151,forcens_lgm,5.635,8.73,109.87,0,0,0.011869,0,,0.002967,0,,0,0,0.005935,0.183976,0,0,0.219585,0.008902,0,0,0.065282,0.002967,0,0,0.252226,0.04451,0,0.005935,0.005935,0.014837,0.05638,0,0,0,0.026706,0,0,0.074184,0,0,0,0,0
MD972151,forcens_lgm,5.715,8.73,109.87,0,0,0.044554,0,,0,0,,0,0,0.00495,0.143564,0,0,0.118812,0.014851,0,0,0.059406,0,0.00495,0,0.227723,0.108911,0.00495,0.014851,0,0.029703,0.054455,0,0,0,0.014851,0,0,0.128713,0,0,0,0,0
MD972151,forcens_lgm,5.795,8.73,109.87,0,0,0.035857,0,,0.003984,0,,0,0,0.015936,0.187251,0,0,0.179283,0.015936,0,0,0.039841,0.011952,0,0,0.179283,0.159363,0,0.003984,0,0.011952,0.075697,0,0,0,0.027888,0,0,0.039841,0,0,0,0,0
MD972151,forcens_lgm,5.875,8.73,109.87,0,0,0.028662,0,,0.006369,0,,0,0,0.006369,0.197452,0,0,0.16879,0.012739,0,0,0.035032,0.006369,0,0,0.248408,0.10828,0,0,0,0.022293,0.063694,0,0,0,0.022293,0,0,0.05414,0,0,0,0,0
MD972151,forcens_lgm,5.955,8.73,109.87,0,0,0.022727,0,,0,0.007576,,0,0,0.022727,0.19697,0,0,0.155303,0.037879,0,0,0.037879,0,0,0,0.227273,0.121212,0,0.018939,0,0.015152,0.049242,0,0,0,0.026515,0,0,0.056818,0,0,0,0,0
MD972151,forcens_lgm,6.035,8.73,109.87,0,0,0.007547,0,,0.011321,0,,0,0,0.003774,0.14717,0,0,0.109434,0.015094,0,0,0.079245,0.007547,0.007547,0,0.264151,0.128302,0.003774,0.011321,0,0.018868,0.060377,0,0,0,0.030189,0,0,0.067925,0,0,0,0,0
MD972151,forcens_lgm,6.115,8.73,109.87,0,0,0.030848,0,,0.002571,0,,0,0,0.002571,0.195373,0,0,0.167095,0.010283,0,0,0.053985,0.002571,0.005141,0,0.197943,0.11054,0,0.012853,0.005141,0.007712,0.097686,0,0,0,0.033419,0,0,0.053985,0,0,0,0,0
MD972151,forcens_lgm,6.195,8.73,109.87,0,0,0.020173,0,,0,0,,0,0,0.002882,0.216138,0,0,0.167147,0.005764,0,0,0.040346,0.002882,0.008646,0,0.230548,0.115274,0,0.017291,0,0.014409,0.057637,0,0,0,0.028818,0,0,0.057637,0,0,0,0,0
MD972151,forcens_lgm,6.275,8.73,109.87,0,0,0.033149,0,,0.002762,0.002762,,0,0,0,0.229282,0,0,0.157459,0.013812,0,0,0.052486,0,0,0,0.21547,0.121547,0,0.008287,0.002762,0.027624,0.074586,0,0,0,0.005525,0,0,0.044199,0,0,0,0,0
MD972151,forcens_lgm,6.355,8.73,109.87,0,0,0.004219,0,,0.004219,0,,0,0,0,0.21097,0,0,0.151899,0.021097,0,0,0.029536,0,0.004219,0,0.261603,0.126582,0.004219,0.021097,0,0.037975,0.050633,0,0,0,0.016878,0,0,0.029536,0,0,0,0,0
MD972151,forcens_lgm,6.435,8.73,109.87,0,0,0.01139,0,,0.002278,0.002278,,0,0,0.002278,0.191344,0,0,0.170843,0.01139,0,0,0.034169,0,0,0,0.223235,0.186788,0,0.015945,0,0.013667,0.061503,0,0,0,0.013667,0,0,0.050114,0,0,0,0,0
MD972151,forcens_lgm,6.515,8.73,109.87,0,0,0,0,0,0.005076,0,0,0,0,0.025381,0.142132,0,0,0.294416,0.010152,0,0,0.050761,0.005076,0,0,0.248731,0.055838,0.010152,0.010152,0,0.030457,0.076142,0,0,0,0.010152,0,0,0.025381,0,0,0,0,0
ODP Site 883D,forcens_lgm,116,51.199,167.768,0,0,0,0,0,0.00078678206,0,0,0,0,0,0,0.01494885917,0.8945712038,0,0,0,0,0.089693155,0,0,0,0,0,0,0,0,0,0,0,0,0,0,0,0,0,0,0,0,0,0
ODP Site 883D,forcens_lgm,120,51.199,167.768,0,0,0,0,0,0,0,0,0,0,0,0,0.00817438692,0.8801089918,0,0,0,0,0.1117166213,0,0,0,0,0,0,0,0,0,0,0,0,0,0,0,0,0,0,0,0,0,0
ODP Site 883D,forcens_lgm,123,51.199,167.768,0,0,0,0,0,0,0,0,0,0,0,0,0.01131221719,0.8574660633,0,0,0,0,0.1312217195,0,0,0,0,0,0,0,0,0,0,0,0,0,0,0,0,0,0,0,0,0,0
ODP Site 883D,forcens_lgm,126,51.199,167.768,0,0,0,0,0,0,0,0,0,0,0,0,0.00677200903,0.8668171558,0,0,0,0,0.1264108352,0,0,0,0,0,0,0,0,0,0,0,0,0,0,0,0,0,0,0,0,0,0
ODP Site 883D,forcens_lgm,130,51.199,167.768,0,0,0,0,0,0,0,0,0,0,0,0,0.00819672131,0.8551912568,0,0,0,0,0.1284153005,0,0,0,0,0,0,0,0,0,0,0,0.00273224044,0,0,0,0,0.00546448087,0,0,0,0,0
ODP Site 883D,forcens_lgm,133,51.199,167.768,0,0,0,0,0,0,0,0,0,0,0,0,0.01904761905,0.8523809524,0,0,0,0,0.1285714286,0,0,0,0,0,0,0,0,0,0,0,0,0,0,0,0,0,0,0,0,0,0
ODP Site 883D,forcens_lgm,136,51.199,167.768,0,0,0,0,0,0,0,0,0,0,0,0,0.00659340659,0.9032967033,0,0,0,0,0.08791208791,0.0021978022,0,0,0,0,0,0,0,0,0,0,0,0,0,0,0,0,0,0,0,0,0
ODP Site 883D,forcens_lgm,140,51.199,167.768,0,0,0,0,0,0,0,0,0,0,0,0,0.01797752809,0.9258426966,0,0,0,0,0.05617977528,0,0,0,0,0,0,0,0,0,0,0,0,0,0,0,0,0,0,0,0,0,0
ODP Site 883D,forcens_lgm,143,51.199,167.768,0,0,0,0,0,0,0,0,0,0,0,0,0.00173160173,0.9255411255,0,0,0,0,0.07272727273,0,0,0,0,0,0,0,0,0,0,0,0,0,0,0,0,0,0,0,0,0,0
ODP Site 883D,forcens_lgm,145,51.199,167.768,0,0,0,0,0,0.00226244344,0,0,0,0,0,0,0.01583710407,0.8936651584,0,0,0,0,0.08823529412,0,0,0,0,0,0,0,0,0,0,0,0,0,0,0,0,0,0,0,0,0,0
ODP506B,forcens_lgm,97,0.61,-86.092,0,0,0,0,,0,0,,0,0,0.05476190476,0.4904761905,0.0619047619,0,0.0119047619,0,0,0,0.1738095238,0,0.00238095238,0,0.04761904762,0.00714285714,0,0.00714285714,0.00238095238,0.01904761905,0.01428571429,0,0,0,0.00238095238,0,0,0.03571428571,0,0,0,0,0
ODP506B,forcens_lgm,100,0.61,-86.092,0,0,0.00634249471,0,,0,0,,0,0,0.08456659619,0.5031712474,0.06976744186,0,0.01057082452,0,0,0,0.1226215645,0,0,0,0.044397463,0.0021141649,0.00845665962,0.01057082452,0,0.01268498943,0.01268498943,0,0,0,0.00422832981,0,0,0.03382663848,0,0,0,0,0
ODP506B,forcens_lgm,102,0.61,-86.092,0,0,0,0,,0,0,,0,0,0.09550561798,0.4915730337,0.0702247191,0,0.00842696629,0,0.00280898876,0,0.1207865169,0,0,0,0.03370786517,0.00561797753,0.00561797753,0.00280898876,0,0.00842696629,0.00561797753,0,0,0,0.00561797753,0,0,0.04494382022,0,0,0,0,0
ODP506B,forcens_lgm,110,0.61,-86.092,0,0,0.00626959248,0,,0,0,,0,0,0.06269592476,0.5987460815,0.02507836991,0,0.00313479624,0,0,0,0.08150470219,0.00313479624,0,0,0.05015673981,0,0.00940438871,0.00313479624,0,0.00313479624,0,0,0,0,0,0,0,0.05329153605,0,0,0,0,0
ODP506B,forcens_lgm,114,0.61,-86.092,0,0,0,0,,0,0,,0,0,0.04189944134,0.5921787709,0.03072625698,0,0.01396648045,0,0,0,0.1005586592,0,0,0,0.05027932961,0.01396648045,0.00279329609,0.01675977654,0,0.01675977654,0,0,0,0,0.00279329609,0,0,0.01396648045,0,0,0,0,0
ODP506B,forcens_lgm,118,0.61,-86.092,0,0,0.00290697674,0,,0,0,,0,0,0.03488372093,0.5406976744,0.0261627907,0,0.00581395349,0,0,0,0.1308139535,0,0,0,0.03488372093,0.01162790698,0.00290697674,0.02906976744,0,0.01162790698,0,0,0,0,0.00290697674,0,0,0.05523255814,0,0,0,0,0
ODP677B,forcens_lgm,104,1.202,-83.737,0,0,0.00289017341,0,,0,0,,0,0,0.01734104046,0.5809248555,0.07803468208,0,0.00289017341,0,0,0,0.06358381503,0,0,0,0.07514450867,0.00578034682,0.00289017341,0.00867052023,0.01156069364,0,0,0,0,0,0.00289017341,0,0,0.0549132948,0,0,0,0,0
ODP677B,forcens_lgm,107,1.202,-83.737,0,0,0,0,,0,0,,0,0,0.02657807309,0.6146179402,0.09302325581,0,0.00332225914,0,0,0,0.05647840532,0,0,0,0.0365448505,0.00664451827,0,0.01661129568,0,0.00332225914,0.00664451827,0,0,0,0,0,0,0.02990033223,0,0,0,0,0
ODP677B,forcens_lgm,110,1.202,-83.737,0,0,0,0,,0,0,,0,0,0.03857566766,0.6379821958,0.05637982196,0,0.0059347181,0,0,0,0.06528189911,0,0,0,0.05637982196,0.0059347181,0,0.02077151335,0,0.0059347181,0,0,0,0,0,0,0,0.03560830861,0,0,0,0,0
ODP677B,forcens_lgm,113,1.202,-83.737,0,0,0.00269541779,0,,0.00269541779,0,,0,0,0.04851752022,0.5283018868,0.06738544474,0,0.00539083558,0,0,0,0.06738544474,0,0,0,0.06738544474,0.01347708895,0,0.01347708895,0,0,0.00269541779,0,0,0,0.00539083558,0,0,0.03773584906,0,0,0,0,0
ODP677B,forcens_lgm,116,1.202,-83.737,0,0,0.00325732899,0,,0,0,,0,0,0.02605863192,0.6319218241,0.05211726384,0,0.01302931596,0,0,0,0.04885993485,0,0,0,0.03583061889,0.01302931596,0.00325732899,0.01954397394,0,0.00977198697,0,0,0,0,0,0,0,0.0325732899,0,0,0,0,0
ODP677B,forcens_lgm,119,1.202,-83.737,0,0,0.00317460317,0,,0,0,,0,0,0.0380952381,0.5174603175,0.08571428571,0,0.01904761905,0,0,0,0.06031746032,0,0,0,0.04761904762,0,0,0.00634920635,0,0.00317460317,0.02222222222,0,0,0,0,0,0,0.04761904762,0,0,0,0,0
ODP846B,forcens_lgm,78,-3.05,-90.49,0,0,0,0,,0,0,,0,0,0.2633333333,0.4666666667,0.02666666667,0,0,0,0.00333333333,0,0.1233333333,0.00333333333,0,0,0.01333333333,0.01,0,0.01666666667,0,0.01333333333,0.00666666667,0,0,0,0,0,0,0.01666666667,0,0,0,0,0
ODP846B,forcens_lgm,81,-3.05,-90.49,0,0,0,0,,0,0,,0,0,0.1195335277,0.4868804665,0.04081632653,0,0,0,0,0,0.2653061224,0,0,0,0.00583090379,0.00583090379,0,0.00583090379,0,0.0029154519,0,0,0,0,0,0,0,0.01457725948,0,0,0,0,0
ODP846B,forcens_lgm,85,-3.05,-90.49,0,0,0.00666666667,0,,0,0,,0,0,0.2266666667,0.4,0.06666666667,0,0.00333333333,0,0,0,0.1933333333,0,0.00333333333,0,0.01333333333,0,0.00333333333,0.00666666667,0,0.00666666667,0,0,0,0,0.00333333333,0,0,0.02666666667,0,0,0,0,0
ODP846B,forcens_lgm,88,-3.05,-90.49,0,0,0,0,,0,0,,0,0,0.1623529412,0.4023529412,0.1223529412,0,0.00235294118,0,0,0,0.2141176471,0,0,0,0.00941176471,0.00470588235,0,0.00235294118,0,0.00470588235,0.00470588235,0,0,0,0,0,0,0.03529411765,0,0,0,0,0
ODP846B,forcens_lgm,89,-3.05,-90.49,0,0,0.00964630225,0,,0,0,,0,0,0.3279742765,0.3633440514,0.038585209,0,0.00643086817,0,0.00643086817,0,0.1382636656,0.00321543408,0,0,0.02250803859,0.00964630225,0,0.02250803859,0,0,0.00321543408,0,0,0,0,0,0,0,0,0,0,0,0
ODP846B,forcens_lgm,93,-3.05,-90.49,0,0,0,0,,0,0,,0,0,0.1518151815,0.5247524752,0.02310231023,0,0.00330033003,0,0.00330033003,0,0.1848184818,0,0,0,0.01320132013,0.00330033003,0,0.01650165017,0.00330033003,0,0.00330033003,0,0.00330033003,0,0,0,0,0.0198019802,0,0,0,0,0
ODP846B,forcens_lgm,97,-3.05,-90.49,0,0,0,0,,0,0,,0,0,0.1328903654,0.5946843854,0.04983388704,0,0,0,0.00664451827,0,0.1029900332,0,0,0,0.01661129568,0.00332225914,0,0.01661129568,0.00332225914,0.00664451827,0,0,0,0,0,0,0,0.02325581395,0,0,0,0,0
ODP846B,forcens_lgm,100,-3.05,-90.49,0,0,0,0,,0,0,,0,0,0.09509202454,0.5122699387,0.1380368098,0,0.00306748466,0,0,0,0.1503067485,0,0,0,0.01840490798,0.00613496933,0,0.01226993865,0,0.00306748466,0.00920245399,0,0,0,0,0,0,0.01533742331,0,0,0,0,0
ODP846B,forcens_lgm,104,-3.05,-90.49,0,0,0,0,,0,0,,0,0,0.1096345515,0.6079734219,0.02325581395,0,0.00332225914,0,0.00664451827,0,0.1262458472,0,0,0,0.02325581395,0.01993355482,0,0.03986710963,0,0,0,0,0.00664451827,0,0,0,0,0.01993355482,0,0,0,0,0
ODP846B,forcens_lgm,108,-3.05,-90.49,0,0,0,0,,0,0,,0,0,0.15,0.6076923077,0.04230769231,0,0,0,0,0,0.06153846154,0,0,0,0.01923076923,0,0,0.05,0,0,0,0,0,0,0,0,0,0.02692307692,0,0,0,0,0
PC17,forcens_lgm,370,21.36,-158.19,0,0,0,0,,0.0146,0.0293,,0,0,0.0018,0.0018,0,0,0,0.0018,0.0018,0,0.0256,0.0768,0.0128,0,0.3346,0.1207,0.106,0,0,0.0219,0.0274,0,0,0,0.0768,0,0,0.0896,0,0,0,0,0
PC17,forcens_lgm,374,21.36,-158.19,0,0,0,0,,0.0172,0.0467,,0,0,0.0025,0,0,0,0,0.0098,0.0098,0,0.0246,0.0688,0.0172,0,0.3366,0.14,0.0516,0,0,0.0074,0.0221,0,0,0,0.0934,0,0.0025,0.086,0,0,0,0,0
PC17,forcens_lgm,378,21.36,-158.19,0,0,0,0,,0.012,0.036,,0,0,0,0.0024,0,0,0,0.0024,0.0024,0,0.0168,0.0721,0.024,0,0.2933,0.1755,0.0697,0,0.0024,0.012,0.0337,0,0,0,0.0673,0,0.0024,0.1274,0,0,0,0,0
TR163-11,forcens_lgm,36,6.45,-85.822,0,0,0,0,,0,0,,0,0,0,0.4224422442,0.07260726073,0,0.00330033003,0,0.0099009901,0,0.1122112211,0,0,0,0.03300330033,0.00660066007,0,0.00330033003,0,0.01650165017,0,0,0,0,0,0,0,0.01650165017,0,0,0,0,0
TR163-33,forcens_lgm,76,-1.913,-82.568,0,0,0.00564971751,0,,0.00282485876,0,,0,0,0.09322033898,0.5395480226,0.09039548023,0,0,0,0,0,0.1807909605,0,0,0,0.01694915254,0.00282485876,0.00282485876,0.01129943503,0,0.00847457627,0,0,0,0,0,0,0,0.02824858757,0,0,0,0,0
TR163-33,forcens_lgm,78,-1.913,-82.568,0,0,0,0,,0,0,,0,0,0.1766666667,0.42,0.08666666667,0,0,0,0,0,0.21,0,0,0,0.02,0.00333333333,0,0.00666666667,0,0.00333333333,0,0,0,0,0,0,0.00333333333,0.03,0,0,0,0,0
TR163-33,forcens_lgm,82,-1.913,-82.568,0,0,0.01,0,,0.00333333333,0,,0,0,0.1133333333,0.4833333333,0.07666666667,0,0.00666666667,0,0,0,0.2066666667,0,0,0,0.01333333333,0.00333333333,0,0.01,0,0.01,0.00333333333,0,0,0,0.00333333333,0,0,0.03666666667,0,0,0,0,0
TR163-33,forcens_lgm,84,-1.913,-82.568,0,0,0,0,,0.00643086817,0,,0,0,0.192926045,0.5112540193,0.06752411576,0,0,0,0,0,0.1318327974,0,0,0,0.02572347267,0.00643086817,0,0.00964630225,0,0.00643086817,0,0,0,0,0,0,0,0.01607717042,0,0,0,0,0
TR163-33,forcens_lgm,86,-1.913,-82.568,0,0,0,0,,0,0,,0,0,0.1635802469,0.450617284,0.06172839506,0,0.00308641975,0,0.00308641975,0,0.1913580247,0,0.00308641975,0,0.03395061728,0.00617283951,0,0.03086419753,0,0,0,0,0.00308641975,0,0,0,0,0.02469135802,0,0,0,0,0
TR163-33,forcens_lgm,88,-1.913,-82.568,0,0,0.00281690141,0,,0.00281690141,0,,0,0,0.1183098592,0.4591549296,0.07605633803,0,0,0,0,0,0.2394366197,0,0,0,0.00281690141,0.01126760563,0,0.00563380282,0,0.00281690141,0,0,0,0,0,0,0,0.05070422535,0,0,0,0,0
TR163-33,forcens_lgm,90,-1.913,-82.568,0,0,0.00333333333,0,,0,0,,0,0,0.2,0.4466666667,0.09333333333,0,0.00333333333,0,0,0,0.1666666667,0,0,0,0.01,0,0.00333333333,0.03,0,0.00666666667,0,0,0,0,0,0,0,0.02,0,0,0,0,0
TR163-33,forcens_lgm,92,-1.913,-82.568,0,0,0,0,,0,0,,0,0,0.2830188679,0.3616352201,0.03144654088,0,0.00628930818,0,0,0,0.2012578616,0,0,0,0.02830188679,0.00628930818,0,0.02201257862,0,0,0,0,0.00314465409,0,0,0,0,0.01886792453,0,0,0,0,0
W8709A-01BC,forcens_lgm,21,41.54,-131.96,0,0,0,0,0,0,0,0,0,0,0,0.047,0.25,0.428,0,0,0,0,0.275,0,0,0,0,0,0,0.002,0,0,0,0,0,0,0,0,0,0,0,0,0,0,0
W8709A-08PC,forcens_lgm,22,42.26,-127.68,0,0,0,0,0,0.003,0,0,0,0,0.003,0.031,0.045,0.542,0,0,0,0,0.266,0,0,0,0.011,0,0,0,0,0,0,0,0.042,0,0,0,0,0.059,0,0,0,0,0
W8709A-13PC,forcens_lgm,275,42.12,-125.75,0,0,0,0,0,0.004,0,0,0,0,0,0,0.033,0.515,0,0,0,0,0.354,0,0,0,0,0,0,0,0,0,0,0,0.042,0,0,0,0,0.053,0,0,0,0,0
W8809A-21GC,forcens_lgm,140,42.14,-126.91,0,0,0,0,0,0.011,0,0,0,0,0,0.011,0.035,0.544,0,0,0,0,0.237,0,0,0,0,0,0,0,0,0,0,0,0.074,0,0,0,0,0.085,0,0,0,0,0
W8809A-29GC,forcens_lgm,156,41.8,-129,0,0,0,0,0,0.008,0,0,0,0,0,0.008,0.033,0.383,0,0,0,0,0.433,0,0,0,0,0,0,0,0,0,0,0,0.092,0,0,0,0,0.042,0,0,0,0,0
W8809A-31GC,forcens_lgm,15,41.68,-130.01,0,0,0,0,0,0.011,0,0,0,0,0,0.005,0.038,0.402,0,0,0,0,0.368,0,0,0,0,0,0,0.009,0,0,0,0,0.107,0,0,0,0,0.058,0,0,0,0,0
W8809A-53GC,forcens_lgm,168,42.75,-126.26,0,0,0,0,0,0,0,0,0,0,0,0.024,0.021,0.415,0,0,0,0,0.426,0,0,0,0,0,0,0,0,0,0,0,0.053,0,0,0,0,0.059,0,0,0,0,0
W8909A-48GC,forcens_lgm,17,41.33,-132.67,0,0,0,0,0,0,0,0,0,0,0,0.038,0.263,0.352,0,0,0,0,0.324,0,0,0,0,0,0,0.006,0,0,0,0,0.01,0,0,0,0,0,0,0,0,0,0
W8909A-57GC,forcens_lgm,22,41.58,-130.62,0,0,0,0,0,0,0,0,0,0,0,0.018,0.036,0.37,0,0,0,0,0.452,0,0,0,0,0,0,0.006,0,0,0,0,0.047,0,0,0,0,0.071,0,0,0,0,0
GL-1090,forcens_lgm,,-24.92,-42.51,0,0,0.0044,0.0044,0.031,0.0022,0.0199,0.0022,0,0,0.0509,0.0044,0,0,0.0022,0,0,0,0.0155,0.0066,0.0111,0.115,0.4093,0.0664,0.0221,0.0088,0,0.0177,0.0199,0,0.0022,0,0.0221,0,0.0022,0.1571,0,0,0,0,0
MD96-2048,forcens_lgm,,-26.1667,34.0167,0,0,0,0,0.01617250674,0.01078167116,0.00269541779,0,0,0,0.2291105121,0.03234501348,0.09703504043,0.00269541779,0.00539083558,0,0,0,0.06738544474,0.00808625337,0.00269541779,0,0.3261455526,0.06469002695,0.00269541779,0.00539083558,0,0.01886792453,0.03504043127,0,0,0,0.01347708895,0,0,0.05929919137,0,0,0,0,0
MD96-2048,forcens_lgm,,-26.1667,34.0167,0,0,0.00255102041,0,0.01530612245,0.00255102041,0.00510204082,0,0,0,0.181122449,0.0637755102,0.1224489796,0.00510204082,0,0,0,0,0.07397959184,0.01020408163,0.00510204082,0,0.318877551,0.05102040816,0,0.00765306122,0,0.01275510204,0.01275510204,0,0.00255102041,0,0.04591836735,0,0,0.0612244898,0,0,0,0,0
MD96-2048,forcens_lgm,,-26.1667,34.0167,0,0,0.01237623762,0,0.01732673267,0.0099009901,0.01237623762,0,0,0,0.1806930693,0.04207920792,0.150990099,0.0099009901,0,0,0.00247524752,0,0.08415841584,0.00247524752,0.00247524752,0,0.2722772277,0.04455445545,0.0099009901,0,0,0.00742574257,0.03217821782,0,0.00247524752,0,0.00742574257,0,0,0.09653465347,0,0,0,0,0
MD95-2041,forcens_lgm,,37.833333,-9.510833,0,0,0,0,0,0.1362,0.0195,0,0,0,0.07,0,0.3074,0.0195,0,0,0,0,0.1907,0.035,0,0,0,0.0039,0,0.0078,0,0.0117,0,0,0.07,0,0,0,0,0.1284,0,0,0,0,0
MD95-2041,forcens_lgm,,37.833333,-9.510833,0,0,0,0.0028,0,0.1254,0.0057,0,0,0,0.0769,0,0.2678,0.0142,0,0,0,0,0.2251,0.0256,0,0,0.037,0,0.0085,0.037,0,0.0057,0,0,0.0171,0,0,0,0,0.151,0,0,0,0,0
MD95-2041,forcens_lgm,,37.833333,-9.510833,0,0,0,0,0,0.0822,0,0,0,0,0.0651,0,0.2569,0.0103,0,0,0,0,0.2774,0.0411,0,0,0.0514,0,0,0.024,0,0.0171,0,0,0.0274,0,0,0,0,0.1473,0,0,0,0,0
MD95-2041,forcens_lgm,,37.833333,-9.510833,0,0,0,0,0,0.1011,0.0037,0,0,0,0.0974,0,0.1872,0,0,0,0,0,0.2584,0.0412,0,0,0.0674,0,0,0.0449,0,0.0037,0,0,0.0375,0,0,0,0,0.1573,0,0,0,0,0
MD95-2041,forcens_lgm,,37.833333,-9.510833,0,0,0,0,0,0.0809,0.0116,0,0,0,0.1445,0,0.185,0.0231,0,0,0,0,0.2717,0.0347,0,0,0.0462,0,0.0058,0.0173,0.0116,0.0058,0,0,0.0405,0,0,0,0,0.1214,0,0,0,0,0
MD95-2041,forcens_lgm,,37.833333,-9.510833,0,0,0,0,0,0.0946,0,0,0,0,0.0925,0,0.271,0,0,0,0,0,0.2645,0.0774,0,0,0.0258,0,0.0043,0.0237,0,0.0022,0,0,0.0151,0,0,0,0,0.1269,0.0022,0,0,0,0
MD95-2041,forcens_lgm,,37.833333,-9.510833,0,0,0,0,0,0.0783,0,0,0,0,0.085,0,0.2863,0.0201,0,0,0,0,0.2998,0.0425,0,0,0.0358,0,0.0045,0.0067,0,0.0045,0,0,0.0291,0,0,0,0,0.1051,0,0,0,0,0
MD95-2041,forcens_lgm,,37.833333,-9.510833,0,0,0,0,0,0.1051,0.0047,0,0,0,0.0864,0,0.3084,0,0,0,0,0,0.1542,0.0444,0,0,0.0911,0,0.007,0.0023,0.0023,0.007,0,0,0.0374,0,0,0,0,0.1495,0,0,0,0,0
MD95-2041,forcens_lgm,,37.833333,-9.510833,0,0,0,0,0,0.0555,0.0016,0,0,0,0.084,0,0.3851,0.0048,0,0,0,0,0.187,0.0523,0,0,0.0602,0,0.0032,0.0301,0,0.0032,0,0,0.0475,0,0,0,0,0.0856,0,0,0,0,0
MD95-2041,forcens_lgm,,37.833333,-9.510833,0,0,0,0,0,0.1063,0.0065,0,0,0,0.0824,0,0.3124,0.0043,0,0,0,0,0.1909,0.0174,0,0.0022,0.0716,0,0.0065,0.0174,0,0.0022,0,0,0.0304,0,0,0,0,0.1497,0,0,0,0,0
MD95-2041,forcens_lgm,,37.833333,-9.510833,0,0,0,0,0,0.0909,0,0,0,0,0.1224,0,0.2028,0.007,0,0,0,0,0.2448,0.042,0,0,0.0559,0,0,0.0175,0,0.0105,0,0,0.0245,0,0,0,0,0.1783,0,0,0,0,0
MD95-2041,forcens_lgm,,37.833333,-9.510833,0,0,0,0,0,0.1318,0,0,0,0,0.0447,0,0.2306,0.0024,0,0,0,0,0.1718,0.0235,0,0,0.0824,0,0.0047,0.0259,0,0.0047,0,0,0.0565,0,0,0,0,0.2212,0,0,0,0,0
MD95-2041,forcens_lgm,,37.833333,-9.510833,0,0,0,0,0,0.1411,0.0024,0,0,0,0.0389,0,0.3869,0,0,0,0,0,0.1655,0.0243,0,0,0.0365,0,0.0073,0.0073,0,0.0024,0,0,0.0608,0,0,0,0,0.1265,0,0,0,0,0
MD95-2041,forcens_lgm,,37.833333,-9.510833,0,0,0,0,0,0.0869,0.0022,0,0,0,0.0468,0,0.3608,0.0045,0,0,0,0,0.2339,0.0401,0,0,0.0223,0,0.0111,0.0089,0,0.0045,0,0,0.0512,0,0,0,0,0.1269,0,0,0,0,0
MD95-2041,forcens_lgm,,37.833333,-9.510833,0,0,0,0,0,0.0801,0.0123,0,0,0,0.0513,0,0.3142,0,0,0,0,0,0.2957,0.039,0,0,0.0308,0,0.0041,0.0164,0.0021,0.0041,0,0,0.039,0,0,0,0,0.1109,0,0,0,0,0
MD95-2041,forcens_lgm,,37.833333,-9.510833,0,0,0,0,0,0.0911,0.0127,0,0,0,0.0583,0,0.2896,0,0,0,0,0,0.2659,0.0364,0,0,0.0364,0,0.0073,0.0164,0,0.0073,0,0,0.0401,0,0,0,0,0.1384,0,0,0,0,0
MD95-2041,forcens_lgm,,37.833333,-9.510833,0,0,0,0,0,0.0728,0.0106,0,0,0,0.0927,0,0.2795,0.0053,0,0,0,0,0.2795,0.0132,0,0,0.0132,0,0.0013,0.0146,0,0.004,0,0,0.0662,0,0,0,0,0.147,0,0,0,0,0
MD95-2041,forcens_lgm,,37.833333,-9.510833,0,0,0,0,0,0.0698,0.0052,0,0,0,0.0908,0,0.3281,0.0087,0,0,0,0,0.1902,0.0017,0,0,0.014,0,0,0.0192,0,0.0105,0,0,0.0855,0,0,0,0,0.1763,0,0,0,0,0
MD95-2041,forcens_lgm,,37.833333,-9.510833,0,0,0,0,0,0.0625,0.0043,0,0,0,0.1078,0,0.2242,0.0022,0,0,0,0,0.2328,0.0043,0,0,0.0582,0,0,0.0345,0,0.0065,0,0,0.0711,0,0,0,0,0.1918,0,0,0,0,0
MD95-2041,forcens_lgm,,37.833333,-9.510833,0,0,0,0,0,0.0563,0.0031,0,0,0,0.0844,0,0.2844,0.0125,0,0,0,0,0.2375,0.0188,0,0,0.0188,0,0,0.0406,0,0.0063,0,0,0.0875,0,0,0,0,0.15,0,0,0,0,0
MD03-2705,forcens_lgm,,18.083333,-21.15,0,0,0.00552486188,0,0,0.00368324125,0.00552486188,0,0,0,0.09023941068,0.05893186004,0.3167587477,0.00368324125,0,0,0.01104972376,0,0.167587477,0.04788213628,0.00368324125,0.01289134438,0.06261510129,0.00920810313,0.00184162063,0.02209944751,0,0.00552486188,0.01657458564,0,0.01289134438,0,0.0073664825,0,0,0.1307550645,0,0,0.00368324125,0,0
MD03-2705,forcens_lgm,,18.083333,-21.15,0,0,0.01807228916,0.00200803213,0,0.00602409639,0.00401606426,0,0,0,0.1084337349,0.06626506024,0.3493975904,0.00200803213,0,0,0.0140562249,0,0.1546184739,0.05220883534,0,0.01004016064,0.0421686747,0.02208835341,0.00602409639,0.01807228916,0,0.01204819277,0.01004016064,0,0.00200803213,0,0.01004016064,0,0,0.08835341365,0,0,0.00200803213,0,0
MD03-2705,forcens_lgm,,18.083333,-21.15,0,0,0,0,0,0.01426718547,0.00907911803,0,0,0,0.09987029831,0.00389105058,0.439688716,0.00129701686,0,0,0.00389105058,0,0.2178988327,0.00907911803,0.00129701686,0.01426718547,0.0635538262,0.01037613489,0.00129701686,0.01815823606,0,0.01815823606,0.00778210117,0,0.00259403372,0,0,0,0,0.0635538262,0,0,0,0,0
MD03-2705,forcens_lgm,,18.083333,-21.15,0,0,0.01319261214,0.00263852243,0,0.00527704485,0.00263852243,0,0,0,0.1055408971,0.04485488127,0.437994723,0.00263852243,0,0,0.00527704485,0,0.1345646438,0.03430079156,0,0.02110817942,0.0290237467,0.00791556728,0.00263852243,0.01319261214,0,0.00527704485,0.01319261214,0,0.00263852243,0,0.00263852243,0,0,0.110817942,0,0,0.00263852243,0,0
MD03-2705,forcens_lgm,,18.083333,-21.15,0,0,0.00888888889,0.00148148148,0,0.00740740741,0.01037037037,0,0,0,0.1422222222,0.0162962963,0.4059259259,0.00444444444,0,0,0.02074074074,0,0.1807407407,0.0237037037,0.00148148148,0.02074074074,0.04888888889,0.01333333333,0,0.0162962963,0,0.00740740741,0.00740740741,0,0.00148148148,0,0,0,0,0.05777777778,0,0,0.00296296296,0,0
MD03-2705,forcens_lgm,,18.083333,-21.15,0,0,0.00910746812,0,0,0.00910746812,0.00364298725,0,0,0,0.1129326047,0.03460837887,0.393442623,0.00546448087,0.00182149362,0,0.00910746812,0,0.2003642987,0.02550091075,0.00182149362,0.00910746812,0.04371584699,0.01092896175,0.00182149362,0.0072859745,0,0.0072859745,0.0218579235,0,0.00546448087,0,0.01092896175,0,0,0.07285974499,0,0,0.00182149362,0,0
MD03-2705,forcens_lgm,,18.083333,-21.15,0,0,0.00383877159,0.0019193858,0.00383877159,0.0019193858,0.00767754319,0,0,0,0.1151631478,0.06333973129,0.4126679463,0,0,0,0.00767754319,0,0.1535508637,0.04030710173,0,0.02111324376,0.04990403071,0.01343570058,0.0019193858,0.00767754319,0.00575815739,0.01535508637,0.00767754319,0,0,0,0.00767754319,0,0,0.05182341651,0,0,0.00383877159,0,0
MD03-2705,forcens_lgm,,18.083333,-21.15,0,0,0.01401050788,0,0,0.01751313485,0.00175131349,0,0,0,0.1068301226,0.05078809107,0.4238178634,0.00700525394,0,0,0.00525394046,0,0.1471103327,0.05253940455,0,0.01576182137,0.05429071804,0.01050788091,0,0.01401050788,0,0.01926444834,0.00700525394,0,0.00350262697,0,0.00875656743,0,0,0.03852889667,0,0,0.00175131349,0,0
MD03-2705,forcens_lgm,,18.083333,-21.15,0,0,0.01515151515,0.00216450216,0,0.00432900433,0.01082251082,0,0,0,0.1493506494,0.02164502165,0.3722943723,0.00649350649,0,0,0.00649350649,0,0.1666666667,0.04545454545,0,0.01515151515,0.04761904762,0.01515151515,0.00216450216,0.01515151515,0,0.01515151515,0.00216450216,0,0.00432900433,0,0.00865800866,0,0,0.07142857143,0,0,0.00216450216,0,0
MD03-2705,forcens_lgm,,18.083333,-21.15,0,0,0.00542495479,0.00180831826,0,0.01627486438,0.00904159132,0,0,0,0.1537070524,0.01084990958,0.4412296564,0,0,0,0.00904159132,0,0.1247739602,0.02169981917,0,0.03435804702,0.05967450271,0.01446654611,0,0.01446654611,0,0.01446654611,0.01084990958,0,0,0,0,0,0,0.05786618445,0,0,0,0,0
MD03-2705,forcens_lgm,,18.083333,-21.15,0,0,0.01467889908,0,0,0.00733944954,0.00917431193,0,0,0,0.1137614679,0.03669724771,0.3706422018,0.00733944954,0,0,0.00183486239,0,0.176146789,0.03119266055,0,0.02201834862,0.08990825688,0.0128440367,0,0.01834862385,0,0.01651376147,0.00550458716,0,0.00366972477,0,0.00733944954,0,0,0.05504587156,0,0,0,0,0
MD03-2705,forcens_lgm,,18.083333,-21.15,0,0,0.00684931507,0.00171232877,0,0.0102739726,0.00171232877,0,0,0,0.1061643836,0.02910958904,0.4092465753,0.00171232877,0,0,0.00342465753,0,0.2054794521,0.01369863014,0,0.01198630137,0.07876712329,0.01883561644,0.00171232877,0.00684931507,0.00171232877,0.00856164384,0.00856164384,0,0.00856164384,0,0.01369863014,0,0,0.05136986301,0,0,0,0,0
MD03-2705,forcens_lgm,,18.083333,-21.15,0,0,0.00362976407,0,0.00181488203,0.0108892922,0.00181488203,0,0,0,0.1215970962,0.02359346642,0.4482758621,0.0054446461,0,0,0.01996370236,0,0.110707804,0.02722323049,0.00725952813,0.02540834846,0.08529945554,0.00725952813,0,0.01633393829,0,0.01633393829,0.00362976407,0,0.00362976407,0,0,0,0,0.05989110708,0,0,0,0,0
MD03-2705,forcens_lgm,,18.083333,-21.15,0,0,0.00192678227,0,0,0.01734104046,0.00192678227,0,0,0,0.1252408478,0.03082851638,0.4161849711,0,0,0,0,0,0.1175337187,0.04046242775,0,0.00770712909,0.09248554913,0.02312138728,0,0.00578034682,0,0.01541425819,0.00385356455,0,0.01734104046,0,0.00385356455,0,0,0.07899807322,0,0,0,0,0
MD03-2705,forcens_lgm,,18.083333,-21.15,0,0,0.00894454383,0.00178890877,0,0.01252236136,0.00357781753,0,0,0,0.1252236136,0.01967799642,0.4060822898,0,0,0,0.0053667263,0,0.1699463327,0.02504472272,0,0.01610017889,0.08050089445,0.01788908766,0,0.00715563506,0,0.01967799642,0.00715563506,0,0.0053667263,0,0,0,0,0.06797853309,0,0,0,0,0
MD03-2705,forcens_lgm,,18.083333,-21.15,0,0,0.01713062099,0,0,0.00642398287,0,0,0,0,0.09207708779,0.01713062099,0.4389721627,0.00214132762,0,0,0,0,0.1605995717,0.01284796574,0,0.01284796574,0.09207708779,0.01927194861,0.00428265525,0.01927194861,0,0.02141327623,0.00856531049,0,0.00642398287,0,0.01284796574,0,0,0.0556745182,0,0,0,0,0
MD03-2705,forcens_lgm,,18.083333,-21.15,0,0,0.01398601399,0.00466200466,0,0.00233100233,0.00233100233,0,0,0,0.1375291375,0.00699300699,0.4055944056,0,0,0,0,0,0.1445221445,0.02097902098,0.00233100233,0.01864801865,0.07925407925,0.01631701632,0.00233100233,0.01398601399,0.00233100233,0.01398601399,0,0,0.00233100233,0,0.00699300699,0,0,0.1025641026,0,0,0,0,0
MD03-2705,forcens_lgm,,18.083333,-21.15,0,0,0,0,0,0.01500938086,0,0,0,0,0.1500938086,0.00750469043,0.4296435272,0.00375234522,0,0,0,0,0.1557223265,0.00750469043,0.00562851782,0.0243902439,0.08442776735,0.02251407129,0.00187617261,0.02063789869,0,0.0243902439,0.00375234522,0,0.00187617261,0,0,0,0,0.03752345216,0,0,0,0,0
MD03-2705,forcens_lgm,,18.083333,-21.15,0,0,0.01860465116,0,0,0.00930232558,0,0,0,0,0.1046511628,0.03255813953,0.4162790698,0.0023255814,0,0,0,0,0.176744186,0.02093023256,0.0023255814,0.01395348837,0.07906976744,0.01162790698,0,0.00930232558,0,0.01860465116,0.0023255814,0,0.00465116279,0,0,0,0,0.07674418605,0,0,0,0,0
MD03-2705,forcens_lgm,,18.083333,-21.15,0,0,0.00630252101,0,0,0.00420168067,0,0,0,0,0.09453781513,0.02100840336,0.4138655462,0.00210084034,0,0,0,0,0.1575630252,0.02731092437,0.00210084034,0.02731092437,0.09033613445,0.01680672269,0,0.01890756303,0,0.01680672269,0.00630252101,0,0.00210084034,0,0.01050420168,0,0,0.08193277311,0,0,0,0,0
MD03-2705,forcens_lgm,,18.083333,-21.15,0,0,0.0103950104,0.00831600832,0,0.00415800416,0,0,0,0,0.08316008316,0.0103950104,0.4137214137,0.00207900208,0,0,0.00207900208,0,0.1912681913,0.01455301455,0,0.02079002079,0.09771309771,0.01871101871,0.00207900208,0.02286902287,0,0.01663201663,0,0,0.00415800416,0,0.00623700624,0,0,0.07068607069,0,0,0,0,0
MD03-2705,forcens_lgm,,18.083333,-21.15,0,0,0.0067264574,0.00224215247,0,0.00224215247,0,0,0,0,0.16367713,0.0134529148,0.331838565,0.00224215247,0,0,0.00224215247,0,0.1905829596,0.02914798206,0,0.01793721973,0.1143497758,0.0067264574,0,0.00896860987,0.00224215247,0.01121076233,0.00448430493,0,0.00448430493,0,0.00224215247,0,0,0.08295964126,0,0,0,0,0
MD03-2705,forcens_lgm,,18.083333,-21.15,0,0,0.01221374046,0,0,0.00610687023,0.00152671756,0,0,0,0.1221374046,0.02748091603,0.3954198473,0.01221374046,0,0,0.01984732824,0,0.1114503817,0.02290076336,0.00458015267,0.02442748092,0.1099236641,0.01832061069,0,0.01832061069,0,0.00916030534,0.00458015267,0,0.00458015267,0,0,0,0,0.07328244275,0,0,0,0,0
MD03-2705,forcens_lgm,,18.083333,-21.15,0,0,0.00804828974,0.0060362173,0,0.01006036217,0,0,0,0,0.1146881288,0.01207243461,0.4245472837,0,0,0,0,0,0.1408450704,0.02615694165,0,0.02012072435,0.09456740443,0.03018108652,0.00201207243,0.01609657948,0.00201207243,0.02012072435,0.00201207243,0,0.00201207243,0,0,0,0.00201207243,0.06237424547,0,0,0.00402414487,0,0
MD03-2705,forcens_lgm,,18.083333,-21.15,0,0,0.01818181818,0.00227272727,0,0.00909090909,0,0,0,0,0.1,0.00909090909,0.3795454545,0,0,0,0.00227272727,0,0.1818181818,0.03636363636,0,0.01818181818,0.09318181818,0.01363636364,0.00227272727,0.01590909091,0,0.00909090909,0.00454545455,0,0.00454545455,0,0.01136363636,0,0.00454545455,0.08181818182,0,0,0.00227272727,0,0
MD03-2705,forcens_lgm,,18.083333,-21.15,0,0,0.0073800738,0,0,0.01291512915,0.00184501845,0,0,0,0.09040590406,0.00922509225,0.3856088561,0,0,0,0,0,0.1900369004,0.02767527675,0,0.02029520295,0.04612546125,0.01291512915,0,0.0221402214,0,0.0147601476,0.00553505535,0,0.0073800738,0,0.02029520295,0,0,0.1254612546,0,0,0,0,0
MD03-2705,forcens_lgm,,18.083333,-21.15,0,0,0.00609756098,0.01016260163,0,0.00406504065,0,0,0,0,0.1219512195,0.01422764228,0.337398374,0.00406504065,0,0,0.0081300813,0,0.2073170732,0.01829268293,0.00609756098,0.02642276423,0.1016260163,0.0162601626,0,0.0243902439,0.00203252033,0.01829268293,0.00406504065,0,0.00203252033,0,0,0,0,0.06097560976,0,0,0.00406504065,0,0
MD03-2705,forcens_lgm,,18.083333,-21.15,0,0,0.00888888889,0.00444444444,0,0.00666666667,0,0,0,0,0.1133333333,0.01111111111,0.4355555556,0,0,0,0,0,0.1844444444,0.02222222222,0,0.00888888889,0.07777777778,0.01777777778,0,0.02222222222,0,0.00666666667,0.00888888889,0,0.00444444444,0,0.00666666667,0,0,0.06,0,0,0,0,0
MD99-2285,forcens_lgm,,62.6938,-3.5723,0,0,0,0,0,0,0,0,0,0,0,0,0.01033591731,0.9431524548,0,0,0,0,0.01033591731,0,0,0,0,0,0,0,0,0,0,0,0.02067183463,0,0,0,0,0.01550387597,0,0,0,0,0
MD99-2285,forcens_lgm,,62.6938,-3.5723,0,0,0,0,0,0,0,0,0,0,0,0,0.00804289544,0.9758713137,0,0,0,0,0.00536193029,0,0,0,0,0,0,0,0,0,0,0,0.00536193029,0,0,0,0,0.00536193029,0,0,0,0,0
MD99-2285,forcens_lgm,,62.6938,-3.5723,0,0,0,0,0,0,0,0,0,0,0,0,0.01425178147,0.9691211401,0,0,0,0,0.00950118765,0,0,0,0,0,0,0,0,0,0,0,0.00475059382,0,0,0,0,0.00237529691,0,0,0,0,0
MD99-2285,forcens_lgm,,62.6938,-3.5723,0,0,0,0,0,0,0,0,0,0,0,0,0.01344086022,0.9435483871,0,0,0,0,0.01075268817,0,0,0,0,0,0,0,0,0,0,0,0.01612903226,0,0,0,0,0.01612903226,0,0,0,0,0
MD99-2285,forcens_lgm,,62.6938,-3.5723,0,0,0,0,0,0,0,0,0,0,0,0,0.02556818182,0.9431818182,0,0,0,0,0.01420454545,0,0,0,0,0,0,0,0,0,0,0,0.01704545455,0,0,0,0,0,0,0,0,0,0
MD99-2285,forcens_lgm,,62.6938,-3.5723,0,0,0,0,0,0,0,0,0,0,0,0,0.01630434783,0.9429347826,0,0,0,0,0,0,0,0,0,0,0,0,0,0,0,0,0.02445652174,0,0,0,0,0.01630434783,0,0,0,0,0
202-1240,forcens_lgm,,0.02185,-86.46263,0,0,0.0028,0.0055,0,0,0,0,0,0,0.0689,0.4848,0.1322,0,0,0,0.0028,0,0.135,0.0055,0,0,0.0193,0.0165,0.0055,0.0083,0.0055,0,0.0165,0,0,0,0.0028,0,0,0.0882,0,0,0,0,0
202-1240,forcens_lgm,,0.02185,-86.46263,0,0,0.0087,0,0,0.0058,0,0,0,0,0.087,0.3971,0.087,0,0.0029,0,0,0,0.2,0.0058,0,0,0.0232,0.0087,0.0116,0.0087,0.0029,0.0087,0.0348,0,0.0087,0,0,0,0,0.0986,0,0,0,0,0
202-1240,forcens_lgm,,0.02185,-86.46263,0,0,0.0045,0.0045,0,0.0045,0,0,0,0,0.0625,0.4442,0.0804,0,0.0045,0.0045,0,0,0.1607,0.0201,0,0,0.0402,0.0022,0.0156,0.0201,0,0,0.0156,0,0.0112,0,0.0067,0,0,0.0982,0,0,0,0,0
202-1240,forcens_lgm,,0.02185,-86.46263,0,0,0.003,0,0,0,0,0,0,0,0.1672,0.3708,0.079,0,0.003,0,0,0,0.2097,0.0091,0,0,0.0334,0.0061,0.0182,0,0.003,0.003,0.0182,0,0.0091,0,0.0061,0,0,0.0608,0,0,0,0,0
202-1240,forcens_lgm,,0.02185,-86.46263,0,0,0.0065,0,0,0.0033,0,0,0,0,0.1368,0.4039,0.101,0.0033,0.013,0,0,0,0.1792,0.013,0,0,0.0586,0.0033,0.013,0.0065,0.0033,0.0098,0.0163,0,0.0065,0,0.0033,0,0,0.0195,0,0,0,0,0
202-1240,forcens_lgm,,0.02185,-86.46263,0,0,0.0086,0,0,0,0,0,0,0,0.2493,0.3639,0.0659,0.0029,0.0057,0,0,0,0.1948,0.0115,0.0086,0,0.0372,0.0115,0.0057,0.0115,0,0,0.0057,0,0,0,0,0,0,0.0172,0,0,0,0,0
202-1240,forcens_lgm,,0.02185,-86.46263,0,0,0,0,0,0,0,0,0,0,0.093,0.5251,0.1432,0.0025,0,0,0.0025,0,0.1055,0.005,0,0,0.0276,0.0126,0.0126,0.0025,0.01,0.0126,0.0151,0,0.005,0,0,0,0,0.0251,0,0,0,0,0
117-723A,forcens_lgm,,18.0518,57.609,0,0,0,0.004,0.035,0,0.007,0,0.014,0,0,0.155,0.004,0.004,0,0.042,0,0,0.41,0.011,0,0,0.102,0.014,0,0.014,0.021,0.085,0,0.067,0.004,0.004,0,0,0,0,0,0,0,0,0
MD99-2339,forcens_lgm,,35.8855,-7.52783,0,0,0,0,0,0.0584502338,0.03006012024,0,0,0,0.09318637275,0.02605210421,0.3026052104,0.00668002672,0,0,0,0,0.04509018036,0.0621242485,0,0,0.00968603874,0,0,0.05744822979,0,0.04943219773,0.08750835003,0,0.01068804275,0,0,0,0,0.160988644,0,0,0,0,0
MD99-2339,forcens_lgm,,35.8855,-7.52783,0,0,0,0.00200803213,0,0.06726907631,0.02008032129,0,0,0,0.1074297189,0.01706827309,0.3242971888,0,0,0,0,0,0.1315261044,0.00200803213,0,0,0.02610441767,0,0,0.0813253012,0,0.0421686747,0.06124497992,0,0,0,0,0,0,0.1174698795,0,0,0,0,0
MD99-2339,forcens_lgm,,35.8855,-7.52783,0,0,0,0,0,0.02685093781,0.0175715696,0,0,0,0.12023692,0.03474827246,0.3328726555,0,0,0,0,0,0.07048371175,0.0134254689,0,0,0.02843040474,0.00078973346,0.00631786772,0.08923988154,0,0.04343534057,0.02764067127,0,0.05054294176,0,0,0,0,0.1374136229,0,0,0,0,0
MD99-2339,forcens_lgm,,35.8855,-7.52783,0,0,0,0,0,0.05832604258,0.00612423447,0,0,0,0.1111111111,0.01399825022,0.2280548265,0.01866433362,0,0,0,0,0.06095071449,0.01924759405,0,0,0.04841061534,0,0.00933216681,0.1213181686,0,0.04666083406,0.1154855643,0,0,0,0,0,0,0.1423155439,0,0,0,0,0
MD99-2339,forcens_lgm,,35.8855,-7.52783,0,0,0,0,0,0.09640957447,0.0272606383,0,0,0,0.1133643617,0.01861702128,0.2992021277,0,0,0,0,0,0.05053191489,0.03324468085,0,0,0.00897606383,0,0.01063829787,0.08510638298,0,0.03856382979,0.05385638298,0,0.03191489362,0,0,0,0,0.1323138298,0,0,0,0,0
MD99-2339,forcens_lgm,,35.8855,-7.52783,0,0,0,0,0,0.04709141274,0.05263157895,0,0,0,0.2049861496,0.00831024931,0.1855955679,0.01523545706,0,0,0,0,0.1004155125,0.02493074792,0,0,0.02700831025,0,0,0.1301939058,0,0.00831024931,0.06648199446,0,0,0,0,0,0,0.1288088643,0,0,0,0,0
MD99-2339,forcens_lgm,,35.8855,-7.52783,0,0,0,0,0,0.05214557306,0.03123302553,0,0,0,0.1588810429,0.03367734927,0.1808799565,0,0,0,0,0,0.0711569799,0.0195545899,0,0,0.05268875611,0,0,0.1553503531,0,0.04454101032,0.09885931559,0,0.00869092884,0,0,0,0,0.09234111896,0,0,0,0,0
MD99-2339,forcens_lgm,,35.8855,-7.52783,0,0,0,0,0,0.04424778761,0.03515240905,0,0,0,0.1261061947,0.01474926254,0.1814159292,0.00786627335,0,0,0,0,0.1226647001,0.01769911504,0,0,0.07546705998,0,0,0.1071779744,0,0.01081612586,0.08554572271,0,0.04719764012,0,0,0,0,0.1238938053,0,0,0,0,0
MD99-2339,forcens_lgm,,35.8855,-7.52783,0,0,0,0,0,0.03447087211,0.02481902792,0,0,0,0.1733884867,0.0179248535,0.2219924164,0.01103067908,0,0,0,0,0.1020337815,0,0,0,0.09376077215,0,0,0.1220268873,0,0.01103067908,0.02964495002,0,0.02206135815,0,0,0,0,0.1344364012,0.00137883488,0,0,0,0
MD99-2339,forcens_lgm,,35.8855,-7.52783,0,0,0,0,0,0.03433922997,0.04890738814,0,0,0,0.1529656608,0,0.3090530697,0.02497398543,0,0,0,0,0.1560874089,0.00832466181,0,0,0.03746097815,0,0,0.05723204995,0,0.00728407908,0.04682622268,0,0.00832466181,0,0.00832466181,0,0,0.09989594173,0,0,0,0,0
MD99-2339,forcens_lgm,,35.8855,-7.52783,0,0,0,0,0,0.00730426843,0.04998858708,0,0,0,0.1134444191,0.01826067108,0.2234649623,0.01460853686,0,0,0,0,0.1659438484,0.03013010728,0,0,0.1093357681,0,0,0.09860762383,0.00091303355,0.02465190596,0.05295594613,0,0.05112987902,0,0,0,0,0.03926044282,0,0,0,0,0
MD99-2339,forcens_lgm,,35.8855,-7.52783,0,0,0,0.00169923534,0,0.02039082413,0.01593033135,0,0,0,0.06988105353,0.00424808836,0.2909940527,0.02039082413,0,0,0,0,0.1968988955,0.02209005947,0,0,0.1110875106,0.00084961767,0,0.06711979609,0,0.01104502974,0.06966864911,0,0.04757858963,0,0.00679694138,0,0,0.04333050127,0,0,0,0,0
MD99-2339,forcens_lgm,,35.8855,-7.52783,0,0,0,0,0,0.07303906002,0.0489044141,0,0,0,0.121625913,0.00635122261,0.1810098444,0.00063512226,0,0,0,0,0.07716735472,0.02095903461,0,0,0.2397586535,0.00063512226,0,0.03239123531,0,0.02349952366,0.08129564941,0,0.02032391235,0,0.01016195618,0,0,0.06224198158,0,0,0,0,0
MD99-2339,forcens_lgm,,35.8855,-7.52783,0,0,0,0,0,0.02718446602,0.06019417476,0,0,0,0.2213592233,0.00582524272,0.1126213592,0.00388349515,0,0,0,0,0.1242718447,0.02718446602,0,0,0.2427184466,0.00194174757,0.00776699029,0.06601941748,0,0.00970873786,0.05436893204,0,0.00388349515,0,0.00776699029,0,0,0.02330097087,0,0,0,0,0
MD99-2339,forcens_lgm,,35.8855,-7.52783,0,0,0,0,0,0.07233093882,0.01189001734,0,0,0,0.186524647,0.01089918256,0.1107257865,0,0,0,0,0,0.04508298241,0.03269754768,0,0.01585335645,0.1454050037,0,0,0.07629427793,0.00792667823,0.1912311122,0.00594500867,0,0.02378003468,0,0,0,0,0.06341342581,0,0,0,0,0
MD99-2339,forcens_lgm,,35.8855,-7.52783,0,0,0,0,0,0.08011653314,0.03313911143,0,0,0,0.2465404224,0.01310997815,0.1711580481,0,0,0,0,0,0.06300072833,0.02476329206,0,0.00582665696,0.1103423161,0,0,0.06700655499,0,0.04952658412,0.05972323379,0,0.02330662782,0,0,0,0,0.0524399126,0,0,0,0,0
MD99-2339,forcens_lgm,,35.8855,-7.52783,0,0,0,0,0,0.05363984674,0.03544061303,0,0,0,0.2820197044,0,0.10591133,0,0,0,0,0,0.0578817734,0.1018062397,0,0,0.0710180624,0.00109469075,0,0.04488232074,0.00985221675,0.1674876847,0.00547345375,0,0,0,0,0,0,0.06349206349,0,0,0,0,0
MD99-2339,forcens_lgm,,35.8855,-7.52783,0,0,0,0,0,0.0612244898,0.01889644747,0,0,0,0.2660619803,0.00302343159,0.2456538171,0,0,0,0,0,0.1111111111,0,0,0,0.05517762661,0.0007558579,0,0.1209372638,0.0007558579,0.00831443689,0.03099017385,0,0.01209372638,0,0,0,0,0.06500377929,0,0,0,0,0
MD99-2339,forcens_lgm,,35.8855,-7.52783,0,0,0,0.0013293453,0,0.06646726487,0.02924559654,0,0,0,0.2329677634,0.00265869059,0.1429046195,0.00531738119,0,0,0,0,0.03157195081,0.01063476238,0,0,0.05682951147,0,0,0.2246593553,0.00265869059,0.1236291127,0,0,0.01063476238,0,0,0,0,0.05849119309,0,0,0,0,0
MD99-2339,forcens_lgm,,35.8855,-7.52783,0,0,0.00076204991,0,0,0.03962659554,0.01581253572,0,0,0,0.2150885883,0.00457229949,0.1827014669,0,0,0,0,0,0.1080205753,0,0,0,0.04781863212,0,0.01828919794,0.1165936369,0,0.01905124786,0.07239474186,0,0.02438559726,0,0,0,0,0.1348828348,0,0,0,0,0
MD99-2339,forcens_lgm,,35.8855,-7.52783,0,0,0.01138384916,0,0,0.05763073639,0.02703664176,0,0,0,0.2166488794,0.01778726432,0.1856990395,0.01138384916,0,0,0,0,0.1092138029,0,0.00071149057,0,0.02596940591,0.00213447172,0,0.131625756,0,0.04268943436,0.04126645322,0,0,0,0,0,0,0.1188189256,0,0,0,0,0
MD99-2339,forcens_lgm,,35.8855,-7.52783,0,0,0,0.00071098471,0,0.05687877711,0.02488446498,0,0,0,0.1706363313,0.01990757199,0.1621045148,0,0,0,0,0,0.1372200498,0.01137575542,0.00071098471,0.00071098471,0.1212228937,0.00071098471,0.01137575542,0.1023817988,0,0.01493067899,0.06896551724,0,0.02275151084,0,0,0,0,0.07252044081,0,0,0,0,0
MD99-2339,forcens_lgm,,35.8855,-7.52783,0,0,0.00117612467,0,0,0.02822699206,0.01734783887,0,0,0,0.1755366069,0.02705086739,0.2216995001,0,0,0,0,0,0.1917083211,0.00940899735,0.00117612467,0,0.077330197,0,0,0.09997059688,0,0.01411349603,0.03881211408,0,0.02822699206,0,0,0,0,0.06821523081,0,0,0,0,0
MD99-2339,forcens_lgm,,35.8855,-7.52783,0,0,0,0,0,0.05025802109,0.02490464438,0,0,0,0.2622840476,0.01884675791,0.2259367287,0,0,0,0,0,0.05721337222,0,0,0,0.1119587166,0,0,0.08077181961,0,0.01615436392,0.08256674893,0,0,0,0,0,0,0.069104779,0,0,0,0,0
MD99-2339,forcens_lgm,,35.8855,-7.52783,0,0,0,0,0,0.09728656519,0.03673064196,0,0,0,0.1710787558,0.012574454,0.1773659828,0.0105890139,0,0,0,0,0.08173395103,0.04235605559,0.00066181337,0,0.1922567836,0.00132362674,0,0.02779616148,0.00066181337,0.00595632032,0.08735936466,0,0,0,0,0,0,0.05426869623,0,0,0,0,0
MD99-2339,forcens_lgm,,35.8855,-7.52783,0,0,0,0,0,0.03896499239,0.01643835616,0,0,0,0.1308980213,0.01582952816,0.1570776256,0.00060882801,0,0,0,0,0.1257229833,0,0,0,0.2057838661,0,0,0.06453576865,0,0.00608828006,0.0797564688,0,0.04870624049,0,0.0097412481,0,0,0.09923896499,0.00060882801,0,0,0,0
MD99-2339,forcens_lgm,,35.8855,-7.52783,0,0,0,0,0,0.0593141798,0.04772937905,0,0,0,0.09708063021,0.02247451344,0.2442075996,0.00741427247,0,0,0,0,0.1165430955,0.00741427247,0,0,0.09430027804,0,0,0.1313716404,0,0.01899907322,0.08642261353,0,0.01482854495,0,0,0,0,0.05189990732,0,0,0,0,0
MD99-2339,forcens_lgm,,35.8855,-7.52783,0,0,0,0.00099725754,0,0.05185739217,0.04462727499,0,0,0,0.1657940663,0.01795063575,0.1969583645,0.00897531788,0,0,0,0,0.04238344552,0,0,0,0.1114435303,0.00099725754,0,0.1665420095,0,0.02991772625,0.09972575418,0,0.00797806033,0,0,0,0,0.05385190726,0,0,0,0,0
MD99-2339,forcens_lgm,,35.8855,-7.52783,0,0,0,0,0,0.1073170732,0.04982578397,0,0,0,0.156445993,0.02508710801,0.1275261324,0,0,0,0,0,0.1271777003,0,0,0,0.09721254355,0,0.00557491289,0.1365853659,0,0.00696864111,0.08083623693,0,0,0,0,0,0,0.07944250871,0,0,0,0,0
MD99-2339,forcens_lgm,,35.8855,-7.52783,0,0,0,0,0,0.1117388575,0.03546767106,0,0,0,0.1845574388,0.00502197112,0.06905210295,0,0,0,0,0,0.1691776522,0,0,0,0.1086001255,0,0.02008788449,0.1418706842,0,0.02762084118,0.04519774011,0,0,0,0.01004394225,0,0,0.07156308851,0,0,0,0,0
MD99-2339,forcens_lgm,,35.8855,-7.52783,0,0,0,0,0,0.07447833066,0.05168539326,0,0,0,0.1248796148,0.01540930979,0.1894060995,0,0,0,0,0,0.1001605136,0,0,0,0.13964687,0,0,0.1142857143,0,0.03081861958,0.07576243981,0,0.01027287319,0,0,0,0,0.07319422151,0,0,0,0,0
MD04-2845,forcens_lgm,,45.34767,-5.2195,0,0,0,0,0,0.0952,0,0,0,0,0.0779,0,0.2554,0.2944,0,0,0,0,0.1342,0,0,0,0,0,0,0,0,0,0.0216,0,0.0563,0,0,0,0,0.0649,0,0,0,0,0
MD04-2845,forcens_lgm,,45.34767,-5.2195,0,0,0,0,0,0.0498,0,0,0,0,0.0343,0,0.1589,0.3146,0,0,0,0,0.3707,0,0,0,0,0,0,0,0,0,0,0,0.0218,0,0,0,0,0.0498,0,0,0,0,0
MD04-2845,forcens_lgm,,45.34767,-5.2195,0,0,0,0,0,0.0615,0,0,0,0,0.0698,0,0.1006,0.1145,0,0,0,0,0.5223,0,0,0,0,0,0,0,0,0,0.0168,0,0.0503,0,0,0,0,0.0642,0,0,0,0,0
MD04-2845,forcens_lgm,,45.34767,-5.2195,0,0,0,0,0,0.0299,0,0,0,0,0.0359,0,0.1497,0.3832,0,0,0,0,0.3473,0,0,0,0,0,0,0,0,0,0,0,0.018,0,0,0,0,0.0359,0,0,0,0,0
MD04-2845,forcens_lgm,,45.34767,-5.2195,0,0,0,0,0,0.0522,0,0,0,0,0.0385,0,0.1703,0.044,0,0,0,0,0.5714,0,0,0,0,0,0,0,0,0,0.0027,0,0.0495,0,0,0,0,0.0714,0,0,0,0,0
MD04-2845,forcens_lgm,,45.34767,-5.2195,0,0,0,0,0,0.0306,0,0,0,0,0.051,0,0.0663,0.1097,0,0,0,0,0.676,0,0,0,0,0,0,0.0051,0,0,0.0026,0,0.0179,0,0,0,0,0.0408,0,0,0,0,0
MD04-2845,forcens_lgm,,45.34767,-5.2195,0,0,0,0,0,0.015,0,0,0,0,0.0269,0,0.0689,0.0329,0,0,0,0,0.8174,0,0,0,0,0,0,0,0,0,0.009,0,0,0,0,0,0,0.0299,0,0,0,0,0
MD04-2845,forcens_lgm,,45.34767,-5.2195,0,0,0,0,0,0.0154,0,0,0,0,0.0308,0,0.0308,0.2103,0,0,0,0,0.7026,0,0,0,0,0,0,0,0,0,0,0,0.0051,0,0,0,0,0.0051,0,0,0,0,0
MD04-2845,forcens_lgm,,45.34767,-5.2195,0,0,0,0,0,0.0453,0,0,0,0,0.0075,0,0.0453,0.1736,0,0,0,0,0.6679,0,0,0,0.0075,0,0,0,0,0,0,0,0.0075,0,0,0,0,0.0453,0,0,0,0,0
MD04-2845,forcens_lgm,,45.34767,-5.2195,0,0,0,0,0,0.0995,0,0,0,0,0.0134,0,0.1237,0.1694,0,0,0,0,0.5081,0,0,0,0,0,0,0.0027,0,0,0,0,0.0296,0,0,0,0,0.0538,0,0,0,0,0
MD04-2845,forcens_lgm,,45.34767,-5.2195,0,0,0,0,0,0.4182,0,0,0,0,0.0286,0,0.2727,0.1143,0,0,0,0,0.0571,0,0,0,0,0,0,0,0,0,0,0,0.0571,0,0,0,0,0.0519,0,0,0,0,0
MD04-2845,forcens_lgm,,45.34767,-5.2195,0,0,0,0,0,0.1543,0,0,0,0,0.0691,0,0.2234,0.1676,0,0,0,0,0.258,0,0,0,0,0,0,0,0,0,0.0133,0,0.0452,0,0,0,0,0.0691,0,0,0,0,0
MD04-2845,forcens_lgm,,45.34767,-5.2195,0,0,0,0,0,0.1101,0,0,0,0,0.0674,0,0.1124,0.164,0,0,0,0,0.373,0,0,0,0,0,0,0.0022,0,0,0.0157,0,0.0517,0,0,0,0,0.1034,0,0,0,0,0
MD04-2845,forcens_lgm,,45.34767,-5.2195,0,0,0,0,0,0.0765,0,0,0,0,0.1647,0,0.1588,0.0324,0,0,0,0,0.4059,0,0,0,0,0,0,0.0029,0,0,0,0,0.0559,0,0,0,0,0.1029,0,0,0,0,0
MD04-2845,forcens_lgm,,45.34767,-5.2195,0,0,0,0,0,0.0195,0,0,0,0,0.0747,0,0.0682,0.2143,0,0,0,0,0.5357,0,0,0,0,0,0,0,0,0,0.0032,0,0.0292,0,0,0,0,0.0552,0,0,0,0,0
MD04-2845,forcens_lgm,,45.34767,-5.2195,0,0,0,0,0,0.1288,0.0061,0,0,0,0.0675,0,0.2454,0.1442,0,0,0,0,0.2761,0,0,0,0.0061,0,0,0.0153,0,0,0.0061,0,0.0521,0,0,0,0,0.0521,0,0,0,0,0
MD04-2845,forcens_lgm,,45.34767,-5.2195,0,0,0,0,0,0.1257,0,0,0,0,0.0328,0,0.0738,0.1257,0,0,0,0,0.5109,0,0,0,0.0027,0,0,0.0027,0,0,0.0027,0,0.0492,0,0,0,0,0.0738,0,0,0,0,0
MD04-2845,forcens_lgm,,45.34767,-5.2195,0,0,0,0,0,0.0239,0,0,0,0,0.0034,0,0.041,0.6519,0,0,0,0,0.2389,0,0,0,0,0,0,0,0,0,0,0,0.0137,0,0,0,0,0.0273,0,0,0,0,0
MD04-2845,forcens_lgm,,45.34767,-5.2195,0,0,0,0,0,0.0526,0,0,0,0,0.0088,0,0.1491,0.152,0,0,0,0,0.5497,0,0,0,0.0029,0,0,0,0,0,0,0,0.0468,0,0,0,0,0.038,0,0,0,0,0
MD04-2845,forcens_lgm,,45.34767,-5.2195,0,0,0,0,0,0.1283,0,0,0,0,0.0048,0,0.2349,0.1598,0,0,0,0,0.3729,0,0,0,0,0,0,0,0,0,0.0024,0,0.0533,0,0,0,0,0.0436,0,0,0,0,0
MD04-2845,forcens_lgm,,45.34767,-5.2195,0,0,0,0,0,0.1615,0,0,0,0,0.019,0,0.247,0.0618,0,0,0,0,0.2755,0,0,0,0,0,0,0,0.0048,0,0.0071,0,0.1473,0,0,0,0,0.076,0,0,0,0,0
MD04-2845,forcens_lgm,,45.34767,-5.2195,0,0,0,0,0,0.0907,0,0,0,0,0.0335,0,0.3215,0.14,0,0,0,0,0.2564,0,0,0,0.002,0,0,0.002,0,0,0.0039,0,0.0828,0,0,0,0,0.0671,0,0,0,0,0
165-999A,forcens_lgm,,12.744,-78.7393,0,0,0.012,0.003,0,0.003,0.012,0,0,0,0.036,0.097,0.012,0,0,0,0,0,0.009,0,0.073,0.131,0.274,0.103,0.012,0.07,0,0.049,0,0,0,0,0.006,0,0,0.097,0,0,0,0,0
165-999A,forcens_lgm,,12.744,-78.7393,0,0,0.003,0,0,0.003,0.023,0,0,0,0.034,0.047,0.005,0,0,0,0,0,0.005,0.008,0.062,0.109,0.367,0.088,0.01,0.054,0,0.083,0,0,0,0,0.008,0,0,0.088,0,0,0,0.005,0
MD98-2195,forcens_lgm,,31.64,128.94,0,0,0,0,0.01,0,0,0,0,0,0.05,0.91,0.54,0,0.01,0,0,0,0.82,0.01,0.02,0,0.4425,0.1,0.05,0.01,0,0.03,0.02,0,0.1,0,0.01,0,0,0.03,0,0,0,0,0
MD98-2195,forcens_lgm,,31.64,128.94,0,0,0,0,0.01,0,0.02,0,0,0,0.01,0.27,0.51,0,0.07,0,0,0,0.6,0,0,0,0.3225,0.02,0.05,0,0,0.02,0,0,0.12,0,0,0,0,0.08,0,0,0,0,0
MD98-2195,forcens_lgm,,31.64,128.94,0,0,0,0,0,0,0.01,0,0,0,0.02,0.42,0.59,0,0.11,0,0,0,0.61,0.01,0,0,0.26625,0.01,0,0.03,0,0.02,0,0,0.02,0,0.01,0,0,0.01,0,0,0,0,0
MD98-2195,forcens_lgm,,31.64,128.94,0,0,0,0,0,0,0,0,0,0,0.02,0.25,0.81,0,0.15,0,0,0,0.72,0,0.01,0,0.34625,0.01,0,0.03,0,0,0,0,0.26,0,0,0,0,0.11,0,0,0,0,0
MD98-2195,forcens_lgm,,31.64,128.94,0,0,0,0,0,0,0.03,0,0,0,0.05,0.9,0.91,0,0.02,0,0,0,0.72,0.02,0,0,0.4125,0.02,0.03,0.02,0,0.02,0.01,0,0.1,0,0.02,0,0,0.04,0,0,0,0,0
MD98-2195,forcens_lgm,,31.64,128.94,0,0,0,0,0,0,0,0,0,0,0.05,0.66,0.47,0,0,0,0,0,0.61,0,0,0,0.4525,0.03,0.05,0.01,0,0.01,0.01,0,0.07,0,0,0,0,0.06,0,0,0,0,0
MD98-2195,forcens_lgm,,31.64,128.94,0,0,0,0,0,0,0,0.01,0,0,0.15,0.67,0.39,0,0.02,0,0,0,0.56,0,0.02,0,0.4325,0.03,0.04,0.02,0,0.01,0,0,0.12,0,0.02,0,0,0.1,0,0,0,0,0
MD98-2195,forcens_lgm,,31.64,128.94,0,0,0,0,0,0,0,0,0,0,0.11,0.48,0.49,0,0,0,0,0,0.29,0,0.02,0,0.3425,0.09,0,0.02,0,0.01,0.01,0,0.03,0,0,0,0,0.07,0,0,0,0,0
MD98-2195,forcens_lgm,,31.64,128.94,0,0,0,0,0,0,0,0,0,0,0.14,0.9,0.54,0,0,0,0,0,0.47,0,0.01,0,0.5025,0.04,0,0,0,0.01,0,0,0.07,0,0.03,0,0,0.03,0,0,0,0,0
MD98-2195,forcens_lgm,,31.64,128.94,0,0,0,0,0,0,0.01,0.01,0,0,0.29,0.67,0.52,0,0.02,0,0,0,0.41,0.03,0.01,0,0.26625,0,0.05,0.08,0,0,0,0,0.04,0,0.01,0,0,0.03,0,0,0,0,0
MD98-2195,forcens_lgm,,31.64,128.94,0,0,0,0,0,0,0.03,0,0,0,0.25,0.43,0.58,0,0.02,0,0,0,0.81,0.02,0,0,0.4525,0.02,0.03,0.05,0,0,0,0,0.1,0,0.03,0,0,0.14,0,0,0,0,0
MD98-2195,forcens_lgm,,31.64,128.94,0,0,0,0,0,0.01,0.03,0,0,0,0.18,0.91,0.8,0,0.01,0,0,0,1.08,0.01,0,0,0.5825,0.07,0.08,0.02,0,0,0,0,0.18,0,0.03,0,0,0.17,0,0,0,0,0
MD98-2195,forcens_lgm,,31.64,128.94,0,0,0,0,0,0,0.01,0,0,0,0,0.6,0.6,0,0,0,0,0,0.8,0,0,0,0.3525,0.06,0.03,0.05,0,0.02,0.01,0,0.24,0,0.09,0,0,0.08,0,0,0,0,0
MD98-2195,forcens_lgm,,31.64,128.94,0,0,0,0,0,0,0.04,0.01,0,0,0.03,0.94,0.57,0,0,0,0,0,0.74,0,0,0,0.4225,0.12,0.02,0.11,0,0.01,0,0,0.08,0,0.04,0,0,0.13,0,0,0,0,0
MD98-2195,forcens_lgm,,31.64,128.94,0,0,0,0,0,0,0.02,0,0,0,0.01,0.89,0.45,0,0,0,0,0,0.69,0,0,0,0.2425,0.1,0.03,0.08,0,0,0,0,0.12,0,0.02,0,0,0.05,0,0,0,0,0
MD98-2195,forcens_lgm,,31.64,128.94,0,0,0,0,0.01,0,0.03,0,0,0,0.05,0.57,0.43,0,0.01,0,0,0,0.52,0.01,0,0,0.1725,0.06,0.01,0.02,0,0.01,0,0,0.03,0,0.02,0,0,0.06,0,0,0,0,0
MD98-2195,forcens_lgm,,31.64,128.94,0,0,0,0,0,0,0.05,0,0,0,0.09,0.87,0.65,0,0.02,0,0,0,0.64,0,0,0,0.4825,0.07,0.02,0.1,0,0.03,0,0,0.07,0,0.05,0,0,0.07,0,0,0,0,0
MD98-2195,forcens_lgm,,31.64,128.94,0,0,0,0,0,0,0.05,0,0,0,0.25,0.99,0.24,0,0,0,0,0,0.71,0,0,0,0.4225,0.12,0,0.02,0,0,0.01,0,0.36,0,0.03,0,0,0.07,0,0,0,0,0
MD98-2195,forcens_lgm,,31.64,128.94,0,0,0,0,0,0,0.01,0.01,0,0,0.18,0.6,0.97,0,0.05,0,0,0,0.67,0.01,0,0,0.3225,0,0,0.01,0,0,0,0,0.09,0,0.01,0,0,0.08,0,0,0,0,0
MD98-2195,forcens_lgm,,31.64,128.94,0,0,0,0,0,0,0.01,0.01,0,0,0.59,0.54,0.87,0,0.02,0,0,0,0.62,0,0,0,0.295,0.06,0.03,0,0,0,0,0,0.09,0,0.03,0,0,0.01,0,0,0,0,0
MD98-2195,forcens_lgm,,31.64,128.94,0,0,0,0,0,0,0.01,0,0,0,0.42,0.6,0.92,0,0,0,0,0,0.5,0,0.01,0,0.1425,0.1,0,0.04,0,0.01,0.01,0,0.04,0,0.01,0,0,0.01,0,0,0,0,0
MD98-2195,forcens_lgm,,31.64,128.94,0,0,0,0,0,0,0.02,0,0,0,0.61,0.54,1.14,0,0.01,0,0,0,0.47,0.01,0,0,0.235,0.06,0.01,0.01,0,0.01,0,0,0.08,0,0.02,0,0,0.03,0,0,0,0,0
MD98-2195,forcens_lgm,,31.64,128.94,0,0,0,0,0,0,0.03,0,0,0,0.29,0.64,0.66,0,0.04,0,0,0,0.53,0.01,0,0,0.455,0.06,0.02,0.02,0,0.01,0.02,0,0.13,0,0.02,0,0,0.11,0,0,0,0,0
MD98-2195,forcens_lgm,,31.64,128.94,0,0,0,0,0,0,0,0,0,0,0.34,0.57,0.38,0,0,0,0,0,0.45,0.01,0,0,0.405,0,0.01,0.01,0,0.02,0,0,0.1,0,0,0,0,0.08,0,0,0,0,0
MD98-2195,forcens_lgm,,31.64,128.94,0,0,0,0,0,0,0.03,0.01,0,0,0.39,0.97,0.84,0,0.02,0,0,0,0.91,0,0,0,0.585,0.06,0,0.01,0,0,0,0,0.12,0,0.03,0,0,0.09,0,0,0,0,0
MD98-2195,forcens_lgm,,31.64,128.94,0,0,0,0,0,0,0.02,0,0,0,0.08,0.34,0.9,0,0,0,0,0,0.88,0.01,0.01,0,0.365,0.08,0,0.03,0,0.03,0.01,0,0.04,0,0.02,0,0,0.09,0,0,0,0,0
MD98-2195,forcens_lgm,,31.64,128.94,0,0,0,0,0,0,0.04,0.01,0,0,0.02,0.66,0.72,0,0.01,0,0,0,0.62,0.05,0,0,0.39625,0.04,0,0.01,0,0,0.02,0,0.05,0,0.01,0,0,0.1,0,0,0,0,0
MD98-2195,forcens_lgm,,31.64,128.94,0,0,0,0,0,0,0.01,0,0,0,0.01,0.97,0.81,0,0.02,0,0,0,0.78,0.01,0.01,0,0.44625,0.11,0,0.03,0,0.04,0.01,0,0.09,0,0.03,0,0,0.11,0,0,0,0,0
MD98-2195,forcens_lgm,,31.64,128.94,0,0,0,0,0,0,0.02,0,0,0,0.04,1,0.55,0,0,0,0,0,0.79,0,0,0,0.45625,0.08,0.01,0.01,0,0.05,0.02,0,0.08,0,0.02,0,0,0.13,0,0,0,0,0
MD98-2195,forcens_lgm,,31.64,128.94,0,0,0,0,0,0,0.08,0.01,0,0,0.04,1.27,1,0,0.01,0,0,0,1.26,0.01,0,0,0.66625,0.1,0.03,0.04,0,0.03,0,0,0.18,0,0.03,0,0,0.14,0,0,0,0,0
MD02-2529,forcens_lgm,,8.2055,-84.122,0,0,0,0,,0,0,,0,0,0.01791044776,0.2447761194,0.1194029851,0.00298507463,0.00298507463,0,0.00895522388,0,0.08059701493,0.00597014925,0,0,0.1701492537,0.01492537313,0.02388059701,0,0,0.00597014925,0,0,0,0,0.00597014925,0,0,0.1164179104,0,0,0,0,0
MD02-2529,forcens_lgm,,8.2055,-84.122,0,0,0.0031152648,0,,0,0,,0,0,0.01557632399,0.2959501558,0.1619937695,0.0031152648,0,0.0031152648,0.00934579439,0,0.06853582555,0.0062305296,0,0,0.1059190031,0.0031152648,0.01869158879,0.01557632399,0,0.0062305296,0.0031152648,0,0,0,0,0,0,0.07165109034,0,0,0,0,0
MD02-2529,forcens_lgm,,8.2055,-84.122,0,0,0,0,,0,0,,0,0,0.00314465409,0.286163522,0.2044025157,0,0,0,0.00628930818,0,0.06603773585,0.00314465409,0,0,0.09433962264,0.00314465409,0.00628930818,0.02830188679,0,0.00314465409,0,0.00314465409,0,0,0.01572327044,0,0,0.08176100629,0,0,0,0,0
MD02-2529,forcens_lgm,,8.2055,-84.122,0.00263852243,0,0,0,,0.00263852243,0,,0,0.00263852243,0.01055408971,0.3350923483,0.2058047493,0,0.00263852243,0,0.00527704485,0,0.06860158311,0,0,0,0.1240105541,0.01055408971,0.00263852243,0.00263852243,0,0.00263852243,0,0,0,0,0.01055408971,0,0,0.07387862797,0,0,0,0,0
MD02-2529,forcens_lgm,,8.2055,-84.122,0,0,0.00333333333,0,,0,0,,0,0,0.03333333333,0.2833333333,0.1633333333,0,0,0,0.00333333333,0,0.08666666667,0.00333333333,0,0,0.1366666667,0.01333333333,0.02666666667,0,0,0.00666666667,0.00666666667,0,0,0,0.00666666667,0,0,0.04333333333,0,0,0,0,0
MD97-2121,forcens_lgm,740,-40.38,177.99,0,0,0,0,0,0,0.02752293578,0,0,0,0.2405708461,0.00611620795,0.3465851172,0.03567787971,0,0,0,0,0.1600407747,0.02956167176,0,0,0.00815494393,0,0,0.00203873598,0.00203873598,0,0,0,0.08154943935,0,0,0,0,0.04892966361,0,0,0,0,0
MD97-2121,forcens_lgm,749,-40.38,177.99,0,0,0,0,0,0,0.03603603604,0,0,0,0.3513513514,0,0.295045045,0.02477477477,0,0,0,0,0.09234234234,0.03153153153,0,0,0.00675675676,0,0,0.00225225225,0,0.03153153153,0,0,0.08333333333,0,0,0,0,0.02702702703,0,0,0,0,0
MD97-2121,forcens_lgm,830,-40.38,177.99,0,0,0,0,0,0,0.08385744235,0,0,0,0.1509433962,0.02935010482,0.4234800839,0.03144654088,0,0,0,0,0.142557652,0.01153039832,0,0,0,0,0,0,0,0.00314465409,0,0,0.0429769392,0,0,0,0,0.03668763103,0,0,0,0,0
MD07-3100,forcens_lgm,,-41.602167,-74.956667,0,0,0,0,0,0,0.07159353349,0,0,0,0.1501154734,0,0.04387990762,0.1662817552,0,0,0.00230946882,0,0.3487297921,0,0,0,0,0,0,0,0,0,0,0,0.01385681293,0,0,0,0,0.2032332564,0,0,0,0,0
MD07-3100,forcens_lgm,,-41.602167,-74.956667,0,0,0,0,0,0,0.01985111663,0,0,0,0.03225806452,0,0.07196029777,0.3449131514,0,0,0.00248138958,0,0.3473945409,0,0,0,0,0,0,0,0,0,0,0,0.05210918114,0,0,0,0,0.1290322581,0,0,0,0,0
MD07-3100,forcens_lgm,,-41.602167,-74.956667,0,0,0,0,0,0,0.02352941176,0,0,0,0.00705882353,0,0.05647058824,0.3152941176,0,0,0.00470588235,0,0.4517647059,0.00470588235,0,0,0,0,0,0,0,0,0.00235294118,0,0.02823529412,0,0,0,0,0.1058823529,0,0,0,0,0
MD07-3100,forcens_lgm,,-41.602167,-74.956667,0,0,0,0,0,0,0.0202247191,0,0,0,0.05168539326,0,0.05842696629,0.3303370787,0,0,0,0,0.3550561798,0.00224719101,0,0,0,0,0,0,0,0,0,0,0.05617977528,0,0,0,0,0.1235955056,0,0,0,0,0
MD07-3100,forcens_lgm,,-41.602167,-74.956667,0,0,0.00230946882,0,0,0,0.02540415704,0,0,0,0.01847575058,0,0.07621247113,0.376443418,0,0,0,0,0.3556581986,0.00461893764,0,0,0,0,0,0,0,0,0.00230946882,0,0.0415704388,0,0,0,0,0.09699769053,0,0,0,0,0
MD07-3100,forcens_lgm,,-41.602167,-74.956667,0,0,0,0,0,0.00229885057,0.02528735632,0,0,0,0.05057471264,0,0.06436781609,0.3747126437,0,0,0,0,0.308045977,0.00229885057,0,0,0,0,0,0,0,0,0,0,0.03908045977,0,0,0,0,0.1333333333,0,0,0,0,0
MD07-3088,forcens_lgm,,-46.071667,-75.687167,0,0,0,0,0,0,0.0593824228,0,0,0,0.00950118765,0,0.08076009501,0.2399049881,0,0,0,0,0.5083135392,0,0,0,0,0,0,0,0,0,0,0,0.07363420428,0,0,0,0,0.02850356295,0,0,0,0,0
MD07-3088,forcens_lgm,,-46.071667,-75.687167,0,0,0,0.00196078431,0,0,0.02745098039,0,0,0,0.09411764706,0,0.0862745098,0.2568627451,0,0,0,0,0.4607843137,0,0,0,0,0,0,0,0,0,0,0,0.05294117647,0,0,0,0,0.01568627451,0,0,0,0,0
MD07-3088,forcens_lgm,,-46.071667,-75.687167,0,0,0,0,0,0,0.01075268817,0,0,0,0.06451612903,0,0.1182795699,0.2817204301,0,0,0,0,0.3913978495,0,0,0,0,0,0,0,0,0,0,0,0.1096774194,0,0,0,0,0.01075268817,0,0,0,0,0
MD07-3088,forcens_lgm,,-46.071667,-75.687167,0,0,0,0,0,0,0.06703910615,0,0,0,0.00558659218,0,0.07541899441,0.2597765363,0,0,0,0,0.5055865922,0,0,0,0,0,0,0,0,0,0,0,0.05586592179,0,0,0,0,0.0251396648,0,0,0,0,0
MD07-3088,forcens_lgm,,-46.071667,-75.687167,0,0,0,0,0,0.00205761317,0.08024691358,0,0,0,0.05967078189,0,0.06172839506,0.3024691358,0,0,0,0,0.4279835391,0,0,0,0,0,0,0,0,0,0,0,0.04732510288,0,0,0,0,0.01851851852,0,0,0,0,0
MD07-3088,forcens_lgm,,-46.071667,-75.687167,0,0,0,0.00261437908,0,0,0.06274509804,0,0,0,0.01830065359,0,0.1019607843,0.3320261438,0,0,0,0,0.3830065359,0,0,0,0,0,0,0,0,0,0,0,0.08104575163,0,0,0,0,0.01830065359,0,0,0,0,0
MD07-3088,forcens_lgm,,-46.071667,-75.687167,0,0,0,0,0,0,0.06578947368,0,0,0,0.02105263158,0,0.1473684211,0.3368421053,0,0,0.00263157895,0,0.3342105263,0,0,0,0,0,0,0,0,0,0,0,0.07631578947,0,0,0,0,0.01578947368,0,0,0,0,0
MD07-3088,forcens_lgm,,-46.071667,-75.687167,0,0,0,0.00205338809,0,0,0.1108829569,0,0,0,0,0,0.09445585216,0.2648870637,0,0,0,0,0.3798767967,0,0,0,0,0,0,0,0,0,0,0,0.1252566735,0,0,0,0,0.02258726899,0,0,0,0,0
MD07-3088,forcens_lgm,,-46.071667,-75.687167,0,0,0,0.00282485876,0,0,0.06779661017,0,0,0,0,0,0.09039548023,0.3361581921,0,0,0,0,0.4237288136,0,0,0,0,0,0,0,0,0,0,0,0.06214689266,0,0,0,0,0.01694915254,0,0,0,0,0
MD07-3088,forcens_lgm,,-46.071667,-75.687167,0,0,0,0.0062305296,0,0,0.07476635514,0,0,0,0.0031152648,0,0.06542056075,0.2242990654,0,0,0,0,0.4735202492,0,0,0,0,0,0,0,0,0,0,0,0.1152647975,0,0,0,0,0.03738317757,0,0,0,0,0
MD07-3088,forcens_lgm,,-46.071667,-75.687167,0,0,0,0,0,0,0.09386281588,0,0,0,0,0,0.04693140794,0.202166065,0,0,0,0,0.5812274368,0,0,0,0,0,0,0,0,0,0,0,0.06137184116,0,0,0,0,0.01444043321,0,0,0,0,0
MD07-3088,forcens_lgm,,-46.071667,-75.687167,0,0,0,0.00357142857,0,0,0.08571428571,0,0,0,0.00357142857,0,0.05357142857,0.2892857143,0,0,0,0,0.4392857143,0,0,0,0,0,0,0,0,0,0,0,0.07857142857,0,0,0,0,0.04642857143,0,0,0,0,0
MD07-3082,forcens_lgm,,-49.167833,-76.567167,0,0,0,0,0,0,0.03348214286,0,0,0,0.01785714286,0,0.140625,0.3147321429,0,0,0,0,0.2834821429,0,0,0,0,0,0,0,0,0,0,0,0.1540178571,0,0,0,0,0.05580357143,0,0,0,0,0
MD07-3082,forcens_lgm,,-49.167833,-76.567167,0,0,0,0,0,0.0022675737,0.03174603175,0,0,0,0.0589569161,0,0.1020408163,0.3174603175,0,0,0,0,0.335600907,0,0,0,0,0,0,0.0022675737,0,0,0.0022675737,0,0.07936507937,0,0,0,0,0.06802721088,0,0,0,0,0
MD07-3082,forcens_lgm,,-49.167833,-76.567167,0,0,0,0,0,0.00220750552,0.02207505519,0,0,0,0.0353200883,0,0.1059602649,0.3818984547,0,0,0.00220750552,0,0.2958057395,0.00441501104,0,0,0,0,0,0,0,0,0,0,0.09492273731,0,0,0,0,0.05518763797,0,0,0,0,0
MD07-3082,forcens_lgm,,-49.167833,-76.567167,0,0,0,0,0,0,0.03686635945,0,0,0,0.01612903226,0,0.06451612903,0.3041474654,0,0,0,0,0.3986175115,0,0,0,0,0,0,0,0,0,0,0,0.08525345622,0,0,0,0,0.09447004608,0,0,0,0,0
MD07-3082,forcens_lgm,,-49.167833,-76.567167,0,0,0,0,0,0,0.0376940133,0,0,0,0.0487804878,0,0.0465631929,0.2616407982,0,0,0,0,0.4811529933,0,0,0,0,0,0,0,0,0,0,0,0.044345898,0,0,0,0,0.07982261641,0,0,0,0,0
MD07-3082,forcens_lgm,,-49.167833,-76.567167,0,0,0,0,0,0,0.03820224719,0,0,0,0.01123595506,0,0.0606741573,0.3213483146,0,0,0,0,0.404494382,0,0,0,0,0,0,0,0,0,0,0,0.08539325843,0,0,0,0,0.07865168539,0,0,0,0,0
MD07-3082,forcens_lgm,,-49.167833,-76.567167,0,0,0,0,0,0,0.05393258427,0,0,0,0.01123595506,0,0.0404494382,0.2314606742,0,0,0,0,0.4898876404,0,0,0,0,0,0,0,0,0,0,0,0.03820224719,0,0,0,0,0.1348314607,0,0,0,0,0
MD07-3082,forcens_lgm,,-49.167833,-76.567167,0,0,0,0,0,0.00214132762,0.04710920771,0,0,0,0.01713062099,0,0.07280513919,0.4047109208,0,0,0,0,0.3319057816,0,0,0,0,0,0,0,0,0,0,0,0.04925053533,0,0,0,0,0.07494646681,0,0,0,0,0
MD07-3082,forcens_lgm,,-49.167833,-76.567167,0,0,0,0,0,0,0.04771573604,0,0,0,0.03248730964,0,0.02233502538,0.2091370558,0,0,0,0,0.5827411168,0,0,0,0,0,0,0,0,0,0.00304568528,0,0.02639593909,0,0,0,0,0.07614213198,0,0,0,0,0
MD07-3082,forcens_lgm,,-49.167833,-76.567167,0,0,0,0,0,0,0.03090507726,0,0,0,0.02649006623,0,0.02428256071,0.1721854305,0,0,0,0,0.6114790287,0,0,0,0,0,0,0,0,0,0.00220750552,0,0.0353200883,0,0,0,0,0.09713024283,0,0,0,0,0
MD07-3082,forcens_lgm,,-49.167833,-76.567167,0,0,0,0,0,0,0.03253796095,0,0,0,0.00650759219,0,0.09110629067,0.3535791757,0,0,0,0,0.3644251627,0,0,0,0,0,0,0,0,0,0,0,0.08026030369,0,0,0,0,0.0715835141,0,0,0,0,0
MD07-3082,forcens_lgm,,-49.167833,-76.567167,0,0,0,0,0,0,0.02197802198,0,0,0,0.00659340659,0,0.07252747253,0.2989010989,0,0,0,0,0.4417582418,0,0,0,0,0,0,0.0021978022,0,0,0,0,0.08791208791,0,0,0,0,0.06813186813,0,0,0,0,0
MD07-3082,forcens_lgm,,-49.167833,-76.567167,0,0,0,0,0,0,0.04157549234,0,0,0,0.03282275711,0,0.0590809628,0.3019693654,0,0,0,0,0.3588621444,0,0,0,0,0,0,0,0,0,0,0,0.1422319475,0,0,0,0,0.06345733042,0,0,0,0,0
MD07-3082,forcens_lgm,,-49.167833,-76.567167,0,0,0,0,0,0.00225225225,0.03153153153,0,0,0,0.00225225225,0,0.09234234234,0.3716216216,0,0,0,0,0.3333333333,0,0,0,0,0,0,0,0,0,0,0,0.07657657658,0,0,0,0,0.09009009009,0,0,0,0,0
MD07-3082,forcens_lgm,,-49.167833,-76.567167,0,0,0,0,0,0.00675675676,0.03828828829,0,0,0,0.0045045045,0,0.1081081081,0.3468468468,0,0,0,0,0.2927927928,0,0,0,0,0,0,0,0,0,0,0,0.1103603604,0,0,0,0,0.09234234234,0,0,0,0,0
MD07-3082,forcens_lgm,,-49.167833,-76.567167,0,0,0,0,0,0.00451467269,0.09029345372,0,0,0,0.02031602709,0,0.04740406321,0.2641083521,0,0,0,0,0.4040632054,0,0,0,0,0,0,0,0,0,0,0,0.06094808126,0,0,0,0,0.1083521445,0,0,0,0,0
MD07-3082,forcens_lgm,,-49.167833,-76.567167,0,0,0,0,0,0,0.01939655172,0,0,0,0,0,0.08189655172,0.3771551724,0,0,0,0,0.3469827586,0,0,0,0,0,0,0,0,0,0.00215517241,0,0.08189655172,0,0,0,0,0.09051724138,0,0,0,0,0
MD07-3082,forcens_lgm,,-49.167833,-76.567167,0,0,0,0,0,0,0.04185022026,0,0,0,0,0,0.08370044053,0.4140969163,0,0,0,0,0.2797356828,0,0,0,0,0,0,0,0,0,0,0,0.08149779736,0,0,0,0,0.09911894273,0,0,0,0,0
MD07-3082,forcens_lgm,,-49.167833,-76.567167,0,0,0,0,0,0.00440528634,0.01762114537,0,0,0,0.00660792952,0,0.09030837004,0.3854625551,0,0,0,0,0.2356828194,0,0,0,0,0,0,0,0,0,0,0,0.1145374449,0,0,0,0,0.1453744493,0,0,0,0,0
MD07-3082,forcens_lgm,,-49.167833,-76.567167,0,0,0,0,0,0,0.02569593148,0,0,0,0,0,0.04282655246,0.3276231263,0,0,0,0,0.3961456103,0,0,0,0,0,0,0,0,0,0,0,0.06852248394,0,0,0,0,0.1391862955,0,0,0,0,0
MD07-3082,forcens_lgm,,-49.167833,-76.567167,0,0,0,0,0,0.00213219616,0.02345415778,0,0,0,0.00213219616,0,0.05756929638,0.4989339019,0,0,0,0,0.2281449893,0,0,0,0,0,0,0,0,0,0,0,0.08528784648,0,0,0,0,0.1023454158,0,0,0,0,0
MD07-3082,forcens_lgm,,-49.167833,-76.567167,0,0,0,0,0,0,0.06787330317,0,0,0,0,0,0.03619909502,0.4298642534,0,0,0,0,0.3122171946,0,0,0,0,0,0,0,0,0,0,0,0.0407239819,0,0,0,0,0.1131221719,0,0,0,0,0
MD07-3082,forcens_lgm,,-49.167833,-76.567167,0,0,0,0,0,0.00222222222,0.02888888889,0,0,0,0,0,0.03111111111,0.4355555556,0,0,0,0,0.3133333333,0,0,0,0,0,0,0,0,0,0,0,0.07777777778,0,0,0,0,0.1111111111,0,0,0,0,0
MD07-3082,forcens_lgm,,-49.167833,-76.567167,0,0,0,0,0,0.00228832952,0.03661327231,0,0,0,0,0,0.03661327231,0.3340961098,0,0,0,0,0.4118993135,0,0,0,0,0,0,0,0,0,0,0,0.04347826087,0,0,0,0,0.1350114416,0,0,0,0,0
MD07-3082,forcens_lgm,,-49.167833,-76.567167,0,0,0,0.00218818381,0,0.00218818381,0.04376367615,0,0,0,0,0,0.03501094092,0.5076586433,0,0,0,0,0.1619256018,0,0,0,0,0,0,0,0,0,0,0,0.06783369803,0,0,0,0,0.1794310722,0,0,0,0,0
MD07-3082,forcens_lgm,,-49.167833,-76.567167,0,0,0,0.00847457627,0,0,0.02542372881,0,0,0,0,0,0.03389830508,0.3813559322,0,0,0,0,0.313559322,0,0,0,0,0,0,0.00847457627,0,0,0,0,0.0593220339,0,0,0,0,0.1694915254,0,0,0,0,0
MD07-3082,forcens_lgm,,-49.167833,-76.567167,0,0,0,0.00222222222,0,0.00222222222,0.05333333333,0,0,0,0,0,0.02888888889,0.4111111111,0,0,0,0,0.2622222222,0,0,0,0,0,0,0,0,0,0,0,0.05777777778,0,0,0,0,0.1822222222,0,0,0,0,0
MD07-3082,forcens_lgm,,-49.167833,-76.567167,0,0,0,0,0,0,0.01935483871,0,0,0,0,0,0.02903225806,0.4129032258,0,0,0,0,0.2677419355,0,0,0,0,0,0,0,0,0,0,0,0.08064516129,0,0,0,0,0.1903225806,0,0,0,0,0
MD07-3082,forcens_lgm,,-49.167833,-76.567167,0,0,0,0,0,0.00225225225,0.02927927928,0,0,0,0.00225225225,0,0.0518018018,0.4954954955,0,0,0,0,0.1756756757,0,0,0,0,0,0,0,0,0,0,0,0.1193693694,0,0,0,0,0.1238738739,0,0,0,0,0
MD07-3082,forcens_lgm,,-49.167833,-76.567167,0,0,0,0,0,0,0.06024096386,0,0,0,0.01204819277,0,0.03614457831,0.3614457831,0,0,0,0,0.2530120482,0,0,0,0,0,0,0,0,0,0,0,0.1084337349,0,0,0,0,0.1686746988,0,0,0,0,0
MD07-3082,forcens_lgm,,-49.167833,-76.567167,0,0,0,0.0022172949,0,0,0.07317073171,0,0,0,0,0,0.0310421286,0.3924611973,0,0,0,0,0.3281596452,0,0,0,0,0,0,0,0,0,0,0,0.0288248337,0,0,0,0,0.1441241685,0,0,0,0,0
CD154 17-17K,forcens_lgm,0.52,-33.32,29.47,0,0,0,0.0015308075,0.00727133563,0.02411021814,0.0045924225,0.00191350938,0,0,0.3141982396,0.04133180253,0.03980099502,0.00612323,0.0015308075,0.0015308075,0.0015308075,0,0.04094910065,0.01530807501,0.00038270188,0,0.1519326445,0.06123230004,0.0045924225,0.01569077688,0,0.07233065442,0.01033295063,0,0.0045924225,0,0.01530807501,0,0,0.1484883276,0.00038270188,0,0.0015308075,0,0
CD154 17-17K,forcens_lgm,0.56,-33.32,29.47,0,0,0.00150659134,0.00451977401,0.00715630885,0.0286252354,0.00338983051,0.00037664783,0,0.0120527307,0.313747646,0.05762711864,0.05122410546,0.00753295669,0.00263653484,0,0.01506591337,0,0.03615819209,0.01355932203,0,0,0.1389830508,0.05838041431,0.00301318267,0.01996233522,0,0.05423728814,0.00564971751,0,0.00301318267,0.00150659134,0.00753295669,0,0,0.1446327684,0,0,0,0,0
CD154 17-17K,forcens_lgm,0.6,-33.32,29.47,0,0,0,0.00337837838,0.00506756757,0.02364864865,0.00225225225,0.00225225225,0,0,0.2905405405,0.07263513514,0.07432432432,0.01801801802,0,0.00225225225,0.00225225225,0,0.03378378378,0.01126126126,0.00056306306,0,0.1807432432,0.03772522523,0,0.0259009009,0.00225225225,0.03265765766,0.00506756757,0,0.01801801802,0,0.02027027027,0,0,0.1171171171,0.00056306306,0,0,0,0
CD154 17-17K,forcens_lgm,0.64,-33.32,29.47,0,0,0,0.00675675676,0.01201201201,0.00957207207,0.01351351351,0.00319069069,0,0,0.3070570571,0.04241741742,0.06006006006,0.01501501502,0.00337837838,0,0.00900900901,0,0.03303303303,0.00900900901,0.00018768769,0,0.1555930931,0.03791291291,0.003003003,0.01201201201,0.0091966967,0.04842342342,0.01576576577,0,0.003003003,0,0.03003003003,0,0,0.1471471471,0,0,0,0,0
TAN1106-28,forcens_lgm,,-48.372,165.659,0,0,0,0,0,0,0.028,0,0,0,0.088,0,0.108,0.414,0,0,0,0,0.185,0,0,0,0,0.004,0,0,0,0,0,0,0,0,0,0,0,0.084,0.004,0,0.084,0,0
TAN1106-28,forcens_lgm,,-48.372,165.659,0,0,0,0,0,0,0.009,0,0,0,0.038,0,0.104,0.517,0,0,0,0,0.227,0.009,0,0,0,0,0,0.005,0,0,0,0,0,0,0,0,0,0.024,0,0,0.066,0,0
TAN1106-34,forcens_lgm,,-49.302,165.166,0,0,0,0,0,0,0.034,0,0,0,0.112,0,0.073,0.239,0,0,0,0,0.293,0,0,0,0,0,0,0.005,0,0,0,0,0.161,0,0,0,0,0.068,0.01,0,0,0,0
TAN1106-34,forcens_lgm,,-49.302,165.166,0,0,0,0,0,0,0.019,0,0,0,0.15,0,0.047,0.319,0,0,0,0,0.258,0,0,0,0,0,0,0.009,0,0,0,0,0.127,0,0,0,0,0.07,0,0,0,0,0
TAN1106-34,forcens_lgm,,-49.302,165.166,0,0,0,0,0,0,0.007,0,0,0,0.096,0,0.099,0.366,0,0,0,0,0.182,0,0,0,0,0,0,0.01,0,0,0,0,0.182,0,0,0,0,0.055,0.003,0,0,0,0
TAN1106-34,forcens_lgm,,-49.302,165.166,0,0,0,0,0,0,0.009,0,0,0,0.125,0,0.072,0.349,0,0,0,0,0.259,0.003,0,0,0,0,0,0,0,0,0,0,0.137,0,0,0,0,0.04,0,0,0,0,0
TAN1106-43,forcens_lgm,,-50.449,164.878,0,0,0,0,0,0,0.019,0,0,0,0.1,0,0.052,0.471,0,0,0,0,0.238,0,0,0,0,0.014,0,0.01,0,0,0,0,0.076,0,0,0,0,0.019,0,0,0,0,0
TAN1106-43,forcens_lgm,,-50.449,164.878,0,0,0,0,0,0,0.008,0,0,0,0.099,0,0.044,0.456,0,0,0,0,0.254,0,0,0,0,0.006,0,0.003,0,0,0,0,0.11,0,0,0,0,0.019,0,0,0,0,0
TAN1106-43,forcens_lgm,,-50.449,164.878,0,0,0,0,0,0,0.004,0,0,0,0.051,0,0.037,0.524,0,0,0,0,0.209,0,0,0,0,0.011,0,0.015,0,0,0,0,0.125,0,0,0,0,0.026,0,0,0,0,0
TAN1106-89,forcens_lgm,,-47.971,169.36,0,0,0,0,0,0,0.013,0,0,0,0.043,0,0.112,0.395,0,0,0,0,0.167,0.009,0,0,0,0,0,0,0,0,0,0,0.21,0,0,0,0,0.052,0,0,0,0,0
TAN0803-09,forcens_lgm,,-46.997,166.061,0,0,0,0,0,0,0.054,0,0,0,0.181,0,0.162,0.239,0,0,0,0,0.232,0.004,0,0,0.004,0,0,0,0,0,0,0,0.062,0,0,0,0,0.05,0.004,0,0,0,0
TAN0803-09,forcens_lgm,,-46.997,166.061,0,0,0,0,0,0.004,0.018,0,0,0,0.088,0.004,0.162,0.299,0,0,0,0,0.208,0.007,0,0,0,0.007,0,0.004,0,0,0,0,0.151,0,0,0,0,0.046,0,0,0,0,0
TAN0803-09,forcens_lgm,,-46.997,166.061,0,0,0,0,0,0,0.02,0,0,0,0.048,0,0.201,0.384,0,0,0,0,0.17,0.003,0,0,0,0,0,0,0,0,0,0,0.112,0,0,0,0,0.054,0.003,0,0,0,0
TAN0803-09,forcens_lgm,,-46.997,166.061,0,0,0,0,0,0,0.024,0,0,0,0.079,0.008,0.126,0.417,0,0,0,0,0.154,0,0,0,0,0,0,0.008,0,0,0,0,0.118,0,0,0,0,0.051,0.004,0,0,0,0
MD02-2489,forcens_lgm,,54.3907,-148.9213,0,0,0,0,0,0.00190930788,0,0,0,0,0,0,0.01038186158,0.7437947494,0,0,0,0,0.2362768496,0,0,0,0,0,0,0,0,0,0,0,0.00572792363,0,0,0,0,0,0.00190930788,0,0,0,0
MD02-2489,forcens_lgm,,54.3907,-148.9213,0,0,0,0,0,0,0,0,0,0,0,0,0.01805629315,0.6741016109,0,0,0,0,0.2993450168,0,0,0,0,0,0,0,0,0,0,0,0.00566471942,0,0,0,0,0,0.00283235971,0,0,0,0
MD02-2489,forcens_lgm,,54.3907,-148.9213,0,0,0,0,0,0.00307514895,0,0,0,0,0,0,0.00365173938,0.7641745147,0,0,0,0,0.226023448,0,0,0,0,0,0,0,0,0,0,0,0.00307514895,0,0,0,0,0,0,0,0,0,0
MD02-2489,forcens_lgm,,54.3907,-148.9213,0,0,0,0,0,0,0,0,0,0,0,0,0.0082852493,0.7302855452,0,0,0,0,0.2494451842,0,0,0,0,0,0,0,0,0,0,0,0.00946885634,0,0,0,0,0.00014795088,0.00236721408,0,0,0,0
SU90-I02,forcens_lgm,,45.09,-39.438333,0,0,0,0,0,0.004,0,0,0,0,0.009,0,0.028,0.879,0,0,0,0,0.033,0,0,0,0,0,0,0,0,0,0,0,0.034,0,0,0,0,0.009,0.004,0,0,0,0
SU90-I02,forcens_lgm,,45.09,-39.438333,0,0,0,0,0,0.009,0,0,0,0,0.008,0.003,0.058,0.746,0,0,0,0,0.075,0,0,0,0,0,0,0,0,0,0,0,0.09,0,0,0,0,0.006,0.006,0,0,0,0
SU90-I03,forcens_lgm,,51.878333,-39.781667,0,0,0,0,0,0,0,0,0,0,0.004,0,0.027,0.917,0,0,0,0,0.029,0,0,0,0,0,0,0,0,0,0,0,0.024,0,0,0,0,0,0,0,0,0,0
SU90-I03,forcens_lgm,,51.878333,-39.781667,0,0,0,0,0,0,0,0,0,0,0,0,0.007,0.976,0,0,0,0,0.017,0,0,0,0,0,0,0,0,0,0,0,0,0,0,0,0,0,0,0,0,0,0
SU90-I03,forcens_lgm,,51.878333,-39.781667,0,0,0,0,0,0,0,0,0,0,0,0,0.025,0.946,0,0,0,0,0,0,0,0,0,0,0,0,0,0,0,0,0.025,0,0,0,0,0,0,0,0,0,0
SU90-I03,forcens_lgm,,51.878333,-39.781667,0,0,0,0,0,0,0,0,0,0,0,0,0.019,0.95,0,0,0,0,0.012,0,0,0,0,0,0,0,0,0,0,0,0.019,0,0,0,0,0,0,0,0,0,0
SU90-I03,forcens_lgm,,51.878333,-39.781667,0,0,0,0,0,0,0,0,0,0,0,0,0.012,0.974,0,0,0,0,0,0,0,0,0,0,0,0,0,0,0,0,0.015,0,0,0,0,0,0,0,0,0,0
T89-40,forcens_lgm,,-21.6,6.783333333,0,0,0,0,0.0031,0,0.0125,0,0,0.003125,0.20625,0,0.265625,0.0375,0,0,0,0,0.209375,0.00625,0,0.00625,0.06875,0.003125,0.00625,0.015625,0,0.0125,0.003125,0,0.040625,0,0.003125,0,0,0.075,0,0,0,0,0
D13989,forcens_lgm,,35.9,-7.409666667,0,0,0,0,0,0.1003039514,0.01215805471,0,0,0,0.1185410334,0,0.3009118541,0.00607902736,0,0,0,0,0.179331307,0.03647416413,0,0,0.05167173252,0,0,0.03343465046,0,0.00911854103,0,0,0.02127659574,0,0.00911854103,0,0,0.1215805471,0,0,0,0,0
D13989,forcens_lgm,,35.9,-7.409666667,0,0,0,0,0,0.06948640483,0.00906344411,0,0,0,0.1752265861,0,0.3595166163,0.02114803625,0,0,0,0,0.1510574018,0.03021148036,0,0,0.01812688822,0,0,0.05135951662,0,0.00604229607,0,0,0.01208459215,0,0.01208459215,0,0,0.08459214502,0,0,0,0,0
D13989,forcens_lgm,,35.9,-7.409666667,0,0,0,0,0,0.1054945055,0.01758241758,0,0,0,0.1582417582,0,0.2241758242,0.03516483516,0,0,0,0,0.167032967,0.04835164835,0,0,0.07472527473,0,0,0.02417582418,0,0.00879120879,0,0,0.03076923077,0,0.0043956044,0,0,0.0967032967,0,0,0,0,0
D13989,forcens_lgm,,35.9,-7.409666667,0,0,0,0,0,0.04182509506,0.02091254753,0,0,0,0.1634980989,0,0.2509505703,0.02091254753,0,0,0,0,0.1787072243,0.04182509506,0,0,0.0855513308,0,0,0.03041825095,0,0.02661596958,0,0,0.02661596958,0,0,0,0,0.1102661597,0,0,0,0,0
D13989,forcens_lgm,,35.9,-7.409666667,0,0,0,0,0,0.04436860068,0.00682593857,0,0,0,0.1194539249,0,0.3412969283,0.01023890785,0,0,0,0,0.2491467577,0.03754266212,0,0,0.05460750853,0,0,0.01706484642,0,0.00682593857,0.00341296928,0,0.00682593857,0,0.00341296928,0,0,0.09215017065,0,0,0,0,0
D13989,forcens_lgm,,35.9,-7.409666667,0,0,0,0,0,0.06188925081,0.03908794788,0,0,0,0.1400651466,0,0.2345276873,0.00977198697,0,0,0,0,0.2117263844,0.03583061889,0,0,0.1433224756,0,0,0.01628664495,0,0.01302931596,0,0,0.01954397394,0,0,0,0,0.0651465798,0,0,0,0,0
D13989,forcens_lgm,,35.9,-7.409666667,0,0,0,0,0,0.06764705882,0.02941176471,0,0,0,0.1,0,0.2176470588,0.01176470588,0,0,0,0,0.2176470588,0.06764705882,0,0,0.1705882353,0,0,0.02647058824,0,0.01764705882,0,0,0.00882352941,0,0.00294117647,0,0,0.06176470588,0,0,0,0,0
D13989,forcens_lgm,,35.9,-7.409666667,0,0,0,0,0,0.06907894737,0.03618421053,0,0,0,0.1118421053,0,0.2467105263,0.01973684211,0,0,0,0,0.2138157895,0.04276315789,0,0,0.1151315789,0,0,0.01973684211,0,0.01644736842,0,0,0.01315789474,0,0,0,0,0.09210526316,0,0,0,0,0
D13989,forcens_lgm,,35.9,-7.409666667,0,0,0,0,0,0.06896551724,0.01724137931,0,0,0,0.1465517241,0,0.2413793103,0.02011494253,0,0,0,0,0.2040229885,0.04022988506,0,0,0.1436781609,0,0,0.01724137931,0,0.01149425287,0,0,0.01436781609,0,0,0,0,0.06896551724,0,0,0,0,0
D13989,forcens_lgm,,35.9,-7.409666667,0,0,0,0,0,0.06927710843,0.00903614458,0,0,0,0.2168674699,0,0.25,0.01807228916,0,0,0,0,0.2018072289,0.00903614458,0,0,0.1144578313,0,0,0.02409638554,0.00301204819,0,0,0,0.01204819277,0,0,0,0,0.07228915663,0,0,0,0,0
D13989,forcens_lgm,,35.9,-7.409666667,0,0,0,0,0,0.04658385093,0.01863354037,0,0,0,0.2236024845,0,0.1770186335,0.01552795031,0,0,0,0,0.2204968944,0.02173913043,0,0,0.06832298137,0,0,0.04658385093,0,0.04037267081,0.00310559006,0,0.02173913043,0,0.00310559006,0,0,0.0900621118,0,0,0,0,0
D13989,forcens_lgm,,35.9,-7.409666667,0,0,0,0,0,0.08241758242,0.01373626374,0,0,0,0.1456043956,0,0.3049450549,0.01648351648,0,0,0,0,0.1593406593,0.04120879121,0,0,0.04395604396,0,0,0.06868131868,0,0.01648351648,0,0,0.01098901099,0,0,0,0,0.09615384615,0,0,0,0,0
D13989,forcens_lgm,,35.9,-7.409666667,0,0,0,0,0,0.04842615012,0.01452784504,0,0,0,0.2348668281,0,0.3099273608,0.00726392252,0,0,0,0,0.205811138,0.03389830508,0,0,0.05084745763,0,0,0.01694915254,0,0.00726392252,0,0,0.00484261501,0,0,0,0,0.06295399516,0,0,0,0,0
D13989,forcens_lgm,,35.9,-7.409666667,0,0,0.00255102041,0,0,0.04081632653,0.02040816327,0,0,0,0.07397959184,0,0.2908163265,0.03826530612,0,0,0,0,0.2219387755,0.04591836735,0,0,0.112244898,0,0,0.05357142857,0,0.00255102041,0,0,0.01020408163,0,0,0,0,0.08673469388,0,0,0,0,0
D13989,forcens_lgm,,35.9,-7.409666667,0,0,0,0,0,0.09417040359,0.0201793722,0,0,0,0.2085201794,0,0.1659192825,0.02242152466,0,0,0,0,0.1860986547,0.01121076233,0,0,0.1860986547,0,0,0.0269058296,0,0.01121076233,0,0,0,0,0,0,0,0.06726457399,0,0,0,0,0
D13989,forcens_lgm,,35.9,-7.409666667,0,0,0,0,0,0.08375634518,0.04568527919,0,0,0,0.04568527919,0,0.4086294416,0.02030456853,0,0,0,0,0.2131979695,0.0076142132,0,0,0.04060913706,0,0,0.02030456853,0,0.00507614213,0,0,0.01776649746,0,0.00253807107,0,0,0.08883248731,0,0,0,0,0
MD04-2829CQ,forcens_lgm,,58.94883333,-9.57166667,0,0,0,0,0,0.00206185567,0,0,0,0,0,0.00412371134,0.01030927835,0.6268041237,0,0,0,0,0.03092783505,0.08865979381,0,0,0,0,0,0,0,0,0,0,0.1814,0,0,0,0,0.05154639175,0.00412371134,0,0,0,0
MD04-2829CQ,forcens_lgm,,58.94883333,-9.57166667,0,0,0,0,0,0.00668896321,0,0,0,0,0,0.01337792642,0.02006688963,0.5434782609,0,0,0,0,0.07190635452,0.04682274247,0,0,0,0.0016722408,0,0,0,0,0.01170568562,0,0.1722,0,0,0,0,0.08528428094,0.01337792642,0,0,0,0
MD04-2829CQ,forcens_lgm,,58.94883333,-9.57166667,0,0,0,0,0,0.00775193798,0,0,0,0,0,0,0.00516795866,0.5917312661,0,0,0,0,0.02325581395,0.08527131783,0,0,0,0,0,0,0,0,0,0,0.2351,0,0,0,0,0.04909560724,0.00258397933,0,0,0,0
MD04-2829CQ,forcens_lgm,,58.94883333,-9.57166667,0,0,0,0,0,0.00628930818,0,0,0,0,0,0.00786163522,0.00786163522,0.5518867925,0,0,0,0,0.07547169811,0.04716981132,0,0,0,0,0,0,0,0,0.00157232704,0,0.1918,0,0,0,0,0.08962264151,0.01100628931,0,0,0,0
MD04-2829CQ,forcens_lgm,,58.94883333,-9.57166667,0,0,0,0,0,0.00574712644,0,0,0,0,0,0.00574712644,0.02011494253,0.6120689655,0,0,0,0,0.03735632184,0.0632183908,0,0,0.00287356322,0,0,0,0,0,0.00287356322,0,0.1954,0,0,0,0,0.05172413793,0,0,0,0,0
MD04-2829CQ,forcens_lgm,,58.94883333,-9.57166667,0,0,0,0,0,0,0,0,0,0,0,0.00404312668,0.01347708895,0.7223719677,0,0,0,0,0.05795148248,0.0539083558,0,0,0,0,0,0,0,0,0.00539083558,0,0.0566,0,0,0,0,0.06738544474,0.01078167116,0,0,0,0
MD04-2829CQ,forcens_lgm,,58.94883333,-9.57166667,0,0,0,0,0,0,0,0,0,0,0,0,0.01846965699,0.6992084433,0,0,0,0,0.03693931398,0.0580474934,0,0,0,0,0,0,0,0,0,0,0.1583,0,0,0,0,0.01846965699,0.01055408971,0,0,0,0
MD04-2829CQ,forcens_lgm,,58.94883333,-9.57166667,0,0,0,0,0,0.00178253119,0,0,0,0,0,0,0.03565062389,0.3511586453,0,0,0,0,0.06417112299,0.06951871658,0,0,0,0,0,0,0,0,0,0,0.4029,0,0,0,0,0.05704099822,0,0,0,0,0
MD04-2829CQ,forcens_lgm,,58.94883333,-9.57166667,0,0,0,0,0,0.00152905199,0,0,0,0,0,0,0.01070336391,0.5932721713,0,0,0,0,0.02905198777,0.09633027523,0,0,0,0,0,0,0,0,0,0,0.2187,0,0,0,0,0.03975535168,0.00917431193,0,0,0,0
MD04-2829CQ,forcens_lgm,,58.94883333,-9.57166667,0,0,0,0,0,0.00241545894,0,0,0,0,0,0.00120772947,0.01570048309,0.7185990338,0,0,0,0,0.03985507246,0.06400966184,0,0,0,0,0,0,0,0,0.00120772947,0,0.0676,0,0,0,0,0.07246376812,0.00483091787,0,0,0,0
MD04-2829CQ,forcens_lgm,,58.94883333,-9.57166667,0,0,0,0,0,0.00241545894,0,0,0,0,0,0,0.02173913043,0.6763285024,0,0,0,0,0.00966183575,0.0845410628,0,0,0,0,0,0,0,0,0,0,0.1522,0,0,0,0,0.04347826087,0.00966183575,0,0,0,0
MD04-2829CQ,forcens_lgm,,58.94883333,-9.57166667,0,0,0,0,0,0,0,0,0,0,0,0,0.00919117647,0.7261029412,0,0,0,0,0.04227941176,0.05882352941,0,0,0,0,0,0,0,0,0,0,0.0699,0,0,0,0,0.06801470588,0.01654411765,0,0,0,0
MD04-2829CQ,forcens_lgm,,58.94883333,-9.57166667,0,0,0,0,0,0.00156739812,0,0,0,0,0,0.01253918495,0.01410658307,0.6833855799,0,0,0,0,0.00940438871,0.1081504702,0,0,0,0,0,0,0,0,0,0,0.127,0,0,0,0,0.0407523511,0,0,0,0,0
MD04-2829CQ,forcens_lgm,,58.94883333,-9.57166667,0,0,0,0,0,0.00285306705,0,0,0,0,0,0,0.01426533524,0.694721826,0,0,0,0,0.02995720399,0.06562054208,0,0,0,0,0,0,0,0,0,0,0.0827,0,0,0,0,0.08844507846,0.00713266762,0,0,0,0
MD04-2829CQ,forcens_lgm,,58.94883333,-9.57166667,0,0,0,0,0,0.00143061516,0,0,0,0,0,0.00429184549,0.01001430615,0.7038626609,0,0,0,0,0.01287553648,0.1058655222,0,0,0,0,0,0,0,0,0,0,0.0944,0,0,0,0,0.06294706724,0.00286123033,0,0,0,0
MD04-2829CQ,forcens_lgm,,58.94883333,-9.57166667,0,0,0,0,0,0.00204498978,0,0,0,0,0,0,0.01226993865,0.6952965235,0,0,0,0,0.02862985685,0.08588957055,0,0,0,0,0,0,0,0,0,0,0.0777,0,0,0,0,0.081799591,0.01022494888,0,0,0,0
MD04-2829CQ,forcens_lgm,,58.94883333,-9.57166667,0,0,0,0,0,0,0,0,0,0,0,0,0.02304147465,0.6989247312,0,0,0,0,0.01075268817,0.10906298,0,0,0,0,0,0,0,0,0,0,0.1075,0,0,0,0,0.04608294931,0.00307219662,0,0,0,0
MD04-2829CQ,forcens_lgm,,58.94883333,-9.57166667,0,0,0,0,0,0.00154798762,0,0,0,0,0,0,0.00773993808,0.6919504644,0,0,0,0,0.02321981424,0.05417956656,0,0,0,0,0,0,0,0,0,0,0.0944,0,0,0,0,0.09907120743,0.01393188854,0,0,0,0
MD04-2829CQ,forcens_lgm,,58.94883333,-9.57166667,0,0,0,0,0,0.00232018561,0,0,0,0,0,0,0.00928074246,0.6426914153,0,0,0,0,0.02088167053,0.1299303944,0,0,0,0,0,0,0,0,0,0,0.1508,0,0,0,0,0.03712296984,0.00232018561,0,0,0,0
MD04-2829CQ,forcens_lgm,,58.94883333,-9.57166667,0,0,0,0,0,0.00177935943,0,0,0,0,0,0.00177935943,0.01601423488,0.5854092527,0,0,0,0,0.03558718861,0.09608540925,0,0,0,0,0,0,0,0,0,0,0.1263,0,0,0,0,0.1103202847,0.01423487544,0,0,0,0
MD04-2829CQ,forcens_lgm,,58.94883333,-9.57166667,0,0,0,0,0,0.00207039337,0,0,0,0,0,0,0.01242236025,0.5258799172,0,0,0,0,0.00414078675,0.1594202899,0,0,0,0,0,0,0,0,0,0,0.2298,0,0,0,0,0.06418219462,0.00207039337,0,0,0,0
MD04-2829CQ,forcens_lgm,,58.94883333,-9.57166667,0,0,0,0,0,0.00117096019,0,0,0,0,0,0.00468384075,0.01405152225,0.6861826698,0,0,0,0,0.04566744731,0.07259953162,0,0,0,0,0,0,0,0,0,0,0.0902,0,0,0,0,0.06557377049,0.00819672131,0,0,0,0
MD04-2829CQ,forcens_lgm,,58.94883333,-9.57166667,0,0,0,0,0,0,0,0,0,0,0.0012755102,0,0.01785714286,0.7461734694,0,0,0,0,0.00892857143,0.07142857143,0,0,0.0012755102,0,0,0,0,0,0,0,0.1199,0,0,0,0,0.02806122449,0.00382653061,0,0,0,0
MD04-2829CQ,forcens_lgm,,58.94883333,-9.57166667,0,0,0,0,0,0,0,0,0,0,0,0,0.01690140845,0.8464788732,0,0,0,0,0.02112676056,0.04507042254,0,0,0,0,0,0,0,0,0,0,0.0282,0,0,0,0,0.0338028169,0.00563380282,0,0,0,0
MD04-2829CQ,forcens_lgm,,58.94883333,-9.57166667,0,0,0,0,0,0,0,0,0,0,0,0.00451467269,0.01354401806,0.7855530474,0,0,0,0,0.00677200903,0.04966139955,0,0,0,0,0,0,0,0,0,0,0.1061,0,0,0,0,0.02934537246,0.00451467269,0,0,0,0
MD04-2829CQ,forcens_lgm,,58.94883333,-9.57166667,0,0,0,0,0,0,0,0,0,0,0.00213219616,0,0.0170575693,0.8081023454,0,0,0,0,0.02132196162,0.06396588486,0,0,0,0,0,0,0,0,0,0,0.0362,0,0,0,0,0.04690831557,0.00213219616,0,0,0,0
MD04-2829CQ,forcens_lgm,,58.94883333,-9.57166667,0,0,0,0,0,0,0,0,0,0,0,0.00563380282,0.00845070423,0.6788732394,0,0,0,0,0.00563380282,0.08450704225,0,0,0,0,0,0,0,0,0,0,0.169,0,0,0,0,0.04225352113,0.00281690141,0,0,0,0
MD04-2829CQ,forcens_lgm,,58.94883333,-9.57166667,0,0,0,0,0,0.00415512465,0,0,0,0,0,0.0055401662,0.00831024931,0.6024930748,0,0,0,0,0.03324099723,0.09279778393,0,0,0,0,0,0,0,0,0,0,0.1717,0,0,0,0,0.0595567867,0.01385041551,0,0,0,0
MD04-2829CQ,forcens_lgm,,58.94883333,-9.57166667,0,0,0,0,0,0.01201923077,0,0,0,0,0,0.00480769231,0.01201923077,0.5024038462,0,0,0,0,0.00721153846,0.1081730769,0,0,0,0,0,0,0,0,0,0,0.3125,0,0,0,0,0.03365384615,0.00480769231,0,0,0,0
MD04-2829CQ,forcens_lgm,,58.94883333,-9.57166667,0,0,0,0,0,0.00487804878,0,0,0,0,0,0,0.01138211382,0.5512195122,0,0,0,0,0.0325203252,0.09430894309,0,0,0,0.00162601626,0,0,0,0,0,0,0.1967,0,0,0,0,0.08943089431,0.00650406504,0,0,0,0
MD04-2829CQ,forcens_lgm,,58.94883333,-9.57166667,0,0,0,0,0,0,0,0,0,0,0,0,0.00648298217,0.6288492707,0,0,0,0,0.0113452188,0.08752025932,0,0,0,0,0,0,0,0,0,0,0.2123,0,0,0,0,0.04376012966,0.00810372771,0,0,0,0
MD04-2829CQ,forcens_lgm,,58.94883333,-9.57166667,0,0,0,0,0,0,0,0,0,0,0,0,0.01412429379,0.6610169492,0,0,0,0,0.02542372881,0.06214689266,0,0,0,0,0,0,0,0,0,0,0.1766,0,0,0,0,0.04096045198,0.00847457627,0,0,0,0
MD04-2829CQ,forcens_lgm,,58.94883333,-9.57166667,0,0,0,0,0,0,0,0,0,0,0,0.00862068966,0.0150862069,0.7112068966,0,0,0,0,0.01077586207,0.06034482759,0,0,0,0,0,0,0,0,0,0,0.1401,0,0,0,0,0.04525862069,0.00862068966,0,0,0,0
MD04-2829CQ,forcens_lgm,,58.94883333,-9.57166667,0,0,0,0,0,0.00274348422,0.00411522634,0,0,0,0.00823045267,0,0.01371742112,0.7187928669,0,0,0,0,0.0329218107,0.07544581619,0,0,0.00411522634,0,0,0,0,0,0,0,0.0645,0,0,0,0,0.06447187929,0.00548696845,0,0,0,0
MD04-2829CQ,forcens_lgm,,58.94883333,-9.57166667,0,0,0,0,0,0.00187617261,0.00375234522,0,0,0,0,0.00187617261,0.01688555347,0.7279549719,0,0,0,0,0.00750469043,0.09380863039,0,0,0,0,0,0,0,0,0,0,0.0863,0,0,0,0,0.05440900563,0.00375234522,0,0,0,0
MD04-2829CQ,forcens_lgm,,58.94883333,-9.57166667,0,0,0,0,0,0.00263157895,0,0,0,0,0,0,0.01842105263,0.7868421053,0,0,0,0,0.01315789474,0.07105263158,0,0,0,0,0,0,0,0,0,0,0.0447,0,0,0,0,0.06052631579,0.00263157895,0,0,0,0
MD04-2829CQ,forcens_lgm,,58.94883333,-9.57166667,0,0,0,0,0,0,0,0,0,0,0,0,0.02613240418,0.8292682927,0,0,0,0,0.00348432056,0.03658536585,0,0,0,0,0,0,0,0,0,0,0.0645,0,0,0,0,0.03832752613,0.00174216028,0,0,0,0
MD04-2829CQ,forcens_lgm,,58.94883333,-9.57166667,0,0,0,0,0,0,0,0,0,0,0,0.00234192037,0.01405152225,0.8290398126,0,0,0,0,0.0093676815,0.04683840749,0,0,0.00234192037,0,0,0,0,0,0,0,0.0515,0,0,0,0,0.03044496487,0.0093676815,0,0,0,0
MD04-2829CQ,forcens_lgm,,58.94883333,-9.57166667,0,0,0,0,0,0.00273224044,0,0,0,0,0,0.00273224044,0.0150273224,0.75,0,0,0,0,0.00956284153,0.08469945355,0,0,0,0,0,0,0,0,0,0,0.1038,0,0,0,0,0.03005464481,0.00136612022,0,0,0,0
MD04-2829CQ,forcens_lgm,,58.94883333,-9.57166667,0,0,0,0,0,0,0,0,0,0,0,0,0.01141924959,0.7145187602,0,0,0,0,0.04567699837,0.04567699837,0,0,0,0,0,0,0,0,0,0,0.1175,0,0,0,0,0.04730831974,0.01468189233,0,0,0,0
MD04-2829CQ,forcens_lgm,,58.94883333,-9.57166667,0,0,0,0,0,0,0,0,0,0,0.00464037123,0,0.0162412993,0.7122969838,0,0,0,0,0.00696055684,0.0788863109,0,0,0,0.00464037123,0,0,0,0,0,0,0.1137,0,0,0,0,0.05104408353,0.00696055684,0,0,0,0
MD04-2829CQ,forcens_lgm,,58.94883333,-9.57166667,0,0,0,0,0,0,0.00174825175,0,0,0,0,0,0.01398601399,0.7814685315,0,0,0,0,0.01748251748,0.04020979021,0,0,0,0,0,0,0,0,0,0,0.0909,0,0,0,0,0.03321678322,0.00699300699,0,0,0,0
MD04-2829CQ,forcens_lgm,,58.94883333,-9.57166667,0,0,0,0,0,0.00272479564,0,0,0,0,0,0.00272479564,0.01907356948,0.6076294278,0,0,0,0,0.0136239782,0.09264305177,0,0,0,0,0,0,0,0,0,0,0.188,0,0,0,0,0.06267029973,0.00817438692,0,0,0,0
MD04-2829CQ,forcens_lgm,,58.94883333,-9.57166667,0,0,0,0,0,0.00145772595,0,0,0,0,0,0.00145772595,0.00874635569,0.6793002915,0,0,0,0,0.04373177843,0.08309037901,0,0,0,0,0,0,0,0,0,0,0.1268,0,0,0,0,0.03790087464,0.01311953353,0,0,0,0
MD04-2829CQ,forcens_lgm,,58.94883333,-9.57166667,0,0,0,0,0,0,0,0,0,0,0,0.00287356322,0.01436781609,0.7298850575,0,0,0,0,0.01149425287,0.08620689655,0,0,0,0,0,0.00287356322,0,0,0,0,0.0948,0,0,0,0,0.05172413793,0.00574712644,0,0,0,0
MD04-2829CQ,forcens_lgm,,58.94883333,-9.57166667,0,0,0,0,0,0,0.0021691974,0,0,0,0.0021691974,0.0021691974,0.02819956616,0.715835141,0,0,0,0,0.03904555315,0.0737527115,0,0,0,0,0,0,0,0,0,0,0.0759,0,0,0,0,0.04338394794,0.00433839479,0,0,0,0
MD04-2829CQ,forcens_lgm,,58.94883333,-9.57166667,0,0,0,0,0,0,0,0,0,0,0,0.00518134715,0.02331606218,0.7435233161,0,0,0,0,0.01295336788,0.06994818653,0,0,0,0,0,0,0,0,0,0,0.0881,0,0,0,0,0.04663212435,0.0103626943,0,0,0,0
MD04-2829CQ,forcens_lgm,,58.94883333,-9.57166667,0,0,0,0,0,0,0,0,0,0,0,0,0.01391650099,0.8409542744,0,0,0,0,0.02186878728,0.03777335984,0,0,0.00198807157,0,0,0,0,0,0,0,0.0616,0,0,0,0,0.01590457256,0.00198807157,0,0,0,0
MD04-2829CQ,forcens_lgm,,58.94883333,-9.57166667,0,0,0,0,0,0.00199600798,0,0,0,0,0,0,0.01397205589,0.8522954092,0,0,0,0,0.00998003992,0.02794411178,0,0,0,0,0,0,0,0,0,0,0.0679,0,0,0,0,0.02195608782,0.00399201597,0,0,0,0
MD04-2829CQ,forcens_lgm,,58.94883333,-9.57166667,0,0,0,0,0,0,0,0,0,0,0,0,0.01883561644,0.8852739726,0,0,0,0,0.01369863014,0.02397260274,0,0,0,0,0,0,0,0,0,0,0.0428,0,0,0,0,0.0102739726,0,0,0,0,0
MD04-2829CQ,forcens_lgm,,58.94883333,-9.57166667,0,0,0,0,0,0.00402414487,0,0,0,0,0,0,0.0060362173,0.8088531187,0,0,0,0,0.01207243461,0.04225352113,0,0,0,0,0,0,0,0,0,0,0.1046,0,0,0,0,0.02213279678,0,0,0,0,0
MD04-2829CQ,forcens_lgm,,58.94883333,-9.57166667,0,0,0,0,0,0.00253485425,0,0,0,0,0,0,0.01520912548,0.7490494297,0,0,0,0,0.05069708492,0.04182509506,0,0,0,0.00126742712,0,0,0,0,0,0,0.0976,0,0,0,0,0.03168567807,0.00633713561,0,0,0,0
MD04-2829CQ,forcens_lgm,,58.94883333,-9.57166667,0,0,0,0,0,0,0,0,0,0,0,0.00219298246,0.01315789474,0.7587719298,0,0,0,0,0.02192982456,0.02631578947,0,0,0,0,0,0,0,0,0,0,0.1557,0,0,0,0,0.02192982456,0,0,0,0,0
MD04-2829CQ,forcens_lgm,,58.94883333,-9.57166667,0,0,0,0,0,0,0,0,0,0,0,0.00143884892,0.01151079137,0.7928057554,0,0,0,0,0.02589928058,0.0273381295,0,0,0,0,0,0,0,0,0,0,0.1151,0,0,0,0,0.01870503597,0.00431654676,0,0,0,0
MD04-2829CQ,forcens_lgm,,58.94883333,-9.57166667,0,0,0,0,0,0.00151975684,0,0,0,0,0,0.00151975684,0.02127659574,0.7522796353,0,0,0,0,0.01367781155,0.03495440729,0,0,0,0,0,0,0,0,0,0,0.1641,0,0,0,0,0.01063829787,0,0,0,0,0
MD04-2829CQ,forcens_lgm,,58.94883333,-9.57166667,0,0,0,0,0,0.00107066381,0,0,0,0,0,0.00107066381,0.01605995717,0.8201284797,0,0,0,0,0.0096359743,0.00749464668,0,0,0,0,0,0,0,0,0,0,0.1242,0,0,0,0,0.01284796574,0.00107066381,0,0,0,0
MD04-2829CQ,forcens_lgm,,58.94883333,-9.57166667,0,0,0,0,0,0,0,0,0,0,0,0,0.01787994891,0.8314176245,0,0,0,0,0.00638569604,0,0,0,0,0,0,0,0,0,0,0,0.1392,0,0,0,0,0.00383141762,0,0,0,0,0
MD04-2829CQ,forcens_lgm,,58.94883333,-9.57166667,0,0,0,0,0,0.00366300366,0,0,0,0,0,0.00122100122,0.02197802198,0.8644688645,0,0,0,0,0.00244200244,0,0,0,0,0,0,0,0,0,0,0,0.1038,0,0,0,0,0,0,0,0,0,0
MD04-2829CQ,forcens_lgm,,58.94883333,-9.57166667,0,0,0,0,0,0.00297029703,0,0,0,0,0,0.00693069307,0.01485148515,0.8079207921,0,0,0,0,0.00891089109,0.00396039604,0,0,0,0,0,0,0,0,0,0,0.1525,0,0,0,0,0.00099009901,0,0,0,0,0
MD04-2829CQ,forcens_lgm,,58.94883333,-9.57166667,0,0,0,0,0,0.00914634146,0,0,0,0,0,0,0.0137195122,0.8155487805,0,0,0,0,0.01829268293,0.00304878049,0,0,0,0,0,0,0,0,0,0,0.1372,0,0,0,0,0.00152439024,0,0,0,0,0
MD04-2829CQ,forcens_lgm,,58.94883333,-9.57166667,0,0,0,0,0,0.001953125,0,0,0,0,0,0.001953125,0.017578125,0.84765625,0,0,0,0,0.017578125,0,0,0,0,0,0,0,0,0,0,0,0.1133,0,0,0,0,0,0,0,0,0,0
MD04-2829CQ,forcens_lgm,,58.94883333,-9.57166667,0,0,0,0,0,0.00847457627,0,0,0,0,0,0.00169491525,0.01355932203,0.8203389831,0,0,0,0,0.02542372881,0,0,0,0,0,0,0,0,0,0,0,0.1254,0,0,0,0,0,0,0,0,0,0
MD04-2829CQ,forcens_lgm,,58.94883333,-9.57166667,0,0,0,0,0,0.00636132316,0,0,0,0,0,0.00636132316,0.01017811705,0.8218829517,0,0,0,0,0.02417302799,0,0,0,0,0,0,0,0,0,0,0,0.131,0,0,0,0,0,0,0,0,0,0
MD04-2829CQ,forcens_lgm,,58.94883333,-9.57166667,0,0,0,0,0,0.03278688525,0,0,0,0,0,0,0.02732240437,0.6079234973,0,0,0,0,0.09699453552,0.00409836066,0,0,0,0,0,0,0,0,0,0,0.2268,0,0,0,0,0.00409836066,0,0,0,0,0
MD04-2829CQ,forcens_lgm,,58.94883333,-9.57166667,0,0,0,0,0,0.04448742747,0,0,0,0,0,0.00386847195,0.01160541586,0.5299806576,0,0,0,0,0.1237911025,0.00773694391,0,0,0,0.00967117988,0,0,0,0,0,0,0.2631,0,0,0,0,0.00580270793,0,0,0,0,0
MD04-2829CQ,forcens_lgm,,58.94883333,-9.57166667,0,0,0,0,0,0.04594921403,0,0,0,0,0.00120918984,0.00120918984,0.01209189843,0.4667472793,0,0,0,0,0.1777509069,0.00241837969,0,0,0,0,0,0,0,0,0,0,0.2866,0,0,0,0,0,0,0,0,0,0
MD04-2829CQ,forcens_lgm,,58.94883333,-9.57166667,0,0,0,0,0,0.0306122449,0,0,0,0,0.00382653061,0.0012755102,0.01913265306,0.4323979592,0,0,0,0,0.200255102,0.00765306122,0,0,0,0.01020408163,0,0,0,0,0,0,0.2895,0,0,0,0,0.0012755102,0,0,0,0,0
MD96-2085,forcens_lgm,,-29.7,12.93333333,0,0,0,0.00398,0,0.00199,0.02191,0,0,0,0.1255,0,0.50199,0.00996,0,0,0,0,0.21116,0.00199,0,,,0.00797,0.00398,0.00996,0,0.00598,0.00797,0,0,0,0,0,0,0.05578,0,0,0,0,0
MD96-2085,forcens_lgm,,-29.7,12.93333333,0,0,0,0.01374,0,0.00458,0.03511,0,0,0,0.13435,0,0.49313,0,0.00153,0,0,0,0.17252,0.00458,0,,,0.00153,0,0.01832,0,0.01985,0.01221,0,0.00153,0,0,0,0,0.05649,0,0,0,0,0
MD96-2085,forcens_lgm,,-29.7,12.93333333,0,0,0,0.00494,0,0.00741,0.01481,0,0,0,0.09877,0,0.53827,0.00494,0,0,0,0,0.19506,0.01235,0,,,0,0,0.02716,0,0.00741,0.02469,0,0,0,0,0,0,0.02469,0,0,0,0,0
MD96-2085,forcens_lgm,,-29.7,12.93333333,0,0,0,0.00312,0,0.00467,0.03272,0,0,0,0.1324,0,0.53583,0.00312,0,0,0,0,0.16978,0.00312,0,,,0.00156,0,0.02804,0,0.01246,0.00779,0,0,0,0,0,0,0.03894,0,0,0,0,0
MD96-2085,forcens_lgm,,-29.7,12.93333333,0,0,0,0.0055,0,0.00367,0.00917,0,0,0,0.13211,0,0.56514,0.00367,0,0,0,0,0.17798,0.00917,0,,,0.00367,0,0.01651,0,0.01101,0.01101,0,0.00367,0,0,0,0,0.02936,0,0,0,0,0
JM96-1225/1+2,forcens_lgm,,64.905,-29.29,0,0,0,0,0,0,0,0,0,0,0,0,0.02821316614,0.9310344828,0,0,0,0,0.00313479624,0,0,0,0,0,0,0,0,0,0,0,0.01253918495,0,0,0,0,0.02194357367,0,0,0,0,0
JM96-1225/1+2,forcens_lgm,,64.905,-29.29,0,0,0,0,0,0,0,0,0,0,0,0,0.015625,0.959375,0,0,0,0,0.00625,0,0,0,0,0,0,0,0,0,0,0,0.015625,0,0,0,0,0.003125,0,0,0,0,0
JM96-1225/1+2,forcens_lgm,,64.905,-29.29,0,0,0,0,0,0,0,0,0,0,0,0,0.04746835443,0.8797468354,0,0,0,0,0.01898734177,0,0,0,0,0,0,0,0,0,0,0,0.02848101266,0,0,0,0,0.01898734177,0.00316455696,0,0,0,0
JM96-1225/1+2,forcens_lgm,,64.905,-29.29,0,0,0,0,0,0,0,0,0,0,0,0,0.01655629139,0.9569536424,0,0,0,0,0,0,0,0,0,0,0,0,0,0,0,0,0.00662251656,0,0,0,0,0.01986754967,0,0,0,0,0
JM96-1225/1+2,forcens_lgm,,64.905,-29.29,0,0,0,0,0,0,0,0,0,0,0,0,0.03973509934,0.8973509934,0,0,0,0,0.01655629139,0,0,0,0,0,0,0,0,0,0,0,0.02317880795,0,0,0,0,0.02317880795,0,0,0,0,0
JM96-1225/1+2,forcens_lgm,,64.905,-29.29,0,0,0,0,0,0,0,0,0,0,0,0,0.01282051282,0.9775641026,0,0,0,0,0.00320512821,0,0,0,0,0,0,0,0,0,0,0,0.00320512821,0,0,0,0,0.00320512821,0,0,0,0,0
JM96-1225/1+2,forcens_lgm,,64.905,-29.29,0,0,0,0,0,0,0,0,0,0,0,0,0.03003003003,0.9279279279,0,0,0,0,0.00600600601,0,0,0,0,0,0,0,0,0,0,0,0.01801801802,0,0,0,0,0.00900900901,0,0,0,0,0
JM96-1225/1+2,forcens_lgm,,64.905,-29.29,0,0,0,0,0,0,0,0,0,0,0,0.02429149798,0.01619433198,0.951417004,0,0,0,0,0,0,0,0,0,0,0,0,0,0,0,0,0.00809716599,0,0,0,0,0,0,0,0,0,0
JM96-1225/1+2,forcens_lgm,,64.905,-29.29,0,0,0,0,0,0,0,0,0,0,0,0.02892561983,0.04958677686,0.9214876033,0,0,0,0,0,0,0,0,0,0,0,0,0,0,0,0,0,0,0,0,0,0,0,0,0,0,0
PO200_10_28_1,forcens_lgm,,41.488,-9.722,0,0,0.006,0,0,0.009,0.015,0,0,0,0.169,0.041,0.244,0.038,0,0,0,0,0.322,0.006,0,0,0.031,0,0,0.003,0.003,0.047,0,0,0.022,0.003,0,0,0,0.031,0,0,0,0.003,0
PO200_10_28_1,forcens_lgm,,41.488,-9.722,0,0,0,0,0,0.038,0,0,0,0,0,0.087,0.246,0.012,0,0,0,0,0.376,0.006,0,0,0.02,0,0,0.012,0,0.072,0.012,0,0.029,0,0,0,0,0.092,0,0,0,0,0
PO200_10_28_1,forcens_lgm,,41.488,-9.722,0,0,0,0,0,0.035,0,0,0,0,0.109,0.056,0.307,0.029,0,0,0,0,0.248,0.003,0,0,0.015,0,0,0.035,0,0.065,0.003,0,0.024,0,0,0,0,0.071,0,0,0,0,0
PO200_10_28_1,forcens_lgm,,41.488,-9.722,0,0,0,0,0,0.103,0,0,0,0,0.101,0.078,0.356,0.043,0,0,0,0,0.164,0,0,0,0.011,0,0,0.009,0,0.029,0.003,0,0.034,0,0,0,0,0.069,0,0,0,0,0
M39029-7,forcens_lgm,,36.05,8.233,0,0,0.008,0,0,0.074,0.023,0,0,0,0.178,0,0.252,0.006,0,0,0,0,0.19,0.003,0,0,0.051,0,0,0.028,0.003,0.023,0.014,0,0.025,0,0.008,0,0,0.116,0,0,0,0,0
M39029-7,forcens_lgm,,36.05,8.233,0,0,0,0,0,0.022,0.011,0,0,0,0.14,0,0.256,0.005,0,0,0,0,0.209,0,0,0,0.093,0,0,0.03,0,0.05,0.025,0,0.014,0,0,0,0,0.135,0,0,0,0,0
M39029-7,forcens_lgm,,36.05,8.233,0,0,0,0,0,0.041,0.019,0,0,0,0.116,0,0.251,0.025,0,0,0,0,0.301,0.011,0,0,0.052,0,0,0.005,0.005,0.025,0.005,0,0.09,0,0,0,0,0.046,0,0,0.008,0,0
M39029-7,forcens_lgm,,36.05,8.233,0,0,0,0,0,0.089,0.01,0,0,0,0.146,0,0.272,0.01,0,0,0,0,0.212,0.013,0,0,0.05,0,0,0.063,0.003,0.036,0.017,0,0.017,0,0,0,0,0.06,0,0,0.003,0,0
M39029-7,forcens_lgm,,36.05,8.233,0,0,0,0,0,0.05,0.012,0,0,0,0.151,0,0.273,0,0,0,0,0,0.252,0.003,0,0,0.077,0,0,0.024,0,0.024,0.021,0,0.006,0,0.006,0,0,0.101,0,0,0,0,0
M39029-7,forcens_lgm,,36.05,8.233,0,0,0,0,0,0.077,0.014,0,0,0,0.136,0,0.266,0.006,0,0,0,0,0.195,0,0,0,0.132,0,0,0.011,0,0.037,0.014,0,0,0,0,0,0,0.109,0,0,0,0,0
M39029-7,forcens_lgm,,36.05,8.233,0,0,0,0,0,0.041,0.019,0,0,0,0.164,0,0.243,0,0,0,0,0,0.205,0,0,0,0.098,0,0,0.036,0,0.06,0.03,0,0.005,0,0,0,0,0.098,0,0,0,0,0
M39029-7,forcens_lgm,,36.05,8.233,0,0,0,0,0,0.055,0.017,0,0,0,0.203,0,0.203,0.006,0,0,0,0,0.194,0,0,0,0.064,0,0.003,0.043,0,0.058,0.017,0,0.012,0,0,0,0,0.125,0,0,0,0,0
M39029-7,forcens_lgm,,36.05,8.233,0,0,0,0,0,0.092,0.023,0,0,0,0.098,0,0.341,0,0,0,0,0,0.182,0,0,0,0.055,0,0,0.035,0,0.014,0.014,0,0.006,0,0,0,0,0.139,0,0,0,0,0
M39029-7,forcens_lgm,,36.05,8.233,0,0,0.003,0,0,0.081,0.018,0,0,0,0.111,0,0.348,0,0,0,0,0,0.192,0,0,0,0.039,0,0,0.021,0,0.039,0,0,0.003,0,0,0,0,0.144,0,0,0,0,0
MD99-2304,forcens_lgm,4.55,77.621067,9.948333,0,0,0,0,0,0,0,0,0,0,0,0,0,49.25,0,0,0,0,0,0,0,0,0,0,0,0,0,0,0,0,0,0,0,0,0,0,0,0,0,0,0
MD99-2304,forcens_lgm,4.58,77.621067,9.948333,0,0,0,0,0,0,0,0,0,0,0,0,0,31.4,0,0,0,0,0,0,0,0,0,0,0,0,0,0,0,0,0,0,0,0,0,0,0,0,0,0,0
MD99-2304,forcens_lgm,4.61,77.621067,9.948333,0,0,0,0,0,0,0,0,0,0,0,0,0,62.85,0,0,0,0,0,0,0,0,0,0,0,0,0,0,0,0,0,0,0,0,0,0,0,0,0,0,0
MD99-2304,forcens_lgm,4.73,77.621067,9.948333,0,0,0,0,0,0,0,0,0,0,0,0,0.34,53.79,0,0,0,0,0,0,0,0,0,0,0,0,0,0,0,0,0,0,0,0,0,0,0,0,0,0,0
MD99-2304,forcens_lgm,4.76,77.621067,9.948333,0,0,0,0,0,0,0,0,0,0,0,0,0.5,30.1,0,0,0,0,0,0,0,0,0,0,0,0,0,0,0,0,0,0,0,0,0,0,0,0,0,0,0
MD99-2304,forcens_lgm,4.79,77.621067,9.948333,0,0,0,0,0,0,0,0,0,0,0,0,0,50.47,0,0,0,0,0,0,0,0,0,0,0,0,0,0,0,0,0,0,0,0,0,0,0,0,0,0,0
MD99-2304,forcens_lgm,4.82,77.621067,9.948333,0,0,0,0,0,0,0,0,0,0,0,0,0,84.66,0,0,0,0,0,0,0,0,0,0,0,0,0,0,0,0,0,0,0,0,0,0,0,0,0,0,0
MD99-2304,forcens_lgm,4.85,77.621067,9.948333,0,0,0,0,0,0,0,0,0,0,0,0,0.13,41.74,0,0,0,0,0,0,0,0,0,0,0,0,0,0,0,0,0,0,0,0,0,0,0,0,0,0,0
MD99-2304,forcens_lgm,4.88,77.621067,9.948333,0,0,0,0,0,0,0,0,0,0,0,0,0,76.49,0,0,0,0,0,0,0,0,0,0,0,0,0,0,0,0,0,0,0,0,0,0,0,0,0,0,0
MD99-2304,forcens_lgm,4.91,77.621067,9.948333,0,0,0,0,0,0,0,0,0,0,0,0,0,34.96,0,0,0,0,0,0,0,0,0,0,0,0,0,0,0,0,0,0,0,0,0,0,0,0,0,0,0
MD99-2304,forcens_lgm,4.94,77.621067,9.948333,0,0,0,0,0,0,0,0,0,0,0,0,0,40.83,0,0,0,0,0,0,0,0,0,0,0,0,0,0,0,0,0,0,0,0,0,0,0,0,0,0,0
MD99-2304,forcens_lgm,5.21,77.621067,9.948333,0,0,0,0,0,0,0,0,0,0,0,0,0,56,0,0,0,0,0,0,0,0,0,0,0,0,0,0,0,0,0,0,0,0,0,0,0,0,0,0,0
MD99-2304,forcens_lgm,5.27,77.621067,9.948333,0,0,0,0,0,0,0,0,0,0,0,0,0,34.3,0,0,0,0,0,0,0,0,0,0,0,0,0,0,0,0,0,0,0,0,0,0,0,0,0,0,0
MD99-2304,forcens_lgm,5.3,77.621067,9.948333,0,0,0,0,0,0,0,0,0,0,0,0,0,37.35,0,0,0,0,0,0,0,0,0,0,0,0,0,0,0,0,0,0,0,0,0,0,0,0,0,0,0
MD99-2304,forcens_lgm,5.39,77.621067,9.948333,0,0,0,0,0,0,0,0,0,0,0,0,0,55.82,0,0,0,0,0,0,0,0,0,0,0,0,0,0,0,0,0,0,0,0,0,0,0,0,0,0,0
MD99-2304,forcens_lgm,5.48,77.621067,9.948333,0,0,0,0,0,0,0,0,0,0,0,0,0,54.56,0,0,0,0,0,0,0,0,0,0,0,0,0,0,0,0,0,0,0,0,0,0,0,0,0,0,0
MD99-2304,forcens_lgm,5.57,77.621067,9.948333,0,0,0,0,0,0,0,0,0,0,0,0,0,54.38,0,0,0,0,0,0,0,0,0,0,0,0,0,0,0,0,0,0,0,0,0,0,0,0,0,0,0
GIK23354-6,forcens_lgm,0.8,70.3315,-10.6288,,,,,,,,,,,,,,,,,,,,,,,,,,,,,,,,,,,,,,,,,
80KB11,forcens_lgm,,36.5,24.3,,,,,,,,,,,,,,,,,,,,,,,,,,,,,,,,,,,,,,,,,
BC15,forcens_lgm,,41.95,5.93,,,,,,,,,,,,,,,,,,,,,,,,,,,,,,,,,,,,,,,,,
BS79-22,forcens_lgm,,38.231,14.23,,,,,,,,,,,,,,,,,,,,,,,,,,,,,,,,,,,,,,,,,
BS79-33,forcens_lgm,,38.157,14.018,,,,,,,,,,,,,,,,,,,,,,,,,,,,,,,,,,,,,,,,,
BS79-37,forcens_lgm,,38.215,13.269,,,,,,,,,,,,,,,,,,,,,,,,,,,,,,,,,,,,,,,,,
BS79-38,forcens_lgm,,38.247,13.346,,,,,,,,,,,,,,,,,,,,,,,,,,,,,,,,,,,,,,,,,
DED8707,forcens_lgm,,39.41,13.34,,,,,,,,,,,,,,,,,,,,,,,,,,,,,,,,,,,,,,,,,
KET8003,forcens_lgm,,38.49,14.3,,,,,,,,,,,,,,,,,,,,,,,,,,,,,,,,,,,,,,,,,
KET8019,forcens_lgm,,40.33,13.21,,,,,,,,,,,,,,,,,,,,,,,,,,,,,,,,,,,,,,,,,
KET8022,forcens_lgm,,40.35,11.43,,,,,,,,,,,,,,,,,,,,,,,,,,,,,,,,,,,,,,,,,
KET8039,forcens_lgm,,36.32,11.41,,,,,,,,,,,,,,,,,,,,,,,,,,,,,,,,,,,,,,,,,
KET8216,forcens_lgm,,41.31,17.59,,,,,,,,,,,,,,,,,,,,,,,,,,,,,,,,,,,,,,,,,
KL96,forcens_lgm,,32.77,19.19,,,,,,,,,,,,,,,,,,,,,,,,,,,,,,,,,,,,,,,,,
LC01,forcens_lgm,,40.26,6.887,,,,,,,,,,,,,,,,,,,,,,,,,,,,,,,,,,,,,,,,,
LC04,forcens_lgm,,38.65,6.11,,,,,,,,,,,,,,,,,,,,,,,,,,,,,,,,,,,,,,,,,
LC07,forcens_lgm,,38.14,10.07,,,,,,,,,,,,,,,,,,,,,,,,,,,,,,,,,,,,,,,,,
LC21,forcens_lgm,,35.66,26.58,,,,,,,,,,,,,,,,,,,,,,,,,,,,,,,,,,,,,,,,,
MD 95-2043,forcens_lgm,,36.143,-2.621,,,,,,,,,,,,,,,,,,,,,,,,,,,,,,,,,,,,,,,,,
MD84-632,forcens_lgm,,32.47,34.23,,,,,,,,,,,,,,,,,,,,,,,,,,,,,,,,,,,,,,,,,
MD84627,forcens_lgm,,32.14,33.45,,,,,,,,,,,,,,,,,,,,,,,,,,,,,,,,,,,,,,,,,
MD84629,forcens_lgm,,32.04,34.21,,,,,,,,,,,,,,,,,,,,,,,,,,,,,,,,,,,,,,,,,
MD84641,forcens_lgm,,33.02,32.38,,,,,,,,,,,,,,,,,,,,,,,,,,,,,,,,,,,,,,,,,
MD90-917,forcens_lgm,,41.298,17.613,,,,,,,,,,,,,,,,,,,,,,,,,,,,,,,,,,,,,,,,,
MD90901,forcens_lgm,,39.947,1.591,,,,,,,,,,,,,,,,,,,,,,,,,,,,,,,,,,,,,,,,,
MD992344,forcens_lgm,,41.997,4.836,,,,,,,,,,,,,,,,,,,,,,,,,,,,,,,,,,,,,,,,,
ODP 969,forcens_lgm,,33.839,24.884,,,,,,,,,,,,,,,,,,,,,,,,,,,,,,,,,,,,,,,,,
ODP 973,forcens_lgm,,35.78,18.948,,,,,,,,,,,,,,,,,,,,,,,,,,,,,,,,,,,,,,,,,
ODP 975,forcens_lgm,,38.89,4.5,,,,,,,,,,,,,,,,,,,,,,,,,,,,,,,,,,,,,,,,,
ODP 977,forcens_lgm,,36.0317,-1.95528,,,,,,,,,,,,,,,,,,,,,,,,,,,,,,,,,,,,,,,,,
RC9-178,forcens_lgm,,33.733,27.917,,,,,,,,,,,,,,,,,,,,,,,,,,,,,,,,,,,,,,,,,
RC9191,forcens_lgm,,38.2,18.033,,,,,,,,,,,,,,,,,,,,,,,,,,,,,,,,,,,,,,,,,
SU8107,forcens_lgm,,35.57,-3.48,,,,,,,,,,,,,,,,,,,,,,,,,,,,,,,,,,,,,,,,,
T87/2/20G,forcens_lgm,,34.97,23.75,,,,,,,,,,,,,,,,,,,,,,,,,,,,,,,,,,,,,,,,,
V10-49,forcens_lgm,,36.083,26.833,,,,,,,,,,,,,,,,,,,,,,,,,,,,,,,,,,,,,,,,,
V10-51,forcens_lgm,,35.917,27.3,,,,,,,,,,,,,,,,,,,,,,,,,,,,,,,,,,,,,,,,,
A015558,forcens_lgm,0.58,8.983333333,51.73333333,,,,,,,,,,,,,,,,,,,,,,,,,,,,,,,,,,,,,,,,,
DSDP site 594,forcens_lgm,2.52,-45.5235,174.948,,,,,,,,,,,,,,,,,,,,,,,,,,,,,,,,,,,,,,,,,
E26-001,forcens_lgm,0.61,-40.28333333,168.34,,,,,,,,,,,,,,,,,,,,,,,,,,,,,,,,,,,,,,,,,
E27-030,forcens_lgm,0.6,-45.0667,147.2283,,,,,,,,,,,,,,,,,,,,,,,,,,,,,,,,,,,,,,,,,
E45-027,forcens_lgm,0.3,-43.23333333,105.5833333,,,,,,,,,,,,,,,,,,,,,,,,,,,,,,,,,,,,,,,,,
E45-078,forcens_lgm,0.31,-45.037,114.348,,,,,,,,,,,,,,,,,,,,,,,,,,,,,,,,,,,,,,,,,
E45-102,forcens_lgm,0.24,-33.61666667,113.5833333,,,,,,,,,,,,,,,,,,,,,,,,,,,,,,,,,,,,,,,,,
E48-011,forcens_lgm,0.22,-29.7,97.58333333,,,,,,,,,,,,,,,,,,,,,,,,,,,,,,,,,,,,,,,,,
E48-035,forcens_lgm,0.355,-30.35333333,86.485,,,,,,,,,,,,,,,,,,,,,,,,,,,,,,,,,,,,,,,,,
E55-006,forcens_lgm,0.4,-38.8533,141.0633,,,,,,,,,,,,,,,,,,,,,,,,,,,,,,,,,,,,,,,,,
FR1/94-GC03,forcens_lgm,0.3,-44.2606,149.9963889,,,,,,,,,,,,,,,,,,,,,,,,,,,,,,,,,,,,,,,,,
MD88-770,forcens_lgm,1.12,-46.01666667,96.46666667,,,,,,,,,,,,,,,,,,,,,,,,,,,,,,,,,,,,,,,,,
ODP122-760A,forcens_lgm,0.39,-16.922,115.5413333,,,,,,,,,,,,,,,,,,,,,,,,,,,,,,,,,,,,,,,,,
ODP122-762B,forcens_lgm,0.8,-19.88733333,112.254,,,,,,,,,,,,,,,,,,,,,,,,,,,,,,,,,,,,,,,,,
P69,forcens_lgm,3.9,-40.39666667,177.9966667,,,,,,,,,,,,,,,,,,,,,,,,,,,,,,,,,,,,,,,,,
Q200,forcens_lgm,0.59,-45.995,172.025,,,,,,,,,,,,,,,,,,,,,,,,,,,,,,,,,,,,,,,,,
Q585,forcens_lgm,0.73,-49.70333333,-177.99,,,,,,,,,,,,,,,,,,,,,,,,,,,,,,,,,,,,,,,,,
R657 (S),forcens_lgm,0.5,-42.53333333,-178.4916667,,,,,,,,,,,,,,,,,,,,,,,,,,,,,,,,,,,,,,,,,
R657 (W),forcens_lgm,0.5,-42.53333333,-178.4916667,,,,,,,,,,,,,,,,,,,,,,,,,,,,,,,,,,,,,,,,,
RC08-039,forcens_lgm,0.7,-42.88333333,42.35,,,,,,,,,,,,,,,,,,,,,,,,,,,,,,,,,,,,,,,,,
RC08-078,forcens_lgm,0.5,-44.78333333,-175.7666667,,,,,,,,,,,,,,,,,,,,,,,,,,,,,,,,,,,,,,,,,
RC09-148,forcens_lgm,0.19,-29.68,113.7,,,,,,,,,,,,,,,,,,,,,,,,,,,,,,,,,,,,,,,,,
RC09-150 (P),forcens_lgm,0.8,-31.28333333,114.5516667,,,,,,,,,,,,,,,,,,,,,,,,,,,,,,,,,,,,,,,,,
RC09-150 (W),forcens_lgm,0.9,-31.28333333,114.5516667,,,,,,,,,,,,,,,,,,,,,,,,,,,,,,,,,,,,,,,,,
RC09-161,forcens_lgm,1.6,19.56833333,59.595,,,,,,,,,,,,,,,,,,,,,,,,,,,,,,,,,,,,,,,,,
RC09-162,forcens_lgm,0.5,19.07666667,60.42166667,,,,,,,,,,,,,,,,,,,,,,,,,,,,,,,,,,,,,,,,,
RC10-131,forcens_lgm,0.3,-14.53,157.97,,,,,,,,,,,,,,,,,,,,,,,,,,,,,,,,,,,,,,,,,
RC11-120,forcens_lgm,0.74,-43.51666667,79.86666667,,,,,,,,,,,,,,,,,,,,,,,,,,,,,,,,,,,,,,,,,
RC11-121,forcens_lgm,0.4,-39.71666667,82.25,,,,,,,,,,,,,,,,,,,,,,,,,,,,,,,,,,,,,,,,,
RC11-126,forcens_lgm,0.2,-30.06666667,94.41666667,,,,,,,,,,,,,,,,,,,,,,,,,,,,,,,,,,,,,,,,,
RC11-134,forcens_lgm,0.1,-33.06666667,110.55,,,,,,,,,,,,,,,,,,,,,,,,,,,,,,,,,,,,,,,,,
RC11-145,forcens_lgm,0.29,-25.48333333,110.0166667,,,,,,,,,,,,,,,,,,,,,,,,,,,,,,,,,,,,,,,,,
RC11-147,forcens_lgm,0.6,-19.05833333,112.75,,,,,,,,,,,,,,,,,,,,,,,,,,,,,,,,,,,,,,,,,
RC12-109,forcens_lgm,0.4,-25.88333333,157.8666667,,,,,,,,,,,,,,,,,,,,,,,,,,,,,,,,,,,,,,,,,
RC12-113 (A),forcens_lgm,0.5,-24.88,163.52,,,,,,,,,,,,,,,,,,,,,,,,,,,,,,,,,,,,,,,,,
RC12-339,forcens_lgm,0.7,9.133333333,90.03333333,,,,,,,,,,,,,,,,,,,,,,,,,,,,,,,,,,,,,,,,,
RC13-038,forcens_lgm,0.4,-14.51666667,177.1,,,,,,,,,,,,,,,,,,,,,,,,,,,,,,,,,,,,,,,,,
RC14-007,forcens_lgm,0.25,-35.51666667,44.75,,,,,,,,,,,,,,,,,,,,,,,,,,,,,,,,,,,,,,,,,
RC14-009,forcens_lgm,0.7,-39.01666667,47.88333333,,,,,,,,,,,,,,,,,,,,,,,,,,,,,,,,,,,,,,,,,
RC14-029,forcens_lgm,0.2,-10.92333333,88.315,,,,,,,,,,,,,,,,,,,,,,,,,,,,,,,,,,,,,,,,,
RC14-035,forcens_lgm,0.4,-0.833333333,89.95,,,,,,,,,,,,,,,,,,,,,,,,,,,,,,,,,,,,,,,,,
RC14-037,forcens_lgm,0.4,1.466666667,90.16666667,,,,,,,,,,,,,,,,,,,,,,,,,,,,,,,,,,,,,,,,,
RC17-069,forcens_lgm,0.6,-31.5,32.6,,,,,,,,,,,,,,,,,,,,,,,,,,,,,,,,,,,,,,,,,
RC17-073,forcens_lgm,0.3,-32.11666667,36.01666667,,,,,,,,,,,,,,,,,,,,,,,,,,,,,,,,,,,,,,,,,
RC17-098,forcens_lgm,0.53,-13.21666667,65.61666667,,,,,,,,,,,,,,,,,,,,,,,,,,,,,,,,,,,,,,,,,
RC17-108,forcens_lgm,0.4,-10.508,57.72,,,,,,,,,,,,,,,,,,,,,,,,,,,,,,,,,,,,,,,,,
RC17-113,forcens_lgm,0.3,15.033,66.097,,,,,,,,,,,,,,,,,,,,,,,,,,,,,,,,,,,,,,,,,
RS067-GC10,forcens_lgm,0.505,-38.86166667,140.1,,,,,,,,,,,,,,,,,,,,,,,,,,,,,,,,,,,,,,,,,
RS096-GC21,forcens_lgm,0.29,-23.77216667,108.5006667,,,,,,,,,,,,,,,,,,,,,,,,,,,,,,,,,,,,,,,,,
RS147-GC14,forcens_lgm,0.25,-46.45,145.24,,,,,,,,,,,,,,,,,,,,,,,,,,,,,,,,,,,,,,,,,
RS147-GC31,forcens_lgm,0.69,-44.53,149.05,,,,,,,,,,,,,,,,,,,,,,,,,,,,,,,,,,,,,,,,,
S794,forcens_lgm,1.39,-35.31,177.9966667,,,,,,,,,,,,,,,,,,,,,,,,,,,,,,,,,,,,,,,,,
SHI9006,forcens_lgm,5.99,-4.33223,117.59584,,,,,,,,,,,,,,,,,,,,,,,,,,,,,,,,,,,,,,,,,
SHI9016,forcens_lgm,0.52,-8.455833333,128.238,,,,,,,,,,,,,,,,,,,,,,,,,,,,,,,,,,,,,,,,,
SHI9022,forcens_lgm,5.79,-11.35444,122.03799,,,,,,,,,,,,,,,,,,,,,,,,,,,,,,,,,,,,,,,,,
SHI9034,forcens_lgm,8.3,-9.09764,111.00721,,,,,,,,,,,,,,,,,,,,,,,,,,,,,,,,,,,,,,,,,
SO36-07,forcens_lgm,0.73,-42.25,144.75,,,,,,,,,,,,,,,,,,,,,,,,,,,,,,,,,,,,,,,,,
SO36-21,forcens_lgm,0.2,-43.8,145.5,,,,,,,,,,,,,,,,,,,,,,,,,,,,,,,,,,,,,,,,,
SO36-39,forcens_lgm,0.3,-45.87,145.99,,,,,,,,,,,,,,,,,,,,,,,,,,,,,,,,,,,,,,,,,
SO36-47,forcens_lgm,0.5,-46.87,145.98,,,,,,,,,,,,,,,,,,,,,,,,,,,,,,,,,,,,,,,,,
U938,forcens_lgm,1.3,-45.075,179.4983333,,,,,,,,,,,,,,,,,,,,,,,,,,,,,,,,,,,,,,,,,
V14-077,forcens_lgm,0.29,-29.64166667,32.85833333,,,,,,,,,,,,,,,,,,,,,,,,,,,,,,,,,,,,,,,,,
V14-081,forcens_lgm,0.35,-28.425,43.78333333,,,,,,,,,,,,,,,,,,,,,,,,,,,,,,,,,,,,,,,,,
V14-101,forcens_lgm,0.7,8.65,58.56666667,,,,,,,,,,,,,,,,,,,,,,,,,,,,,,,,,,,,,,,,,
V14-102,forcens_lgm,0.4,10.25,57.18333333,,,,,,,,,,,,,,,,,,,,,,,,,,,,,,,,,,,,,,,,,
V16-089,forcens_lgm,0.4,-33.01666667,85.78333333,,,,,,,,,,,,,,,,,,,,,,,,,,,,,,,,,,,,,,,,,
V18-191,forcens_lgm,0.3,-32.433,46.567,,,,,,,,,,,,,,,,,,,,,,,,,,,,,,,,,,,,,,,,,
V18-207,forcens_lgm,0.4,-25.63333333,87.11666667,,,,,,,,,,,,,,,,,,,,,,,,,,,,,,,,,,,,,,,,,
V19-178,forcens_lgm,0.8,8.116666667,73.25,,,,,,,,,,,,,,,,,,,,,,,,,,,,,,,,,,,,,,,,,
V19-185,forcens_lgm,0.3,6.7,59.33333333,,,,,,,,,,,,,,,,,,,,,,,,,,,,,,,,,,,,,,,,,
V19-188,forcens_lgm,0.6,6.866666667,60.66666667,,,,,,,,,,,,,,,,,,,,,,,,,,,,,,,,,,,,,,,,,
V19-201,forcens_lgm,0.7,-5.333333333,40.43333333,,,,,,,,,,,,,,,,,,,,,,,,,,,,,,,,,,,,,,,,,
V19-202,forcens_lgm,0.4,-6.983333333,41.18333333,,,,,,,,,,,,,,,,,,,,,,,,,,,,,,,,,,,,,,,,,
V19-204,forcens_lgm,0.3,-10.23333333,43.81666667,,,,,,,,,,,,,,,,,,,,,,,,,,,,,,,,,,,,,,,,,
V20-170,forcens_lgm,0.3,-21.8,69.23333333,,,,,,,,,,,,,,,,,,,,,,,,,,,,,,,,,,,,,,,,,
V20-175,forcens_lgm,0.3,-22.3,68,,,,,,,,,,,,,,,,,,,,,,,,,,,,,,,,,,,,,,,,,
V24-157,forcens_lgm,0.3,-14.95,147.92,,,,,,,,,,,,,,,,,,,,,,,,,,,,,,,,,,,,,,,,,
V24-161,forcens_lgm,0.5,-18.2,151.45,,,,,,,,,,,,,,,,,,,,,,,,,,,,,,,,,,,,,,,,,
V24-170,forcens_lgm,0.4,-13.52,146.88,,,,,,,,,,,,,,,,,,,,,,,,,,,,,,,,,,,,,,,,,
V24-184,forcens_lgm,0.3,-12.87,146.2,,,,,,,,,,,,,,,,,,,,,,,,,,,,,,,,,,,,,,,,,
V28-238,forcens_lgm,0.39,1.016666667,160.4833333,,,,,,,,,,,,,,,,,,,,,,,,,,,,,,,,,,,,,,,,,
V28-239,forcens_lgm,0.52,3.25,159.1833333,,,,,,,,,,,,,,,,,,,,,,,,,,,,,,,,,,,,,,,,,
V28-342 (W),forcens_lgm,0.89,-14.1,120.5,,,,,,,,,,,,,,,,,,,,,,,,,,,,,,,,,,,,,,,,,
V29-029,forcens_lgm,0.8,5.116666667,77.58333333,,,,,,,,,,,,,,,,,,,,,,,,,,,,,,,,,,,,,,,,,
V29-030,forcens_lgm,0.8,3.083333333,76.25,,,,,,,,,,,,,,,,,,,,,,,,,,,,,,,,,,,,,,,,,
V29-045,forcens_lgm,0.4,-6,69.817,,,,,,,,,,,,,,,,,,,,,,,,,,,,,,,,,,,,,,,,,
V29-048,forcens_lgm,0.2,-6.266666667,63.43333333,,,,,,,,,,,,,,,,,,,,,,,,,,,,,,,,,,,,,,,,,
V29-064,forcens_lgm,0.3,-27.283,74.867,,,,,,,,,,,,,,,,,,,,,,,,,,,,,,,,,,,,,,,,,
V33-065,forcens_lgm,0.4,-22.73333333,112.5833333,,,,,,,,,,,,,,,,,,,,,,,,,,,,,,,,,,,,,,,,,
Z2108,forcens_lgm,0.75,-33.3765,161.6125,,,,,,,,,,,,,,,,,,,,,,,,,,,,,,,,,,,,,,,,,
Z2112,forcens_lgm,0.935,-33.53,166.53,,,,,,,,,,,,,,,,,,,,,,,,,,,,,,,,,,,,,,,,,
A156-04,forcens_lgm,750,34.817,-74.683,0,0,0,0,0.00619195046439629,0.00619195046439629,0.0123839009287926,0.00309597523219814,0,0,0.065015479876161,0.0495356037151703,0.0402476780185759,0,0.021671826625387,0,0,0,0.0557275541795666,0.0495356037151703,0.00619195046439629,0.0185758513931889,0.26625386996904,0.0897832817337461,0.0123839009287926,0.00309597523219814,0,0.0278637770897833,0,0,0.0557275541795666,0,0.0464396284829721,0.00309597523219814,0,0.160990712074303,0,0,0,0,0
A164-05,forcens_lgm,171,37.767,-71.235,0,0,0.00284900284900285,0,0,0.0056980056980057,0.0142450142450142,0.00284900284900285,0,0,0.299145299145299,0.0313390313390313,0.156695156695157,0.153846153846154,0.00284900284900285,0,0,0,0.0712250712250712,0.00284900284900285,0.00284900284900285,0.0199430199430199,0.0541310541310541,0.0113960113960114,0.0170940170940171,0.00284900284900285,0,0.00854700854700855,0,0,0.0256410256410256,0,0.0056980056980057,0,0,0.108262108262108,0,0,0,0,0
A164-06,forcens_lgm,109,38.133,-69.851,0,0,0,0,0,0,0.00537634408602151,0,0,0,0.172043010752688,0,0.225806451612903,0.28494623655914,0,0,0,0,0.145161290322581,0.00537634408602151,0,0,0.0376344086021505,0.00537634408602151,0,0.0161290322580645,0,0.00537634408602151,0,0,0.010752688172043,0.00537634408602151,0,0,0,0.0806451612903226,0,0,0,0,0
A164-24,forcens_lgm,75,36.483,-69,0,0,0.00641025641025641,0.0128205128205128,0,0,0.0256410256410256,0,0,0,0.365384615384615,0.108974358974359,0.102564102564103,0.0128205128205128,0,0,0.00641025641025641,0,0.0448717948717949,0.00641025641025641,0.0192307692307692,0.0128205128205128,0.0897435897435897,0.0769230769230769,0,0.0128205128205128,0,0.0192307692307692,0,0,0,0,0.00641025641025641,0,0,0.0705128205128205,0,0,0,0,0
A164-61,forcens_lgm,100,39.535,-68.783,0,0,0,0,0,0.00254452926208651,0.00254452926208651,0,0,0,0.290076335877863,0.0330788804071247,0.185750636132316,0.132315521628499,0.00254452926208651,0,0,0,0.142493638676845,0.0101781170483461,0,0.00763358778625954,0.0356234096692112,0.0203562340966921,0.00763358778625954,0.0101781170483461,0,0.00763358778625954,0,0,0.0330788804071247,0,0.0152671755725191,0,0,0.0585241730279898,0,0,0,0,0
A167-13,forcens_lgm,140,31.65,-75.35,0,0,0.0062111801242236,0,0,0.031055900621118,0.0527950310559006,0,0,0,0.232919254658385,0.0124223602484472,0.0714285714285714,0,0,0,0,0,0.046583850931677,0.0186335403726708,0.0031055900621118,0.015527950310559,0.248447204968944,0.0248447204968944,0.0186335403726708,0.0093167701863354,0,0.0186335403726708,0.0217391304347826,0,0,0,0.015527950310559,0,0,0.127329192546584,0,0,0,0,0
A167-14,forcens_lgm,100,31.467,-76.467,0,0,0,0.00305810397553517,0,0.0458715596330275,0.0886850152905199,0,0,0,0.229357798165138,0.00305810397553517,0.0122324159021407,0,0,0,0,0,0.036697247706422,0.0152905198776758,0,0.018348623853211,0.27217125382263,0,0.0397553516819572,0.00611620795107034,0.00305810397553517,0.0244648318042813,0.0519877675840979,0,0,0,0.0152905198776758,0,0,0.122324159021407,0,0,0,0,0
A172-01,forcens_lgm,40,17.233,-73.467,0,0,0,0,0,0.0146750524109015,0.0251572327044025,0,0,0,0.0251572327044025,0.0922431865828092,0.0146750524109015,0,0,0,0,0,0.0188679245283019,0,0,0.0524109014675052,0.507337526205451,0.0943396226415094,0.00628930817610063,0.00419287211740042,0,0.0251572327044025,0,0,0.00419287211740042,0,0.0251572327044025,0,0.00209643605870021,0.0880503144654088,0,0,0,0,0
A172-02,forcens_lgm,60,16.2,-72.317,0,0,0,0,0,0.0117647058823529,0.00705882352941177,0,0,0,0.0847058823529412,0.08,0.0235294117647059,0,0,0,0,0,0.0164705882352941,0,0.00470588235294118,0.0823529411764706,0.357647058823529,0.108235294117647,0.0164705882352941,0.00235294117647059,0,0.0258823529411765,0,0,0.00470588235294118,0.00235294117647059,0.0447058823529412,0,0,0.127058823529412,0,0,0,0,0
A173-04,forcens_lgm,72,33.867,-62.533,0,0,0.00589970501474926,0.0235988200589971,0.00294985250737463,0.00294985250737463,0.0737463126843658,0,0,0,0.525073746312684,0.0117994100294985,0.126843657817109,0.00294985250737463,0,0,0,0,0.0442477876106195,0.0147492625368732,0.00589970501474926,0.00294985250737463,0.0884955752212389,0.0206489675516224,0.00294985250737463,0.00294985250737463,0.00294985250737463,0,0.0117994100294985,0,0,0,0,0,0,0.0265486725663717,0,0,0,0,0
A179-15,forcens_lgm,149,24.8,-75.933,0,0,0,0,0.00230414746543779,0,0.0483870967741936,0,0,0,0.0230414746543779,0.00691244239631337,0.00230414746543779,0,0,0,0,0,0.00230414746543779,0.00691244239631337,0.00460829493087558,0.00921658986175115,0.472350230414747,0.0253456221198157,0.13594470046083,0.00921658986175115,0.00460829493087558,0.0898617511520737,0.0138248847926267,0,0,0,0.0161290322580645,0,0,0.117511520737327,0,0,0,0,0
A179-15,forcens_lgm,162,24.8,-75.933,0,0,0.00755287009063444,0,0,0.0105740181268882,0.0332326283987915,0,0,0,0.0287009063444109,0.0196374622356495,0,0,0,0,0,0,0.00453172205438067,0.0151057401812689,0.00604229607250755,0.00755287009063444,0.521148036253777,0.0468277945619335,0.108761329305136,0.00906344410876133,0,0.0347432024169184,0.00302114803625378,0,0,0,0.0166163141993958,0,0,0.126888217522659,0,0,0,0,0
A180-09,forcens_lgm,60,39.45,-45.95,0,0,0,0,0,0.00505050505050505,0,0,0,0,0.202020202020202,0.0202020202020202,0.348484848484849,0.174242424242424,0.00252525252525253,0,0,0,0.133838383838384,0.00252525252525253,0,0.00757575757575758,0.0303030303030303,0.00252525252525253,0,0.00252525252525253,0,0.00252525252525253,0.00252525252525253,0,0.0252525252525253,0,0,0,0,0.0277777777777778,0,0,0,0,0
A180-15,forcens_lgm,60,39.267,-36.7,0,0,0,0.0133729569093611,0,0.0133729569093611,0.00891530460624071,0,0,0,0.328380386329866,0.0237741456166419,0.258543833580981,0.062407132243685,0,0,0,0,0.0950965824665676,0.0104011887072808,0,0.00297176820208024,0.099554234769688,0.00742942050520059,0,0.00445765230312036,0,0.00297176820208024,0,0,0.00742942050520059,0,0.00297176820208024,0,0,0.0490341753343239,0,0,0,0,0
A180-16,forcens_lgm,70,38.35,-32.483,0,0,0,0,0,0.0830769230769231,0.0123076923076923,0,0,0,0.138461538461538,0.00923076923076923,0.190769230769231,0.00923076923076923,0,0,0,0,0.169230769230769,0.04,0,0.00307692307692308,0.04,0.00615384615384615,0.00307692307692308,0,0,0.00307692307692308,0.00307692307692308,0,0.101538461538462,0,0.00923076923076923,0,0,0.16,0,0,0,0,0
A180-32,forcens_lgm,60,29.117,-26.25,0,0,0.0234604105571848,0.00586510263929619,0,0.00293255131964809,0.105571847507331,0,0,0,0.208211143695015,0,0.0527859237536657,0.00586510263929619,0,0,0,0,0.0205278592375367,0.120234604105572,0.00293255131964809,0,0.351906158357771,0.0146627565982405,0.0175953079178886,0,0.00293255131964809,0.0175953079178886,0.00586510263929619,0,0,0,0.00586510263929619,0,0,0.0263929618768328,0,0,0,0,0
A180-39,forcens_lgm,30,25.833,-19.3,0,0,0.00433839479392625,0,0,0.00433839479392625,0.00650759219088937,0,0,0,0.114967462039046,0.0108459869848156,0.418655097613883,0.0108459869848156,0,0,0,0,0.17353579175705,0.0672451193058568,0,0,0.0845986984815618,0.0086767895878525,0.00216919739696312,0.00650759219088937,0.00433839479392625,0.0238611713665944,0.00216919739696312,0,0.017353579175705,0,0.00216919739696312,0,0,0.03470715835141,0,0,0,0,0
A180-47,forcens_lgm,350,15.318,-17.918,0,0,0.00254452926208651,0,0,0.00254452926208651,0,0,0,0,0.0585241730279898,0.083969465648855,0.0356234096692112,0.00254452926208651,0,0,0,0,0.549618320610687,0.0101781170483461,0,0.0305343511450382,0.0763358778625954,0.0152671755725191,0.0330788804071247,0.0101781170483461,0.00508905852417303,0.0101781170483461,0.0203562340966921,0,0.0203562340966921,0,0,0,0,0.0330788804071247,0,0,0,0,0
A180-48,forcens_lgm,529,15.317,-18.1,0,0,0.00278551532033426,0,0.0278551532033426,0.00278551532033426,0,0,0,0,0.064066852367688,0.0501392757660167,0.0222841225626741,0.00278551532033426,0,0,0,0,0.3008356545961,0,0,0.155988857938719,0.217270194986072,0.0557103064066852,0.011142061281337,0.00278551532033426,0,0.00835654596100279,0.011142061281337,0,0,0,0.00557103064066852,0,0.00278551532033426,0.0473537604456825,0,0,0,0,0
A180-56,forcens_lgm,100,12.235,-17.767,0,0,0.0130718954248366,0,0,0.0108932461873638,0.00435729847494553,0,0,0,0.028322440087146,0.0435729847494553,0.130718954248366,0,0,0,0,0,0.437908496732026,0.0108932461873638,0,0.037037037037037,0.115468409586057,0.0544662309368192,0.00217864923747277,0.0108932461873638,0,0.0261437908496732,0.0065359477124183,0,0.00435729847494553,0,0.0130718954248366,0,0,0.0435729847494553,0,0,0,0,0
A180-72,forcens_lgm,46,0.585,-21.783,0,0,0.0166204986149585,0,0,0,0.10803324099723,0,0,0,0.141274238227147,0.243767313019391,0.257617728531856,0.0138504155124654,0,0,0,0,0.0277008310249307,0.00554016620498615,0.00554016620498615,0.0166204986149585,0.03601108033241,0.0554016620498615,0,0.00277008310249308,0,0,0.00277008310249308,0,0,0,0.00277008310249308,0,0,0.0609418282548477,0,0,0,0,0
A180-73,forcens_lgm,60,0.167,-23,0,0,0.0136986301369863,0,0,0.00228310502283105,0.0730593607305936,0,0,0,0.0479452054794521,0.226027397260274,0.180365296803653,0.0045662100456621,0.00228310502283105,0,0,0,0.0136986301369863,0.0091324200913242,0.00228310502283105,0.0251141552511416,0.107305936073059,0.10958904109589,0,0.00684931506849315,0,0.0114155251141553,0.00684931506849315,0,0,0,0.0205479452054795,0,0,0.13013698630137,0,0,0,0,0
A180-73,forcens_lgm,60,0.167,-23,0,0,0.0243055555555556,0,0,0,0.100694444444444,0,0,0,0.0590277777777778,0.302083333333333,0.197916666666667,0,0,0,0,0,0.00694444444444444,0.0138888888888889,0,0.00694444444444444,0.0729166666666667,0.0798611111111111,0.00347222222222222,0.0138888888888889,0,0,0.0104166666666667,0,0,0,0.00347222222222222,0,0,0.09375,0,0,0,0,0
K708-4,forcens_lgm,58,49.984,-25.018,0,0,0,0,0,0,0,0,0,0,0.00235294117647059,0,0.0258823529411765,0.950588235294118,0,0,0,0,0,0,0,0,0,0,0,0,0,0,0,0,0.0188235294117647,0,0,0,0,0.00235294117647059,0,0,0,0,0
K708-6,forcens_lgm,60,51.552,-29.567,0,0,0,0,0,0.005,0,0,0,0,0,0,0.02,0.91,0,0,0,0,0.02,0,0,0,0,0,0,0,0,0,0,0,0.045,0,0,0,0,0,0,0,0,0,0
K708-7,forcens_lgm,53,53.933,-24.083,0,0,0,0,0,0,0,0,0,0,0,0,0.0308880308880309,0.911196911196911,0,0,0,0,0.0231660231660232,0,0,0,0,0,0,0,0,0,0,0,0.0115830115830116,0,0,0,0,0.0231660231660232,0,0,0,0,0
K708-8,forcens_lgm,83,52.736,-22.55,0,0,0,0,0,0,0,0,0,0,0.00791139240506329,0,0.0569620253164557,0.873417721518987,0,0,0,0,0.0158227848101266,0,0,0,0,0,0,0,0,0,0,0,0.0237341772151899,0,0,0,0,0.0221518987341772,0,0,0,0,0
K714-3,forcens_lgm,82,57.486,-27.519,0,0,0,0,0,0.00402414486921529,0,0,0,0,0,0,0.00804828973843059,0.907444668008048,0,0,0,0,0.03420523138833,0,0,0,0,0,0,0,0,0,0,0,0.0362173038229376,0,0,0,0,0.0100603621730382,0,0,0,0,0
V04-008,forcens_lgm,50,37.218,-33.134,0,0,0.00471698113207547,0,0,0.0833333333333333,0.0220125786163522,0,0,0,0.089622641509434,0.00628930817610063,0.183962264150943,0.00628930817610063,0,0,0,0,0.157232704402516,0.121069182389937,0,0,0.0345911949685535,0,0.0172955974842767,0,0.00628930817610063,0.00628930817610063,0.00471698113207547,0,0.0786163522012579,0,0.00628930817610063,0,0,0.163522012578616,0,0,0.00157232704402516,0,0
V04-032,forcens_lgm,30,35.05,-11.617,0,0,0,0.00683371298405467,0,0.0911161731207289,0.0159453302961276,0,0,0,0.0660592255125285,0.00227790432801822,0.186788154897494,0.00455580865603645,0,0,0,0,0.10250569476082,0.123006833712984,0,0,0.0592255125284738,0.0227790432801822,0.0136674259681093,0.0113895216400911,0,0.00911161731207289,0.041002277904328,0,0.0523917995444191,0.00227790432801822,0.00455580865603645,0,0,0.143507972665148,0,0,0,0,0
V15-168,forcens_lgm,160,0.2,-39.9,0,0,0.0258215962441315,0,0,0.00469483568075117,0.0938967136150235,0,0,0,0.0117370892018779,0.161971830985916,0.0211267605633803,0,0,0,0,0,0.00704225352112676,0.00234741784037559,0.00469483568075117,0.00704225352112676,0.31924882629108,0.173708920187793,0,0,0,0.0140845070422535,0.00704225352112676,0,0,0,0.00469483568075117,0,0.00234741784037559,0.136150234741784,0,0,0,0,0
V15-168,forcens_lgm,163,0.2,-39.9,0,0,0.010989010989011,0,0,0.0054945054945055,0.0494505494505495,0.010989010989011,0,0,0.010989010989011,0.351648351648352,0.032967032967033,0,0,0,0,0,0.0054945054945055,0.010989010989011,0.010989010989011,0.021978021978022,0.208791208791209,0.137362637362637,0.0054945054945055,0.0054945054945055,0,0.0164835164835165,0.0164835164835165,0,0.0054945054945055,0,0.010989010989011,0,0,0.0604395604395604,0,0,0,0,0
V15-168,forcens_lgm,142,0.2,-39.9,0,0,0.0347003154574132,0,0,0.00315457413249211,0.132492113564669,0,0,0,0.00946372239747634,0.249211356466877,0.0189274447949527,0,0,0,0,0,0.0126182965299685,0,0.0220820189274448,0.00630914826498423,0.20820189274448,0.236593059936908,0.00315457413249211,0,0,0,0.00946372239747634,0,0,0.00630914826498423,0.00946372239747634,0,0,0.0347003154574132,0,0,0,0,0
V16-025,forcens_lgm,55,5.067,-36.8,0,0,0,0,0.00813008130081301,0,0.024390243902439,0,0,0,0.00813008130081301,0.102981029810298,0.016260162601626,0,0.00542005420054201,0.00542005420054201,0.00813008130081301,0,0.00813008130081301,0.00542005420054201,0.00813008130081301,0.00542005420054201,0.327913279132791,0.344173441734417,0,0.00542005420054201,0.010840108401084,0.032520325203252,0.002710027100271,0,0,0,0.010840108401084,0,0,0.029810298102981,0,0,0,0,0
V16-025,forcens_lgm,53,5.067,-36.8,0,0,0.0181818181818182,0,0.00909090909090909,0,0.0242424242424242,0,0,0,0.00303030303030303,0.118181818181818,0.0151515151515152,0,0.00909090909090909,0,0.0242424242424242,0,0,0,0,0.00303030303030303,0.336363636363636,0.354545454545455,0.00606060606060606,0.00303030303030303,0.00606060606060606,0.00303030303030303,0.00303030303030303,0,0,0.00303030303030303,0.0121212121212121,0.00303030303030303,0,0.00909090909090909,0,0,0,0,0
V17-039,forcens_lgm,100,11.75,-80.433,0,0,0.00597014925373135,0.00298507462686567,0,0.00298507462686567,0.0388059701492537,0,0,0,0.026865671641791,0.017910447761194,0,0,0,0,0,0,0.00895522388059702,0.00597014925373135,0.0208955223880597,0,0.540298507462687,0.0656716417910448,0.0238805970149254,0.026865671641791,0,0.0746268656716418,0,0,0,0,0.0119402985074627,0,0.00298507462686567,0.116417910447761,0,0,0,0,0
V17-165,forcens_lgm,50,32.75,-41.9,0,0,0,0,0,0.0116618075801749,0.0233236151603499,0,0,0,0.285714285714286,0.0087463556851312,0.142857142857143,0.00291545189504373,0,0,0,0,0.043731778425656,0.0932944606413994,0.0116618075801749,0,0.291545189504373,0.0116618075801749,0.00291545189504373,0,0,0.0145772594752187,0.0145772594752187,0,0,0,0,0,0,0.0262390670553936,0,0,0,0,0
V19-019,forcens_lgm,80,13.233,-78.367,0,0,0.00694444444444444,0.00347222222222222,0,0,0.0173611111111111,0,0,0,0.0208333333333333,0.03125,0.00694444444444444,0,0.00347222222222222,0,0,0,0.00694444444444444,0.0104166666666667,0.0104166666666667,0.128472222222222,0.489583333333333,0.0763888888888889,0.0104166666666667,0.0138888888888889,0.00347222222222222,0.0555555555555556,0,0,0,0,0.0243055555555556,0,0,0.0729166666666667,0.00694444444444444,0,0,0,0
V19-021,forcens_lgm,60,11.8,-79.35,0,0,0,0,0.0036101083032491,0,0.0252707581227437,0,0,0,0.0216606498194946,0.0541516245487365,0.0072202166064982,0,0,0,0,0,0.0108303249097473,0.0072202166064982,0.0288808664259928,0.0577617328519856,0.407942238267148,0.0866425992779783,0.0288808664259928,0.0216606498194946,0,0.101083032490975,0,0,0,0,0.0180505415162455,0,0,0.115523465703971,0,0,0,0,0
V19-291,forcens_lgm,80,2,-5.25,0,0,0.0187353629976581,0,0,0.00468384074941452,0.00468384074941452,0,0,0,0.0421545667447307,0.126463700234192,0.177985948477752,0.00234192037470726,0.00234192037470726,0,0,0,0.053864168618267,0,0.00234192037470726,0.0772833723653396,0.325526932084309,0.0725995316159251,0,0.0140515222482436,0,0.0140515222482436,0,0,0,0,0.00234192037470726,0,0,0.0515222482435597,0,0,0,0,0
V19-309,forcens_lgm,31,31.167,-45.133,0,0,0.00267379679144385,0,0,0.00267379679144385,0.0401069518716578,0,0,0,0.339572192513369,0.0053475935828877,0.0802139037433155,0.00267379679144385,0,0,0,0,0.0828877005347594,0.0427807486631016,0,0.0106951871657754,0.275401069518717,0.0133689839572193,0.0053475935828877,0.0106951871657754,0,0.0133689839572193,0.00267379679144385,0,0.0053475935828877,0.00802139037433155,0,0,0,0.0561497326203209,0,0,0,0,0
V20-241,forcens_lgm,30,22.133,-41.5,0,0,0.00258397932816538,0,0.00258397932816538,0.0232558139534884,0.0465116279069768,0,0,0,0.00258397932816538,0.00516795865633075,0,0.00258397932816538,0.00516795865633075,0,0,0,0.00516795865633075,0.0155038759689923,0.00775193798449612,0.0387596899224806,0.503875968992248,0.062015503875969,0.0594315245478036,0.00775193798449612,0.00516795865633075,0.041343669250646,0.0129198966408269,0,0,0.00258397932816538,0.0361757105943152,0,0,0.10077519379845,0,0,0,0,0
V20-242,forcens_lgm,29,23.367,-43.65,0,0,0.00785340314136126,0.00523560209424084,0,0.00261780104712042,0.0209424083769634,0.00261780104712042,0,0,0.00523560209424084,0.00261780104712042,0,0,0,0,0,0,0.00523560209424084,0.0183246073298429,0.0130890052356021,0.0209424083769634,0.536649214659686,0.0523560209424084,0.0654450261780105,0,0.00261780104712042,0.0445026178010471,0.0104712041884817,0,0,0,0.0209424083769634,0,0.00523560209424084,0.143979057591623,0,0,0,0,0
V22-026,forcens_lgm,40,8.717,-41.25,0,0,0.0246913580246914,0,0.00740740740740741,0.00987654320987654,0.0518518518518519,0,0,0,0.0197530864197531,0.103703703703704,0.0296296296296296,0.00246913580246914,0,0,0.00246913580246914,0,0.0197530864197531,0.00493827160493827,0.00987654320987654,0.0320987654320988,0.367901234567901,0.192592592592593,0.00246913580246914,0.00987654320987654,0.00493827160493827,0.0222222222222222,0.0271604938271605,0,0,0,0.00246913580246914,0,0,0.0469135802469136,0,0,0,0,0
V22-186,forcens_lgm,30,3.383,-20.117,0,0,0.0241935483870968,0,0,0,0.00806451612903226,0,0,0,0.108870967741935,0.326612903225806,0.209677419354839,0,0,0,0,0,0,0,0.00806451612903226,0,0.0766129032258065,0.181451612903226,0,0.00403225806451613,0.00806451612903226,0.0120967741935484,0.0120967741935484,0,0,0,0.00806451612903226,0,0,0,0,0,0,0,0
V22-186,forcens_lgm,30,3.383,-20.117,0,0,0.032,0,0.00266666666666667,0,0.0106666666666667,0.008,0,0,0.0666666666666667,0.282666666666667,0.112,0.00266666666666667,0.00533333333333333,0,0,0,0,0.0106666666666667,0.0213333333333333,0.008,0.12,0.245333333333333,0,0.00266666666666667,0.0133333333333333,0.0373333333333333,0,0,0,0,0,0,0,0.0133333333333333,0,0,0,0,0
V22-188,forcens_lgm,30,4.667,-20.917,0,0,0.0078125,0,0,0.0234375,0.0078125,0,0,0,0.015625,0.0859375,0.0520833333333333,0.00520833333333333,0,0,0,0,0.0286458333333333,0.015625,0.00520833333333333,0.0520833333333333,0.268229166666667,0.166666666666667,0.0130208333333333,0.00520833333333333,0.00260416666666667,0.03125,0.0208333333333333,0,0,0,0.0442708333333333,0,0,0.138020833333333,0,0,0,0,0
V22-188,forcens_lgm,30,4.667,-20.917,0,0,0.015625,0,0,0.0375,0.01875,0,0,0,0.05,0.121875,0.0625,0,0,0,0,0,0.03125,0.03125,0.0125,0.034375,0.253125,0.125,0.009375,0.00625,0.0125,0.015625,0.015625,0,0,0,0.04375,0,0.003125,0.090625,0,0,0,0,0
V22-196,forcens_lgm,70,13.833,-18.951,0,0,0.0099502487562189,0,0.0174129353233831,0.00497512437810945,0,0,0,0,0.31592039800995,0.0895522388059701,0.191542288557214,0,0,0,0,0,0.141791044776119,0.0149253731343284,0,0.027363184079602,0.0995024875621891,0.0398009950248756,0.00248756218905473,0.00248756218905473,0.00248756218905473,0.00497512437810945,0,0,0,0,0.00497512437810945,0,0,0.0099502487562189,0,0,0,0,0
V23-042,forcens_lgm,70,62.183,-27.933,0,0,0,0,0,0,0,0,0,0,0,0,0.033457249070632,0.907063197026022,0,0,0,0,0.0148698884758364,0,0,0,0,0.00371747211895911,0,0,0,0,0,0,0.033457249070632,0,0,0,0,0.00743494423791822,0,0,0,0,0
V23-082,forcens_lgm,110,52.584,-21.933,0,0,0,0,0,0,0,0,0,0,0,0,0.011090573012939,0.970425138632163,0,0,0,0,0.00369685767097967,0,0,0,0,0,0,0,0,0,0,0,0.00924214417744917,0,0,0,0,0.00184842883548983,0,0,0,0,0
V23-083,forcens_lgm,99,49.868,-24.25,0,0,0,0,0,0.00224719101123596,0,0,0,0,0,0,0.0224719101123596,0.964044943820225,0,0,0,0,0.00449438202247191,0,0,0,0,0,0,0,0,0,0,0,0.00674157303370787,0,0,0,0,0,0,0,0,0,0
V23-084,forcens_lgm,81,46.001,-16.917,0,0,0,0,0,0,0,0,0,0,0.0309278350515464,0,0.0378006872852234,0.797250859106529,0,0,0,0,0.103092783505155,0,0,0,0.00343642611683849,0,0,0,0,0,0,0,0,0,0,0,0,0.0274914089347079,0,0,0,0,0
V23-091,forcens_lgm,30,29.583,-28.567,0,0,0.0108108108108108,0.00810810810810811,0,0.0324324324324324,0.0891891891891892,0,0,0,0.167567567567568,0.0027027027027027,0.0540540540540541,0,0,0,0,0,0.0540540540540541,0.172972972972973,0.0108108108108108,0.0027027027027027,0.159459459459459,0.00540540540540541,0.0189189189189189,0.0108108108108108,0.00810810810810811,0.0513513513513514,0.0243243243243243,0,0,0,0.0135135135135135,0,0,0.0864864864864865,0,0,0,0,0
V23-098,forcens_lgm,70,23.117,-19.3,0,0,0,0,0,0,0.00974025974025974,0,0,0,0.0584415584415584,0.0162337662337662,0.516233766233766,0.00649350649350649,0,0,0,0,0.26948051948052,0.0292207792207792,0,0,0.012987012987013,0,0,0.00649350649350649,0.00649350649350649,0.00649350649350649,0.012987012987013,0,0.0162337662337662,0.00324675324675325,0,0,0,0.0194805194805195,0,0,0,0,0
V24-001,forcens_lgm,265,36.5,-73.5,0,0,0.00328947368421053,0,0,0,0.00657894736842105,0,0,0,0.226973684210526,0.0131578947368421,0.404605263157895,0.00328947368421053,0.00657894736842105,0,0,0,0.131578947368421,0,0,0.00986842105263158,0.0592105263157895,0.0131578947368421,0,0.0296052631578947,0,0.00328947368421053,0.00328947368421053,0,0.0164473684210526,0,0.00657894736842105,0,0,0.0361842105263158,0,0,0,0,0
V24-028,forcens_lgm,60,15.317,-77.95,0,0,0.0112359550561798,0.00280898876404494,0,0.00280898876404494,0.0224719101123596,0,0,0,0.0112359550561798,0.0449438202247191,0.00561797752808989,0,0.00561797752808989,0,0,0,0.00561797752808989,0.00280898876404494,0.0140449438202247,0.0814606741573034,0.393258426966292,0.0646067415730337,0.0140449438202247,0.0112359550561798,0,0.148876404494382,0,0,0,0,0.0168539325842697,0,0,0.129213483146067,0,0,0,0,0
V25-042,forcens_lgm,60,12.55,-50.65,0,0,0.0233050847457627,0,0,0.00211864406779661,0.0211864406779661,0.00211864406779661,0,0,0.0550847457627119,0.546610169491525,0.0169491525423729,0.00211864406779661,0,0,0,0,0.00211864406779661,0,0.0677966101694915,0,0.076271186440678,0.135593220338983,0,0.00635593220338983,0.010593220338983,0.0148305084745763,0.00423728813559322,0,0,0,0,0,0.00211864406779661,0.00423728813559322,0,0,0,0,0
V25-044,forcens_lgm,30,11.501,-45.151,0,0,0.0128205128205128,0,0,0.0128205128205128,0.0256410256410256,0,0,0,0.0288461538461538,0.0705128205128205,0.00320512820512821,0,0.00961538461538462,0,0,0,0.016025641025641,0.0128205128205128,0.00961538461538462,0.0384615384615385,0.33974358974359,0.217948717948718,0.0128205128205128,0.00320512820512821,0.00961538461538462,0.00320512820512821,0.00961538461538462,0,0,0,0.0288461538461538,0,0,0.134615384615385,0,0,0,0,0
V25-060,forcens_lgm,40,3.283,-34.833,0,0,0.0222222222222222,0,0.00317460317460317,0,0.053968253968254,0,0,0,0.0158730158730159,0.0634920634920635,0.0380952380952381,0,0.00317460317460317,0,0,0,0.00634920634920635,0.00952380952380953,0.00317460317460317,0.0222222222222222,0.380952380952381,0.165079365079365,0.0190476190476191,0.00952380952380953,0.00952380952380953,0.0222222222222222,0.0158730158730159,0,0,0,0.00952380952380953,0,0,0.114285714285714,0,0,0,0,0
V25-060,forcens_lgm,47.5,3.283,-34.833,0,0,0.0351906158357771,0,0,0.00293255131964809,0.0733137829912024,0,0,0,0.00293255131964809,0.131964809384164,0.0234604105571848,0,0.00293255131964809,0,0,0,0.0175953079178886,0,0.00586510263929619,0.0381231671554252,0.32258064516129,0.211143695014663,0.00293255131964809,0,0.00293255131964809,0.0175953079178886,0.00586510263929619,0,0,0,0.00879765395894428,0,0,0.093841642228739,0,0,0,0,0
V26-041,forcens_lgm,43,19.319,-26.102,0,0,0.00628930817610063,0,0,0.00314465408805032,0.0157232704402516,0,0,0,0.144654088050314,0.0408805031446541,0.270440251572327,0.00628930817610063,0,0,0,0,0.0534591194968554,0.0471698113207547,0.00314465408805032,0.0125786163522013,0.163522012578616,0.128930817610063,0.00314465408805032,0.0157232704402516,0,0.00314465408805032,0.0188679245283019,0,0,0,0.00314465408805032,0,0,0.0534591194968554,0,0,0,0,0
V26-041,forcens_lgm,42,19.319,-26.102,0,0,0.00241545893719807,0,0.00483091787439614,0.00483091787439614,0.0169082125603865,0,0,0,0.0966183574879227,0.0289855072463768,0.258454106280193,0.0120772946859903,0,0,0,0,0.0507246376811594,0.0797101449275362,0.00241545893719807,0.0169082125603865,0.115942028985507,0.106280193236715,0.0120772946859903,0.0410628019323672,0.00483091787439614,0.0169082125603865,0.0289855072463768,0,0,0,0.0120772946859903,0,0,0.0845410628019324,0,0,0.00241545893719807,0,0
V26-046,forcens_lgm,45,9.552,-18.169,0,0,0.0186567164179104,0,0,0.0149253731343284,0,0,0,0,0.205223880597015,0.0895522388059701,0.208955223880597,0.00373134328358209,0,0,0,0,0.0298507462686567,0.0223880597014925,0,0.0597014925373134,0.164179104477612,0.0895522388059701,0.00373134328358209,0.0149253731343284,0,0.00746268656716418,0.00746268656716418,0,0,0,0.0111940298507463,0,0,0.0223880597014925,0,0,0,0,0
V26-046,forcens_lgm,45,9.552,-18.169,0,0,0.0371287128712871,0,0,0.00742574257425743,0,0,0,0,0.168316831683168,0.158415841584158,0.170792079207921,0,0,0,0,0,0.0272277227722772,0.0173267326732673,0,0.0717821782178218,0.113861386138614,0.126237623762376,0,0.0222772277227723,0.00742574257425743,0.0099009900990099,0.0148514851485149,0,0.00247524752475248,0,0.0173267326732673,0,0,0.0173267326732673,0,0,0,0,0
V26-104,forcens_lgm,150,-0.083,-41.783,0,0,0,0,0.00574712643678161,0,0.0900383141762452,0,0,0,0.00574712643678161,0.10727969348659,0.0191570881226054,0,0,0,0,0,0.00383141762452107,0.00574712643678161,0.0191570881226054,0.00957854406130268,0.335249042145594,0.187739463601533,0.00191570881226054,0,0,0.0114942528735632,0.00191570881226054,0,0,0.00574712643678161,0.024904214559387,0,0,0.164750957854406,0,0,0,0,0
V26-104,forcens_lgm,155,-0.083,-41.783,0,0,0,0,0,0.00304878048780488,0.0975609756097561,0,0,0,0.00914634146341463,0.100609756097561,0,0,0,0,0,0,0,0.00914634146341463,0.00609756097560976,0,0.423780487804878,0.201219512195122,0,0.00304878048780488,0,0.00914634146341463,0,0,0,0.00609756097560976,0.00914634146341463,0,0,0.11890243902439,0,0,0,0,0
V26-107,forcens_lgm,100,4.683,-46.867,0,0,0,0,0,0.00493827160493827,0.0765432098765432,0,0,0,0,0.0395061728395062,0.0296296296296296,0,0.120987654320988,0,0,0,0.00493827160493827,0,0.00987654320987654,0.00493827160493827,0.34320987654321,0.162962962962963,0.00493827160493827,0,0,0.037037037037037,0.00493827160493827,0,0,0,0.0493827160493827,0,0,0.106172839506173,0,0,0,0,0
V27-017,forcens_lgm,35,50.085,-37.3,0,0,0,0,0,0,0,0,0,0,0.003003003003003,0,0.00900900900900901,0.987987987987988,0,0,0,0,0,0,0,0,0,0,0,0,0,0,0,0,0,0,0,0,0,0,0,0,0,0,0
V27-019,forcens_lgm,35,52.085,-38.8,0,0,0,0,0,0,0.0031055900621118,0,0,0,0.0062111801242236,0,0.0496894409937888,0.869565217391304,0,0,0,0,0.0093167701863354,0,0,0,0,0,0,0,0,0,0,0,0.0403726708074534,0,0,0,0,0.0217391304347826,0,0,0,0,0
V27-020,forcens_lgm,80,54,-46.2,0,0,0,0.00275482093663912,0,0,0,0,0,0,0.00826446280991736,0,0.0716253443526171,0.801652892561983,0,0,0,0,0.046831955922865,0,0,0,0,0,0,0,0,0,0,0,0.0247933884297521,0,0,0,0,0.0440771349862259,0,0,0,0,0
V27-110,forcens_lgm,47,56.885,-18.485,0,0,0,0,0,0.00242718446601942,0,0,0,0,0.00970873786407767,0,0.0339805825242718,0.847087378640777,0,0,0,0,0.0242718446601942,0,0,0,0,0,0,0,0,0,0,0,0.0509708737864078,0,0,0,0,0.0315533980582524,0,0,0,0,0
V27-116,forcens_lgm,60,52.834,-30.334,0,0,0,0,0,0,0,0,0,0,0.00267379679144385,0,0.0267379679144385,0.909090909090909,0,0,0,0,0.018716577540107,0,0,0,0,0,0,0,0,0,0,0,0.0267379679144385,0,0,0,0,0.0160427807486631,0,0,0,0,0
V27-137,forcens_lgm,40,42.685,-17.067,0,0,0,0.00253164556962025,0,0,0,0,0,0,0.0784810126582279,0,0.0683544303797468,0.70126582278481,0,0,0,0,0.106329113924051,0.00506329113924051,0,0,0.00506329113924051,0,0,0.00759493670886076,0,0,0,0,0.00253164556962025,0,0,0,0,0.00759493670886076,0,0,0,0,0
V27-175,forcens_lgm,50,8.801,-22.103,0,0,0.0816993464052288,0,0.0228758169934641,0.00326797385620915,0.0294117647058824,0.0065359477124183,0,0,0.0718954248366013,0.316993464052288,0.0522875816993464,0,0.00980392156862745,0,0,0,0,0,0.0163398692810458,0.0196078431372549,0.0849673202614379,0.245098039215686,0,0.0065359477124183,0,0.0065359477124183,0.0196078431372549,0,0,0,0,0,0.00326797385620915,0.00326797385620915,0,0,0,0,0
V27-178,forcens_lgm,58,5.1,-26.65,0,0,0.0221518987341772,0,0,0.00316455696202532,0.0189873417721519,0,0,0,0.0189873417721519,0.164556962025316,0.0348101265822785,0.0126582278481013,0,0,0,0,0.0189873417721519,0,0.0126582278481013,0.00316455696202532,0.278481012658228,0.370253164556962,0,0.00316455696202532,0.00316455696202532,0.0126582278481013,0.00949367088607595,0,0,0,0,0,0,0.00949367088607595,0,0,0,0,0
V27-178,forcens_lgm,55,5.1,-26.65,0,0,0.027906976744186,0,0,0,0.0209302325581395,0,0,0,0.00930232558139535,0.244186046511628,0.0581395348837209,0,0,0,0,0,0.0348837209302326,0.00232558139534884,0.0325581395348837,0.00232558139534884,0.186046511627907,0.318604651162791,0.00232558139534884,0.0116279069767442,0.00465116279069768,0.0348837209302326,0,0,0,0,0,0,0,0.00232558139534884,0,0,0,0,0
V27-248,forcens_lgm,82,3.05,-11.803,0,0,0.109289617486339,0,0,0,0,0,0,0,0.0601092896174863,0.14207650273224,0.153005464480874,0,0,0,0,0,0,0,0.0109289617486339,0.0819672131147541,0.169398907103825,0.158469945355191,0.00546448087431694,0.0218579234972678,0,0,0,0,0,0,0.0109289617486339,0,0,0.0765027322404372,0,0,0,0,0
V27-263,forcens_lgm,20,35.017,-40.917,0,0,0.0056657223796034,0,0,0.0708215297450425,0.0113314447592068,0,0,0,0.195467422096317,0.0028328611898017,0.161473087818697,0.0056657223796034,0,0,0,0,0.127478753541077,0.124645892351275,0.0028328611898017,0.0028328611898017,0.11614730878187,0.0028328611898017,0,0.0141643059490085,0,0.0169971671388102,0.0028328611898017,0,0.0084985835694051,0,0.0028328611898017,0,0,0.107648725212465,0,0,0.0056657223796034,0,0
V28-089,forcens_lgm,72,44.533,-32.583,0,0,0,0,0,0.00811359026369168,0,0,0,0,0.0223123732251521,0.00202839756592292,0.0486815415821501,0.778904665314402,0,0,0,0,0.0486815415821501,0.00608519269776876,0,0.00202839756592292,0.0101419878296146,0,0,0,0,0.00202839756592292,0,0,0.0527383367139959,0,0,0,0,0.0182555780933063,0,0,0,0,0
V28-119,forcens_lgm,80,17.033,-76.6,0,0,0.0188172043010753,0,0,0.00537634408602151,0.0349462365591398,0.00268817204301075,0,0,0.0295698924731183,0.0268817204301075,0.00268817204301075,0.00268817204301075,0,0,0,0,0.00537634408602151,0.00268817204301075,0.0268817204301075,0.0752688172043011,0.432795698924731,0.0591397849462366,0.0295698924731183,0.0134408602150538,0.00268817204301075,0.0860215053763441,0,0,0,0,0.0161290322580645,0,0,0.123655913978495,0,0,0,0,0
V28-122,forcens_lgm,100,11.933,-78.683,0,0,0.00677966101694915,0,0,0,0.0372881355932203,0,0,0,0.0406779661016949,0.0271186440677966,0,0.00338983050847458,0,0,0,0,0.0101694915254237,0,0.0203389830508475,0.0915254237288136,0.528813559322034,0.0542372881355932,0.0406779661016949,0.0271186440677966,0.00338983050847458,0.0440677966101695,0,0,0,0,0.0101694915254237,0,0,0.0508474576271187,0,0,0,0,0
V28-129,forcens_lgm,80,11.117,-80.4,0,0,0.00645161290322581,0,0,0,0.0516129032258065,0,0,0,0.0161290322580645,0.0741935483870968,0.0032258064516129,0,0,0,0,0,0.0032258064516129,0.0032258064516129,0.0258064516129032,0.0935483870967742,0.354838709677419,0.0741935483870968,0.0483870967741936,0.0548387096774194,0,0.0741935483870968,0,0,0,0,0,0,0,0.106451612903226,0,0,0,0,0
V29-172,forcens_lgm,40,33.7,-29.383,0,0,0.00806451612903226,0,0,0.165322580645161,0.0282258064516129,0,0,0,0.282258064516129,0.00403225806451613,0.149193548387097,0,0,0,0,0,0.00806451612903226,0.0282258064516129,0,0,0.157258064516129,0.00806451612903226,0.0161290322580645,0.00403225806451613,0,0.0161290322580645,0,0,0.00403225806451613,0,0.0201612903225806,0,0,0.0846774193548387,0,0,0,0,0
V29-173,forcens_lgm,25,33.7,-29.383,0,0,0.00319488817891374,0,0,0.0638977635782748,0.0415335463258786,0,0,0,0.236421725239617,0.00638977635782748,0.134185303514377,0.00638977635782748,0,0,0,0,0.0447284345047923,0.194888178913738,0,0,0.0926517571884984,0.00319488817891374,0.00319488817891374,0.0191693290734824,0,0.0223642172523962,0.0159744408945687,0,0.00958466453674121,0.00958466453674121,0.00958466453674121,0,0,0.0766773162939297,0,0,0,0,0
V29-174,forcens_lgm,40,36.286,-29.352,0,0,0,0,0,0.128019323671498,0.00966183574879227,0,0,0,0.193236714975845,0.00966183574879227,0.128019323671498,0.00241545893719807,0,0,0,0,0.111111111111111,0.169082125603865,0,0,0.106280193236715,0,0,0.00241545893719807,0.00241545893719807,0.0120772946859903,0.00483091787439614,0,0.00966183574879227,0,0,0,0,0.103864734299517,0,0,0,0,0
V29-177,forcens_lgm,42,41.534,-25.701,0,0,0,0,0,0.0654761904761905,0.00198412698412698,0,0,0,0.14484126984127,0.00396825396825397,0.240079365079365,0.0555555555555556,0,0,0,0,0.220238095238095,0.00595238095238095,0,0.0297619047619048,0,0,0.00198412698412698,0.00198412698412698,0,0,0.00198412698412698,0,0.0992063492063492,0,0,0,0,0.126984126984127,0,0,0,0,0
V29-178,forcens_lgm,49,42.836,-25.15,0,0,0,0,0,0.0644329896907216,0,0,0,0,0.0850515463917526,0.00515463917525773,0.177835051546392,0.237113402061856,0,0,0,0,0.193298969072165,0.00515463917525773,0,0,0.0103092783505155,0,0,0,0,0,0,0,0.144329896907216,0,0,0,0,0.077319587628866,0,0,0,0,0
V29-180,forcens_lgm,58,45.301,-23.868,0,0,0,0,0,0.025974025974026,0,0,0,0,0.0241187384044527,0,0.0834879406307978,0.528756957328386,0,0,0,0,0.13543599257885,0.00371057513914657,0,0,0.00927643784786642,0,0,0,0,0,0,0,0.137291280148423,0,0,0,0,0.051948051948052,0,0,0,0,0
V30-096,forcens_lgm,63,39.933,-33.133,0,0,0,0,0,0.0284090909090909,0.00568181818181818,0,0,0,0.164772727272727,0.00852272727272727,0.221590909090909,0.0625,0,0,0,0,0.238636363636364,0.00852272727272727,0,0.00284090909090909,0.0511363636363636,0,0,0.00568181818181818,0,0.00284090909090909,0.00284090909090909,0,0.0625,0,0,0,0,0.133522727272727,0,0,0,0,0
V30-099,forcens_lgm,32,43.15,-32.45,0,0,0,0.00170357751277683,0,0.0732538330494038,0,0,0,0,0.0817717206132879,0.0119250425894378,0.160136286201022,0.127768313458262,0,0,0,0,0.275979557069847,0.0187393526405451,0,0.00340715502555366,0.0187393526405451,0,0,0,0,0.00170357751277683,0.00170357751277683,0,0.109028960817717,0,0,0,0,0.114139693356048,0,0,0,0,0
V30-100,forcens_lgm,65,44.1,-32.5,0,0,0,0,0,0.041343669250646,0,0,0,0,0.0465116279069768,0.00258397932816538,0.121447028423773,0.366925064599483,0,0,0,0,0.214470284237726,0.00775193798449612,0,0,0.00258397932816538,0,0,0.00258397932816538,0,0,0,0,0.124031007751938,0,0,0,0,0.0723514211886305,0,0,0,0,0
RC08-145,forcens_lgm,35,33.569,-62.383,0.0025974025974026,0,0,0.00779220779220779,0,0.0493506493506494,0.0233766233766234,0,0,0,0.158441558441558,0.0103896103896104,0.163636363636364,0.00519480519480519,0.0025974025974026,0,0,0,0.21038961038961,0.0207792207792208,0,0.012987012987013,0.145454545454545,0.0103896103896104,0.0181818181818182,0.00519480519480519,0.0025974025974026,0.012987012987013,0.0103896103896104,0,0.0103896103896104,0,0.0025974025974026,0,0,0.0935064935064935,0,0,0,0,0
RC09-049,forcens_lgm,70,11.184,-58.585,0,0,0.0135746606334842,0,0.00452488687782806,0.0113122171945701,0.0271493212669683,0,0,0,0.00226244343891403,0.0339366515837104,0.00452488687782806,0.0180995475113122,0,0,0,0,0.0407239819004525,0.0135746606334842,0.0158371040723982,0.085972850678733,0.32579185520362,0.178733031674208,0.00452488687782806,0.00226244343891403,0.00678733031674208,0.0475113122171946,0.00904977375565611,0,0,0,0.0339366515837104,0,0,0.108597285067873,0,0,0,0,0
RC09-049,forcens_lgm,85,11.184,-58.585,0,0,0.0100671140939597,0,0,0.0268456375838926,0.0167785234899329,0,0,0,0,0.0503355704697987,0.00335570469798658,0.023489932885906,0,0,0,0.0100671140939597,0.0570469798657718,0.00671140939597316,0.0335570469798658,0.130872483221477,0.305369127516779,0.120805369127517,0.00671140939597316,0,0,0,0.0201342281879195,0,0.0201342281879195,0,0.0335570469798658,0,0,0.11744966442953,0,0,0,0,0
RC09-225,forcens_lgm,135,54.968,-15.385,0,0,0,0,0,0.01,0,0,0,0,0,0,0.01,0.945,0,0,0,0,0.005,0,0,0,0,0,0,0,0,0,0,0,0.01,0,0,0,0,0.02,0,0,0,0,0
RC10-050,forcens_lgm,100,11.767,-81.086,0,0,0.00955414012738853,0.00318471337579618,0,0.00318471337579618,0.0414012738853503,0.00955414012738853,0,0,0.0222929936305732,0.0414012738853503,0.00318471337579618,0,0,0,0,0,0.00318471337579618,0.00636942675159236,0.0382165605095541,0.0254777070063694,0.455414012738854,0.0700636942675159,0,0.00636942675159236,0.00318471337579618,0.0859872611464968,0,0,0,0,0.0191082802547771,0,0,0.14968152866242,0,0,0,0,0
RC13-151,forcens_lgm,60,15.851,-74.784,0,0,0.0144092219020173,0.00288184438040346,0.00288184438040346,0,0.037463976945245,0.00288184438040346,0,0,0.0489913544668588,0.0922190201729107,0.00576368876080692,0,0.00288184438040346,0,0,0,0.0172910662824208,0.00576368876080692,0.0201729106628242,0.0720461095100865,0.423631123919308,0.0720461095100865,0.00864553314121038,0.00576368876080692,0,0.031700288184438,0,0,0,0,0.0144092219020173,0,0.00288184438040346,0.106628242074928,0,0,0,0,0
RC13-152,forcens_lgm,60,16.701,-75.435,0,0,0.00668896321070234,0,0.00334448160535117,0,0.020066889632107,0,0,0,0.0301003344481605,0.0267558528428094,0.00334448160535117,0,0,0,0,0,0.0100334448160535,0,0.0301003344481605,0.0668896321070234,0.581939799331104,0.0501672240802676,0.0100334448160535,0.020066889632107,0,0.0367892976588629,0,0,0,0,0.0100334448160535,0,0,0.0936454849498328,0,0,0,0,0
RC13-158,forcens_lgm,80,13.169,-79.818,0,0,0.00326797385620915,0,0,0,0.0294117647058824,0,0,0,0.0163398692810458,0.0620915032679739,0.0130718954248366,0,0.00326797385620915,0,0,0,0.0163398692810458,0.0065359477124183,0.00980392156862745,0.0849673202614379,0.441176470588235,0.0392156862745098,0.0392156862745098,0.0294117647058824,0,0.0490196078431373,0,0,0,0,0.0196078431372549,0,0.00326797385620915,0.127450980392157,0,0,0,0,0
RC13-159,forcens_lgm,83,14.685,-77.167,0,0,0.00497512437810945,0,0,0.00248756218905473,0.0373134328358209,0.00248756218905473,0,0,0.0447761194029851,0.0721393034825871,0,0,0.0099502487562189,0,0,0,0.0124378109452736,0.00746268656716418,0.00497512437810945,0.0696517412935323,0.365671641791045,0.0870646766169154,0.0248756218905473,0.0248756218905473,0,0.0646766169154229,0.0248756218905473,0,0,0,0.0124378109452736,0,0.00248756218905473,0.111940298507463,0,0,0,0,0
RE05-034,forcens_lgm,40,42.383,-21.967,0,0,0,0,0,0.0659340659340659,0.0021978021978022,0,0,0,0.112087912087912,0.0021978021978022,0.292307692307692,0.0923076923076923,0,0,0,0,0.224175824175824,0.021978021978022,0,0,0.021978021978022,0,0,0.0043956043956044,0,0,0.0021978021978022,0,0.0703296703296703,0,0,0,0,0.0791208791208791,0,0,0,0,0
RE05-036,forcens_lgm,70,46.917,-18.583,0,0,0,0,0,0,0,0,0,0,0,0,0.00884955752212389,0.970501474926254,0,0,0,0,0.00294985250737463,0,0,0,0,0,0,0,0,0,0,0,0.0147492625368732,0,0,0,0,0.00294985250737463,0,0,0,0,0
RE05-054,forcens_lgm,10,25.868,-19.051,0,0,0.00271739130434783,0,0,0.0135869565217391,0.114130434782609,0,0,0,0.157608695652174,0,0.328804347826087,0.00543478260869565,0,0,0,0,0.184782608695652,0,0,0.00271739130434783,0.0760869565217391,0,0.00815217391304348,0.00543478260869565,0,0.016304347826087,0.00543478260869565,0,0.00543478260869565,0.00543478260869565,0,0,0,0.0679347826086957,0,0,0,0,0
RE05-057,forcens_lgm,100,19.652,-19.1,0,0,0,0,0,0.00677200902934537,0,0,0,0,0.106094808126411,0.0225733634311512,0.293453724604966,0.0135440180586907,0,0,0,0,0.397291196388262,0,0.00225733634311512,0.00225733634311512,0.0293453724604966,0.0112866817155756,0.00451467268623025,0.0112866817155756,0,0.0112866817155756,0,0,0.0203160270880361,0,0.00677200902934537,0,0,0.0609480812641084,0,0,0,0,0
RE10-002,forcens_lgm,60,56.984,-12.467,0,0,0,0,0,0.00279329608938547,0,0,0,0,0,0,0.0418994413407821,0.902234636871508,0,0,0,0,0.0279329608938548,0,0,0,0,0,0,0,0,0,0,0,0.0251396648044693,0,0,0,0,0,0,0,0,0,0
SP08-004,forcens_lgm,30,32.818,-18.518,0,0,0,0,0,0.00474683544303798,0.0585443037974684,0,0,0,0.254746835443038,0.00316455696202532,0.151898734177215,0.00316455696202532,0,0,0,0,0.240506329113924,0.0743670886075949,0,0,0.147151898734177,0.00474683544303798,0,0.00632911392405063,0,0.00474683544303798,0.0110759493670886,0,0,0.00474683544303798,0,0,0,0.0300632911392405,0,0,0,0,0
A180-74,forcens_lgm,50,-0.05,-24.167,0,0,0.0139664804469274,0,0.00279329608938547,0.0111731843575419,0.0893854748603352,0.00279329608938547,0,0,0.0893854748603352,0.108938547486034,0.259776536312849,0.00279329608938547,0.00279329608938547,0,0,0,0.0502793296089386,0.0195530726256983,0,0.0223463687150838,0.11731843575419,0.0502793296089386,0.00279329608938547,0,0,0.00837988826815642,0.00279329608938547,0,0.00279329608938547,0,0,0,0,0.120111731843575,0,0,0,0,0
A180-76,forcens_lgm,60,-0.767,-26.033,0,0,0.0161290322580645,0,0,0,0.0766129032258065,0,0,0,0.0685483870967742,0.314516129032258,0.157258064516129,0,0,0,0,0,0.00806451612903226,0,0,0,0.133064516129032,0.104838709677419,0,0.00403225806451613,0,0.00806451612903226,0.00403225806451613,0,0,0.00403225806451613,0.00403225806451613,0,0,0.0887096774193548,0,0,0,0,0
V15-157,forcens_lgm,50,-33.167,-49.783,0,0,0,0.0221238938053097,0.00442477876106195,0.0176991150442478,0.0951327433628319,0.00221238938053097,0,0,0.194690265486726,0.0508849557522124,0.079646017699115,0.00221238938053097,0.00884955752212389,0,0,0,0.0685840707964602,0.0221238938053097,0.0199115044247788,0.0420353982300885,0.201327433628319,0.0221238938053097,0.00221238938053097,0.00663716814159292,0.00221238938053097,0.00221238938053097,0.00442477876106195,0,0.00221238938053097,0,0.00442477876106195,0,0,0.101769911504425,0,0,0,0,0
V16-036,forcens_lgm,42,-19.368,-11.435,0,0,0.0260521042084168,0.00200400801603206,0,0.0220440881763527,0.0761523046092184,0,0,0,0.170340681362725,0.0100200400801603,0.00801603206412826,0,0,0,0,0,0.0180360721442886,0.160320641282565,0.00400801603206413,0.030060120240481,0.208416833667335,0.0801603206412826,0.062124248496994,0.0200400801603206,0.00400801603206413,0.0100200400801603,0.0160320641282565,0,0,0,0.0140280561122245,0,0,0.0480961923847695,0,0,0,0,0
V18-110,forcens_lgm,30,-53.917,-44.7,0,0,0,0,0,0.00341296928327645,0,0,0,0,0.0102389078498294,0,0.00341296928327645,0.972696245733788,0,0,0,0,0.0102389078498294,0,0,0,0,0,0,0,0,0,0,0,0,0,0,0,0,0,0,0,0,0,0
V19-240,forcens_lgm,60,-30.583,13.283,0,0,0,0.0077720207253886,0,0,0.0259067357512953,0,0,0,0.0958549222797927,0.0103626943005181,0.531088082901554,0.0259067357512953,0,0,0,0,0.119170984455959,0.0569948186528497,0,0,0.0207253886010363,0,0,0.0129533678756477,0,0.0233160621761658,0.00259067357512953,0,0.0207253886010363,0,0.00259067357512953,0,0,0.0207253886010363,0,0,0,0,0
V19-248,forcens_lgm,27,-24.567,4.833,0,0,0,0.00719424460431655,0,0.0191846522781775,0.0551558752997602,0,0,0,0.194244604316547,0.0695443645083933,0.206235011990408,0.00479616306954436,0,0,0,0,0.105515587529976,0.0383693045563549,0,0.00479616306954436,0.0575539568345324,0.00239808153477218,0.0311750599520384,0.026378896882494,0,0.0215827338129496,0.0167865707434053,0,0.0191846522781775,0,0.0119904076738609,0,0,0.0815347721822542,0,0,0.00239808153477218,0,0
V19-281,forcens_lgm,50,-3.317,4.65,0,0,0.0170940170940171,0,0.0484330484330484,0.0199430199430199,0,0.0170940170940171,0,0,0.15954415954416,0.0911680911680912,0.0968660968660969,0.0056980056980057,0.00854700854700855,0,0,0,0.11965811965812,0.00854700854700855,0,0.105413105413105,0.108262108262108,0.0712250712250712,0,0.0284900284900285,0,0.0142450142450142,0.0056980056980057,0,0,0,0,0,0,0.056980056980057,0,0,0,0,0
V19-283,forcens_lgm,79,-1.283,5.533,0,0,0.053941908713693,0,0.0228215767634855,0.0103734439834025,0.0020746887966805,0.0145228215767635,0,0,0.107883817427386,0.141078838174274,0.16804979253112,0,0.00829875518672199,0,0,0,0.0394190871369295,0.004149377593361,0,0.161825726141079,0.118257261410788,0.053941908713693,0.0020746887966805,0.0228215767634855,0,0.0103734439834025,0.012448132780083,0,0.0020746887966805,0,0.004149377593361,0.004149377593361,0,0.029045643153527,0,0,0,0,0
V20-212,forcens_lgm,20,-28.217,-10.033,0,0,0.00284090909090909,0.0255681818181818,0.00284090909090909,0.0482954545454545,0.0909090909090909,0,0,0,0.167613636363636,0,0.0369318181818182,0.00852272727272727,0,0,0,0,0.0198863636363636,0.125,0.00568181818181818,0.0369318181818182,0.176136363636364,0.0113636363636364,0.0369318181818182,0.0255681818181818,0.00852272727272727,0.0170454545454545,0.0142045454545455,0,0,0,0.0227272727272727,0,0,0.105113636363636,0,0,0.00284090909090909,0,0
V20-227,forcens_lgm,80,-4.233,-34.633,0,0,0.0228571428571429,0,0.00285714285714286,0,0.102857142857143,0,0,0,0.0371428571428571,0.105714285714286,0.0114285714285714,0,0,0,0,0,0,0,0,0.00857142857142857,0.317142857142857,0.182857142857143,0,0,0.00571428571428571,0.0342857142857143,0.0114285714285714,0,0,0,0.00285714285714286,0,0,0.137142857142857,0,0,0,0,0
V20-228,forcens_lgm,61,-2.483,-36.417,0,0,0.0150862068965517,0,0.00646551724137931,0.0021551724137931,0.0021551724137931,0,0,0,0,0.0948275862068965,0.0129310344827586,0,0.00431034482758621,0,0,0,0.0021551724137931,0.0129310344827586,0,0.129310344827586,0.383620689655172,0.202586206896552,0.0107758620689655,0.0021551724137931,0,0.0280172413793103,0.00431034482758621,0,0,0,0.00646551724137931,0,0.0021551724137931,0.0646551724137931,0,0,0,0,0
V22-038,forcens_lgm,40,-9.55,-34.25,0,0,0.00881057268722467,0,0,0,0.0176211453744493,0,0,0,0,0.00440528634361234,0,0,0,0,0,0,0,0,0.0066079295154185,0.026431718061674,0.702643171806168,0.112334801762115,0.00881057268722467,0.0066079295154185,0,0.0066079295154185,0.0066079295154185,0,0,0,0.00440528634361234,0,0.00440528634361234,0.0682819383259912,0,0,0,0,0
V22-038,forcens_lgm,37.5,-9.55,-34.25,0,0,0.00280112044817927,0,0.00280112044817927,0.00280112044817927,0.030812324929972,0.00280112044817927,0,0,0,0.0140056022408964,0.00280112044817927,0,0,0,0,0,0.00840336134453782,0,0.0140056022408964,0.0420168067226891,0.669467787114846,0.134453781512605,0,0.00560224089635854,0,0.00840336134453782,0.0168067226890756,0,0,0,0,0,0.0140056022408964,0.0280112044817927,0,0,0,0,0
V22-168,forcens_lgm,31,-17.467,-5.183,0,0,0.0206185567010309,0,0,0.00257731958762887,0.172680412371134,0,0,0,0.34020618556701,0.0335051546391753,0.095360824742268,0.00515463917525773,0.00515463917525773,0,0,0,0.0257731958762887,0.0231958762886598,0.00257731958762887,0,0.100515463917526,0.0567010309278351,0,0.0309278350515464,0,0.0206185567010309,0.00257731958762887,0,0,0,0,0,0,0.0360824742268041,0,0,0.0077319587628866,0,0
V22-171,forcens_lgm,20,-13.1,-9.333,0,0,0.0247252747252747,0,0.00274725274725275,0.0164835164835165,0.0384615384615385,0,0,0,0.0824175824175824,0.0274725274725275,0.0631868131868132,0,0,0,0,0,0.0164835164835165,0.134615384615385,0.0054945054945055,0.021978021978022,0.263736263736264,0.0467032967032967,0.0137362637362637,0.0054945054945055,0.00274725274725275,0.0247252747252747,0.0247252747252747,0,0,0,0.0164835164835165,0,0.00274725274725275,0.14010989010989,0,0,0.00274725274725275,0,0
V22-171,forcens_lgm,20,-13.1,-9.333,0,0,0.0285714285714286,0.00317460317460317,0,0.00317460317460317,0.0412698412698413,0,0,0,0.0603174603174603,0.0380952380952381,0.0571428571428571,0,0,0,0,0,0.0444444444444444,0.117460317460317,0.00634920634920635,0.0190476190476191,0.241269841269841,0.0888888888888889,0.0222222222222222,0.00634920634920635,0.00634920634920635,0.0317460317460317,0.0222222222222222,0,0,0,0.00317460317460317,0,0.00317460317460317,0.13015873015873,0,0,0,0,0
V22-172,forcens_lgm,20,-12.667,-9.817,0,0,0.0368794326241135,0.00141843971631206,0.00141843971631206,0.00851063829787234,0.049645390070922,0,0,0,0.104964539007092,0.0524822695035461,0.049645390070922,0,0.00283687943262411,0,0,0,0.0198581560283688,0.123404255319149,0.0113475177304965,0.0226950354609929,0.24113475177305,0.0851063829787234,0.0212765957446809,0.00425531914893617,0.00425531914893617,0.0198581560283688,0.0198581560283688,0,0.00283687943262411,0.00141843971631206,0.00567375886524823,0,0.00141843971631206,0.0893617021276596,0,0,0.00141843971631206,0,0
V22-177,forcens_lgm,70,-7.75,-14.601,0,0,0.0203160270880361,0,0.0112866817155756,0.0158013544018059,0.0383747178329571,0,0,0,0.103837471783296,0.112866817155756,0.121896162528217,0,0.00451467268623025,0,0,0,0.0225733634311512,0,0.00225733634311512,0.054176072234763,0.169300225733634,0.139954853273138,0.00225733634311512,0.0225733634311512,0.00225733634311512,0.036117381489842,0.0090293453724605,0,0,0,0.0203160270880361,0,0.00225733634311512,0.072234762979684,0,0,0,0,0
V22-177,forcens_lgm,63,-7.75,-14.601,0,0,0.0589812332439678,0,0.00536193029490617,0.0107238605898123,0.0482573726541555,0,0,0,0.144772117962467,0.0938337801608579,0.0750670241286863,0,0,0,0,0,0.0616621983914209,0.0241286863270777,0,0.0428954423592493,0.11260053619303,0.115281501340483,0,0.0134048257372654,0,0.0134048257372654,0.0241286863270777,0,0,0,0.0294906166219839,0,0,0.123324396782842,0,0,0,0,0
V22-182,forcens_lgm,71,-0.535,-17.267,0,0,0.0157790927021696,0,0,0,0.0591715976331361,0,0,0,0.140039447731755,0.209072978303748,0.254437869822485,0.0118343195266272,0.00394477317554241,0,0.0019723865877712,0,0.0512820512820513,0.00394477317554241,0,0.00986193293885602,0.0946745562130178,0.0690335305719921,0.0019723865877712,0.0019723865877712,0.0019723865877712,0.00788954635108481,0.00394477317554241,0,0.0019723865877712,0,0,0,0,0.0512820512820513,0,0,0,0,0
V22-182,forcens_lgm,72,-0.535,-17.267,0,0,0.0467836257309942,0,0,0,0.0555555555555556,0,0,0,0.0935672514619883,0.251461988304094,0.181286549707602,0.0116959064327485,0,0,0,0,0.064327485380117,0.00584795321637427,0,0.0175438596491228,0.111111111111111,0.0409356725146199,0.00292397660818713,0.00584795321637427,0,0,0.0087719298245614,0,0,0,0,0,0,0.0964912280701754,0,0,0,0,0
V24-221,forcens_lgm,30,-32.033,-2.817,0,0,0.00271739130434783,0.0434782608695652,0,0.00543478260869565,0.0923913043478261,0,0,0,0.247282608695652,0,0.144021739130435,0.00271739130434783,0,0,0,0,0.0842391304347826,0.220108695652174,0.00271739130434783,0,0.0733695652173913,0.00271739130434783,0,0.0217391304347826,0,0.00543478260869565,0,0,0.00815217391304348,0,0,0,0,0.016304347826087,0,0,0.00271739130434783,0,0
V24-229,forcens_lgm,30,-34.45,-10.6,0,0,0.003003003003003,0.036036036036036,0,0.00600600600600601,0.0840840840840841,0,0,0,0.171171171171171,0,0.279279279279279,0,0,0,0,0,0.177177177177177,0.156156156156156,0,0,0.042042042042042,0,0,0,0,0,0,0,0.018018018018018,0,0,0,0,0.015015015015015,0,0,0,0,0
V24-235,forcens_lgm,10,-33.25,-19.55,0,0,0,0.0280112044817927,0,0.0336134453781513,0.11484593837535,0,0,0,0.168067226890756,0,0.140056022408964,0.00280112044817927,0,0,0,0,0.0532212885154062,0.254901960784314,0.00280112044817927,0,0.140056022408964,0.00280112044817927,0.00560224089635854,0.00280112044817927,0.00280112044817927,0.00560224089635854,0.00560224089635854,0,0,0,0.00280112044817927,0,0,0.0140056022408964,0,0,0,0,0
V24-237,forcens_lgm,10,-32.2,-26.733,0,0,0,0.0323529411764706,0,0.0147058823529412,0.0705882352941176,0,0,0,0.147058823529412,0.00294117647058824,0.441176470588235,0.00588235294117647,0,0,0,0,0.00588235294117647,0.0676470588235294,0,0,0.173529411764706,0.00588235294117647,0.00294117647058824,0.00294117647058824,0,0.00882352941176471,0,0,0,0,0,0,0,0.00588235294117647,0,0,0,0,0
V24-240,forcens_lgm,20,-31.733,-28.2,0,0,0,0.0320855614973262,0,0,0.0802139037433155,0,0,0,0.141711229946524,0,0.473262032085562,0.00802139037433155,0,0,0,0,0.018716577540107,0.0347593582887701,0.0106951871657754,0,0.157754010695187,0.00802139037433155,0,0.0053475935828877,0.0053475935828877,0.00267379679144385,0,0,0,0,0,0,0,0.0053475935828877,0,0,0,0,0
V26-053,forcens_lgm,50,0.3,-14.8,0,0,0.101321585903084,0,0.00220264317180617,0.00440528634361234,0.0176211453744493,0,0,0,0.0066079295154185,0.715859030837004,0.0308370044052863,0,0,0,0,0,0.00220264317180617,0,0,0,0.0110132158590308,0.0682819383259912,0,0,0.0066079295154185,0.0066079295154185,0,0,0,0,0,0,0,0.0242290748898678,0,0,0,0,0
V26-063,forcens_lgm,30,-23.952,-37.951,0,0,0,0.00735294117647059,0,0.00980392156862745,0.0367647058823529,0,0,0,0.0833333333333333,0.00735294117647059,0,0,0,0,0,0,0.0269607843137255,0.0220588235294118,0.00245098039215686,0.0196078431372549,0.514705882352941,0.0367647058823529,0.0269607843137255,0,0.00490196078431373,0.00490196078431373,0.00490196078431373,0,0,0,0.00980392156862745,0,0,0.169117647058824,0,0,0,0,0
V26-082,forcens_lgm,20,-27.751,-40.385,0,0,0.00487804878048781,0.00731707317073171,0.0024390243902439,0.0341463414634146,0.0487804878048781,0,0,0,0.0804878048780488,0.00487804878048781,0.0170731707317073,0,0,0,0,0,0.024390243902439,0.024390243902439,0.0195121951219512,0.0487804878048781,0.387804878048781,0.051219512195122,0.0195121951219512,0.0024390243902439,0.0024390243902439,0.0292682926829268,0,0,0,0,0.0219512195121951,0,0,0.14390243902439,0,0,0,0,0
V27-228,forcens_lgm,90,-10.068,11.435,0,0,0.010230179028133,0,0.0051150895140665,0.00767263427109975,0,0.00767263427109975,0,0,0.0485933503836317,0.0460358056265985,0.286445012787724,0.00255754475703325,0.00255754475703325,0,0,0,0.0179028132992327,0.0051150895140665,0,0.148337595907928,0.0997442455242967,0.158567774936061,0,0.00255754475703325,0,0.0358056265984655,0.010230179028133,0,0,0,0.0051150895140665,0,0,0.051150895140665,0,0,0,0,0
V27-232,forcens_lgm,60,-0.219,7.535,0,0,0.04,0,0,0.00615384615384615,0.00615384615384615,0,0,0,0.00923076923076923,0.153846153846154,0.0769230769230769,0,0,0,0,0,0.0615384615384615,0.00307692307692308,0,0.243076923076923,0.153846153846154,0.101538461538462,0,0.0184615384615385,0.00307692307692308,0.0153846153846154,0.0184615384615385,0,0,0,0.00307692307692308,0,0,0.0461538461538462,0,0,0,0,0
V27-239,forcens_lgm,20,-7.819,-1.502,0,0,0.0540540540540541,0,0.00540540540540541,0.0027027027027027,0.0027027027027027,0,0,0,0.205405405405405,0.27027027027027,0.183783783783784,0,0.00540540540540541,0,0,0,0.0540540540540541,0.00540540540540541,0,0.00540540540540541,0.0432432432432432,0.0756756756756757,0,0.0378378378378378,0.0027027027027027,0.00810810810810811,0.00540540540540541,0,0,0,0.0027027027027027,0,0,0.0189189189189189,0,0,0,0,0
RC08-018,forcens_lgm,20,-24.067,-15.117,0,0,0.0050125313283208,0.012531328320802,0.0025062656641604,0.0150375939849624,0.0325814536340852,0,0,0,0.110275689223058,0.0025062656641604,0.0050125313283208,0.012531328320802,0,0,0,0,0.025062656641604,0.0476190476190476,0.0075187969924812,0.0275689223057644,0.31328320802005,0.075187969924812,0.06265664160401,0.0100250626566416,0.0100250626566416,0.0451127819548872,0.0075187969924812,0,0,0,0.0451127819548872,0,0.0025062656641604,0.115288220551378,0,0,0,0,0
RC11-021,forcens_lgm,30,-17.252,-35.967,0,0,0.00515463917525773,0,0.00257731958762887,0.0103092783505155,0.0077319587628866,0,0,0,0.0128865979381443,0,0,0,0,0,0,0,0.0077319587628866,0.0077319587628866,0.00515463917525773,0.00257731958762887,0.657216494845361,0.038659793814433,0.0180412371134021,0.0103092783505155,0,0.0128865979381443,0.0077319587628866,0,0,0,0.0103092783505155,0,0.0154639175257732,0.139175257731959,0,0,0,0,0
RC11-026,forcens_lgm,30,-28.583,-30.051,0,0,0.0121065375302663,0.0169491525423729,0,0.0121065375302663,0.0968523002421307,0,0,0,0.099273607748184,0,0.0314769975786925,0.00242130750605327,0,0,0,0,0.0338983050847458,0.0508474576271187,0.0217917675544794,0.0193704600484262,0.401937046004843,0.0217917675544794,0.0145278450363196,0.0145278450363196,0.00242130750605327,0.0387409200968523,0.0145278450363196,0,0,0,0.0193704600484262,0,0.00242130750605327,0.0484261501210654,0,0,0,0,0
RC11-086,forcens_lgm,45,-35.78,18.45,0,0,0.00721153846153846,0.00240384615384615,0,0,0.00721153846153846,0,0,0,0.15625,0.0649038461538462,0.480769230769231,0.0408653846153846,0,0,0,0,0.0721153846153846,0.0264423076923077,0,0,0.0192307692307692,0.0120192307692308,0,0.00480769230769231,0,0.0288461538461538,0.00480769230769231,0,0.00961538461538462,0,0.00480769230769231,0,0,0.0264423076923077,0,0,0,0,0
RC12-234,forcens_lgm,70,-55.135,-63.985,0,0,0,0,0,0,0,0,0,0,0.010443864229765,0,0.0182767624020888,0.866840731070496,0,0,0,0,0.0913838120104439,0,0,0,0,0,0,0,0,0,0,0,0,0,0,0,0,0.00261096605744125,0,0,0,0,0
RC12-241,forcens_lgm,70,-43.467,-57.651,0,0,0,0,0,0.00289017341040462,0.0491329479768786,0,0,0,0.242774566473988,0,0.0895953757225434,0.234104046242775,0,0,0,0,0.315028901734104,0,0,0,0,0,0,0,0,0,0,0,0.0115606936416185,0,0,0,0,0.0144508670520231,0,0,0,0,0
RC12-291,forcens_lgm,80,-42.584,-17.8,0,0,0.0186335403726708,0,0,0,0.015527950310559,0,0,0,0.211180124223602,0,0.232919254658385,0.245341614906832,0,0,0,0,0.149068322981366,0.0031055900621118,0,0,0.0031055900621118,0,0,0,0,0,0,0,0.0807453416149068,0,0,0,0,0.015527950310559,0,0,0,0,0
RC13-197,forcens_lgm,110,4.517,-0.718,0,0,0.0486725663716814,0,0.00884955752212389,0.00221238938053097,0.0132743362831858,0,0,0,0.0176991150442478,0.101769911504425,0.221238938053097,0.00221238938053097,0.00221238938053097,0,0,0,0.11283185840708,0,0,0.188053097345133,0.130530973451327,0.0752212389380531,0,0.00221238938053097,0,0.00663716814159292,0.0110619469026549,0,0,0,0.0154867256637168,0,0,0.0132743362831858,0,0,0,0,0
RC13-205,forcens_lgm,50,-2.284,5.183,0,0,0.043731778425656,0,0.0204081632653061,0.0116618075801749,0,0.0087463556851312,0,0,0.075801749271137,0.142857142857143,0.230320699708455,0.00291545189504373,0.00291545189504373,0,0,0,0.0291545189504373,0.0262390670553936,0,0.075801749271137,0.087463556851312,0.0845481049562682,0.0087463556851312,0.0262390670553936,0,0.00291545189504373,0.00583090379008746,0,0,0,0.0145772594752187,0,0,0.0816326530612245,0,0,0,0,0
RC13-210,forcens_lgm,40,-9.135,-10.601,0,0,0.0496083550913838,0,0.00261096605744125,0.00783289817232376,0.0287206266318538,0.00261096605744125,0,0,0.117493472584856,0.10443864229765,0.101827676240209,0,0,0,0,0,0.031331592689295,0.02088772845953,0.00783289817232376,0.0496083550913838,0.180156657963446,0.143603133159269,0.00261096605744125,0.0182767624020888,0,0.0156657963446475,0.010443864229765,0,0,0,0.00522193211488251,0,0,0.0678851174934726,0,0,0,0,0
RC13-227,forcens_lgm,40,-21.869,8.868,0,0,0.00267379679144385,0.00267379679144385,0,0.00267379679144385,0.00267379679144385,0,0,0,0.144385026737968,0.0160427807486631,0.524064171122995,0.0935828877005348,0,0,0,0,0.117647058823529,0.0106951871657754,0,0,0.0267379679144385,0.0053475935828877,0,0.00802139037433155,0.00802139037433155,0.00267379679144385,0,0,0.0053475935828877,0,0,0,0,0.0053475935828877,0,0,0,0,0
RC15-093,forcens_lgm,102,-46.086,-13.218,0,0,0.00313479623824451,0,0,0.00313479623824451,0.0125391849529781,0,0,0,0.0564263322884013,0,0.0282131661442006,0.520376175548589,0,0,0,0,0.206896551724138,0,0,0,0,0,0,0,0,0,0,0,0.141065830721003,0,0,0,0,0.0219435736677116,0,0,0,0,0
RC15-094,forcens_lgm,120,-42.969,-20.851,0,0,0,0,0,0,0.013215859030837,0,0,0,0.23568281938326,0,0.20704845814978,0.460352422907489,0,0,0,0,0.0484581497797357,0,0,0,0,0,0,0,0,0,0,0,0.00881057268722467,0,0,0,0,0.0176211453744493,0,0,0,0,0
RC14-039,forcens_lgm,70,5.85,90.517,0,0,0.00413223140495868,0,0.0991735537190083,0.00206611570247934,0,0.0144628099173554,0,0,0,0.196280991735537,0,0,0.0971074380165289,0.0268595041322314,0.0227272727272727,0,0.0991735537190083,0.012396694214876,0.0144628099173554,0,0.15495867768595,0.0599173553719008,0.00413223140495868,0.00413223140495868,0.00826446280991736,0.0330578512396694,0.0103305785123967,0,0,0,0.0144628099173554,0,0,0.119834710743802,0,0,0.00206611570247934,0,0
RC8-94,forcens_lgm,16,-27.283,-102.083,0.00051282051282051,0,0.0317948717948718,0,0.00205128205128205,0,0.0830769230769231,0.00102564102564103,0,0,0.0102564102564103,0,0,0,0,0.00153846153846154,0.00615384615384615,0,0.0312820512820513,0.0461538461538462,0.153846153846154,0,0.328205128205128,0.00974358974358974,0.0666666666666667,0.0117948717948718,0.0041025641025641,0.00923076923076923,0.0194871794871795,0,0,0,0.00769230769230769,0,0.00102564102564103,0.155384615384615,0,0,0.00615384615384615,0,0
RC9-124,forcens_lgm,40,-28.75,172.6,0,0,0.0740072202166065,0.0108303249097473,0,0.00090252707581227,0.0315884476534296,0,0,0,0.167870036101083,0.0126353790613718,0.117328519855596,0,0.00090252707581227,0,0,0,0.11913357400722,0.207581227436823,0.0333935018050542,0,0.0992779783393502,0.0135379061371841,0.00992779783393502,0.00541516245487365,0.00180505415162455,0.0324909747292419,0.00902527075812274,0,0.00451263537906137,0,0,0,0,0.0451263537906137,0,0,0.00090252707581227,0,0
RC9-126,forcens_lgm,30,-33.233,168.733,0,0,0.028816199376947,0,0,0,0.0334890965732087,0,0,0,0.25,0.0373831775700935,0.21183800623053,0.00233644859813084,0.00233644859813084,0,0,0,0.191588785046729,0.109034267912773,0,0,0.0545171339563863,0.00233644859813084,0.00233644859813084,0.014018691588785,0,0.0179127725856698,0.00233644859813084,0,0.00545171339563863,0,0.00077881619937694,0,0,0.0311526479750779,0,0,0,0,0
RC10-97,forcens_lgm,44,0.917,-134.317,0,0,0.0138364779874214,0,0.132075471698113,0,0.00125786163522013,0.144654088050314,0,0,0.00628930817610063,0.236477987421384,0.125786163522013,0,0.223899371069182,0.0213836477987421,0.00125786163522013,0,0.0238993710691824,0,0,0,0.0125786163522013,0.00880503144654088,0,0,0.0050314465408805,0.0176100628930818,0,0,0,0,0,0,0,0.0251572327044025,0,0,0,0,0
RC10-11,forcens_lgm,20,-11.183,-162.917,0,0,0,0,0,0,0,0.00411099691675231,0,0,0,0.00205549845837616,0,0,0.0092497430626927,0,0,0,0.00822199383350463,0,0.0626927029804728,0,0.40082219938335,0.0544707091469681,0.0472764645426516,0.00205549845837616,0.00205549845837616,0.0318602261048304,0.0123329907502569,0,0,0,0.0174717368961973,0.00102774922918808,0,0.339157245632066,0,0,0,0,0
RC10-16,forcens_lgm,9,33.083,158,0,0,0.0240963855421687,0,0,0.00481927710843374,0.0216867469879518,0,0,0,0.426506024096386,0.192771084337349,0.146987951807229,0.00240963855421687,0,0,0,0,0.118072289156627,0.00481927710843374,0,0,0.0192771084337349,0,0,0.0265060240963855,0,0,0.00240963855421687,0,0.00240963855421687,0,0,0,0,0.00481927710843374,0,0,0.00240963855421687,0,0
RC11-210,forcens_lgm,40,1.817,-140.05,0,0,0.134275618374558,0,0.106007067137809,0,0,0.190812720848057,0,0,0.00353356890459364,0.197879858657244,0.0530035335689046,0,0.166077738515901,0.0141342756183746,0.00353356890459364,0,0.0318021201413428,0.00353356890459364,0,0,0.0282685512367491,0.0176678445229682,0.00353356890459364,0.00353356890459364,0.00353356890459364,0.0106007067137809,0.00353356890459364,0,0,0,0.0106007067137809,0,0,0.00353356890459364,0,0,0,0,0
RC11-213,forcens_lgm,15,-6.133,-140.85,0,0,0.00857142857142857,0,0.0257142857142857,0,0,0.0371428571428571,0,0,0,0.06,0.00428571428571429,0,0.0985714285714286,0.0728571428571429,0.00428571428571429,0,0.0828571428571429,0.00285714285714286,0.0257142857142857,0.00142857142857143,0.141428571428571,0.0657142857142857,0.05,0.00142857142857143,0.00285714285714286,0.04,0.00571428571428571,0,0,0.00142857142857143,0.0142857142857143,0,0,0.228571428571429,0,0,0,0,0
RC11-22,forcens_lgm,30,-14.817,-139.967,0.003,0,0.001,0.001,0,0,0,0.013,0,0,0,0.001,0,0,0.002,0.004,0.007,0,0.017,0.002,0.014,0.012,0.43,0.059,0.073,0.002,0,0.018,0.016,0,0,0.002,0.02,0.001,0.002,0.285,0,0,0.008,0,0
RC11-23,forcens_lgm,45,-8.8,-110.8,0,0,0.0013986013986014,0,0.0643356643356643,0,0,0.041958041958042,0,0,0.0027972027972028,0.131468531468531,0.0811188811188811,0,0.041958041958042,0.0307692307692308,0.0293706293706294,0,0.0699300699300699,0,0.0237762237762238,0,0.128671328671329,0.0587412587412587,0.0013986013986014,0.00839160839160839,0.0013986013986014,0.0153846153846154,0.0041958041958042,0,0.0013986013986014,0.0041958041958042,0.0041958041958042,0,0,0.237762237762238,0,0,0,0,0
RC12-10,forcens_lgm,40,-26,169.2,0,0,0.0603378921962993,0.00160901045856798,0.00643604183427192,0.00321802091713596,0.0168946098149638,0,0,0,0.158487530168946,0.0185036202735318,0.0321802091713596,0,0.00160901045856798,0,0,0,0.082059533386967,0.144810941271118,0.0683829444891392,0,0.20353982300885,0.0297666934835076,0.0080450522928399,0.0168946098149638,0.00241351568785197,0.0337892196299276,0.0176991150442478,0,0.00080450522928399,0,0,0,0,0.0893000804505229,0,0,0,0,0
RC12-36,forcens_lgm,20,15.1,124.133,0,0,0.0061633281972265,0,0.0107858243451464,0,0.0061633281972265,0,0,0,0,0.024653312788906,0,0,0.0107858243451464,0,0,0,0.0539291217257319,0.00462249614791988,0.117103235747304,0.012326656394453,0.400616332819723,0.164869029275809,0.024653312788906,0.0061633281972265,0.00462249614791988,0.0323574730354391,0.0184899845916795,0,0,0,0.0061633281972265,0.0184899845916795,0.00154083204930663,0.061633281972265,0,0,0,0,0
RC13-17,forcens_lgm,30,19.083,-170.067,0,0,0.0305343511450382,0,0.221374045801527,0,0.0381679389312977,0.122137404580153,0,0,0.0229007633587786,0.0114503816793893,0.00381679389312977,0,0.0114503816793893,0.00381679389312977,0.00381679389312977,0,0.0229007633587786,0,0.125954198473282,0.00381679389312977,0.106870229007634,0.0267175572519084,0,0.00763358778625954,0.0114503816793893,0.00381679389312977,0.00381679389312977,0,0,0,0,0.152671755725191,0,0.00381679389312977,0,0,0,0,0
RC13-81,forcens_lgm,10,-19.017,-124.233,0,0,0.00735294117647059,0,0.00459558823529412,0,0.00229779411764706,0.0349264705882353,0,0,0,0.00183823529411765,0,0,0.00735294117647059,0.0174632352941176,0.00367647058823529,0,0.0183823529411765,0,0.106158088235294,0,0.379136029411765,0.0473345588235294,0.0211397058823529,0.00183823529411765,0.00229779411764706,0.0202205882352941,0.00965073529411765,0.00045955882352941,0,0.00137867647058824,0.00183823529411765,0.00137867647058824,0.00045955882352941,0.284007352941176,0,0,0,0,0
RC13-11,forcens_lgm,50,-1.65,-103.633,0,0,0.015358361774744,0,0.0853242320819113,0,0,0.00511945392491468,0,0,0.0802047781569966,0.206484641638225,0.464163822525597,0,0.015358361774744,0.00341296928327645,0.00341296928327645,0,0.052901023890785,0.00170648464163823,0,0,0.0204778156996587,0.0068259385665529,0,0.00511945392491468,0,0.0068259385665529,0,0,0,0,0.00170648464163823,0,0,0.0255972696245734,0,0,0,0,0
V18-312,forcens_lgm,25,-2.85,-126.2,0,0,0.010752688172043,0,0.172043010752688,0,0,0.100358422939068,0,0,0,0.247311827956989,0.161290322580645,0,0.10752688172043,0.010752688172043,0,0,0.039426523297491,0,0,0,0.0645161290322581,0.003584229390681,0,0,0,0.003584229390681,0,0,0,0,0.00716845878136201,0,0,0.0609318996415771,0,0,0,0,0
V18-318,forcens_lgm,15,3.167,-118.467,0,0,0.00333333333333333,0,0.173333333333333,0,0,0.13,0,0,0,0.513333333333333,0.0366666666666667,0,0.05,0.00666666666666667,0,0,0.00666666666666667,0,0.00333333333333333,0,0.02,0.03,0,0,0.00333333333333333,0.01,0,0,0,0,0,0,0,0.0133333333333333,0,0,0,0,0
V19-29,forcens_lgm,120,-3.583,-83.933,0,0,0.00083542188805346,0,0.00167084377610693,0,0,0,0,0,0.177944862155388,0.201336675020886,0.22639933166249,0.0559732664995823,0,0,0,0,0.275689223057644,0,0,0,0.00167084377610693,0.0025062656641604,0,0.00083542188805346,0.00083542188805346,0.00083542188805346,0,0,0.0434419381787803,0,0.00083542188805346,0,0,0.00835421888053467,0,0,0,0,0
V19-29,forcens_lgm,120,-3.583,-83.933,0,0,0.00418760469011725,0,0.00921273031825796,0,0,0,0,0,0.181742043551089,0.327470686767169,0.134840871021776,0.0251256281407035,0.00083752093802345,0,0,0,0.239530988274707,0,0,0,0.0016750418760469,0.00251256281407035,0,0.00586264656616415,0.00083752093802345,0.00753768844221106,0.00753768844221106,0,0.0318257956448911,0,0.00083752093802345,0,0,0.0184254606365159,0,0,0,0,0
V 19-53,forcens_lgm,45,-17.017,-113.517,0,0,0.0140845070422535,0,0.14612676056338,0,0.00176056338028169,0.318661971830986,0,0,0,0.0404929577464789,0.00176056338028169,0,0.177816901408451,0.11443661971831,0,0,0.00528169014084507,0,0.0933098591549296,0,0.00352112676056338,0.0158450704225352,0,0,0,0.00352112676056338,0.00176056338028169,0,0,0,0,0.00880281690140845,0,0.0528169014084507,0,0,0,0,0
V 19-55,forcens_lgm,23,-17,-114.183,0.00108813928182807,0,0.00163220892274211,0,0.0179542981501632,0,0,0.0331882480957563,0,0,0.00272034820457019,0.0136017410228509,0,0,0.0495103373231774,0.0462459194776931,0.00163220892274211,0,0.0369967355821545,0,0.0337323177366703,0,0.219804134929271,0.0527747551686616,0.0239390642002176,0.00108813928182807,0.00108813928182807,0.0179542981501632,0.00598476605005441,0.00108813928182807,0,0.00272034820457019,0.00652883569096844,0.00108813928182807,0,0.342763873775843,0.00054406964091403,0,0,0,0
V 19-64,forcens_lgm,15,-16.933,-121.2,0,0,0.00217627856365615,0,0.0108813928182807,0,0,0.0108813928182807,0,0,0,0.00217627856365615,0,0,0.015233949945593,0.0217627856365615,0.0043525571273123,0,0.0261153427638738,0.00108813928182807,0.0642002176278564,0,0.315560391730141,0.0576713819368879,0.0315560391730141,0.00108813928182807,0.00108813928182807,0.0174102285092492,0.00761697497279652,0,0,0.00108813928182807,0.0043525571273123,0.00217627856365615,0.00108813928182807,0.369967355821545,0,0,0,0,0
V 19-65,forcens_lgm,15,-16.65,-124.383,0,0,0.00325520833333333,0,0.01171875,0,0.00065104166666666,0.04296875,0,0,0.00065104166666666,0.005859375,0,0,0.0234375,0.0325520833333333,0.00716145833333333,0,0.0123697916666667,0,0.0625,0,0.325520833333333,0.0475260416666667,0.00716145833333333,0.00130208333333333,0.00130208333333333,0.0188802083333333,0.0104166666666667,0,0,0.00325520833333333,0.00260416666666667,0.00455729166666667,0.00065104166666666,0.345052083333333,0,0,0.00065104166666666,0,0
V 19-96,forcens_lgm,15,0.867,172,0,0,0.0129032258064516,0,0.0193548387096774,0,0,0.0645161290322581,0,0,0,0.132258064516129,0.00645161290322581,0,0.280645161290323,0.00645161290322581,0,0,0.106451612903226,0,0.0290322580645161,0,0.0935483870967742,0.0967741935483871,0.0032258064516129,0,0,0.0387096774193548,0,0,0,0,0,0,0,0.109677419354839,0,0,0,0,0
V 20-11,forcens_lgm,20,47.95,168.783,0,0,0,0,0,0,0,0,0,0,0,0,0.0163551401869159,0.88785046728972,0,0,0,0,0.0327102803738318,0,0,0,0.00233644859813084,0,0,0,0,0,0,0,0.0607476635514019,0,0,0,0,0,0,0,0,0,0
V 21-30,forcens_lgm,250,-1.217,-89.683,0,0,0.00064474532559638,0,0.011605415860735,0.00128949065119278,0,0,0,0,0.141199226305609,0.150225660863959,0.174081237911025,0.00257898130238556,0,0,0,0,0.427466150870406,0,0.00064474532559638,0,0.0245003223726628,0.00257898130238556,0.00128949065119278,0.00451321727917473,0,0.00064474532559638,0,0,0.0322372662798195,0,0.00322372662798195,0,0,0.0193423597678917,0,0,0,0,0
V 21-33,forcens_lgm,45,-3.8,-92.083,0,0,0.00166389351081531,0,0.0349417637271215,0,0,0,0,0,0.196339434276206,0.352745424292845,0.214642262895175,0,0.00665557404326123,0,0,0,0.123128119800333,0,0,0,0.00332778702163062,0.00166389351081531,0,0.00332778702163062,0,0.00166389351081531,0,0,0,0,0,0,0,0.0599001663893511,0,0,0,0,0
V 21-14,forcens_lgm,70,37.683,163.033,0,0,0,0,0,0,0.0246913580246914,0,0,0,0.553086419753086,0.0148148148148148,0.17283950617284,0.0395061728395062,0.00246913580246914,0,0,0,0.0666666666666667,0,0,0,0.00493827160493827,0,0,0.00246913580246914,0,0,0,0,0.00493827160493827,0,0,0,0,0.108641975308642,0,0,0,0,0
V28-201,forcens_lgm,20,2.767,-173.933,0,0,0.00123456790123457,0,0.00123456790123457,0,0,0.00246913580246914,0,0,0,0.0037037037037037,0,0,0.0901234567901234,0.00987654320987654,0,0,0.154320987654321,0,0.0320987654320988,0,0.225925925925926,0.0716049382716049,0.0197530864197531,0,0,0.0345679012345679,0.0123456790123457,0,0,0.00123456790123457,0.0567901234567901,0.00123456790123457,0.00123456790123457,0.271604938271605,0,0,0,0,0
V28-203,forcens_lgm,40,0.95,-179.417,0,0,0.01171875,0,0.01171875,0.0009765625,0,0.025390625,0,0,0,0.0478515625,0,0,0.140625,0.0224609375,0,0,0.091796875,0.0009765625,0.01171875,0,0.2744140625,0.0751953125,0.013671875,0.001953125,0.0009765625,0.046875,0.0048828125,0,0,0,0.0107421875,0,0,0.1923828125,0,0,0,0,0
V 28-23,forcens_lgm,20,-5.5,166.75,0,0,0.00440528634361234,0,0.0066079295154185,0.00440528634361234,0.00220264317180617,0.00330396475770925,0,0,0,0.0594713656387665,0,0,0.0286343612334802,0.00110132158590308,0.00110132158590308,0,0.0770925110132159,0.00110132158590308,0.0165198237885463,0.00220264317180617,0.383259911894273,0.0770925110132159,0.0110132158590308,0,0.00110132158590308,0.0220264317180617,0.0176211453744493,0,0,0,0.0154185022026432,0,0,0.255506607929515,0,0,0,0,0
V 28-24,forcens_lgm,20,11.067,138.533,0,0,0,0,0.0124925639500297,0,0.00059488399762046,0,0,0,0,0.0249851279000595,0.00059488399762046,0,0.00475907198096371,0,0.00535395597858418,0,0.0594883997620464,0.00059488399762046,0.0321237358715051,0.00237953599048186,0.57703747769185,0.105889351576443,0.0267697798929209,0.00118976799524093,0.00237953599048186,0.0285544318857823,0.00237953599048186,0,0,0,0.0101130279595479,0.00118976799524093,0.00178465199286139,0.083283759666865,0,0,0.00059488399762046,0,0
V  28294,forcens_lgm,4,28.433,139.967,0,0,0.0338142470694319,0,0.00135256988277728,0.00856627592425609,0.0703336339044184,0,0,0,0.084761045987376,0.0405770964833183,0.119477006311993,0.0018034265103697,0.0117222723174031,0,0,0,0.12263300270514,0.13751127141569,0.00225428313796213,0,0.18034265103697,0.0441839495040577,0.0126239855725879,0.0126239855725879,0.00270513976555455,0.0193868349864743,0.00315599639314698,0,0.00090171325518485,0,0.00225428313796213,0.00045085662759242,0,0.0820559062218215,0,0,0.00045085662759242,0,0
V  28304,forcens_lgm,45,28.533,134.133,0,0,0.0116279069767442,0.00083056478405315,0.00083056478405315,0.00249169435215947,0.042358803986711,0.00083056478405315,0,0,0.0938538205980067,0.102159468438538,0.134551495016611,0.00166112956810631,0.0191029900332226,0,0.00083056478405315,0,0.138704318936877,0.0539867109634552,0.0348837209302326,0,0.153654485049834,0.0681063122923588,0.00332225913621262,0.00415282392026578,0.00913621262458472,0.0240863787375415,0.0141196013289037,0,0.00083056478405315,0,0.00083056478405315,0,0,0.0747508305647841,0,0,0.00166112956810631,0,0
V28-310,forcens_lgm,40,25.417,125.633,0,0,0.00339750849377123,0,0.00339750849377123,0,0.00679501698754247,0,0,0,0.00113250283125708,0.0498301245753114,0.00226500566251416,0,0.0498301245753114,0,0,0,0.0804077010192525,0.00906002265005663,0.0181200453001133,0,0.168742921857305,0.0101925254813137,0.0736126840317101,0.00226500566251416,0.00679501698754247,0.00339750849377123,0.0713476783691959,0,0.00113250283125708,0,0.0453001132502831,0,0,0.386183465458664,0,0,0,0,0
V 32126,forcens_lgm,25,35.317,177.9,0,0,0,0,0,0.00150829562594269,0.0211161387631976,0,0,0,0.269984917043741,0.0256410256410256,0.30920060331825,0.0120663650075415,0,0,0,0,0.274509803921569,0,0,0,0.0165912518853695,0,0,0.0135746606334842,0.00301659125188537,0.00603318250377074,0,0,0.0135746606334842,0,0,0,0,0.0256410256410256,0,0,0.00452488687782806,0,0
V32-128,forcens_lgm,32,36.467,177.167,0,0,0,0,0,0,0.0188492063492064,0,0,0,0.238095238095238,0.00694444444444444,0.425595238095238,0.0734126984126984,0,0,0,0,0.172619047619048,0,0,0,0.00496031746031746,0,0,0.0119047619047619,0.00099206349206349,0,0,0,0.0158730158730159,0,0,0,0,0.0128968253968254,0,0,0.00694444444444444,0,0
V  32139,forcens_lgm,1,31.567,151.1,0,0,0.0148514851485149,0.00247524752475248,0.00495049504950495,0.00742574257425743,0.0495049504950495,0,0,0,0.586633663366337,0.0371287128712871,0.099009900990099,0,0.00742574257425743,0,0,0,0.0742574257425743,0.0123762376237624,0.00742574257425743,0,0.051980198019802,0.00742574257425743,0,0.0148514851485149,0.00247524752475248,0.00742574257425743,0,0,0,0,0,0,0.00742574257425743,0,0,0,0.00495049504950495,0,0
EN6601-10,forcens_lgm,30.5,6.65,-21.9,0,0,0.0299727520435967,0,0,0.00272479564032698,0.0217983651226158,0.00272479564032698,0,0,0.0272479564032698,0.0681198910081744,0.0871934604904632,0,0.00272479564032698,0,0.00272479564032698,0,0.0354223433242507,0.0136239782016349,0,0.0354223433242507,0.321525885558583,0.171662125340599,0.0136239782016349,0.00544959128065395,0.0108991825613079,0.0217983651226158,0.0136239782016349,0,0,0,0.00817438692098093,0,0.00272479564032698,0.0980926430517711,0,0,0,0,0
M12392,forcens_lgm,172.5,25.167,-16.85,0,0,0,0,0,0.0106075216972035,0.00578592092574735,0,0,0,0.0665380906460945,0.108968177434908,0.38572806171649,0,0,0.00096432015429122,0,0,0.314368370298939,0,0,0,0.017357762777242,0.00192864030858245,0.00482160077145612,0.00482160077145612,0.00096432015429122,0.0038572806171649,0,0,0.0366441658630665,0,0,0,0,0.0366441658630665,0,0,0,0,0
RC13-184,forcens_lgm,55,3.867,-43.3,0,0,0.016,0,0.008,0,0.101333333333333,0,0,0,0.00266666666666667,0.0666666666666667,0.00266666666666667,0,0,0,0,0,0.00266666666666667,0,0.00266666666666667,0.0213333333333333,0.48,0.213333333333333,0,0.00266666666666667,0,0.00533333333333333,0.008,0,0,0,0,0,0,0.0613333333333333,0,0,0,0,0
RC13-189,forcens_lgm,67.5,1.867,-30,0,0,0.0741839762611276,0,0,0,0.0830860534124629,0,0,0,0.0356083086053412,0.136498516320475,0.118694362017804,0,0,0,0,0,0.0237388724035608,0.0029673590504451,0.0029673590504451,0.0178041543026706,0.234421364985163,0.0801186943620178,0.0029673590504451,0.0148367952522255,0.00890207715133531,0.0148367952522255,0.00890207715133531,0,0,0,0.00890207715133531,0,0,0.127596439169139,0,0,0,0,0
RC24-001,forcens_lgm,72,0.567,-13.35,0,0,0.0275689223057644,0,0.0200501253132832,0.0025062656641604,0.0401002506265664,0.0100250626566416,0,0,0.215538847117795,0.195488721804511,0.162907268170426,0.0025062656641604,0.0025062656641604,0,0,0,0.0350877192982456,0.0075187969924812,0,0.0225563909774436,0.0852130325814536,0.0601503759398496,0,0.0075187969924812,0,0.0200501253132832,0.0075187969924812,0,0.0050125313283208,0,0.0050125313283208,0,0,0.0551378446115288,0,0,0,0,0
RC24-008,forcens_lgm,120,-1.35,-11.917,0,0,0.0295698924731183,0,0,0,0.0456989247311828,0,0,0,0.311827956989247,0.163978494623656,0.209677419354839,0,0.00268817204301075,0,0,0,0.0887096774193548,0.00268817204301075,0,0.0134408602150538,0.0376344086021505,0.0134408602150538,0,0.00537634408602151,0,0,0.00537634408602151,0,0,0,0,0,0,0.0645161290322581,0,0,0,0,0
RC24-027,forcens_lgm,72,-5.417,-0.367,0,0,0.029940119760479,0,0.0149700598802395,0.0029940119760479,0,0,0,0,0.119760479041916,0.182634730538922,0.0718562874251497,0.0029940119760479,0.0149700598802395,0,0,0,0.0269461077844311,0,0,0.0838323353293413,0.182634730538922,0.149700598802395,0.0029940119760479,0.0419161676646707,0.0029940119760479,0.0179640718562874,0.00898203592814371,0,0,0,0,0,0,0.0419161676646707,0,0,0,0,0
V22-222,forcens_lgm,58,28.933,-43.65,0,0,0,0,0,0.0393873085339169,0.0547045951859956,0,0,0,0.0787746170678337,0.00218818380743982,0.0087527352297593,0,0,0,0,0,0.0196936542669584,0.0525164113785558,0.0087527352297593,0.00218818380743982,0.409190371991247,0.00656455142231947,0.0568927789934355,0.0306345733041576,0,0.0590809628008753,0.050328227571116,0,0,0,0.0175054704595186,0.00218818380743982,0,0.0984682713347921,0,0,0,0,0
V23-110,forcens_lgm,26,17.633,-45.867,0,0,0.00542005420054201,0,0.013550135501355,0,0.024390243902439,0,0,0,0.002710027100271,0.013550135501355,0,0,0.002710027100271,0,0,0,0,0.00813008130081301,0.021680216802168,0.0921409214092141,0.392953929539295,0.197831978319783,0.018970189701897,0.010840108401084,0,0.021680216802168,0.02710027100271,0,0,0,0.013550135501355,0,0,0.132791327913279,0,0,0,0,0
V25-075,forcens_lgm,120,8.583,-53.167,0,0,0.0065359477124183,0,0,0,0.0239651416122004,0,0,0,0,0.0588235294117647,0.0130718954248366,0.0130718954248366,0,0,0,0,0.0610021786492375,0.0065359477124183,0.0108932461873638,0.122004357298475,0.396514161220044,0.174291938997821,0.00217864923747277,0.00435729847494553,0.00435729847494553,0.00871459694989107,0.028322440087146,0,0.00435729847494553,0,0.00435729847494553,0,0,0.0522875816993464,0,0,0,0,0
V29-144,forcens_lgm,85,-0.2,6.05,0,0,0.0523560209424084,0,0,0.00785340314136126,0.00785340314136126,0,0,0,0.196335078534031,0.167539267015707,0.128272251308901,0.00261780104712042,0,0,0,0,0.049738219895288,0,0,0.141361256544503,0.0942408376963351,0.0209424083769634,0.0130890052356021,0.00523560209424084,0,0.0104712041884817,0.00261780104712042,0,0,0,0.0104712041884817,0,0,0.0837696335078534,0,0,0,0,0
V30-036,forcens_lgm,40,5.35,-27.317,0,0,0.0152905198776758,0,0.00611620795107034,0,0.0152905198776758,0,0,0,0.00305810397553517,0.107033639143731,0.0244648318042813,0.00305810397553517,0.0091743119266055,0,0,0,0.0214067278287462,0,0.0305810397553517,0.0458715596330275,0.290519877675841,0.348623853211009,0.00305810397553517,0,0,0.036697247706422,0.00611620795107034,0,0.00305810397553517,0,0.00305810397553517,0,0,0.0275229357798165,0,0,0,0,0
V30-036,forcens_lgm,40,5.35,-27.317,0,0,0.00836820083682008,0,0.0146443514644351,0,0.0313807531380753,0.00627615062761506,0,0,0.0292887029288703,0.0899581589958159,0.0313807531380753,0,0,0,0,0,0.0188284518828452,0,0.0209205020920502,0.0334728033472803,0.338912133891213,0.332635983263598,0,0,0.00418410041841004,0.00627615062761506,0.0167364016736402,0,0,0,0.00209205020920502,0,0.00836820083682008,0.00209205020920502,0,0,0,0,0
V30-051K,forcens_lgm,54,19.867,-19.917,0,0,0.00337837837837838,0,0,0.00675675675675676,0,0,0,0,0.125,0.108108108108108,0.361486486486487,0.00337837837837838,0,0,0,0,0.253378378378378,0.0135135135135135,0,0.00337837837837838,0.0304054054054054,0.00675675675675676,0.00337837837837838,0.0135135135135135,0,0.00675675675675676,0.0135135135135135,0,0,0,0,0,0,0.0337837837837838,0,0,0,0,0
V32-008,forcens_lgm,76,34.783,-32.417,0,0,0.00992555831265509,0.00248138957816377,0,0.136476426799007,0.0223325062034739,0,0,0,0.24317617866005,0.0620347394540943,0.0669975186104218,0,0,0,0,0,0.0818858560794045,0.0843672456575682,0,0.0148883374689826,0.116625310173697,0.00496277915632754,0.00744416873449132,0.0173697270471464,0,0.0124069478908189,0.0297766749379653,0,0,0.00248138957816377,0.00248138957816377,0,0,0.0818858560794045,0,0,0,0,0
V30-041K,forcens_lgm,44.5,0.217,-23.067,0,0,0.0193905817174515,0,0,0.00831024930747923,0.0692520775623269,0,0,0,0.0886426592797784,0.0941828254847645,0.310249307479224,0,0,0,0,0.0166204986149585,0.0803324099722992,0.00277008310249308,0.00277008310249308,0.0110803324099723,0.0664819944598338,0.0415512465373961,0,0,0.00277008310249308,0,0.00554016620498615,0,0.00277008310249308,0.0110803324099723,0.0332409972299169,0,0,0.124653739612188,0,0,0,0,0
RC10-62,forcens_lgm,51,3.333,-101.717,0,0,0.0260869565217391,0,0.182608695652174,0,0,0.00434782608695652,0,0,0.0173913043478261,0.456521739130435,0.0260869565217391,0,0.0347826086956522,0,0,0,0.0434782608695652,0.00434782608695652,0,0,0.0695652173913044,0.0304347826086957,0.00434782608695652,0.00434782608695652,0,0.00869565217391304,0.00869565217391304,0,0,0,0.00869565217391304,0,0,0.0695652173913044,0,0,0,0,0
RC13110,forcens_lgm,54,0.1,-95.65,0,0,0.0419161676646707,0,0.029940119760479,0.0179640718562874,0,0,0,0,0.0598802395209581,0.634730538922156,0.0479041916167665,0,0,0,0,0,0.092814371257485,0.0029940119760479,0,0,0.0359281437125749,0.0029940119760479,0,0,0,0.0029940119760479,0.0029940119760479,0,0.00598802395209581,0,0,0,0,0.0209580838323353,0,0,0,0,0
RC13115,forcens_lgm,61,-1.633,-104.833,0,0,0.0188679245283019,0,0.194070080862534,0,0,0.0107816711590297,0,0,0.0592991913746631,0.46900269541779,0.0431266846361186,0,0.0269541778975741,0.00539083557951483,0.00269541778975741,0,0.0700808625336927,0.00269541778975741,0.00269541778975741,0,0.0404312668463612,0.0107816711590297,0,0.00539083557951483,0,0.0107816711590297,0.00269541778975741,0,0,0,0,0,0,0.0242587601078167,0,0,0,0,0
VNTRO1-8,forcens_lgm,41,0.033,-110.483,0,0,0.0862422997946612,0,0.0903490759753593,0.00205338809034908,0.0123203285420945,0.0205338809034908,0,0,0.0431211498973306,0.482546201232033,0.108829568788501,0,0.0143737166324435,0.00410677618069815,0,0,0.0513347022587269,0.00410677618069815,0,0,0.0287474332648871,0.0184804928131417,0.00205338809034908,0.0102669404517454,0,0.00616016427104723,0,0,0,0,0,0,0,0.0143737166324435,0,0,0,0,0
Y69-106p,forcens_lgm,30,2.983,-86.55,0,0,0,0,0.106529209621993,0.0171821305841924,0,0,0,0,0.0171821305841924,0.343642611683849,0.0927835051546392,0,0.00343642611683849,0,0.00687285223367698,0,0.120274914089347,0.013745704467354,0,0,0.0652920962199313,0.00343642611683849,0.0103092783505155,0.0103092783505155,0.00343642611683849,0.00343642611683849,0.00687285223367698,0,0.0103092783505155,0.00343642611683849,0.0103092783505155,0,0,0.134020618556701,0,0,0.0171821305841924,0,0
Y69-71P,forcens_lgm,180,0.1,-86.483,0,0,0,0,0.0575757575757576,0.00606060606060606,0,0,0,0,0.127272727272727,0.427272727272727,0.0757575757575758,0,0.00606060606060606,0,0,0,0.2,0,0,0,0.0424242424242424,0.00606060606060606,0,0.00303030303030303,0.00303030303030303,0,0.00606060606060606,0,0,0,0.00303030303030303,0,0,0.0363636363636364,0,0,0,0,0
Y71-3-2,forcens_lgm,20,7.167,-85.15,0,0,0.0032258064516129,0,0.232258064516129,0,0,0,0,0,0,0.367741935483871,0.0032258064516129,0,0.00645161290322581,0,0.00645161290322581,0,0.112903225806452,0,0,0,0.103225806451613,0.00645161290322581,0,0.00645161290322581,0,0.0225806451612903,0,0,0,0,0,0,0,0.129032258064516,0,0,0,0,0
y71-9-101,forcens_lgm,63,-6.383,-106.933,0,0,0.00986842105263158,0,0.115131578947368,0,0,0.0131578947368421,0,0,0.0328947368421053,0.49671052631579,0.00986842105263158,0,0.0197368421052632,0,0,0,0.0493421052631579,0,0,0,0.0756578947368421,0.0427631578947368,0,0.00328947368421053,0.00328947368421053,0.00986842105263158,0.0164473684210526,0,0,0,0,0,0,0.101973684210526,0,0,0,0,0
Y71-6-12,forcens_lgm,49,-16.443,-77.563,0.00445103857566766,0,0,0,0.00148367952522255,0.0103857566765579,0,0.00148367952522255,0,0,0.298219584569733,0.176557863501484,0.0949554896142433,0.173590504451039,0.00148367952522255,0,0.0148367952522255,0,0.13353115727003,0.00148367952522255,0,0,0.0207715133531157,0,0,0.00593471810089021,0.00148367952522255,0.00148367952522255,0,0,0.0222551928783383,0,0,0,0,0.0311572700296736,0,0,0,0,0
Y71-6-12,forcens_lgm,46,-16.443,-77.563,0.00737100737100737,0,0,0,0,0.00982800982800983,0,0,0,0,0.331695331695332,0.113022113022113,0.0884520884520885,0.085995085995086,0.00245700245700246,0,0.0171990171990172,0,0.27027027027027,0.00491400491400491,0,0,0.0319410319410319,0.00245700245700246,0.00245700245700246,0.00982800982800983,0,0.00245700245700246,0.00982800982800983,0,0.00245700245700246,0,0.00491400491400491,0,0,0,0,0,0,0,0
Y71-6-12,forcens_lgm,50,-16.443,-77.563,0.00476947535771065,0,0,0,0.00317965023847377,0.0111287758346582,0,0,0,0,0.319554848966614,0.116057233704293,0.0985691573926868,0.190779014308426,0.00158982511923688,0,0.0158982511923688,0,0.14308426073132,0.00158982511923688,0,0,0.0222575516693164,0,0,0.00635930047694754,0.00158982511923688,0.00158982511923688,0,0,0.0238473767885533,0,0,0,0,0.0333863275039746,0,0,0,0,0
Y71-6-12,forcens_lgm,56,-16.443,-77.563,0.00303030303030303,0,0.00606060606060606,0,0,0.0121212121212121,0.00303030303030303,0,0,0,0.381818181818182,0.16969696969697,0.0696969696969697,0.103030303030303,0,0.00303030303030303,0.00606060606060606,0,0.13030303030303,0.00303030303030303,0,0,0.0181818181818182,0,0.00303030303030303,0.0363636363636364,0.00303030303030303,0.00303030303030303,0,0,0.00303030303030303,0,0.00303030303030303,0.00303030303030303,0,0.0303030303030303,0,0,0,0,0
RR9702A-63TC,forcens_lgm,16,-18.085,-79.04,0,0,0,0,0.00408163265306122,0.0204081632653061,0.00612244897959184,0,0,0,0.371428571428571,0.112244897959184,0.0755102040816327,0.0448979591836735,0.0102040816326531,0,0.0285714285714286,0,0.193877551020408,0,0,0,0.036734693877551,0,0.00204081632653061,0.0102040816326531,0.00612244897959184,0.00816326530612245,0.00408163265306122,0,0,0,0,0,0,0.0612244897959184,0,0,0.00408163265306122,0,0
RR9702A-69TC,forcens_lgm,70,-16.007,-76.378,0,0,0,0,0,0.055421686746988,0,0,0,0,0.192771084337349,0.0578313253012048,0.0216867469879518,0.166265060240964,0,0,0.0072289156626506,0,0.269879518072289,0.00963855421686747,0,0,0.0313253012048193,0,0,0.00240963855421687,0,0,0.0144578313253012,0,0.11566265060241,0,0,0,0,0.055421686746988,0,0,0,0,0
RR9702A-69TC,forcens_lgm,80,-16.007,-76.378,0,0,0,0,0,0.0224719101123596,0,0,0,0,0.275280898876405,0.103932584269663,0.280898876404494,0.109550561797753,0,0,0.0196629213483146,0,0.098314606741573,0,0,0,0.0196629213483146,0,0,0.0224719101123596,0,0,0,0,0.0224719101123596,0,0,0,0,0.0252808988764045,0,0,0,0,0
ODP 658C,forcens_lgm,,20.7492,-18.5808,0,0,0,0,0,0.00309597523219814,0,0,0,0,0.0835913312693498,0,0.408668730650155,0,0,0,0,0,0.421052631578947,0,0,0.00309597523219814,0.0185758513931889,0.00309597523219814,0,0,0,0,0,0,0.0526315789473684,0,0,0,0,0.00619195046439629,0,0,0,0,0
ODP 658C,forcens_lgm,,20.7492,-18.5808,0,0,0,0,0,0.00294985250737463,0,0,0,0,0.109144542772861,0,0.398230088495575,0.00294985250737463,0,0,0,0,0.330383480825959,0,0,0.00294985250737463,0.00294985250737463,0,0,0.00884955752212389,0,0,0,0,0.100294985250737,0,0,0,0,0.0383480825958702,0,0,0,0,0
ODP 658C,forcens_lgm,,20.7492,-18.5808,0,0,0,0,0,0.0111731843575419,0,0,0,0,0.106145251396648,0,0.385474860335196,0.00279329608938547,0,0,0,0,0.379888268156425,0,0,0,0.00837988826815642,0.00558659217877095,0,0.00558659217877095,0,0,0,0,0.053072625698324,0,0.00558659217877095,0,0,0.0335195530726257,0,0,0,0,0
ODP 658C,forcens_lgm,,20.7492,-18.5808,0,0,0,0,0,0.0131926121372032,0,0,0,0,0.12664907651715,0,0.340369393139842,0.00263852242744063,0,0,0,0,0.366754617414248,0,0,0.0105540897097625,0.0079155672823219,0.00263852242744063,0,0.0105540897097625,0,0,0,0,0.0897097625329815,0,0.00527704485488127,0,0,0.0237467018469657,0,0,0,0,0
ODP 658C,forcens_lgm,,20.7492,-18.5808,0,0,0,0.00280112044817927,0,0.0476190476190476,0,0,0,0,0.0840336134453782,0,0.252100840336134,0,0,0,0,0,0.392156862745098,0,0,0.00560224089635854,0.0112044817927171,0.00280112044817927,0,0.00280112044817927,0,0,0,0,0.142857142857143,0,0.00560224089635854,0,0,0.0504201680672269,0,0,0,0,0
ODP 658C,forcens_lgm,,20.7492,-18.5808,0,0,0,0.00275482093663912,0,0.0192837465564738,0,0,0,0,0.068870523415978,0,0.333333333333333,0,0,0,0,0,0.410468319559229,0,0,0.00826446280991736,0.0192837465564738,0.00275482093663912,0,0,0,0,0,0,0.0771349862258953,0,0.00275482093663912,0,0,0.0495867768595041,0,0,0,0,0
MD97-2138,forcens_lgm,,1.42,146.236,0,0,0,0,0.0119047619047619,0,0.00297619047619048,0.0238095238095238,0,0,0,0.145833333333333,0,0,0.0297619047619048,0,0,0,0.142857142857143,0.0416666666666667,0,0,0.217261904761905,0.0416666666666667,0.0119047619047619,0.00892857142857143,0,0.0565476190476191,0.00595238095238095,0,0,0,0.0386904761904762,0,0,0.172619047619048,0,0,0,0,0
MD97-2138,forcens_lgm,,1.42,146.236,0,0,0,0.00753768844221106,0.0175879396984925,0,0.00753768844221106,0.0100502512562814,0,0,0,0.130653266331658,0.0050251256281407,0,0.0301507537688442,0,0,0,0.128140703517588,0.0175879396984925,0.00251256281407035,0,0.268844221105528,0.0351758793969849,0.0326633165829146,0,0,0.0402010050251256,0.0100502512562814,0,0,0,0.0150753768844221,0,0,0.208542713567839,0,0,0,0,0
MD97-2138,forcens_lgm,,1.42,146.236,0,0,0,0,0.00821917808219178,0,0,0.0191780821917808,0,0,0,0.161643835616438,0.00547945205479452,0,0.0465753424657534,0,0,0,0.167123287671233,0.0164383561643836,0.00547945205479452,0,0.213698630136986,0.0191780821917808,0.0136986301369863,0,0.00273972602739726,0.0575342465753425,0.00547945205479452,0,0,0,0.0328767123287671,0,0,0.194520547945205,0,0,0,0,0
MD97-2138,forcens_lgm,,1.42,146.236,0,0,0,0,0.0405405405405405,0,0,0.00540540540540541,0,0,0,0.108108108108108,0.00810810810810811,0,0.0702702702702703,0.00810810810810811,0.0189189189189189,0,0.197297297297297,0,0.00540540540540541,0,0.137837837837838,0.0351351351351351,0.0027027027027027,0.0027027027027027,0,0.045945945945946,0.00540540540540541,0,0,0,0.0243243243243243,0,0,0.218918918918919,0,0,0,0,0
MD97-2138,forcens_lgm,,1.42,146.236,0,0,0,0,0.0111731843575419,0.00558659217877095,0,0.0307262569832402,0,0,0,0.134078212290503,0,0,0.0558659217877095,0,0,0,0.175977653631285,0.0251396648044693,0.00279329608938547,0,0.237430167597765,0.0279329608938548,0.0195530726256983,0.00279329608938547,0,0.0307262569832402,0.0111731843575419,0,0,0,0.0167597765363129,0,0,0.156424581005587,0,0,0,0,0
MD97-2138,forcens_lgm,,1.42,146.236,0,0,0,0.00248756218905473,0.0174129353233831,0.00248756218905473,0.00248756218905473,0.0223880597014925,0,0,0,0.149253731343284,0,0,0.0597014925373134,0,0,0,0.186567164179104,0.0174129353233831,0.00746268656716418,0,0.233830845771144,0.0199004975124378,0.027363184079602,0.00497512437810945,0,0.0323383084577114,0,0,0,0,0.0199004975124378,0,0,0.154228855721393,0,0,0,0,0
MD97-2138,forcens_lgm,,1.42,146.236,0,0,0,0,0.0170454545454545,0.00284090909090909,0,0.0284090909090909,0,0,0,0.164772727272727,0,0,0.0681818181818182,0.00284090909090909,0,0,0.139204545454545,0.0142045454545455,0.00568181818181818,0,0.210227272727273,0.0227272727272727,0.00568181818181818,0,0,0.0539772727272727,0.0113636363636364,0,0,0,0.0170454545454545,0,0,0.1875,0,0,0,0,0
MD97-2138,forcens_lgm,,1.42,146.236,0,0,0,0,0.0433734939759036,0,0,0.0120481927710843,0,0,0,0.12289156626506,0,0,0.0698795180722892,0,0,0,0.151807228915663,0.0120481927710843,0.00481927710843374,0,0.226506024096386,0.0289156626506024,0.0144578313253012,0.00240963855421687,0,0.0433734939759036,0,0,0,0,0.00481927710843374,0,0,0.185542168674699,0,0,0,0,0
MD03-2607,forcens_lgm,,-36.9607,137.4065,0,0,0,0,0,0.0050125313283208,0.208020050125313,0,0,0,0.0827067669172932,0.075187969924812,0.0476190476190476,0.0025062656641604,0,0,0,0,0.270676691729323,0.12531328320802,0,0,0.0150375939849624,0,0,0,0,0,0,0,0.0977443609022556,0,0.0275689223057644,0,0,0.0426065162907268,0,0,0,0,0
MD03-2607,forcens_lgm,,-36.9607,137.4065,0,0,0,0.0068649885583524,0,0.0045766590389016,0.178489702517162,0,0,0,0.102974828375286,0.05720823798627,0.109839816933638,0,0,0,0,0,0.217391304347826,0.0892448512585813,0,0,0.034324942791762,0,0,0,0,0,0.0091533180778032,0,0.123569794050343,0,0.0045766590389016,0,0,0.0617848970251716,0,0,0,0,0
MD03-2607,forcens_lgm,,-36.9607,137.4065,0,0,0,0.00671140939597316,0,0.00223713646532438,0.185682326621924,0,0,0,0.0917225950782998,0.0313199105145414,0.0492170022371365,0,0,0,0,0,0.380313199105145,0.0738255033557047,0,0,0.0156599552572707,0,0,0,0,0,0,0,0.0939597315436242,0,0.0201342281879195,0,0,0.0492170022371365,0,0,0,0,0
MD03-2607,forcens_lgm,,-36.9607,137.4065,0,0,0,0.0025,0,0.01,0.245,0,0,0,0.1,0.0625,0.0225,0.0025,0,0,0,0,0.235,0.13,0.0025,0,0.0125,0,0,0,0,0,0.0075,0,0.09,0,0.025,0,0,0.0525,0,0,0,0,0
MD03-2607,forcens_lgm,,-36.9607,137.4065,0,0,0,0,0,0,0.0936555891238671,0,0,0,0.123867069486405,0.027190332326284,0.0604229607250755,0.00302114803625378,0,0,0,0,0.362537764350453,0.0694864048338369,0,0,0.0453172205438067,0,0,0,0,0,0,0,0.102719033232628,0,0.0241691842900302,0,0,0.0876132930513595,0,0,0,0,0
MD06-2986,forcens_lgm,1.98,-43.4985,167.9,0,0,0,0,0,0.00659340659340659,0.0593406593406593,0,0,0,0.151648351648352,0.0131868131868132,0.18021978021978,0.0989010989010989,0,0,0,0,0.215384615384615,0,0,0,0,0,0,0.0021978021978022,0,0,0,0,0.213186813186813,0,0,0,0,0.0593406593406593,0,0,0,0,0
MD06-2986,forcens_lgm,2.3,-43.4985,167.9,0,0,0,0,0,0.00280112044817927,0.0868347338935574,0,0,0,0.131652661064426,0.00280112044817927,0.137254901960784,0.0784313725490196,0,0,0,0,0.34733893557423,0,0,0,0,0,0,0,0.00280112044817927,0,0,0,0.156862745098039,0,0,0,0,0.0532212885154062,0,0,0,0,0
GL-77,forcens_lgm,,-21.20611,-40.04722,0,0,0.00952380952380953,0.00317460317460317,0,0.00317460317460317,0.0253968253968254,0,0,0,0.0349206349206349,0.00952380952380953,0.00317460317460317,0,0,0,0,0,0.00952380952380953,0.00317460317460317,0.00317460317460317,0.0603174603174603,0.431746031746032,0.0412698412698413,0.0412698412698413,0,0,0,0.0126984126984127,0,0.00317460317460317,0,0,0,0.0158730158730159,0.288888888888889,0,0,0,0,0
GL-77,forcens_lgm,,-21.20611,-40.04722,0,0,0.031055900621118,0,0,0,0.0186335403726708,0,0,0,0.0186335403726708,0,0.0031055900621118,0,0.0031055900621118,0,0,0,0.0496894409937888,0.0062111801242236,0.0031055900621118,0.0372670807453416,0.478260869565217,0.0248447204968944,0.031055900621118,0,0,0,0.0248447204968944,0,0,0,0.0062111801242236,0,0,0.263975155279503,0,0,0,0,0
MD02-2523,forcens_lgm,,15.429,-94.2388,0,0,0,0,0.231155778894472,0,0,0,0,0,0,0.301507537688442,0.0050251256281407,0,0,0,0.0050251256281407,0,0.190954773869347,0.0201005025125628,0,0,0.0904522613065327,0.0050251256281407,0.0150753768844221,0,0,0,0,0,0.0201005025125628,0,0.0201005025125628,0,0,0.0804020100502513,0.0100502512562814,0,0,0.0050251256281407,0
MD02-2523,forcens_lgm,,15.429,-94.2388,0,0,0,0,0.287974683544304,0,0,0,0,0,0,0.322784810126582,0.00632911392405063,0,0.00632911392405063,0,0,0,0.145569620253165,0.0411392405063291,0,0,0.0443037974683544,0.0569620253164557,0,0.0189873417721519,0,0,0,0,0,0,0,0,0,0.069620253164557,0,0,0,0,0
MD02-2523,forcens_lgm,,15.429,-94.2388,0,0,0,0,0.268292682926829,0,0,0,0,0,0,0.326219512195122,0.00914634146341463,0,0,0,0.00304878048780488,0,0.0975609756097561,0.0274390243902439,0,0,0.0396341463414634,0.0213414634146341,0.00304878048780488,0.0182926829268293,0,0,0.00609756097560976,0,0.00914634146341463,0,0.00304878048780488,0,0,0.146341463414634,0.00304878048780488,0,0,0.0182926829268293,0
MD02-2523,forcens_lgm,,15.429,-94.2388,0,0,0,0,0.370503597122302,0,0,0,0,0,0,0.266187050359712,0.0107913669064748,0,0.00719424460431655,0,0.00719424460431655,0,0.0755395683453237,0.0503597122302158,0,0,0.0827338129496403,0.0251798561151079,0.0107913669064748,0.0107913669064748,0,0,0,0,0,0,0.00719424460431655,0,0,0.0755395683453237,0,0,0,0,0
MD02-2523,forcens_lgm,,15.429,-94.2388,0,0,0,0,0.262569832402235,0,0,0,0,0,0,0.312849162011173,0.00558659217877095,0,0,0,0,0,0.134078212290503,0.0837988826815642,0,0,0.0558659217877095,0.0167597765363129,0,0.0111731843575419,0,0,0,0,0.0111731843575419,0,0,0,0,0.0837988826815642,0.0111731843575419,0,0,0.0111731843575419,0
MD02-2520,forcens_lgm,,15.669,-95.3,0,0,0,0,0.0457317073170732,0,0,0,0,0,0,0.228658536585366,0.0701219512195122,0,0,0,0.00304878048780488,0,0.259146341463415,0.076219512195122,0,0,0.0304878048780488,0,0,0,0,0.00609756097560976,0.00304878048780488,0,0.0518292682926829,0,0.0304878048780488,0,0,0.179878048780488,0.0152439024390244,0,0,0,0
MD02-2520,forcens_lgm,,15.669,-95.3,0,0,0,0,0.262390670553936,0,0,0,0,0,0,0.0903790087463557,0.0204081632653061,0,0,0,0.00291545189504373,0,0.26530612244898,0.0087463556851312,0,0,0.0845481049562682,0.0845481049562682,0.0116618075801749,0.0233236151603499,0,0.0408163265306122,0.00291545189504373,0,0.0145772594752187,0,0,0,0,0.087463556851312,0,0,0,0,0
MD02-2520,forcens_lgm,,15.669,-95.3,0,0,0,0,0.0893617021276596,0,0,0,0,0,0,0.217021276595745,0.0340425531914894,0,0,0,0,0,0.293617021276596,0.0382978723404255,0,0,0.0468085106382979,0.0127659574468085,0,0.00425531914893617,0,0.0212765957446809,0.00425531914893617,0,0.00425531914893617,0,0.00425531914893617,0,0,0.225531914893617,0,0,0,0.00425531914893617,0
MD02-2520,forcens_lgm,,15.669,-95.3,0,0,0,0,0.16875,0,0,0,0,0,0,0.196875,0.059375,0,0,0,0,0,0.353125,0.01875,0,0,0.096875,0.00625,0,0.025,0,0.01875,0.00625,0,0,0,0.003125,0,0,0.04375,0,0,0,0.003125,0
MD02-2520,forcens_lgm,,15.669,-95.3,0,0,0,0,0.366161616161616,0,0,0,0,0,0,0.277777777777778,0.047979797979798,0,0.00252525252525253,0,0,0,0.108585858585859,0.00505050505050505,0,0,0.136363636363636,0.0202020202020202,0,0.0126262626262626,0,0.0126262626262626,0,0,0,0,0,0,0,0.0101010101010101,0,0,0,0,0
MD02-2520,forcens_lgm,,15.669,-95.3,0,0,0,0,0.0718685831622177,0,0,0,0,0,0,0.240246406570842,0.0164271047227926,0,0,0,0,0,0.328542094455852,0.0780287474332649,0,0,0.0698151950718686,0.00616016427104723,0.0102669404517454,0.0143737166324435,0,0.00821355236139631,0.00205338809034908,0,0.00821355236139631,0,0.0205338809034908,0,0,0.117043121149897,0.00821355236139631,0,0,0,0
ME0005A-3JC,forcens_lgm,,15.65666667,-95.2805,0,0,0,0,0.0399002493765586,0,0,0,0,0,0,0.162094763092269,0.0349127182044888,0,0,0,0.0374064837905237,0,0.269326683291771,0.0124688279301746,0,0,0.0149625935162095,0.00249376558603491,0,0,0,0,0.00748129675810474,0,0.00997506234413965,0,0.0149625935162095,0,0.00249376558603491,0.374064837905237,0.0174563591022444,0,0,0,0
ME0005A-3JC,forcens_lgm,,15.65666667,-95.2805,0,0,0,0,0.152658662092624,0,0,0,0,0,0,0.226415094339623,0.101200686106346,0,0,0,0.0102915951972556,0,0.168096054888508,0.0120068610634648,0,0,0.0205831903945112,0.0205831903945112,0.0102915951972556,0.032590051457976,0,0,0.00171526586620926,0,0.00514579759862779,0,0.00171526586620926,0,0,0.219554030874786,0.0137221269296741,0,0,0.00343053173241852,0
ME0005A-3JC,forcens_lgm,,15.65666667,-95.2805,0,0,0,0,0.403846153846154,0,0,0,0,0,0,0.365384615384615,0.0384615384615385,0,0,0,0.00961538461538462,0,0.0384615384615385,0,0,0,0,0.0192307692307692,0,0,0,0,0.00961538461538462,0,0.00961538461538462,0,0,0,0,0.105769230769231,0,0,0,0,0
ME0005A-3JC,forcens_lgm,,15.65666667,-95.2805,0,0,0,0,0.293193717277487,0,0,0,0,0,0,0.298429319371728,0.136125654450262,0,0,0,0.00261780104712042,0,0.0523560209424084,0.00261780104712042,0,0,0.00523560209424084,0,0,0.049738219895288,0,0,0.00261780104712042,0,0.00261780104712042,0,0.00523560209424084,0,0,0.141361256544503,0.00785340314136126,0,0,0,0
ME0005A-3JC,forcens_lgm,,15.65666667,-95.2805,0,0,0,0,0.153846153846154,0,0,0,0,0,0,0.19047619047619,0.0622710622710623,0,0,0,0.021978021978022,0,0.263736263736264,0.00366300366300366,0,0,0.0586080586080586,0.0256410256410256,0.00732600732600733,0.00732600732600733,0,0,0.021978021978022,0,0.0183150183150183,0,0.0146520146520147,0,0,0.139194139194139,0.00732600732600733,0,0,0.00366300366300366,0
ME0005A-3JC,forcens_lgm,,15.65666667,-95.2805,0,0,0,0,0.179361179361179,0,0,0,0,0,0,0.336609336609337,0,0,0,0,0.00491400491400491,0,0.189189189189189,0.00982800982800983,0,0,0.0319410319410319,0.00245700245700246,0,0.00491400491400491,0,0,0.0171990171990172,0,0.00245700245700246,0,0.0221130221130221,0,0,0.191646191646192,0.00737100737100737,0,0,0,0
ME0005A-3JC,forcens_lgm,,15.65666667,-95.2805,0,0,0,0,0.253776435045317,0,0,0,0,0,0,0.386706948640483,0.027190332326284,0,0.00302114803625378,0,0.00906344410876133,0,0.129909365558912,0.00604229607250755,0,0,0.0332326283987915,0,0,0.00302114803625378,0,0,0.00302114803625378,0,0,0,0.00302114803625378,0,0,0.132930513595166,0.00604229607250755,0,0,0.00302114803625378,0
ME0005A-3JC,forcens_lgm,,15.65666667,-95.2805,0,0,0,0,0.118343195266272,0,0,0,0,0.0118343195266272,0,0.130177514792899,0.0532544378698225,0,0,0,0.00591715976331361,0,0.171597633136095,0.0177514792899408,0,0,0.0591715976331361,0,0,0.0118343195266272,0,0,0.0355029585798817,0,0,0,0.0177514792899408,0,0,0.349112426035503,0.0177514792899408,0,0,0,0
ME0005A-3JC,forcens_lgm,,15.65666667,-95.2805,0,0,0,0,0.240223463687151,0,0,0,0,0,0,0.284916201117318,0.0558659217877095,0,0,0,0,0,0.106145251396648,0,0,0,0.0167597765363129,0,0,0,0,0,0,0,0.00558659217877095,0,0.00558659217877095,0,0,0.284916201117318,0,0,0,0,0
MD99-2331,forcens_lgm,,42.15,-9.68333,0,0,0,0,0,0.0699300699300699,0,0,0,0,0.0792540792540793,0,0.424242424242424,0.0186480186480186,0,0,0,0,0.198135198135198,0.0163170163170163,0,0,0,0,0,0.00233100233100233,0,0,0.0163170163170163,0,0.0256410256410256,0,0,0,0,0.149184149184149,0,0,0,0,0
MD99-2331,forcens_lgm,,42.15,-9.68333,0,0,0.00223214285714286,0,0,0.0959821428571429,0.00446428571428571,0,0,0,0.140625,0,0.412946428571429,0.00892857142857143,0,0,0,0,0.207589285714286,0.00223214285714286,0,0,0,0,0,0.00446428571428571,0,0,0.0267857142857143,0,0.03125,0,0,0,0,0.0625,0,0,0,0,0
MD99-2331,forcens_lgm,,42.15,-9.68333,0,0,0,0,0,0.092436974789916,0.00210084033613445,0,0,0,0.168067226890756,0,0.466386554621849,0.0189075630252101,0,0,0,0,0.121848739495798,0,0,0,0.00210084033613445,0,0,0.00210084033613445,0,0,0.0273109243697479,0,0.0252100840336134,0,0.00210084033613445,0,0,0.0714285714285714,0,0,0,0,0
MD99-2331,forcens_lgm,,42.15,-9.68333,0,0,0,0,0,0.0613026819923372,0,0,0,0,0.160919540229885,0,0.394636015325671,0.0210727969348659,0,0,0,0,0.145593869731801,0,0,0,0,0,0,0.0306513409961686,0,0,0.0268199233716475,0,0.0210727969348659,0,0,0,0,0.137931034482759,0,0,0,0,0
MD99-2331,forcens_lgm,,42.15,-9.68333,0,0,0,0,0,0.11704834605598,0,0,0,0,0.089058524173028,0,0.404580152671756,0.0178117048346056,0,0,0,0,0.178117048346056,0,0,0,0,0,0,0.0229007633587786,0,0,0.0279898218829517,0,0.0127226463104326,0,0,0,0,0.129770992366412,0,0,0,0,0
MD99-2331,forcens_lgm,,42.15,-9.68333,0,0,0,0,0,0.108747044917258,0,0,0,0,0.0945626477541371,0,0.347517730496454,0.016548463356974,0,0,0,0,0.224586288416076,0.00709219858156028,0,0,0,0,0,0.0236406619385343,0,0.00472813238770686,0.0283687943262411,0,0.0307328605200946,0,0,0,0,0.113475177304965,0,0,0,0,0
MD99-2331,forcens_lgm,,42.15,-9.68333,0,0,0,0,0,0.0489130434782609,0,0,0,0,0.138586956521739,0,0.323369565217391,0.0108695652173913,0,0,0,0,0.323369565217391,0.0108695652173913,0,0,0.00271739130434783,0,0,0.0271739130434783,0,0.00543478260869565,0,0,0.0489130434782609,0,0,0,0,0.0597826086956522,0,0,0,0,0
MD99-2331,forcens_lgm,,42.15,-9.68333,0,0,0,0,0,0.0703517587939699,0.00251256281407035,0,0,0,0.115577889447236,0,0.384422110552764,0.0175879396984925,0,0,0,0,0.238693467336683,0.0050251256281407,0,0,0.0050251256281407,0,0,0.0100502512562814,0,0.0050251256281407,0,0,0.0251256281407035,0,0,0,0,0.120603015075377,0,0,0,0,0
MD99-2331,forcens_lgm,,42.15,-9.68333,0,0,0,0,0,0.16421568627451,0,0,0,0,0.0906862745098039,0,0.245098039215686,0.00490196078431373,0,0,0,0,0.235294117647059,0.00735294117647059,0,0,0.00490196078431373,0,0,0.00980392156862745,0,0.00490196078431373,0.0245098039215686,0,0.0367647058823529,0,0,0,0,0.17156862745098,0,0,0,0,0
MD99-2331,forcens_lgm,,42.15,-9.68333,0,0,0,0,0,0.075187969924812,0,0,0,0,0.132832080200501,0,0.363408521303258,0.012531328320802,0,0,0,0,0.200501253132832,0,0,0,0.0100250626566416,0,0,0.0200501253132832,0,0.0050125313283208,0.012531328320802,0,0.0476190476190476,0,0,0,0,0.120300751879699,0,0,0,0,0
MD99-2331,forcens_lgm,,42.15,-9.68333,0,0,0,0,0,0.0634517766497462,0,0,0,0,0.0913705583756345,0,0.33502538071066,0.0152284263959391,0,0,0,0,0.34010152284264,0.00761421319796954,0,0,0.0126903553299492,0,0,0.00761421319796954,0,0.00253807106598985,0.0101522842639594,0,0.0406091370558376,0,0,0,0,0.0736040609137056,0,0,0,0,0
MD99-2331,forcens_lgm,,42.15,-9.68333,0,0,0,0,0,0.103244837758112,0,0,0,0,0.132743362831858,0,0.297935103244838,0.0117994100294985,0,0,0,0,0.265486725663717,0.00294985250737463,0,0,0.00884955752212389,0,0,0.0117994100294985,0,0.00589970501474926,0.0235988200589971,0,0.0294985250737463,0,0,0,0,0.106194690265487,0,0,0,0,0
MD99-2331,forcens_lgm,,42.15,-9.68333,0,0,0,0,0,0.052896725440806,0,0,0,0,0.0428211586901763,0,0.357682619647355,0.0151133501259446,0,0,0,0,0.367758186397985,0.00503778337531486,0,0,0.0125944584382872,0,0,0.00251889168765743,0,0.00251889168765743,0.00503778337531486,0,0.052896725440806,0,0,0,0,0.0831234256926952,0,0,0,0,0
MD99-2331,forcens_lgm,,42.15,-9.68333,0,0,0,0,0,0.114058355437666,0,0,0,0,0.0450928381962865,0,0.424403183023873,0.0238726790450928,0,0,0,0,0.172413793103448,0.00530503978779841,0,0,0.0477453580901857,0,0,0.0026525198938992,0,0.0026525198938992,0.0159151193633952,0,0.0397877984084881,0,0,0,0,0.106100795755968,0,0,0,0,0
MD99-2331,forcens_lgm,,42.15,-9.68333,0,0,0,0,0,0.0987654320987654,0,0,0,0,0.145679012345679,0,0.414814814814815,0.0222222222222222,0,0,0,0,0.138271604938272,0,0,0,0.0419753086419753,0,0,0.00493827160493827,0,0.00493827160493827,0.0148148148148148,0,0.0320987654320988,0,0,0,0,0.0814814814814815,0,0,0,0,0
MD99-2331,forcens_lgm,,42.15,-9.68333,0,0,0,0,0,0.128205128205128,0,0,0,0,0.128205128205128,0,0.342948717948718,0.0256410256410256,0,0,0,0,0.240384615384615,0,0,0,0.016025641025641,0,0,0.0192307692307692,0,0.00320512820512821,0.00320512820512821,0,0.0320512820512821,0,0,0,0,0.0608974358974359,0,0,0,0,0
MD99-2331,forcens_lgm,,42.15,-9.68333,0,0,0,0,0,0.0837837837837838,0,0,0,0,0.145945945945946,0,0.297297297297297,0.0567567567567568,0,0,0,0,0.213513513513514,0,0,0,0.0027027027027027,0,0,0.00810810810810811,0.0027027027027027,0,0.0027027027027027,0,0.0810810810810811,0,0,0,0,0.105405405405405,0,0,0,0,0
MD99-2331,forcens_lgm,,42.15,-9.68333,0,0,0,0,0,0.04,0,0,0,0,0.182857142857143,0,0.314285714285714,0.00285714285714286,0,0,0,0,0.257142857142857,0,0,0,0.00571428571428571,0,0,0.0285714285714286,0,0.00285714285714286,0.00857142857142857,0,0.0285714285714286,0,0,0,0,0.128571428571429,0,0,0,0,0
MD99-2331,forcens_lgm,,42.15,-9.68333,0,0,0,0,0,0.0769230769230769,0.00427350427350427,0,0,0,0.123931623931624,0,0.271367521367521,0.00641025641025641,0,0,0,0,0.331196581196581,0,0,0,0.00427350427350427,0,0,0.00427350427350427,0,0,0.00427350427350427,0,0.0683760683760684,0,0,0,0,0.104700854700855,0,0,0,0,0
MD99-2331,forcens_lgm,,42.15,-9.68333,0,0,0,0,0,0.0526315789473684,0,0,0,0,0.0469924812030075,0,0.362781954887218,0.037593984962406,0,0,0,0,0.293233082706767,0,0,0,0.0037593984962406,0,0,0,0,0.0018796992481203,0,0,0.0977443609022556,0,0,0,0,0.103383458646617,0,0,0,0,0
MD99-2331,forcens_lgm,,42.15,-9.68333,0,0,0,0,0,0.0316622691292876,0,0,0,0,0.0580474934036939,0,0.401055408970976,0.00527704485488127,0,0,0,0,0.337730870712401,0.0131926121372032,0,0,0.0158311345646438,0,0,0.0131926121372032,0,0,0,0,0.050131926121372,0,0,0,0,0.0738786279683377,0,0,0,0,0
MD99-2331,forcens_lgm,,42.15,-9.68333,0,0,0,0,0,0.0380952380952381,0,0,0,0,0.0738095238095238,0,0.397619047619048,0.0142857142857143,0,0,0,0,0.328571428571429,0.00476190476190476,0,0,0.00714285714285714,0,0,0.0190476190476191,0.00238095238095238,0,0.00714285714285714,0,0.0357142857142857,0,0,0,0,0.0714285714285714,0,0,0,0,0
MD04-2805,forcens_lgm,,34.5165,-7.0165,0,0,0,0,0,0.0741687979539642,0.0153452685421995,0,0,0,0.122762148337596,0,0.319693094629156,0.0179028132992327,0,0,0,0,0.276214833759591,0,0,0,0.030690537084399,0,0,0.0537084398976982,0,0.0127877237851662,0.00767263427109975,0,0.010230179028133,0,0.00255754475703325,0,0,0.0485933503836317,0,0,0,0,0
MD04-2805,forcens_lgm,,34.5165,-7.0165,0,0,0,0,0,0.0738916256157636,0.0147783251231527,0,0,0,0.0985221674876847,0.00246305418719212,0.302955665024631,0.0123152709359606,0,0,0,0,0.379310344827586,0.00985221674876847,0,0,0.0147783251231527,0,0,0.00738916256157635,0,0.00246305418719212,0.00738916256157635,0,0.00985221674876847,0,0,0,0,0.0566502463054187,0,0,0,0,0
MD04-2805,forcens_lgm,,34.5165,-7.0165,0,0,0,0,0,0.082089552238806,0.0422885572139304,0,0,0,0.0970149253731343,0,0.305970149253731,0.00248756218905473,0,0,0,0,0.298507462686567,0.00497512437810945,0,0,0.0398009950248756,0,0,0.00746268656716418,0,0.00746268656716418,0.00746268656716418,0,0.0099502487562189,0,0.0149253731343284,0,0,0.0746268656716418,0,0,0,0,0
MD04-2805,forcens_lgm,,34.5165,-7.0165,0,0,0,0,0,0.0749354005167959,0.0335917312661499,0,0,0,0.108527131782946,0,0.204134366925065,0.00516795865633075,0,0,0,0,0.338501291989664,0.00775193798449612,0,0,0.165374677002584,0,0,0.00516795865633075,0,0.00775193798449612,0.00516795865633075,0,0.00516795865633075,0,0.0103359173126615,0,0,0.0284237726098191,0,0,0,0,0
MD04-2805,forcens_lgm,,34.5165,-7.0165,0,0,0,0,0,0.0900243309002433,0.0267639902676399,0,0,0,0.184914841849148,0,0.223844282238443,0.0340632603406326,0,0,0,0,0.274939172749392,0,0,0,0.0462287104622871,0,0,0.0413625304136253,0,0.0024330900243309,0.0048661800486618,0,0.0048661800486618,0,0.0072992700729927,0,0,0.0437956204379562,0,0,0,0,0
MD04-2805,forcens_lgm,,34.5165,-7.0165,0,0,0.0136986301369863,0,0,0.0410958904109589,0.0136986301369863,0,0,0,0.10958904109589,0,0.164383561643836,0.0136986301369863,0,0,0,0,0.36986301369863,0.0136986301369863,0,0,0.0136986301369863,0,0,0.0410958904109589,0,0.0136986301369863,0.0136986301369863,0,0.0136986301369863,0,0.0410958904109589,0,0,0.0821917808219178,0,0,0,0,0
MD04-2805,forcens_lgm,,34.5165,-7.0165,0,0,0,0,0,0.0351758793969849,0.0100502512562814,0,0,0,0.115577889447236,0,0.371859296482412,0.0301507537688442,0,0,0,0,0.231155778894472,0.0050251256281407,0,0,0.0653266331658292,0,0,0.0351758793969849,0,0,0,0,0.0201005025125628,0,0,0,0,0.0804020100502513,0,0,0,0,0
MD04-2805,forcens_lgm,,34.5165,-7.0165,0,0,0,0,0,0.0561224489795918,0.0229591836734694,0,0,0,0.13265306122449,0,0.255102040816327,0.0076530612244898,0,0,0,0,0.326530612244898,0.0076530612244898,0,0,0.0561224489795918,0,0,0.0510204081632653,0,0,0.00510204081632653,0,0.00255102040816327,0,0.00510204081632653,0,0,0.0637755102040816,0,0,0,0,0
MD04-2805,forcens_lgm,,34.5165,-7.0165,0,0,0.00251256281407035,0,0,0.0552763819095477,0.0351758793969849,0,0,0,0.110552763819095,0.00251256281407035,0.266331658291457,0.0050251256281407,0,0,0,0,0.291457286432161,0.0351758793969849,0,0,0.0954773869346734,0,0,0.0150753768844221,0,0.00251256281407035,0,0,0.0175879396984925,0,0.0175879396984925,0,0,0.0376884422110553,0,0,0,0,0
MD04-2805,forcens_lgm,,34.5165,-7.0165,0,0,0,0,0,0.0933660933660934,0.00737100737100737,0,0,0,0.125307125307125,0,0.26044226044226,0.00245700245700246,0,0,0,0,0.2997542997543,0.00982800982800983,0,0,0.0884520884520885,0,0,0.0343980343980344,0,0.00245700245700246,0.00245700245700246,0,0.00737100737100737,0,0.00737100737100737,0,0,0.0540540540540541,0,0,0,0,0
MD04-2805,forcens_lgm,,34.5165,-7.0165,0,0,0.0075187969924812,0,0,0.0902255639097744,0.0275689223057644,0,0,0,0.135338345864662,0,0.12781954887218,0.012531328320802,0,0,0,0,0.37593984962406,0,0.0025062656641604,0,0.0977443609022556,0.0025062656641604,0,0.025062656641604,0,0.0050125313283208,0.0050125313283208,0,0.0025062656641604,0,0.0150375939849624,0,0,0.0651629072681704,0,0,0,0,0
MD04-2805,forcens_lgm,,34.5165,-7.0165,0,0,0,0,0,0.0866336633663366,0.0272277227722772,0,0,0,0.0816831683168317,0.00247524752475248,0.304455445544554,0.0173267326732673,0,0,0,0,0.311881188118812,0,0,0,0.0693069306930693,0,0,0.0272277227722772,0,0.00495049504950495,0,0,0.0222772277227723,0,0.0148514851485149,0,0,0.0247524752475248,0,0,0,0,0
MD95-2042,forcens_lgm,,37.799833,-10.1665,0,0,0,0,0,0.0492170022371365,0.0178970917225951,0,0,0,0.0827740492170022,0,0.445190156599553,0.0134228187919463,0,0,0,0,0.217002237136465,0.0111856823266219,0,0,0.00894854586129754,0,0,0.00894854586129754,0,0.0111856823266219,0.00894854586129754,0,0.00447427293064877,0,0.00447427293064877,0,0,0.116331096196868,0,0,0,0,0
MD95-2042,forcens_lgm,,37.799833,-10.1665,0,0,0,0,0,0.0748129675810474,0,0,0,0,0.112219451371571,0,0.41645885286783,0,0,0,0,0,0.172069825436409,0.00748129675810474,0,0,0.0199501246882793,0,0,0.0374064837905237,0,0.00748129675810474,0.00997506234413965,0,0.0324189526184539,0,0.00498753117206983,0,0,0.104738154613466,0,0,0,0,0
MD95-2042,forcens_lgm,,37.799833,-10.1665,0,0,0,0,0,0.142414860681115,0.0123839009287926,0,0,0,0.117647058823529,0,0.34984520123839,0.00619195046439629,0,0,0,0,0.191950464396285,0,0,0,0.021671826625387,0,0,0.0278637770897833,0,0.00928792569659443,0.00928792569659443,0,0,0,0.00619195046439629,0,0,0.105263157894737,0,0,0,0,0
MD95-2042,forcens_lgm,,37.799833,-10.1665,0,0,0,0,0,0.10062893081761,0.00628930817610063,0,0,0,0.147798742138365,0,0.323899371069182,0.00314465408805032,0,0,0,0,0.207547169811321,0,0,0,0.0314465408805031,0,0,0.0220125786163522,0,0.0157232704402516,0.0188679245283019,0,0.0220125786163522,0,0,0,0,0.10062893081761,0,0,0,0,0
MD95-2042,forcens_lgm,,37.799833,-10.1665,0,0,0,0,0,0.0402010050251256,0,0,0,0,0.0778894472361809,0,0.35678391959799,0.0150753768844221,0,0,0,0,0.243718592964824,0,0,0,0.0628140703517588,0,0,0.0175879396984925,0.00251256281407035,0.0175879396984925,0.0276381909547739,0,0.0276381909547739,0,0.00251256281407035,0,0,0.108040201005025,0,0,0,0,0
MD95-2042,forcens_lgm,,37.799833,-10.1665,0,0,0,0,0,0.0490196078431373,0.00245098039215686,0,0,0,0.0882352941176471,0,0.316176470588235,0,0,0,0,0,0.330882352941176,0,0,0,0.0465686274509804,0,0,0.0245098039215686,0.00245098039215686,0.0122549019607843,0.0147058823529412,0,0.0269607843137255,0,0,0,0,0.0857843137254902,0,0,0,0,0
MD95-2042,forcens_lgm,,37.799833,-10.1665,0,0,0,0,0,0.100840336134454,0,0,0,0,0.0532212885154062,0,0.299719887955182,0.00280112044817927,0,0,0,0,0.277310924369748,0,0,0,0.0896358543417367,0,0,0.0196078431372549,0,0.00560224089635854,0.0252100840336134,0,0.0392156862745098,0,0,0,0,0.0868347338935574,0,0,0,0,0
MD95-2042,forcens_lgm,,37.799833,-10.1665,0,0,0,0,0,0.128571428571429,0.00285714285714286,0,0,0,0.171428571428571,0,0.254285714285714,0.00285714285714286,0,0,0,0,0.197142857142857,0,0,0,0.0914285714285714,0,0,0.0114285714285714,0,0.02,0.0114285714285714,0,0.0371428571428571,0,0.00285714285714286,0,0,0.0685714285714286,0,0,0,0,0
MD95-2042,forcens_lgm,,37.799833,-10.1665,0,0,0,0,0,0.110236220472441,0.0026246719160105,0,0,0,0.154855643044619,0,0.283464566929134,0.010498687664042,0,0,0,0,0.257217847769029,0.0026246719160105,0,0,0.0761154855643045,0,0,0.015748031496063,0,0.0026246719160105,0.005249343832021,0,0.0288713910761155,0,0,0,0,0.047244094488189,0,0,0,0,0
MD95-2042,forcens_lgm,,37.799833,-10.1665,0,0,0,0,0,0.0906862745098039,0.00245098039215686,0,0,0,0.208333333333333,0,0.286764705882353,0.00245098039215686,0,0,0,0,0.169117647058824,0,0,0,0.071078431372549,0,0,0.017156862745098,0.00490196078431373,0.00735294117647059,0.0122549019607843,0,0.017156862745098,0,0,0,0,0.110294117647059,0,0,0,0,0
MD95-2042,forcens_lgm,,37.799833,-10.1665,0,0,0,0,0,0.0909090909090909,0.00245700245700246,0,0,0,0.152334152334152,0,0.292383292383292,0.00737100737100737,0,0,0,0,0.28009828009828,0,0,0,0.0491400491400491,0,0,0.0245700245700246,0,0.00737100737100737,0.00737100737100737,0,0.0147420147420147,0,0.00491400491400491,0,0,0.0663390663390663,0,0,0,0,0
MD95-2042,forcens_lgm,,37.799833,-10.1665,0,0,0,0,0,0.0790816326530612,0.00255102040816327,0,0,0,0.150510204081633,0,0.25765306122449,0.0076530612244898,0,0,0,0,0.24234693877551,0,0,0,0.0586734693877551,0,0,0.0229591836734694,0.00255102040816327,0.0153061224489796,0.0127551020408163,0,0.0433673469387755,0,0,0,0,0.104591836734694,0,0,0,0,0
MD95-2042,forcens_lgm,,37.799833,-10.1665,0,0,0,0,0,0.0632603406326034,0.0097323600973236,0,0,0,0.170316301703163,0,0.306569343065693,0.0048661800486618,0,0,0,0,0.267639902676399,0.0024330900243309,0,0,0.0559610705596107,0,0,0.0316301703163017,0,0.0072992700729927,0.0097323600973236,0,0.0145985401459854,0,0.0048661800486618,0,0,0.0510948905109489,0,0,0,0,0
MD95-2042,forcens_lgm,,37.799833,-10.1665,0,0,0,0,0,0.0652173913043478,0.00167224080267559,0,0,0,0.142140468227425,0,0.322742474916388,0.00167224080267559,0,0,0,0,0.235785953177258,0.00167224080267559,0,0,0.0367892976588629,0,0,0.0384615384615385,0,0.00334448160535117,0.00334448160535117,0,0.0183946488294314,0,0.00334448160535117,0,0,0.125418060200669,0,0,0,0,0
MD95-2042,forcens_lgm,,37.799833,-10.1665,0,0,0,0,0,0.0779816513761468,0.00229357798165138,0,0,0,0.160550458715596,0,0.325688073394495,0.018348623853211,0,0,0,0,0.25,0.0114678899082569,0,0,0.0206422018348624,0,0,0.0275229357798165,0.00229357798165138,0.00458715596330275,0,0,0.0091743119266055,0,0,0,0,0.0825688073394496,0,0,0,0,0
MD95-2042,forcens_lgm,,37.799833,-10.1665,0,0,0,0,0,0.040983606557377,0.00819672131147541,0,0,0,0.182377049180328,0,0.354508196721311,0.00409836065573771,0,0,0,0,0.182377049180328,0,0,0,0.0450819672131148,0,0,0.0122950819672131,0,0.00204918032786885,0.00614754098360656,0,0.0204918032786885,0,0,0,0,0.141393442622951,0,0,0,0,0
MD95-2042,forcens_lgm,,37.799833,-10.1665,0,0,0,0,0,0.0422535211267606,0.00704225352112676,0,0,0,0.140845070422535,0,0.417840375586854,0.0117370892018779,0,0,0,0,0.227699530516432,0.00469483568075117,0,0,0.0352112676056338,0,0,0.0211267605633803,0,0.00704225352112676,0.00938967136150235,0,0.00704225352112676,0,0.00234741784037559,0,0,0.0563380281690141,0,0,0,0,0
MD95-2042,forcens_lgm,,37.799833,-10.1665,0,0,0,0,0,0.0586734693877551,0.00255102040816327,0,0,0,0.137755102040816,0.00510204081632653,0.364795918367347,0.0127551020408163,0,0,0,0,0.232142857142857,0.0102040816326531,0.00255102040816327,0,0.0433673469387755,0,0.00255102040816327,0.0255102040816327,0,0,0.0204081632653061,0,0.00510204081632653,0,0.0153061224489796,0,0,0.048469387755102,0,0,0,0,0
MD95-2042,forcens_lgm,,37.799833,-10.1665,0,0,0,0,0,0.0649350649350649,0,0,0,0,0.0883116883116883,0,0.407792207792208,0.0181818181818182,0,0,0,0,0.225974025974026,0.00779220779220779,0,0,0.0597402597402597,0,0,0.0103896103896104,0,0.0025974025974026,0.00519480519480519,0,0.038961038961039,0,0.0103896103896104,0,0,0.051948051948052,0,0,0,0,0
MD95-2042,forcens_lgm,,37.799833,-10.1665,0,0,0,0,0,0.0416666666666667,0.00520833333333333,0,0,0,0.0546875,0,0.5,0.015625,0,0,0,0,0.208333333333333,0.00260416666666667,0,0,0.0546875,0,0,0.015625,0,0,0.00520833333333333,0,0.0442708333333333,0,0.00260416666666667,0,0,0.0442708333333333,0,0,0,0,0
MD95-2042,forcens_lgm,,37.799833,-10.1665,0,0,0,0,0,0.0598503740648379,0.00249376558603491,0,0,0,0.0997506234413965,0,0.374064837905237,0.0124688279301746,0,0,0,0,0.269326683291771,0.0124688279301746,0,0,0.0623441396508728,0,0,0.0199501246882793,0,0.00249376558603491,0.00498753117206983,0,0.0249376558603491,0,0,0,0,0.0523690773067332,0,0,0,0,0
MD95-2042,forcens_lgm,,37.799833,-10.1665,0,0,0,0,0,0.0555555555555556,0.00241545893719807,0,0,0,0.13768115942029,0,0.393719806763285,0.00966183574879227,0,0,0,0,0.236714975845411,0,0,0,0.0386473429951691,0,0,0.0265700483091787,0,0.00241545893719807,0.00966183574879227,0,0.0072463768115942,0,0.0072463768115942,0,0,0.0676328502415459,0,0,0,0,0
NS07-25,forcens_lgm,,6.66575,113.5489333,0,0,0.00240963855421687,0,0.0208835341365462,0.00080321285140562,0.00160642570281125,0.00080321285140562,0.00401606425702811,0,0.0112449799196787,0.215261044176707,0.0232931726907631,0,0.224899598393574,0,0,0,0.0313253012048193,0.00080321285140562,0.00240963855421687,0,0.222489959839357,0.085140562248996,0.00160642570281125,0.0224899598393574,0,0.055421686746988,0.0377510040160643,0,0.00642570281124498,0,0.00321285140562249,0,0,0.0257028112449799,0,0,0,0,0
NS07-25,forcens_lgm,,6.66575,113.5489333,0,0,0.0015527950310559,0,0.015527950310559,0.0031055900621118,0,0,0.0015527950310559,0,0.0046583850931677,0.208074534161491,0.0217391304347826,0,0.220496894409938,0,0,0,0.0341614906832298,0.0015527950310559,0.0046583850931677,0,0.279503105590062,0.0652173913043478,0.0015527950310559,0.0279503105590062,0,0.0574534161490683,0.0326086956521739,0,0.0031055900621118,0,0.0015527950310559,0,0,0.0139751552795031,0,0,0,0,0
NS07-25,forcens_lgm,,6.66575,113.5489333,0,0,0,0,0.0258264462809917,0.00103305785123967,0,0,0.00206611570247934,0,0.00516528925619835,0.151859504132231,0.0309917355371901,0,0.286157024793388,0,0,0,0.0237603305785124,0.00103305785123967,0,0,0.197314049586777,0.135330578512397,0.00103305785123967,0.0206611570247934,0,0.0733471074380165,0.0299586776859504,0,0.00413223140495868,0,0.00206611570247934,0,0,0.00826446280991736,0,0,0,0,0
NS07-25,forcens_lgm,,6.66575,113.5489333,0,0,0.00118906064209275,0,0.014268727705113,0,0,0,0.00594530321046373,0,0.014268727705113,0.214030915576694,0.0178359096313912,0,0.189060642092747,0,0,0,0.0214030915576694,0.00237812128418549,0.00237812128418549,0,0.208085612366231,0.148632580261593,0.00356718192627824,0.0356718192627824,0,0.079667063020214,0.0273483947681332,0,0.00356718192627824,0,0.00356718192627824,0,0,0.00713436385255648,0,0,0,0,0
NS07-25,forcens_lgm,,6.66575,113.5489333,0,0,0.0392927308447937,0.00098231827111984,0.0147347740667976,0,0.00196463654223969,0.00098231827111984,0.00491159135559921,0,0.00589390962671906,0.179764243614931,0.0216110019646365,0,0.239685658153242,0,0,0,0.012770137524558,0.00294695481335953,0.00294695481335953,0,0.119842829076621,0.19056974459725,0.00294695481335953,0.0304518664047151,0,0.0677799607072692,0.0343811394891945,0,0.00589390962671906,0,0.00098231827111984,0,0,0.018664047151277,0,0,0,0,0
NS07-25,forcens_lgm,,6.66575,113.5489333,0,0,0.0309405940594059,0,0.0160891089108911,0,0.0099009900990099,0,0.00495049504950495,0,0,0.16460396039604,0.0284653465346535,0,0.243811881188119,0,0,0,0.0185643564356436,0.00247524752475248,0.00123762376237624,0,0.202970297029703,0.128712871287129,0.00247524752475248,0.0099009900990099,0,0.0668316831683168,0.0383663366336634,0,0.00618811881188119,0,0.00371287128712871,0,0,0.0198019801980198,0,0,0,0,0
NS07-25,forcens_lgm,,6.66575,113.5489333,0,0,0.0659574468085106,0,0,0,0,0,0,0,0.00425531914893617,0.178723404255319,0.0212765957446809,0,0.24468085106383,0,0,0,0.0117021276595745,0.00212765957446809,0.00106382978723404,0,0.169148936170213,0.130851063829787,0.00106382978723404,0.024468085106383,0,0.0808510638297872,0.0436170212765957,0,0.00851063829787234,0,0.00212765957446809,0,0,0.00957446808510638,0,0,0,0,0
181-1123,forcens_lgm,,-41.786,-171.499,0,0,0,0,0,0,0.0378548895899054,0,0,0,0.26813880126183,0,0.20820189274448,0.0157728706624606,0,0,0,0,0.359621451104101,0,0,0,0,0,0,0.00315457413249211,0,0,0,0,0.0536277602523659,0,0,0,0,0.0536277602523659,0,0,0,0,0
181-1123,forcens_lgm,,-41.786,-171.499,0,0,0,0,0,0.00268817204301075,0.0806451612903226,0,0,0,0.126344086021505,0,0.448924731182796,0.0456989247311828,0,0,0,0,0.233870967741935,0,0,0,0.00268817204301075,0,0,0.00268817204301075,0.00268817204301075,0,0,0,0.0241935483870968,0,0,0,0,0.0295698924731183,0,0,0,0,0
MD01-2390,forcens_lgm,,6.6353,113.409,0,0,0.0534124629080119,0,0,0,0.0029673590504451,0,0,0,0.00593471810089021,0.0919881305637982,0.124629080118694,0.0029673590504451,0.201780415430267,0,0,0,0.0267062314540059,0,0,0,0.183976261127596,0.0741839762611276,0,0.0148367952522255,0.0148367952522255,0.0652818991097923,0.0682492581602374,0,0,0,0.0207715133531157,0,0.0029673590504451,0.0445103857566766,0,0,0,0,0
MD01-2390,forcens_lgm,,6.6353,113.409,0,0,0.0261437908496732,0,0.0065359477124183,0.0152505446623094,0,0,0,0,0.028322440087146,0.111111111111111,0.108932461873638,0.00217864923747277,0.224400871459695,0,0,0,0.0152505446623094,0,0.00217864923747277,0,0.150326797385621,0.10239651416122,0,0.0174291938997821,0,0.0718954248366013,0.0392156862745098,0,0,0,0.0174291938997821,0,0,0.0544662309368192,0,0,0,0,0
MD01-2390,forcens_lgm,,6.6353,113.409,0,0,0,0,0.00273224043715847,0,0,0,0,0,0,0.0437158469945355,0.158469945355191,0,0.254098360655738,0,0,0,0.0355191256830601,0,0.00273224043715847,0,0.23224043715847,0.040983606557377,0,0.00546448087431694,0.0300546448087432,0.0710382513661202,0.0355191256830601,0,0,0,0.00819672131147541,0,0,0.0765027322404372,0,0,0,0,0
MD01-2390,forcens_lgm,,6.6353,113.409,0,0,0.00334448160535117,0,0.0117056856187291,0.0150501672240803,0,0,0,0,0.0100334448160535,0.0702341137123746,0.0869565217391304,0.00334448160535117,0.222408026755853,0,0,0,0.0501672240802676,0,0,0,0.18561872909699,0.117056856187291,0,0.00836120401337793,0.00167224080267559,0.068561872909699,0.040133779264214,0,0,0,0.0133779264214047,0,0.00167224080267559,0.0785953177257525,0,0,0,0,0
MD01-2390,forcens_lgm,,6.6353,113.409,0,0,0.00268096514745308,0,0.0241286863270777,0.0134048257372654,0.00268096514745308,0,0,0,0.00804289544235925,0.0884718498659517,0.0938337801608579,0.00804289544235925,0.184986595174263,0,0,0,0.0241286863270777,0,0.00268096514745308,0,0.222520107238606,0.0402144772117962,0,0.032171581769437,0.00268096514745308,0.0750670241286863,0.0670241286863271,0,0,0,0.0134048257372654,0,0.0107238605898123,0.0589812332439678,0,0,0,0,0
MD99-2281,forcens_lgm,,60.341833,-9.455667,0,0,0,0,0,0,0,0,0,0,0,0,0.0157894736842105,0.763157894736842,0,0,0,0,0.0526315789473684,0,0,0,0,0,0,0,0,0,0,0,0.0710526315789474,0,0,0,0,0.0973684210526316,0,0,0,0,0
MD99-2281,forcens_lgm,,60.341833,-9.455667,0,0,0,0,0,0,0,0,0,0,0,0,0.0160427807486631,0.778074866310161,0,0,0,0,0.0508021390374332,0,0,0,0,0,0,0,0,0,0,0,0.0427807486631016,0,0,0,0,0.112299465240642,0,0,0,0,0
MD99-2281,forcens_lgm,,60.341833,-9.455667,0,0,0,0,0,0.00245098039215686,0,0,0,0,0,0,0.00490196078431373,0.727941176470588,0,0,0,0,0.0588235294117647,0,0,0,0,0,0,0,0,0,0,0,0.0784313725490196,0,0,0,0,0.127450980392157,0,0,0,0,0
MD99-2281,forcens_lgm,,60.341833,-9.455667,0,0,0,0,0,0,0,0,0,0,0,0,0.0222222222222222,0.713888888888889,0,0,0,0,0.0861111111111111,0,0,0,0,0,0,0,0,0,0,0,0.0666666666666667,0,0,0,0,0.111111111111111,0,0,0,0,0
MD99-2281,forcens_lgm,,60.341833,-9.455667,0,0,0,0,0,0,0,0,0,0,0,0,0.0264900662251656,0.768211920529801,0,0,0,0,0.0640176600441501,0,0,0,0,0,0,0,0,0,0,0,0.0419426048565121,0,0,0,0,0.0993377483443709,0,0,0,0,0
MD99-2281,forcens_lgm,,60.341833,-9.455667,0,0,0,0,0,0,0,0,0,0,0,0,0.0355191256830601,0.710382513661202,0,0,0,0,0.0983606557377049,0,0,0,0,0,0,0,0,0,0,0,0.046448087431694,0,0,0,0,0.109289617486339,0,0,0,0,0
MD99-2281,forcens_lgm,,60.341833,-9.455667,0,0,0,0,0,0,0,0,0,0,0,0,0.0113636363636364,0.798295454545455,0,0,0,0,0.0426136363636364,0,0,0,0,0,0,0,0,0,0,0,0.0284090909090909,0,0,0,0,0.119318181818182,0,0,0,0,0
MD99-2281,forcens_lgm,,60.341833,-9.455667,0,0,0,0,0,0,0,0,0,0,0,0,0.0306406685236769,0.693593314763231,0,0,0,0,0.0835654596100279,0,0,0,0,0,0,0,0,0,0,0,0.0724233983286908,0,0,0,0,0.119777158774373,0,0,0,0,0
MD99-2281,forcens_lgm,,60.341833,-9.455667,0,0,0,0,0,0,0,0,0,0,0,0,0.0138121546961326,0.613259668508287,0,0,0,0,0.102209944751381,0,0,0,0,0,0,0,0,0,0,0,0.107734806629834,0,0,0,0,0.162983425414365,0,0,0,0,0
MD99-2281,forcens_lgm,,60.341833,-9.455667,0,0,0,0,0,0,0,0,0,0,0,0,0.0207253886010363,0.826424870466321,0,0,0,0,0.0310880829015544,0,0,0,0,0,0,0,0,0,0,0,0.0440414507772021,0,0,0,0,0.077720207253886,0,0,0,0,0
MD99-2281,forcens_lgm,,60.341833,-9.455667,0,0,0,0,0,0,0,0,0,0,0,0,0.0168539325842697,0.778089887640449,0,0,0,0,0.0674157303370787,0,0,0,0,0,0,0,0,0,0,0,0.0758426966292135,0,0,0,0,0.0617977528089888,0,0,0,0,0
MD99-2281,forcens_lgm,,60.341833,-9.455667,0,0,0,0,0,0.00286532951289398,0,0,0,0,0,0,0.0143266475644699,0.684813753581662,0,0,0,0,0.0744985673352436,0,0,0,0,0,0,0,0,0,0,0,0.0945558739255014,0,0,0,0,0.128939828080229,0,0,0,0,0
MD99-2281,forcens_lgm,,60.341833,-9.455667,0,0,0,0,0,0,0,0,0,0,0,0,0.0113636363636364,0.678977272727273,0,0,0,0,0.0625,0,0,0,0,0,0,0,0,0,0,0,0.113636363636364,0,0,0,0,0.133522727272727,0,0,0,0,0
MD99-2281,forcens_lgm,,60.341833,-9.455667,0,0,0,0,0,0,0,0,0,0,0,0,0.0192837465564738,0.652892561983471,0,0,0,0,0.0826446280991736,0,0,0,0,0,0,0,0,0,0,0,0.104683195592286,0,0,0,0,0.140495867768595,0,0,0,0,0
MD99-2281,forcens_lgm,,60.341833,-9.455667,0,0,0,0,0,0,0,0,0,0,0,0,0.0141643059490085,0.742209631728045,0,0,0,0,0.0679886685552408,0,0,0,0,0,0,0,0,0,0,0,0.0538243626062323,0,0,0,0,0.121813031161473,0,0,0,0,0
MD99-2281,forcens_lgm,,60.341833,-9.455667,0,0,0,0,0,0,0,0,0,0,0,0,0.0169491525423729,0.774011299435028,0,0,0,0,0.0395480225988701,0,0,0,0,0,0,0,0,0,0,0,0.0677966101694915,0,0,0,0,0.101694915254237,0,0,0,0,0
MD99-2281,forcens_lgm,,60.341833,-9.455667,0,0,0,0,0,0,0,0,0,0,0,0,0.0169491525423729,0.77683615819209,0,0,0,0,0.0423728813559322,0,0,0,0,0,0,0,0,0,0,0,0.0536723163841808,0,0,0,0,0.110169491525424,0,0,0,0,0
MD99-2281,forcens_lgm,,60.341833,-9.455667,0,0,0,0,0,0,0,0,0,0,0,0,0.0295698924731183,0.71236559139785,0,0,0,0,0.0672043010752688,0,0,0,0,0,0,0,0,0,0,0,0.0564516129032258,0,0,0,0,0.134408602150538,0,0,0,0,0
MD99-2281,forcens_lgm,,60.341833,-9.455667,0,0,0,0,0,0,0,0,0,0,0,0,0.00842696629213483,0.780898876404494,0,0,0,0,0.0561797752808989,0,0,0,0,0,0,0,0,0,0,0,0.0449438202247191,0,0,0,0,0.109550561797753,0,0,0,0,0
MD99-2281,forcens_lgm,,60.341833,-9.455667,0,0,0,0,0,0,0,0,0,0,0,0,0.0072289156626506,0.737349397590361,0,0,0,0,0.0530120481927711,0,0,0,0,0,0,0,0,0,0,0,0.072289156626506,0,0,0,0,0.130120481927711,0,0,0,0,0
MD99-2281,forcens_lgm,,60.341833,-9.455667,0,0,0,0,0,0,0,0,0,0,0,0,0.00966183574879227,0.760869565217391,0,0,0,0,0.0942028985507246,0,0,0,0,0,0,0,0,0,0,0,0.0483091787439614,0,0,0,0,0.0869565217391304,0,0,0,0,0
MD99-2281,forcens_lgm,,60.341833,-9.455667,0,0,0,0,0,0,0,0,0,0,0,0,0.0196078431372549,0.747549019607843,0,0,0,0,0.0465686274509804,0,0,0,0,0,0,0,0,0,0,0,0.0784313725490196,0,0,0,0,0.107843137254902,0,0,0,0,0
MD99-2281,forcens_lgm,,60.341833,-9.455667,0,0,0,0,0,0,0,0,0,0,0,0,0.0205607476635514,0.682242990654206,0,0,0,0,0.0990654205607477,0,0,0,0,0,0,0,0,0,0,0,0.0467289719626168,0,0,0,0,0.151401869158879,0,0,0,0,0
MD99-2281,forcens_lgm,,60.341833,-9.455667,0,0,0,0,0,0,0,0,0,0,0,0,0.0136986301369863,0.843835616438356,0,0,0,0,0.0657534246575342,0,0,0,0,0,0,0,0,0,0,0,0.0246575342465753,0,0,0,0,0.052054794520548,0,0,0,0,0
MD01-2409,forcens_lgm,,41.5608,141.868,,,,,,,,,,,,,,,,,,,,,,,,,,,,,,,,,,,,,,,,,
MD04-2797CQ,forcens_lgm,,36.95,11.67,0,0,0,0,0,0.0634920634920635,0,0,0,0,0.00453514739229025,0,0.222222222222222,0,0,0,0,0,0.147392290249433,0,0,0,0.0952380952380952,0,0.018140589569161,0,0.00453514739229025,0,0.00226757369614512,0,0.213151927437642,0,0,0,0,0.131519274376417,0,0,0,0,0
MD04-2797CQ,forcens_lgm,,36.95,11.67,0,0,0,0,0,0.0748129675810474,0,0,0,0,0.00498753117206983,0,0.226932668329177,0,0,0,0,0,0.13216957605985,0,0,0,0.0897755610972569,0,0.0199501246882793,0,0,0,0.00249376558603491,0,0.189526184538653,0,0,0,0,0.169576059850374,0,0,0,0,0
MD04-2797CQ,forcens_lgm,,36.95,11.67,0,0,0,0,0,0.0417457305502846,0,0,0,0,0.00379506641366224,0,0.231499051233397,0.00569259962049336,0,0,0,0,0.13472485768501,0,0,0,0.10246679316888,0,0.0189753320683112,0,0,0,0.00569259962049336,0,0.199240986717268,0,0,0,0,0.153700189753321,0,0,0,0,0
MD04-2797CQ,forcens_lgm,,36.95,11.67,0,0,0,0,0,0.0626118067978533,0,0,0,0,0.0035778175313059,0,0.221824686940966,0.0035778175313059,0,0,0,0,0.121645796064401,0,0,0,0.146690518783542,0,0.0107334525939177,0.00178890876565295,0,0,0.00178890876565295,0,0.134168157423971,0,0,0,0,0.144901610017889,0,0,0,0,0
MD04-2797CQ,forcens_lgm,,36.95,11.67,0,0,0,0,0,0.0429799426934097,0,0,0,0,0.00286532951289398,0,0.263610315186246,0,0,0,0,0,0.186246418338109,0,0,0,0.131805157593123,0,0.00573065902578797,0,0,0,0.00573065902578797,0,0.131805157593123,0,0,0,0,0.0974212034383954,0,0,0,0,0
MD04-2797CQ,forcens_lgm,,36.95,11.67,0,0,0,0,0,0.0468085106382979,0,0,0,0,0,0.0170212765957447,0.229787234042553,0.00425531914893617,0,0,0,0,0.151063829787234,0,0,0,0.129787234042553,0,0,0,0,0.00212765957446809,0,0,0.123404255319149,0,0,0,0,0.165957446808511,0,0,0,0,0
MD04-2797CQ,forcens_lgm,,36.95,11.67,0,0,0,0,0,0.0639853747714808,0,0,0,0,0.00182815356489945,0.0036563071297989,0.243144424131627,0.0036563071297989,0,0,0,0,0.193784277879342,0,0,0,0.0804387568555759,0,0.00182815356489945,0,0,0,0,0,0.153564899451554,0,0,0,0,0.173674588665448,0,0,0,0,0
MD04-2797CQ,forcens_lgm,,36.95,11.67,0,0,0,0,0,0.0366132723112128,0,0,0,0,0.0022883295194508,0.0045766590389016,0.217391304347826,0.0045766590389016,0,0,0,0,0.167048054919908,0,0,0,0.139588100686499,0,0,0,0,0,0,0,0.155606407322654,0,0,0,0,0.132723112128146,0,0,0,0,0
MD04-2797CQ,forcens_lgm,,36.95,11.67,0,0,0,0,0,0.0798934753661784,0,0,0,0,0.00399467376830892,0.00532623169107856,0.207723035952064,0.00399467376830892,0,0,0,0,0.139813581890812,0,0,0,0.114513981358189,0,0,0,0,0,0.00133155792276964,0,0.167776298268975,0,0,0,0,0.155792276964048,0,0,0,0,0
MD04-2797CQ,forcens_lgm,,36.95,11.67,0,0,0,0,0,0.051413881748072,0,0,0,0,0,0.0051413881748072,0.249357326478149,0.0077120822622108,0,0,0,0,0.195372750642674,0,0,0,0.0848329048843188,0,0,0,0,0,0,0,0.167095115681234,0,0,0,0,0.154241645244216,0,0,0,0,0
MD04-2797CQ,forcens_lgm,,36.95,11.67,0,0,0,0,0,0.0509337860780985,0,0,0,0,0.0033955857385399,0.0033955857385399,0.254668930390492,0.00509337860780985,0,0,0,0,0.152801358234295,0,0,0,0.137521222410866,0,0.00169779286926995,0,0,0,0,0,0.122241086587436,0,0,0,0,0.130730050933786,0,0,0,0,0
MD04-2797CQ,forcens_lgm,,36.95,11.67,0,0,0,0,0,0.0619307832422587,0,0,0,0,0,0.00546448087431694,0.271402550091075,0.00546448087431694,0,0,0,0,0.138433515482696,0,0,0,0.0783242258652095,0,0,0,0,0,0,0,0.185792349726776,0,0,0,0,0.174863387978142,0,0,0,0,0
RS147-GC07,forcens_lgm,0.85,-45.15,146.2833333,0,0,0,0.00282485875706215,0,0.00282485875706215,0.0310734463276836,0,0,0,0.0903954802259887,0,0.240112994350283,0.200564971751412,0,0,0,0,0.206214689265537,0,0,0,0,0,0,0,0,0,0.00282485875706215,0,0.112994350282486,0,0,0,0,0.0932203389830508,0,0,0,0,0
RS147-GC07,forcens_lgm,0.87,-45.15,146.2833333,0,0,0,0,0,0.0115740740740741,0.0416666666666667,0,0,0,0.087962962962963,0,0.217592592592593,0.217592592592593,0,0,0,0,0.217592592592593,0.00694444444444444,0,0,0,0,0,0,0,0,0,0,0.087962962962963,0,0,0,0,0.0810185185185185,0,0,0,0,0
RS147-GC07,forcens_lgm,0.88,-45.15,146.2833333,0,0,0,0,0,0,0.048951048951049,0,0,0,0.0909090909090909,0,0.111888111888112,0.202797202797203,0,0,0,0,0.27972027972028,0.0174825174825175,0,0,0,0,0,0,0,0,0,0,0.13986013986014,0,0,0,0,0.0839160839160839,0,0,0,0,0
RS147-GC07,forcens_lgm,0.91,-45.15,146.2833333,0,0,0,0,0,0,0.0330578512396694,0,0,0,0.0716253443526171,0.00275482093663912,0.151515151515152,0.225895316804408,0,0,0,0,0.303030303030303,0,0,0,0,0,0,0,0,0,0,0,0.107438016528926,0,0,0,0,0.0633608815426997,0,0,0,0,0
RS147-GC07,forcens_lgm,0.935,-45.15,146.2833333,0,0,0,0,0,0.00174520069808028,0.0349040139616056,0,0,0,0.0593368237347295,0.00349040139616056,0.108202443280977,0.191972076788831,0,0,0,0,0.261780104712042,0.0209424083769634,0,0,0,0,0,0,0,0,0.00174520069808028,0,0.207678883071553,0,0,0,0,0.101221640488656,0,0,0,0,0
RS147-GC07,forcens_lgm,0.985,-45.15,146.2833333,0,0,0,0.00159235668789809,0,0.00477707006369427,0.0111464968152866,0,0,0,0.0668789808917197,0.00159235668789809,0.125796178343949,0.194267515923567,0,0,0,0,0.329617834394904,0.017515923566879,0,0,0.00159235668789809,0,0,0,0,0,0.00318471337579618,0,0.165605095541401,0,0,0,0,0.0668789808917197,0,0,0,0,0
MD98-2196,forcens_lgm,,29.88,128.61,0,0,0,0.0019723865877712,0,0,0.00591715976331361,0.00394477317554241,0,0,0.0236686390532544,0.315581854043393,0,0.0729783037475345,0.00591715976331361,0.00591715976331361,0,0,0.203155818540434,0.0236686390532544,0.00394477317554241,0,0.159763313609467,0.0276134122287968,0.0157790927021696,0.0157790927021696,0,0.0216962524654832,0.00591715976331361,0,0.0138067061143984,0.00394477317554241,0.0118343195266272,0,0,0.0256410256410256,0,0,0,0.00788954635108481,0
MD98-2196,forcens_lgm,,29.88,128.61,0,0,0,0,0,0,0,0,0,0,0.0338983050847458,0.282485875706215,0,0.0819209039548023,0.00847457627118644,0.0112994350282486,0,0,0.217514124293785,0.0225988700564972,0,0,0.112994350282486,0.0367231638418079,0.0254237288135593,0.0141242937853107,0,0.0338983050847458,0.00847457627118644,0,0.0225988700564972,0,0.0112994350282486,0,0,0.0367231638418079,0,0,0,0.00282485875706215,0
MD98-2196,forcens_lgm,,29.88,128.61,0,0,0,0,0.0111111111111111,0,0.0037037037037037,0.0037037037037037,0,0,0.0259259259259259,0.359259259259259,0.00740740740740741,0.0444444444444444,0.0148148148148148,0.0037037037037037,0,0,0.196296296296296,0.0444444444444444,0.00740740740740741,0,0.159259259259259,0.037037037037037,0.0185185185185185,0.00740740740740741,0,0.0185185185185185,0.00740740740740741,0,0.00740740740740741,0,0,0.0037037037037037,0,0.0037037037037037,0,0,0,0,0
MD98-2196,forcens_lgm,,29.88,128.61,0,0,0,0,0,0,0.00934579439252336,0,0,0,0.0373831775700935,0.274143302180685,0,0.11214953271028,0.0249221183800623,0.00311526479750779,0,0,0.208722741433022,0.043613707165109,0,0,0.158878504672897,0.0218068535825545,0.0186915887850467,0.00934579439252336,0,0.0124610591900312,0.00311526479750779,0,0.00311526479750779,0,0.00311526479750779,0,0,0.0249221183800623,0.00311526479750779,0,0,0,0
MD98-2196,forcens_lgm,,29.88,128.61,0,0,0,0,0.00245098039215686,0,0.0122549019607843,0,0,0,0.00245098039215686,0.166666666666667,0.00245098039215686,0.0367647058823529,0.0490196078431373,0.00245098039215686,0,0,0.25,0.0686274509803922,0,0,0.191176470588235,0.0514705882352941,0.017156862745098,0.0269607843137255,0.00735294117647059,0.017156862745098,0.017156862745098,0,0.00490196078431373,0,0.0122549019607843,0,0,0.0269607843137255,0,0,0,0,0
MD01-2398,forcens_lgm,,23.9918,124.413,0,0,0.00324675324675325,0,0.00324675324675325,0.00649350649350649,0.012987012987013,0,0,0,0.00974025974025974,0.185064935064935,0.0292207792207792,0.025974025974026,0.0292207792207792,0,0,0,0.162337662337662,0.0454545454545455,0.00649350649350649,0,0.230519480519481,0.0324675324675325,0.012987012987013,0.012987012987013,0,0.0324675324675325,0.012987012987013,0,0.00324675324675325,0,0.00649350649350649,0,0,0.126623376623377,0,0,0,0,0
MD01-2398,forcens_lgm,,23.9918,124.413,0,0,0.0184615384615385,0,0.00307692307692308,0.00923076923076923,0.0123076923076923,0,0,0,0.00307692307692308,0.132307692307692,0,0.0676923076923077,0.0307692307692308,0,0,0,0.144615384615385,0.0707692307692308,0.00615384615384615,0,0.209230769230769,0.0369230769230769,0.0123076923076923,0.00307692307692308,0,0.0523076923076923,0.0153846153846154,0,0.00307692307692308,0,0.0338461538461538,0,0,0.126153846153846,0,0,0,0,0
MD01-2398,forcens_lgm,,23.9918,124.413,0,0,0.00680272108843537,0,0.00226757369614512,0.0136054421768707,0.0158730158730159,0.0090702947845805,0,0,0.0158730158730159,0.0793650793650794,0.00226757369614512,0.0385487528344671,0.0158730158730159,0,0,0,0.115646258503401,0.0498866213151927,0.00680272108843537,0,0.206349206349206,0.0340136054421769,0.0340136054421769,0.0317460317460317,0.00453514739229025,0.0680272108843538,0.00453514739229025,0,0.00680272108843537,0,0.0272108843537415,0,0,0.183673469387755,0,0,0,0.0090702947845805,0
MD01-2398,forcens_lgm,,23.9918,124.413,0,0,0.00303030303030303,0,0,0.00909090909090909,0.0151515151515152,0.00909090909090909,0,0,0.0121212121212121,0.178787878787879,0,0.0484848484848485,0.00303030303030303,0.00303030303030303,0,0,0.115151515151515,0.0303030303030303,0.00606060606060606,0,0.160606060606061,0.0636363636363636,0.0333333333333333,0.0242424242424242,0,0.1,0.00909090909090909,0,0.00303030303030303,0,0.0242424242424242,0,0.00303030303030303,0.118181818181818,0,0,0,0.0151515151515152,0
MD01-2398,forcens_lgm,,23.9918,124.413,0,0,0.00760456273764259,0,0,0,0.0190114068441065,0.00380228136882129,0,0,0.00760456273764259,0.140684410646388,0.0152091254752852,0.0152091254752852,0,0,0,0,0.163498098859316,0.0836501901140684,0.00380228136882129,0,0.273764258555133,0.0228136882129278,0.0152091254752852,0,0,0.0380228136882129,0,0,0.00380228136882129,0,0.0494296577946768,0.00380228136882129,0,0.11787072243346,0.00380228136882129,0,0,0,0
GeoB 3302-1,forcens_lgm,,-33.218333,-72.09,0,0,0,0,0,0,0,0.076555023923445,0,0,1.07177033492823,0,0.421052631578947,10.2200956937799,0,0,0,0,3.55980861244019,0,0,0,0,0,0,0.076555023923445,0,0,0,0,0,0,0,0,0,0.574162679425837,0,0,0,0,0
GeoB 3302-1,forcens_lgm,,-33.218333,-72.09,0,0,0,0,0,0.00946745562130178,0.00946745562130178,0,0,0,0.340828402366864,0,0.151479289940828,5.67100591715976,0,0,0.0757396449704142,0,1.39171597633136,0,0,0,0,0,0,0.00946745562130178,0,0,0,0,0.0378698224852071,0,0,0,0,0.302958579881657,0,0,0,0,0
GeoB 3302-1,forcens_lgm,,-33.218333,-72.09,0,0,0,0,0,0.0446927374301676,0.0111731843575419,0,0,0,0.458100558659218,0,0,5.74301675977654,0,0,0.0558659217877095,0,1.1731843575419,0,0,0,0.0111731843575419,0,0,0,0,0,0,0,0,0,0,0,0,0.502793296089386,0,0,0,0,0
GeoB 3302-1,forcens_lgm,,-33.218333,-72.09,0,0,0,0,0,0.215633423180593,0,0,0,0,0.905660377358491,0,0.733153638814016,9.40161725067385,0,0,0.215633423180593,0,3.62264150943396,0,0,0,0,0,0,0.0431266846361186,0,0,0,0,0,0,0,0,0,0.862533692722372,0,0,0,0,0
GeoB 3302-1,forcens_lgm,,-33.218333,-72.09,0,0,0,0,0,0.032719836400818,0.032719836400818,0.098159509202454,0,0,0.458077709611452,0,0.098159509202454,5.30061349693252,0,0,0.065439672801636,0,1.14519427402863,0,0,0,0,0,0,0,0,0,0,0,0,0,0,0,0,0.768916155419223,0,0,0,0,0
GeoB 3302-1,forcens_lgm,,-33.218333,-72.09,0,0,0,0,0,0,0,0.0224403927068724,0,0,1.12201963534362,0,0.94249649368864,8.99859747545582,0,0,0.0224403927068724,0,3.56802244039271,0,0,0,0,0,0,0,0,0,0.0897615708274895,0,0,0,0,0,0,1.23422159887798,0,0,0,0,0
GeoB 3302-1,forcens_lgm,,-33.218333,-72.09,0,0,0,0,0,0,0.0804020100502513,0,0,0,1.20603015075377,0,0.964824120603015,9.08542713567839,0,0,0.241206030150754,0,3.1356783919598,0,0,0,0,0,0,0,0,0,0,0,0.0804020100502513,0,0,0,0,1.20603015075377,0,0,0,0,0
GeoB 3302-1,forcens_lgm,,-33.218333,-72.09,0,0,0,0,0,0.221070811744387,0.0552677029360967,0,0,0,1.13298791018998,0,0.635578583765112,8.78756476683938,0,0,0.0552677029360967,0,3.45423143350605,0,0,0,0.0276338514680484,0,0,0,0,0,0,0,0.0552677029360967,0,0,0,0,1.57512953367876,0,0,0,0,0
GeoB 3302-1,forcens_lgm,,-33.218333,-72.09,0,0,0,0,0,0.043656207366985,0.0218281036834925,0,0,0,2.55388813096862,0.043656207366985,0.720327421555252,7.53069577080491,0,0,0.0654843110504775,0,3.53615279672578,0,0,0,0,0,0,0.08731241473397,0,0,0,0,0,0,0,0,0,1.39699863574352,0,0,0,0,0
GeoB 3302-1,forcens_lgm,,-33.218333,-72.09,0,0,0,0,0,0,0.166666666666667,0.0555555555555556,0,0,1.83333333333333,0,0.611111111111111,7.66666666666667,0,0,0.166666666666667,0,3.94444444444444,0,0,0,0,0,0,0.0555555555555556,0,0,0,0,0,0,0,0,0,1.5,0,0,0,0,0
GeoB 3302-1,forcens_lgm,,-33.218333,-72.09,0,0,0,0,0,0.0579710144927536,0.144927536231884,0.173913043478261,0,0,1.36231884057971,0,1.39130434782609,7.82608695652174,0,0,0.0869565217391304,0,2.84057971014493,0,0,0,0,0,0,0.0869565217391304,0,0,0.0579710144927536,0,0,0,0,0,0,1.97101449275362,0,0,0,0,0
GeoB 3302-1,forcens_lgm,,-33.218333,-72.09,0,0,0,0,0,0.183908045977012,0,0,0,0,2.02298850574713,0,1.28735632183908,6.25287356321839,0,0,0.245210727969349,0,3.43295019157088,0,0,0,0,0,0,0.0613026819923372,0,0,0.0613026819923372,0,0,0,0,0,0,2.45210727969349,0,0,0,0,0
GeoB 3302-1,forcens_lgm,,-33.218333,-72.09,0,0,0,0,0,0.0703296703296703,0,0.0351648351648352,0,0,2.18021978021978,0,0.949450549450549,7.13846153846154,0,0,0.105494505494506,0,3.76263736263736,0,0,0,0,0,0,0.0703296703296703,0,0,0,0,0,0,0,0,0,1.68791208791209,0,0,0,0,0
GeoB 3302-1,forcens_lgm,,-33.218333,-72.09,0,0,0,0,0,0,0.0449438202247191,0.0898876404494382,0,0,2.1123595505618,0,0.898876404494382,7.95505617977528,0,0,0.134831460674157,0,3.14606741573034,0,0,0,0,0,0,0.179775280898876,0,0,0,0,0,0,0,0,0,1.43820224719101,0,0,0,0,0
GeoB 3302-1,forcens_lgm,,-33.218333,-72.09,0,0,0.0395061728395062,0,0,0.0395061728395062,0,0,0,0,2.05432098765432,0,0.434567901234568,7.50617283950617,0,0,0.0790123456790123,0,4.10864197530864,0.0790123456790123,0,0,0,0,0,0.0395061728395062,0,0,0,0,0,0,0,0,0,1.61975308641975,0,0,0,0,0
GeoB 3302-1,forcens_lgm,,-33.218333,-72.09,0,0,0,0,0,0.0763723150357995,0.0381861575178998,0,0,0,1.64200477326969,0,1.06921241050119,7.90453460620525,0,0,0.190930787589499,0,3.28400954653938,0,0,0,0,0,0,0.0763723150357995,0.0381861575178998,0,0,0,0,0,0,0,0,1.68019093078759,0,0,0,0,0
GeoB 3302-1,forcens_lgm,,-33.218333,-72.09,0,0,0,0,0,0.096969696969697,0,0,0,0,1.5030303030303,0,0.775757575757576,8.24242424242424,0,0,0.145454545454545,0,3.39393939393939,0,0,0,0,0,0,0,0,0,0,0,0,0,0,0,0,1.84242424242424,0,0,0,0,0
GeoB 3302-1,forcens_lgm,,-33.218333,-72.09,0,0,0,0,0,0.0745920745920746,0,0,0,0,1.45454545454545,0,1.04428904428904,8.68997668997669,0,0,0.149184149184149,0,2.83449883449883,0,0,0,0,0,0,0,0,0,0.0745920745920746,0,0,0,0,0,0,1.67832167832168,0,0,0,0,0
GeoB 3302-1,forcens_lgm,,-33.218333,-72.09,0,0,0,0,0,0.0399002493765586,0.0798004987531172,0,0,0,1.47630922693267,0,0.758104738154614,10.1346633416459,0,0,0,0,2.27431421446384,0.0399002493765586,0,0,0,0,0,0,0,0,0,0,0,0,0,0,0,1.19700748129676,0,0,0,0,0
GeoB 3302-1,forcens_lgm,,-33.218333,-72.09,0,0,0,0,0,0.0972644376899696,0,0,0,0,1.21580547112462,0,0.437689969604863,9.96960486322188,0,0,0.291793313069909,0,2.13981762917933,0,0,0,0,0,0,0,0,0,0.145896656534954,0,0.0486322188449848,0,0,0,0,1.65349544072948,0,0,0,0,0
GeoB 3302-1,forcens_lgm,,-33.218333,-72.09,0,0,0,0,0,0.0677966101694915,0.0677966101694915,0,0,0,1.76271186440678,0,0.813559322033898,9.08474576271187,0,0,0.135593220338983,0,2.77966101694915,0,0,0,0,0,0,0.0677966101694915,0,0,0,0,0,0,0,0,0,1.22033898305085,0,0,0,0,0
GeoB 3302-1,forcens_lgm,,-33.218333,-72.09,0,0,0,0,0,0,0,0,0,0,1.49640287769784,0,0.97841726618705,9.09352517985612,0,0,0.172661870503597,0,2.87769784172662,0,0,0,0,0,0,0,0,0,0,0,0,0,0,0,0,1.38129496402878,0,0,0,0,0
GeoB 3302-1,forcens_lgm,,-33.218333,-72.09,0,0,0.0528925619834711,0,0,0.158677685950413,0.0528925619834711,0,0,0,1.24297520661157,0,0.687603305785124,8.38347107438017,0,0,0.317355371900826,0,3.49090909090909,0,0,0,0,0,0,0,0,0,0,0,0,0,0,0,0,1.61322314049587,0,0,0,0,0
GeoB 3302-1,forcens_lgm,,-33.218333,-72.09,0,0,0,0,0,0,0,0,0,0,0.900432900432901,0,0.311688311688312,4.60606060606061,0,0,0.103896103896104,0,1.16017316017316,0,0,0,0,0,0,0.0173160173160173,0,0,0.0173160173160173,0,0,0,0,0,0,0.883116883116883,0,0,0,0,0
GeoB 3302-1,forcens_lgm,,-33.218333,-72.09,0,0,0,0,0,0,0.0220994475138122,0,0,0,0.685082872928177,0,0.220994475138122,3.77900552486188,0,0,0.265193370165746,0,1.8121546961326,0,0,0,0,0,0,0,0,0,0,0,0,0,0,0,0,1.21546961325967,0,0,0,0,0
GeoB10029-4,forcens_lgm,,-1.4945,100.128,0,0,0.0303030303030303,0,0.0202020202020202,0.0101010101010101,0,0.00336700336700337,0.00673400673400673,0,0,0.0808080808080808,0.0572390572390572,0,0.168350168350168,0.00336700336700337,0.00336700336700337,0,0.0303030303030303,0.0168350168350168,0.00336700336700337,0,0.252525252525253,0.0538720538720539,0.0404040404040404,0,0.00673400673400673,0.0269360269360269,0.0740740740740741,0,0.00336700336700337,0,0.0235690235690236,0,0,0.0808080808080808,0,0,0,0.00336700336700337,0
GeoB10029-4,forcens_lgm,,-1.4945,100.128,0,0,0.0454545454545455,0,0.0508021390374332,0.018716577540107,0,0.018716577540107,0,0,0,0.117647058823529,0.0374331550802139,0,0.192513368983957,0.0106951871657754,0.0106951871657754,0,0.0106951871657754,0.0053475935828877,0.00267379679144385,0,0.176470588235294,0.0909090909090909,0.0374331550802139,0.00267379679144385,0.0053475935828877,0.0320855614973262,0.0267379679144385,0.00802139037433155,0.0053475935828877,0,0.0160427807486631,0,0,0.0775401069518717,0,0,0,0,0
GeoB10038-4,forcens_lgm,,-5.9375,103.246,0,0,0.00342465753424658,0,0.0445205479452055,0.0102739726027397,0.0171232876712329,0.0136986301369863,0.0205479452054795,0,0,0.154109589041096,0.0787671232876712,0.00342465753424658,0.126712328767123,0.00342465753424658,0.00684931506849315,0,0.0993150684931507,0.0273972602739726,0.0136986301369863,0,0.116438356164384,0.0753424657534247,0.0136986301369863,0.00342465753424658,0.00342465753424658,0.0136986301369863,0.0376712328767123,0,0.00342465753424658,0,0.0205479452054795,0,0.00342465753424658,0.0821917808219178,0,0,0.00342465753424658,0,0
GeoB10038-4,forcens_lgm,,-5.9375,103.246,0,0,0.00261096605744125,0,0.0600522193211488,0.010443864229765,0.010443864229765,0,0.031331592689295,0,0,0.0835509138381201,0.0887728459530026,0,0.0887728459530026,0.00522193211488251,0.0130548302872063,0,0.127937336814621,0.0156657963446475,0.00783289817232376,0,0.185378590078329,0.0339425587467363,0.0417754569190601,0,0.00522193211488251,0.0287206266318538,0.0130548302872063,0,0,0.00261096605744125,0.010443864229765,0.00261096605744125,0,0.122715404699739,0.00261096605744125,0,0,0,0
GeoB10042-1,forcens_lgm,,-7.1135,104.6425,0,0,0,0,0.0391566265060241,0.00903614457831325,0.00903614457831325,0.0240963855421687,0.00301204819277108,0.00301204819277108,0,0.225903614457831,0.147590361445783,0.00301204819277108,0.105421686746988,0.00602409638554217,0,0,0.102409638554217,0.0120481927710843,0.00301204819277108,0,0.0632530120481928,0.0301204819277108,0.0120481927710843,0.0180722891566265,0,0.0180722891566265,0.00602409638554217,0,0,0,0.00602409638554217,0,0,0.153614457831325,0,0,0,0,0
GeoB10042-1,forcens_lgm,,-7.1135,104.6425,0,0,0.0141843971631206,0,0.0638297872340426,0.00354609929078014,0,0.0141843971631206,0.0141843971631206,0,0,0.166666666666667,0.113475177304965,0,0.131205673758865,0.00709219858156028,0.00709219858156028,0,0.0921985815602837,0.0283687943262411,0.0106382978723404,0,0.0886524822695036,0.0177304964539007,0.0106382978723404,0,0,0.0177304964539007,0.0141843971631206,0,0,0,0.0177304964539007,0,0,0.166666666666667,0,0,0,0,0
GeoB10043-3,forcens_lgm,,-7.30917,105.05867,0,0,0.0186170212765957,0.00531914893617021,0.050531914893617,0.00265957446808511,0.0159574468085106,0.0106382978723404,0.00531914893617021,0.00265957446808511,0,0.175531914893617,0.0957446808510638,0,0.0930851063829787,0.0265957446808511,0.0106382978723404,0,0.154255319148936,0.0106382978723404,0.00265957446808511,0,0.0824468085106383,0.0292553191489362,0.00797872340425532,0.00531914893617021,0,0.0132978723404255,0.0186170212765957,0,0.00265957446808511,0,0.0106382978723404,0,0.00265957446808511,0.140957446808511,0,0,0.00531914893617021,0,0
GeoB10043-3,forcens_lgm,,-7.30917,105.05867,0,0,0.00897666068222621,0,0.0430879712746858,0.00718132854578097,0.00538599640933573,0.0107719928186715,0.00718132854578097,0,0,0.181328545780969,0.0879712746858169,0.00897666068222621,0.120287253141831,0.00179533213644524,0.00359066427289048,0,0.14721723518851,0.0359066427289048,0,0,0.0933572710951526,0.0341113105924596,0.0125673249551167,0.00179533213644524,0.00179533213644524,0.0125673249551167,0.0161579892280072,0,0.00359066427289048,0,0.0161579892280072,0,0.00179533213644524,0.129263913824057,0,0,0.00718132854578097,0,0
GeoB10053-7,forcens_lgm,,-8.6765,112.8725,0,0,0.0167464114832536,0,0.0239234449760766,0.0119617224880383,0.00239234449760766,0.00956937799043062,0.0119617224880383,0,0,0.102870813397129,0.184210526315789,0.00717703349282297,0.0454545454545455,0,0,0,0.246411483253589,0.0358851674641148,0,0,0.126794258373206,0.0143540669856459,0.0167464114832536,0,0,0.0119617224880383,0.00717703349282297,0,0.00239234449760766,0,0.0311004784688995,0,0,0.0837320574162679,0.00239234449760766,0,0.00478468899521531,0,0
GeoB10053-7,forcens_lgm,,-8.6765,112.8725,0,0,0.00319488817891374,0,0.0255591054313099,0.00319488817891374,0.00638977635782748,0.00638977635782748,0.0223642172523962,0.00319488817891374,0,0.10223642172524,0.188498402555911,0,0.0830670926517572,0,0,0,0.223642172523962,0.0255591054313099,0.00319488817891374,0,0.0894568690095847,0.0287539936102236,0.012779552715655,0.012779552715655,0,0.0191693290734824,0.0159744408945687,0,0.012779552715655,0,0.0543130990415336,0,0,0.0575079872204473,0,0,0,0,0
GeoB10069-3,forcens_lgm,,-9.59483,120.917,0.00201207243460765,0,0.0130784708249497,0,0.0120724346076459,0.00905432595573441,0,0.00503018108651911,0.0140845070422535,0,0,0.0875251509054326,0.105633802816901,0.00100603621730382,0.0211267605633803,0,0,0,0.176056338028169,0.0130784708249497,0,0,0.176056338028169,0.0100603621730382,0.0442655935613682,0.00201207243460765,0.00100603621730382,0.00603621730382294,0.017102615694165,0,0.00905432595573441,0,0.0593561368209256,0,0,0.196177062374245,0.00301810865191147,0,0.0140845070422535,0,0
GeoB10069-3,forcens_lgm,,-9.59483,120.917,0,0,0.00341296928327645,0.00170648464163823,0.0068259385665529,0.015358361774744,0.00511945392491468,0.00511945392491468,0.015358361774744,0,0.00170648464163823,0.0631399317406143,0.102389078498294,0.00170648464163823,0.0409556313993174,0,0,0,0.215017064846416,0.0187713310580205,0.00170648464163823,0,0.177474402730375,0.00853242320819113,0.0307167235494881,0,0,0.0068259385665529,0.0119453924914676,0,0.0102389078498294,0,0.0853242320819113,0,0,0.150170648464164,0,0,0.0170648464163823,0,0
GeoB10069-3,forcens_lgm,,-9.59483,120.917,0,0,0.00402144772117962,0,0.0187667560321716,0.0134048257372654,0.00402144772117962,0.00536193029490617,0.0201072386058981,0,0,0.0603217158176944,0.10857908847185,0.00670241286863271,0.0308310991957105,0,0,0,0.198391420911528,0.0134048257372654,0,0,0.160857908847185,0.00938337801608579,0.0268096514745308,0,0,0.0107238605898123,0.0120643431635389,0,0.0107238605898123,0,0.0764075067024129,0,0,0.193029490616622,0,0,0.0160857908847185,0,0
GeoB12615-4,forcens_lgm,,-7.138333,39.840833,0,0,0.0137931034482759,0,0.0206896551724138,0,0.00344827586206897,0.0206896551724138,0.0379310344827586,0,0,0.0586206896551724,0.0931034482758621,0,0.0172413793103448,0.00689655172413793,0.00344827586206897,0,0.0620689655172414,0.0310344827586207,0.00344827586206897,0,0.272413793103448,0.0689655172413793,0.0310344827586207,0.0103448275862069,0.00344827586206897,0.0206896551724138,0.0379310344827586,0,0,0,0.0344827586206897,0,0,0.144827586206897,0.00344827586206897,0,0,0,0
GeoB12615-4,forcens_lgm,,-7.138333,39.840833,0,0,0.0026525198938992,0,0.0212201591511936,0,0.00530503978779841,0.0159151193633952,0.0212201591511936,0,0.00530503978779841,0.0318302387267905,0.0397877984084881,0.0026525198938992,0.0397877984084881,0.00530503978779841,0,0,0.0822281167108753,0.0291777188328912,0.00795755968169761,0,0.29973474801061,0.0848806366047745,0.0212201591511936,0.00795755968169761,0.0026525198938992,0.0318302387267905,0.0371352785145889,0,0,0.0026525198938992,0.0291777188328912,0,0,0.161803713527851,0.0026525198938992,0,0.00795755968169761,0,0
GeoB16224-1,forcens_lgm,,6.656333,-52.083167,0,0,0.0331632653061225,0,0,0.0127551020408163,0.0688775510204082,0.00255102040816327,0,0,0,0.0918367346938776,0.0459183673469388,0,0,0,0,0,0.0586734693877551,0.00510204081632653,0,0.0510204081632653,0.306122448979592,0.119897959183673,0,0.00255102040816327,0.0076530612244898,0.0280612244897959,0.0076530612244898,0,0.0331632653061225,0,0.0178571428571429,0,0.00255102040816327,0.0969387755102041,0,0,0.0076530612244898,0,0
GeoB16224-1,forcens_lgm,,6.656333,-52.083167,0,0,0.0409556313993174,0,0,0.00341296928327645,0.0887372013651877,0,0,0,0,0.133105802047782,0.0307167235494881,0,0,0,0,0,0.0443686006825939,0,0.0102389078498294,0.0204778156996587,0.341296928327645,0.0716723549488055,0,0.0136518771331058,0.0102389078498294,0.00341296928327645,0.0102389078498294,0,0.0307167235494881,0,0.0307167235494881,0,0,0.116040955631399,0,0,0,0,0
GeoB18530-1,forcens_lgm,,42.8395,-49.23483333,0,0,0,0,0,0.00804289544235925,0,0,0,0,0.0348525469168901,0,0.107238605898123,0.651474530831099,0,0,0,0,0.0670241286863271,0,0,0,0,0,0,0,0,0,0,0,0.0884718498659517,0,0,0,0,0.0428954423592493,0,0,0,0,0
GeoB18530-1,forcens_lgm,,42.8395,-49.23483333,0,0,0,0,0,0,0,0,0,0,0.016,0,0.0933333333333333,0.557333333333333,0,0,0,0,0.181333333333333,0,0,0,0,0,0,0,0,0,0,0,0.128,0,0,0,0,0.024,0,0,0,0,0
GeoB20616-1,forcens_lgm,,-25.589,33.334,0,0,0,0,0.00673400673400673,0.00336700336700337,0,0.0101010101010101,0.0202020202020202,0,0.161616161616162,0.0909090909090909,0.0942760942760943,0,0.0235690235690236,0,0,0,0.063973063973064,0.0202020202020202,0.0134680134680135,0,0.212121212121212,0.0404040404040404,0.00336700336700337,0.0101010101010101,0.00336700336700337,0.0303030303030303,0.037037037037037,0,0,0,0.0404040404040404,0,0,0.114478114478115,0,0,0,0,0
GeoB20616-1,forcens_lgm,,-25.589,33.334,0,0,0,0,0.0137931034482759,0,0,0.0103448275862069,0.00689655172413793,0,0.227586206896552,0.0482758620689655,0.120689655172414,0.0103448275862069,0.00689655172413793,0,0,0,0.0620689655172414,0.0206896551724138,0.00344827586206897,0,0.227586206896552,0.0517241379310345,0.00689655172413793,0.00689655172413793,0.00344827586206897,0.0206896551724138,0.00689655172413793,0,0.00344827586206897,0,0.0172413793103448,0,0,0.124137931034483,0,0,0,0,0
GeoB2104-3,forcens_lgm,,-27.285,-46.373333,0,0,0,0.0150501672240803,0,0.00501672240802676,0.0551839464882943,0,0,0,0.112040133779264,0,0.0418060200668896,0.00501672240802676,0,0,0,0,0.0836120401337793,0.0150501672240803,0.00668896321070234,0.0518394648829431,0.331103678929766,0.0301003344481605,0.0451505016722408,0.00167224080267559,0,0.00501672240802676,0.00501672240802676,0,0,0,0.0183946488294314,0,0.00334448160535117,0.168896321070234,0,0,0,0,0
GeoB2104-3,forcens_lgm,,-27.285,-46.373333,0,0,0.0205882352941176,0.0117647058823529,0,0.0176470588235294,0.0382352941176471,0,0,0,0.0647058823529412,0.00588235294117647,0.0235294117647059,0,0.00294117647058824,0,0,0,0.0147058823529412,0.0441176470588235,0.0117647058823529,0.0647058823529412,0.405882352941176,0.0382352941176471,0.0352941176470588,0,0.00588235294117647,0.00294117647058824,0.0235294117647059,0,0,0,0.0117647058823529,0,0.00294117647058824,0.144117647058824,0.00294117647058824,0,0,0,0
GeoB7010-2,forcens_lgm,,8.57,-53.205,0.00294985250737463,0,0.0353982300884956,0,0,0.0147492625368732,0.0324483775811209,0,0,0,0.00294985250737463,0.0589970501474926,0.0176991150442478,0,0,0,0,0,0.0442477876106195,0.00589970501474926,0.00589970501474926,0.0412979351032448,0.315634218289086,0.112094395280236,0.0117994100294985,0,0.0117994100294985,0.0117994100294985,0.0147492625368732,0,0.0766961651917404,0.00294985250737463,0.0235988200589971,0,0,0.153392330383481,0,0,0,0,0
GeoB7010-2,forcens_lgm,,8.57,-53.205,0,0,0.015527950310559,0,0,0.015527950310559,0.0186335403726708,0,0,0,0,0.0838509316770186,0.0093167701863354,0.0062111801242236,0,0,0,0,0.0745341614906832,0.0093167701863354,0,0.0527950310559006,0.291925465838509,0.145962732919255,0,0,0.0062111801242236,0.0248447204968944,0.0217391304347826,0,0.0714285714285714,0.0031055900621118,0.0279503105590062,0,0,0.12111801242236,0,0,0,0,0
LV29-114-3,forcens_lgm,4.05,49.375667,152.877933,0,0,0,0,0,0,0,0,0,0,0,0,0.0242718446601942,0.815533980582524,0,0,0,0,0.155339805825243,0,0,0,0,0,0,0,0,0,0,0,0,0,0,0,0,0.00485436893203884,0,0,0,0,0
SO189-119KL,forcens_lgm,,3.5178,96.3145,0,0,0.0303867403314917,0,0.00552486187845304,0.00552486187845304,0,0.00828729281767956,0.0110497237569061,0,0,0.0580110497237569,0.0497237569060774,0.00276243093922652,0.146408839779006,0.00552486187845304,0.0110497237569061,0,0.0414364640883978,0.0414364640883978,0,0,0.378453038674033,0.0303867403314917,0.0441988950276243,0.00552486187845304,0.00276243093922652,0.0276243093922652,0.0524861878453039,0,0,0,0.0110497237569061,0,0,0.0248618784530387,0,0,0.00552486187845304,0,0
SO189-119KL,forcens_lgm,,3.5178,96.3145,0,0,0.00754716981132076,0,0.0113207547169811,0.00754716981132076,0,0.00377358490566038,0,0,0,0.124528301886792,0.0716981132075472,0.00377358490566038,0.211320754716981,0.00377358490566038,0.0188679245283019,0,0.0566037735849057,0.0113207547169811,0,0,0.264150943396226,0.0377358490566038,0.0264150943396226,0,0,0.0264150943396226,0.0339622641509434,0.00377358490566038,0.00377358490566038,0.00377358490566038,0.0264150943396226,0,0,0.0415094339622642,0,0,0,0,0
SO189-144KL,forcens_lgm,,1.155,98.066,0,0,0.0259433962264151,0,0.00707547169811321,0.00707547169811321,0.00707547169811321,0.00471698113207547,0.00235849056603774,0.00235849056603774,0,0.0188679245283019,0.0471698113207547,0.00471698113207547,0.268867924528302,0.00235849056603774,0.035377358490566,0,0.0400943396226415,0.00471698113207547,0,0,0.216981132075472,0.0471698113207547,0.0377358490566038,0.0212264150943396,0,0.0330188679245283,0.0613207547169811,0.00943396226415094,0,0,0.0212264150943396,0,0,0.0683962264150943,0,0,0,0.00471698113207547,0
SO189-39KL,forcens_lgm,,-0.79,99.9085,0,0,0.038560411311054,0,0.0308483290488432,0.0025706940874036,0,0,0.012853470437018,0,0,0.0951156812339332,0.0822622107969152,0.0025706940874036,0.244215938303342,0,0.012853470437018,0,0.038560411311054,0.0025706940874036,0,0,0.16452442159383,0.0822622107969152,0.0437017994858612,0,0.0025706940874036,0.0231362467866324,0.0334190231362468,0.0025706940874036,0.0025706940874036,0,0.0102827763496144,0,0,0.0719794344473008,0,0,0,0,0
SO189-39KL,forcens_lgm,,-0.79,99.9085,0,0,0.0363636363636364,0,0.0363636363636364,0.00363636363636364,0,0,0.00363636363636364,0,0,0.0872727272727273,0.08,0,0.167272727272727,0.00727272727272727,0.00727272727272727,0,0.04,0.00727272727272727,0,0,0.250909090909091,0.0363636363636364,0.0545454545454545,0.0254545454545455,0,0.0254545454545455,0.0436363636363636,0,0,0,0.0145454545454545,0,0,0.0727272727272727,0,0,0,0,0
SO201-2-77KL,forcens_lgm,2.74,56.3305,170.7,0,0,0,0,0,0,0,0,0,0,0,0,0.0162412993039443,0.735498839907193,0,0,0,0,0.241299303944316,0,0,0,0,0,0,0,0,0,0,0,0.00696055684454756,0,0,0,0,0,0,0,0,0,0
SO201-2-77KL,forcens_lgm,2.54,56.3305,170.7,0,0,0,0,0,0.00161550888529887,0,0,0,0,0,0,0.0145395799676898,0.733441033925687,0,0,0,0,0.239095315024233,0,0,0,0.00161550888529887,0,0,0,0,0,0,0,0.00646203554119548,0,0,0,0,0,0.00323101777059774,0,0,0,0
SO201-2-85KL,forcens_lgm,1.35,57.505,170.413167,0,0,0,0,0,0,0,0,0,0,0,0,0.0392561983471074,0.731404958677686,0,0,0,0,0.229338842975207,0,0,0,0,0,0,0,0,0,0,0,0,0,0,0,0,0,0,0,0,0,0
MD04-2861,forcens_lgm,,24.13,63.91,0,0,0,0,0,0,0,0,0,0.00217864923747277,0,0,0.0326797385620915,0.0217864923747277,0,0,0,0,0.254901960784314,0.0740740740740741,0,0,0.235294117647059,0.113289760348584,0.0152505446623094,0.154684095860566,0,0.00871459694989107,0.0392156862745098,0,0.00217864923747277,0,0.0130718954248366,0,0,0.0305010893246187,0,0,0,0,0
MD04-2861,forcens_lgm,,24.13,63.91,0,0,0,0,0,0,0,0,0,0,0,0,0.0605381165919283,0.0269058295964126,0.00448430493273543,0,0,0,0.266816143497758,0.062780269058296,0,0,0.208520179372197,0.100896860986547,0.0112107623318386,0.136771300448431,0,0.00672645739910314,0.0381165919282511,0,0,0,0.0224215246636771,0,0,0.0515695067264574,0,0,0,0,0
MD04-2861,forcens_lgm,,24.13,63.91,0,0,0,0,0,0,0,0,0,0,0,0,0.0359550561797753,0.0247191011235955,0,0,0,0,0.204494382022472,0.0471910112359551,0,0,0.38876404494382,0.0719101123595506,0.00224719101123596,0.143820224719101,0,0,0.0134831460674157,0,0.00449438202247191,0,0.0247191011235955,0,0,0.0382022471910112,0,0,0,0,0
MD04-2861,forcens_lgm,,24.13,63.91,0,0,0,0,0.00210526315789474,0,0,0,0,0,0,0,0.0315789473684211,0.0105263157894737,0.00210526315789474,0,0.00210526315789474,0,0.191578947368421,0.0442105263157895,0,0,0.383157894736842,0.0736842105263158,0,0.143157894736842,0,0.00421052631578947,0.048421052631579,0,0.00842105263157895,0,0.0273684210526316,0,0,0.0273684210526316,0,0,0,0,0
MD04-2861,forcens_lgm,,24.13,63.91,0,0,0,0,0,0,0,0,0,0,0,0,0.0242587601078167,0.0134770889487871,0,0,0.00269541778975741,0,0.242587601078167,0.0700808625336927,0,0.00269541778975741,0.428571428571429,0.0512129380053908,0.0269541778975741,0.0700808625336927,0,0.00269541778975741,0.0161725067385445,0,0.00539083557951483,0,0.0215633423180593,0.00269541778975741,0,0.0188679245283019,0,0,0,0,0
MD04-2861,forcens_lgm,,24.13,63.91,0,0,0,0,0.0024330900243309,0,0,0,0,0,0,0,0.0535279805352798,0.0267639902676399,0,0,0,0,0.248175182481752,0.0681265206812652,0,0,0.21654501216545,0.102189781021898,0.0097323600973236,0.131386861313869,0,0.0121654501216545,0.0510948905109489,0,0.0024330900243309,0,0.0462287104622871,0,0,0.0218978102189781,0,0,0,0,0
MD04-2861,forcens_lgm,,24.13,63.91,0,0,0,0,0,0,0,0,0,0,0,0.00239808153477218,0.0431654676258993,0.0239808153477218,0,0,0,0,0.258992805755396,0.0311750599520384,0,0,0.177458033573142,0.115107913669065,0,0.235011990407674,0.00239808153477218,0.0143884892086331,0.0599520383693046,0,0.00239808153477218,0,0.00959232613908873,0,0,0.0215827338129496,0,0,0,0,0
MD04-2861,forcens_lgm,,24.13,63.91,0,0,0,0,0,0.00257731958762887,0,0,0,0,0,0,0.0438144329896907,0.0180412371134021,0.00257731958762887,0,0,0,0.255154639175258,0.0489690721649485,0,0,0.131443298969072,0.121134020618557,0,0.231958762886598,0,0,0.0902061855670103,0,0.00515463917525773,0,0.0257731958762887,0,0,0.0231958762886598,0,0,0,0,0
MD04-2861,forcens_lgm,,24.13,63.91,0,0,0,0.0054945054945055,0,0,0,0,0,0,0,0,0.0576923076923077,0.0274725274725275,0,0,0,0,0.244505494505495,0.0412087912087912,0,0,0.153846153846154,0.120879120879121,0.0054945054945055,0.214285714285714,0.0054945054945055,0,0.0824175824175824,0,0.010989010989011,0,0.0164835164835165,0,0,0.0137362637362637,0,0,0,0,0
E-34,forcens_lgm,,19.26883333,-94.5115,0,0,0.163101604278075,0,0,0,0.00802139037433155,0,0,0,0.128342245989305,0.0160427807486631,0.00802139037433155,0,0.0053475935828877,0,0,0,0.0695187165775401,0.00267379679144385,0.0320855614973262,0.171122994652406,0.18716577540107,0.0668449197860963,0,0.0240641711229947,0,0.0855614973262032,0.0213903743315508,0,0.00267379679144385,0,0,0,0,0.00267379679144385,0,0,0,0.0053475935828877,0
E-34,forcens_lgm,,19.26883333,-94.5115,0,0,0.11178247734139,0,0,0,0.00906344410876133,0,0,0,0.0845921450151058,0.00604229607250755,0.00906344410876133,0,0,0,0,0,0.054380664652568,0.00302114803625378,0.00906344410876133,0.265861027190332,0.217522658610272,0.0302114803625378,0,0.0664652567975831,0,0.117824773413897,0.0120845921450151,0,0,0,0,0,0,0.00302114803625378,0,0,0,0,0
E-34,forcens_lgm,,19.26883333,-94.5115,0,0,0.0785907859078591,0,0.002710027100271,0,0.00813008130081301,0,0,0,0.195121951219512,0.00542005420054201,0.010840108401084,0,0.00542005420054201,0,0,0,0.0596205962059621,0.00542005420054201,0.002710027100271,0.159891598915989,0.260162601626016,0.0487804878048781,0,0.0704607046070461,0,0.0623306233062331,0.018970189701897,0,0,0,0,0,0,0.002710027100271,0,0,0,0.002710027100271,0
E-34,forcens_lgm,,19.26883333,-94.5115,0,0,0.132275132275132,0,0,0,0.0158730158730159,0,0,0,0.185185185185185,0.0105820105820106,0.0158730158730159,0,0.00352733686067019,0,0,0,0.0758377425044092,0.0158730158730159,0.0105820105820106,0.121693121693122,0.27689594356261,0.0335097001763668,0,0.0423280423280423,0,0.0282186948853616,0.0211640211640212,0,0,0,0,0,0,0,0,0,0,0.0105820105820106,0
E-34,forcens_lgm,,19.26883333,-94.5115,0,0,0.0491803278688525,0,0,0,0.00819672131147541,0,0,0,0.10655737704918,0.0163934426229508,0,0,0,0,0,0,0.139344262295082,0.0327868852459016,0.0204918032786885,0.114754098360656,0.270491803278689,0.168032786885246,0,0.0327868852459016,0.00409836065573771,0.0163934426229508,0.00819672131147541,0,0,0,0,0,0.00409836065573771,0,0.00409836065573771,0,0,0.00409836065573771,0
E-34,forcens_lgm,,19.26883333,-94.5115,0,0,0.0805970149253731,0,0,0.00298507462686567,0.0238805970149254,0,0,0,0.167164179104478,0.00298507462686567,0.00298507462686567,0,0,0,0,0,0.0537313432835821,0.00597014925373135,0.00298507462686567,0.122388059701493,0.232835820895522,0.223880597014925,0,0.017910447761194,0,0.0388059701492537,0.017910447761194,0,0,0,0,0,0,0.00298507462686567,0,0,0,0,0
E-34,forcens_lgm,,19.26883333,-94.5115,0,0,0.0154798761609907,0,0,0,0.00928792569659443,0,0,0,0.21671826625387,0,0.00309597523219814,0,0,0,0,0,0.0835913312693498,0.0154798761609907,0.00928792569659443,0.0743034055727554,0.241486068111455,0.21671826625387,0,0.0371517027863777,0,0.0371517027863777,0.0340557275541796,0,0,0,0,0,0.00309597523219814,0,0.00309597523219814,0,0,0,0
E-35,forcens_lgm,,19.16266667,-94.535,0,0,0.0830769230769231,0,0,0,0,0,0,0.00615384615384615,0.0830769230769231,0.0307692307692308,0.00615384615384615,0,0,0,0,0,0.0430769230769231,0.04,0.0215384615384615,0.218461538461538,0.236923076923077,0.0123076923076923,0,0.0276923076923077,0,0.113846153846154,0.0615384615384615,0,0,0,0,0,0,0.00923076923076923,0.00615384615384615,0,0,0,0
E-35,forcens_lgm,,19.16266667,-94.535,0,0,0.177710843373494,0,0.00301204819277108,0.00301204819277108,0.00301204819277108,0,0,0,0.159638554216867,0.0240963855421687,0.0120481927710843,0,0.00301204819277108,0,0,0,0.0331325301204819,0.00602409638554217,0.00602409638554217,0.186746987951807,0.225903614457831,0.00903614457831325,0.00301204819277108,0.0512048192771084,0,0.0662650602409639,0.0180722891566265,0,0,0,0,0,0.00301204819277108,0.00301204819277108,0.00301204819277108,0,0,0,0
E-35,forcens_lgm,,19.16266667,-94.535,0,0,0.0833333333333333,0,0,0,0.00378787878787879,0,0,0.00378787878787879,0.128787878787879,0.00378787878787879,0.00378787878787879,0,0,0,0,0,0.0265151515151515,0.00757575757575758,0.0189393939393939,0.0757575757575758,0.318181818181818,0.113636363636364,0,0.053030303030303,0,0.113636363636364,0.0454545454545455,0,0,0,0,0,0,0,0,0,0,0,0
E-35,forcens_lgm,,19.16266667,-94.535,0,0,0.0193050193050193,0,0,0,0.00386100386100386,0,0,0,0.150579150579151,0.00386100386100386,0,0,0.00772200772200772,0,0,0,0.0733590733590734,0.00772200772200772,0.0193050193050193,0.127413127413127,0.335907335907336,0.115830115830116,0,0.0347490347490348,0,0.0617760617760618,0.0347490347490348,0,0,0,0,0,0,0,0.00386100386100386,0,0,0,0
E-35,forcens_lgm,,19.16266667,-94.535,0,0,0.0592105263157895,0,0.00328947368421053,0,0.0460526315789474,0,0,0.00328947368421053,0.141447368421053,0.0394736842105263,0.00986842105263158,0,0,0,0.00328947368421053,0,0.0230263157894737,0.0263157894736842,0.0230263157894737,0.243421052631579,0.217105263157895,0.0690789473684211,0.00328947368421053,0.0263157894736842,0,0.0230263157894737,0.0263157894736842,0,0,0,0,0,0,0.0131578947368421,0,0,0,0,0
E-35,forcens_lgm,,19.16266667,-94.535,0,0,0.0178117048346056,0,0,0,0.0229007633587786,0,0,0.00254452926208651,0.162849872773537,0.0203562340966921,0.00254452926208651,0,0.00508905852417303,0,0,0,0.0356234096692112,0.0254452926208651,0.0534351145038168,0.118066157760814,0.25089058524173,0.0712468193384224,0.00508905852417303,0.0483460559796438,0,0.0966921119592875,0.0534351145038168,0,0,0,0,0,0,0.00508905852417303,0.00254452926208651,0,0,0,0
E-37,forcens_lgm,,18.961,-94.50916667,0,0,0.268211920529801,0,0,0,0.0132450331125828,0,0,0,0.0165562913907285,0.00993377483443709,0.0132450331125828,0,0,0,0,0,0.076158940397351,0.0198675496688742,0.0132450331125828,0.149006622516556,0.208609271523179,0.033112582781457,0,0.0596026490066225,0.00662251655629139,0.0894039735099338,0.0165562913907285,0,0,0,0,0,0,0.00662251655629139,0,0,0,0,0
E-37,forcens_lgm,,18.961,-94.50916667,0,0,0.21969696969697,0,0,0.00378787878787879,0.0303030303030303,0,0,0.00378787878787879,0.0189393939393939,0.0113636363636364,0.00378787878787879,0,0,0,0,0,0.0340909090909091,0.00757575757575758,0.00757575757575758,0.15530303030303,0.223484848484848,0.0189393939393939,0,0.117424242424242,0,0.0984848484848485,0.0378787878787879,0,0,0,0,0,0,0.00757575757575758,0,0,0,0,0
E-37,forcens_lgm,,18.961,-94.50916667,0,0,0.1,0,0,0,0.032,0,0,0,0.012,0.012,0.02,0,0,0,0,0,0.084,0.004,0.008,0.188,0.28,0.02,0.004,0.12,0.004,0.092,0.016,0,0,0,0,0,0,0,0.004,0,0,0,0
AII 125-8 JPC 20,forcens_lgm,,26.03816667,-110.9301667,0,0,0,0,0.00977198697068404,0,0,0,0,0,0,0.0162866449511401,0.791530944625407,0,0,0,0,0,0.180781758957655,0,0,0,0,0,0,0.00162866449511401,0,0,0,0,0,0,0,0,0,0,0,0,0,0,0
AII 125-8 JPC 20,forcens_lgm,,26.03816667,-110.9301667,0,0,0,0,0.0617283950617284,0,0,0.00493827160493827,0,0,0,0.0888888888888889,0.474074074074074,0,0,0,0,0,0.2,0.138271604938272,0,0,0.017283950617284,0.00987654320987654,0,0.00246913580246914,0,0,0,0,0,0,0,0,0,0,0,0,0,0,0
AII 125-8 JPC 20,forcens_lgm,,26.03816667,-110.9301667,0,0,0,0,0,0,0,0,0,0,0,0.0248756218905473,0.502487562189055,0,0,0,0,0,0.373134328358209,0,0,0,0.0199004975124378,0.0199004975124378,0,0,0,0,0,0,0,0,0,0,0,0.0597014925373134,0,0,0,0,0
AII 125-8 JPC 20,forcens_lgm,,26.03816667,-110.9301667,0,0,0,0,0.00531914893617021,0,0,0,0,0,0,0.0212765957446809,0.465425531914894,0,0,0,0,0,0.409574468085106,0.0851063829787234,0,0,0.00531914893617021,0.00531914893617021,0,0.00265957446808511,0,0,0,0,0,0,0,0,0,0,0,0,0,0,0
AII 125-8 JPC 20,forcens_lgm,,26.03816667,-110.9301667,0,0,0,0,0.00793650793650794,0,0,0,0,0,0,0.201058201058201,0.582010582010582,0,0,0,0,0,0.164021164021164,0.037037037037037,0,0,0,0.00529100529100529,0,0,0,0,0,0,0,0,0,0,0,0,0,0,0,0.00264550264550265,0
AII 125-8 JPC 20,forcens_lgm,,26.03816667,-110.9301667,0,0,0,0,0,0,0,0,0,0,0,0.118790496760259,0.23110151187905,0,0,0,0,0,0.57451403887689,0.0453563714902808,0,0,0.0172786177105832,0,0,0.00863930885529158,0,0,0,0,0,0,0,0,0,0,0,0,0,0,0
AII 125-8 JPC 20,forcens_lgm,,26.03816667,-110.9301667,0,0,0,0,0.0402144772117962,0,0,0,0,0,0,0.0482573726541555,0.603217158176944,0,0,0,0,0,0.233243967828418,0.0509383378016086,0,0,0.0187667560321716,0.00268096514745308,0,0,0,0,0,0,0,0,0,0,0,0.00268096514745308,0,0,0,0,0
AII 125-8 JPC 20,forcens_lgm,,26.03816667,-110.9301667,0,0,0,0,0.0244755244755245,0,0,0,0,0,0,0.199300699300699,0.412587412587413,0,0,0,0,0,0.283216783216783,0.0174825174825175,0,0,0.020979020979021,0.013986013986014,0,0.0244755244755245,0,0,0,0,0,0,0,0,0.0034965034965035,0,0,0,0,0,0
MD95-2010,forcens_lgm,3.1,66.6842,4.5662,0,0,0,0,0,0,0,0,0,0,0,0,0.00333333333333333,0.983333333333333,0,0,0,0,0,0,0,0,0,0,0,0,0,0,0,0,0,0,0,0,0,0,0,0,0,0,0
MD95-2010,forcens_lgm,3.12,66.6842,4.5662,0,0,0,0,0,0,0,0,0,0,0,0,0.0269058295964126,0.941704035874439,0,0,0,0,0,0,0,0,0,0,0,0,0,0,0,0,0.031390134529148,0,0,0,0,0,0,0,0,0,0
MD95-2010,forcens_lgm,3.17,66.6842,4.5662,0,0,0,0,0,0,0,0,0,0,0,0,0.0123456790123457,0.962962962962963,0,0,0,0,0,0,0,0,0,0,0,0,0,0,0,0,0.0246913580246914,0,0,0,0,0,0,0,0,0,0
MD95-2010,forcens_lgm,3.2,66.6842,4.5662,0,0,0,0,0,0,0,0,0,0,0,0,0.00303030303030303,0.987878787878788,0,0,0,0,0,0,0,0,0,0,0,0,0,0,0,0,0.00303030303030303,0,0,0,0,0,0,0,0,0,0
MD95-2010,forcens_lgm,3.3,66.6842,4.5662,0,0,0,0,0,0,0,0,0,0,0,0,0.0132890365448505,0.963455149501661,0,0,0,0,0,0,0,0,0,0,0,0,0,0,0,0,0,0,0,0,0,0,0,0,0,0,0
MD95-2010,forcens_lgm,3.33,66.6842,4.5662,0,0,0,0,0,0,0,0,0,0,0,0,0.00966183574879227,0.917874396135266,0,0,0,0,0,0,0,0,0,0,0,0,0,0,0,0,0.0676328502415459,0,0,0,0,0,0,0,0,0,0
MD95-2010,forcens_lgm,3.37,66.6842,4.5662,0,0,0,0,0,0,0,0,0,0,0,0,0.00938967136150235,0.938967136150235,0,0,0,0,0,0,0,0,0,0,0,0,0,0,0,0,0.0516431924882629,0,0,0,0,0,0,0,0,0,0
MD95-2010,forcens_lgm,3.4,66.6842,4.5662,0,0,0,0,0,0,0,0,0,0,0,0,0.00655737704918033,0.986885245901639,0,0,0,0,0,0,0,0,0,0,0,0,0,0,0,0,0,0,0,0,0,0,0,0,0,0,0
MD95-2010,forcens_lgm,3.43,66.6842,4.5662,0,0,0,0,0,0,0,0,0,0,0,0,0.0239234449760766,0.933014354066986,0,0,0,0,0,0,0,0,0,0,0,0,0,0,0,0,0.0430622009569378,0,0,0,0,0,0,0,0,0,0
MD95-2010,forcens_lgm,3.47,66.6842,4.5662,0,0,0,0,0,0,0,0,0,0,0,0,0.0144230769230769,0.951923076923077,0,0,0,0,0,0,0,0,0,0,0,0,0,0,0,0,0.0336538461538462,0,0,0,0,0,0,0,0,0,0
MD95-2010,forcens_lgm,3.5,66.6842,4.5662,0,0,0,0,0,0,0,0,0,0,0,0,0.00983606557377049,0.970491803278689,0,0,0,0,0,0,0,0,0,0,0,0,0,0,0,0,0,0,0,0,0,0,0,0,0,0,0
MD95-2010,forcens_lgm,3.52,66.6842,4.5662,0,0,0,0,0,0,0,0,0,0,0,0,0.00900900900900901,0.945945945945946,0,0,0,0,0.00450450450450451,0,0,0,0,0,0,0,0,0,0,0,0.0405405405405405,0,0,0,0,0,0,0,0,0,0
MD95-2010,forcens_lgm,3.54,66.6842,4.5662,0,0,0,0,0,0,0,0,0,0,0,0,0.0195121951219512,0.931707317073171,0,0,0,0,0,0,0,0,0,0,0,0,0,0,0,0,0.0439024390243902,0,0,0,0,0,0,0,0,0,0
MD95-2010,forcens_lgm,3.56,66.6842,4.5662,0,0,0,0,0,0,0,0,0,0,0,0,0.016260162601626,0.939024390243902,0,0,0,0,0,0,0,0,0,0,0,0,0,0,0,0,0.0447154471544715,0,0,0,0,0,0,0,0,0,0
MD95-2010,forcens_lgm,3.6,66.6842,4.5662,0,0,0,0,0,0,0,0,0,0,0,0,0.0102040816326531,0.982993197278912,0,0,0,0,0,0,0,0,0,0,0,0,0,0,0,0,0,0,0,0,0,0,0,0,0,0,0
MD95-2010,forcens_lgm,3.62,66.6842,4.5662,0,0,0,0,0,0,0,0,0,0,0,0,0.00934579439252336,0.920560747663551,0,0,0,0,0,0,0,0,0,0,0,0,0,0,0,0,0.0700934579439252,0,0,0,0,0,0,0,0,0,0
MD95-2010,forcens_lgm,3.66,66.6842,4.5662,0,0,0,0,0,0,0,0,0,0,0,0,0.0234741784037559,0.934272300469484,0,0,0,0,0,0,0,0,0,0,0,0,0,0,0,0,0.0422535211267606,0,0,0,0,0,0,0,0,0,0
MD95-2010,forcens_lgm,3.68,66.6842,4.5662,0,0,0,0,0,0,0,0,0,0,0,0,0.0142857142857143,0.947619047619048,0,0,0,0,0,0,0,0,0,0,0,0,0,0,0,0,0.0380952380952381,0,0,0,0,0,0,0,0,0,0
MD95-2010,forcens_lgm,3.7,66.6842,4.5662,0,0,0,0,0,0,0,0,0,0,0,0,0.0062111801242236,0.975155279503106,0,0,0,0,0,0,0,0,0,0,0,0,0,0,0,0,0,0,0,0,0,0,0,0,0,0,0
MD95-2010,forcens_lgm,3.72,66.6842,4.5662,0,0,0,0,0,0,0,0,0,0,0,0,0.00892857142857143,0.946428571428571,0,0,0,0,0,0,0,0,0,0,0,0,0,0,0,0,0.0446428571428571,0,0,0,0,0,0,0,0,0,0
MD95-2010,forcens_lgm,3.76,66.6842,4.5662,0,0,0,0,0,0,0,0,0,0,0,0,0.0334928229665072,0.904306220095694,0,0,0,0,0.00478468899521531,0,0,0,0,0,0,0,0,0,0,0,0.0574162679425837,0,0,0,0,0,0,0,0,0,0
MD95-2010,forcens_lgm,3.8,66.6842,4.5662,0,0,0,0,0,0,0,0,0,0,0,0,0.00326797385620915,0.96078431372549,0,0,0,0,0,0,0,0,0,0,0,0,0,0,0,0,0.0130718954248366,0,0,0,0,0,0,0,0,0,0
MD95-2010,forcens_lgm,3.83,66.6842,4.5662,0,0,0,0,0,0,0,0,0,0,0,0,0.0160642570281124,0.931726907630522,0,0,0,0,0,0,0,0,0,0,0,0,0,0,0,0,0.0522088353413655,0,0,0,0,0,0,0,0,0,0
MD95-2010,forcens_lgm,3.85,66.6842,4.5662,0,0,0,0,0,0,0,0,0,0,0,0,0.00487804878048781,0.965853658536585,0,0,0,0,0.00487804878048781,0,0,0,0,0,0,0,0,0,0,0,0.024390243902439,0,0,0,0,0,0,0,0,0,0
MD95-2010,forcens_lgm,3.88,66.6842,4.5662,0,0,0,0,0,0,0,0,0,0,0,0,0.00904977375565611,0.954751131221719,0,0,0,0,0,0,0,0,0,0,0,0,0,0,0,0,0.0361990950226244,0,0,0,0,0,0,0,0,0,0
MD95-2010,forcens_lgm,3.9,66.6842,4.5662,0,0,0,0,0,0,0,0,0,0,0,0,0.00949367088607595,0.962025316455696,0,0,0,0,0,0,0,0,0,0,0,0,0,0,0,0,0,0,0,0,0,0,0,0,0,0,0
MD95-2010,forcens_lgm,3.93,66.6842,4.5662,0,0,0,0,0,0,0,0,0,0,0,0,0.0165289256198347,0.933884297520661,0,0,0,0,0,0,0,0,0,0,0,0,0,0,0,0,0.0495867768595041,0,0,0,0,0,0,0,0,0,0
MD95-2010,forcens_lgm,3.96,66.6842,4.5662,0,0,0,0,0,0,0,0,0,0,0,0,0.00292397660818713,0.941520467836257,0,0,0,0,0,0,0,0,0,0,0,0,0,0,0,0,0.0555555555555556,0,0,0,0,0,0,0,0,0,0
MD95-2010,forcens_lgm,4,66.6842,4.5662,0,0,0,0,0,0,0,0,0,0,0,0,0.0170648464163823,0.969283276450512,0,0,0,0,0,0,0,0,0,0,0,0,0,0,0,0,0.00341296928327645,0,0,0,0,0,0,0,0,0,0
MD95-2010,forcens_lgm,4.04,66.6842,4.5662,0,0,0,0,0,0,0,0,0,0,0,0,0.0179372197309417,0.955156950672646,0,0,0,0,0,0,0,0,0,0,0,0,0,0,0,0,0.0269058295964126,0,0,0,0,0,0,0,0,0,0
MD95-2010,forcens_lgm,4.1,66.6842,4.5662,0,0,0,0,0,0,0,0,0,0,0,0,0.00980392156862745,0.964052287581699,0,0,0,0,0,0,0,0,0,0,0,0,0,0,0,0,0.00326797385620915,0,0,0,0,0,0,0,0,0,0
MD95-2010,forcens_lgm,4.13,66.6842,4.5662,0,0,0,0,0,0,0,0,0,0,0,0,0.0121951219512195,0.959349593495935,0,0,0,0,0,0,0,0,0,0,0,0,0,0,0,0,0.0284552845528455,0,0,0,0,0,0,0,0,0,0
MD95-2010,forcens_lgm,4.16,66.6842,4.5662,0,0,0,0,0,0,0,0,0,0,0,0,0.013953488372093,0.930232558139535,0,0,0,0,0,0,0,0,0,0,0,0,0,0,0,0,0.0558139534883721,0,0,0,0,0,0,0,0,0,0
MD95-2010,forcens_lgm,4.2,66.6842,4.5662,0,0,0,0,0,0,0,0,0,0,0,0,0,0.99025974025974,0,0,0,0,0,0,0,0,0,0,0,0,0,0,0,0,0,0,0,0,0,0,0,0,0,0,0
MD95-2010,forcens_lgm,4.27,66.6842,4.5662,0,0,0,0,0,0,0,0,0,0,0,0,0.00938967136150235,0.971830985915493,0,0,0,0,0.00469483568075117,0,0,0,0,0,0,0,0,0,0,0,0.0140845070422535,0,0,0,0,0,0,0,0,0,0
MD95-2010,forcens_lgm,4.3,66.6842,4.5662,0,0,0,0,0,0,0,0,0,0,0,0,0.0131578947368421,0.973684210526316,0,0,0,0,0,0,0,0,0,0,0,0,0,0,0,0,0,0,0,0,0,0,0,0,0,0,0
MD95-2010,forcens_lgm,4.36,66.6842,4.5662,0,0,0,0,0,0,0,0,0,0,0,0,0.00943396226415094,0.919811320754717,0,0,0,0,0,0,0,0,0,0,0,0,0,0,0,0,0.0707547169811321,0,0,0,0,0,0,0,0,0,0
MD95-2010,forcens_lgm,4.4,66.6842,4.5662,0,0,0,0,0,0,0,0,0,0,0,0,0,0.99344262295082,0,0,0,0,0,0,0,0,0,0,0,0,0,0,0,0,0,0,0,0,0,0,0,0,0,0,0
MD95-2010,forcens_lgm,4.43,66.6842,4.5662,0,0,0,0,0,0,0,0,0,0,0,0,0.0238095238095238,0.952380952380952,0,0,0,0,0,0,0,0,0,0,0,0,0,0,0,0,0.0238095238095238,0,0,0,0,0,0,0,0,0,0
MD95-2010,forcens_lgm,4.47,66.6842,4.5662,0,0,0,0,0,0,0,0,0,0,0,0,0.0135135135135135,0.95045045045045,0,0,0,0,0,0,0,0,0,0,0,0,0,0,0,0,0.036036036036036,0,0,0,0,0,0,0,0,0,0
MD95-2010,forcens_lgm,4.49,66.6842,4.5662,0,0,0,0,0,0,0,0,0,0,0,0,0.0142857142857143,0.976190476190476,0,0,0,0,0,0,0,0,0,0,0,0,0,0,0,0,0.00952380952380953,0,0,0,0,0,0,0,0,0,0
MD95-2010,forcens_lgm,4.54,66.6842,4.5662,0,0,0,0,0,0,0,0,0,0,0,0,0.028436018957346,0.947867298578199,0,0,0,0,0.004739336492891,0,0,0,0,0,0,0,0,0,0,0,0.018957345971564,0,0,0,0,0,0,0,0,0,0
MD95-2010,forcens_lgm,4.59,66.6842,4.5662,0,0,0,0,0,0,0,0,0,0,0,0,0.03,0.96,0,0,0,0,0,0,0,0,0,0,0,0,0,0,0,0,0.01,0,0,0,0,0,0,0,0,0,0
MD95-2010,forcens_lgm,4.6,66.6842,4.5662,0,0,0,0,0,0,0,0,0,0,0,0,0.0131147540983607,0.986885245901639,0,0,0,0,0,0,0,0,0,0,0,0,0,0,0,0,0,0,0,0,0,0,0,0,0,0,0
OMEXII-9K,forcens_lgm,,42.33233333,-9.698666667,0,0,0,0,0,0.0741525423728814,0.00847457627118644,0,0,0,0.0720338983050848,0,0.165254237288136,0.252118644067797,0,0,0,0,0.167372881355932,0.0444915254237288,0,0,0.0233050847457627,0,0,0.00423728813559322,0,0.0127118644067797,0,0,0.0826271186440678,0,0,0,0,0.0932203389830508,0,0,0,0,0
OMEXII-9K,forcens_lgm,,42.33233333,-9.698666667,0,0,0,0,0,0.0695266272189349,0,0,0,0,0.0547337278106509,0,0.146449704142012,0.292899408284024,0,0,0,0,0.193786982248521,0.014792899408284,0,0,0.00591715976331361,0,0,0.00887573964497041,0,0.0029585798816568,0,0,0.127218934911243,0,0,0,0,0.0828402366863906,0,0,0,0,0
OMEXII-9K,forcens_lgm,,42.33233333,-9.698666667,0,0,0,0,0,0.101098901098901,0.0021978021978022,0,0,0,0.0131868131868132,0,0.125274725274725,0.272527472527473,0,0,0,0,0.197802197802198,0.0197802197802198,0,0,0.0175824175824176,0,0,0.00659340659340659,0,0.0021978021978022,0,0,0.169230769230769,0,0,0,0,0.0725274725274725,0,0,0,0,0
OMEXII-9K,forcens_lgm,,42.33233333,-9.698666667,0,0,0,0,0,0.137984496124031,0,0,0,0,0.0511627906976744,0,0.217054263565891,0.147286821705426,0,0,0,0,0.168992248062016,0.0124031007751938,0,0,0.0186046511627907,0,0,0.00310077519379845,0,0.00310077519379845,0,0,0.148837209302326,0,0,0,0,0.0914728682170543,0,0,0,0,0
OMEXII-9K,forcens_lgm,,42.33233333,-9.698666667,0,0,0,0,0,0.0884244372990354,0.00160771704180064,0,0,0,0.0707395498392283,0,0.104501607717042,0.241157556270096,0,0,0,0,0.223472668810289,0.0305466237942122,0,0,0.00643086816720257,0,0,0.0112540192926045,0,0,0,0,0.127009646302251,0,0,0,0,0.0948553054662379,0,0,0,0,0
OMEXII-9K,forcens_lgm,,42.33233333,-9.698666667,0,0,0,0,0,0.121293800539084,0,0,0,0,0.105121293800539,0,0.177897574123989,0.0296495956873315,0,0,0,0,0.185983827493261,0.0269541778975741,0,0,0.00539083557951483,0,0,0.0107816711590297,0,0.00269541778975741,0,0,0.16711590296496,0,0,0,0,0.164420485175202,0,0,0,0,0
OMEXII-9K,forcens_lgm,,42.33233333,-9.698666667,0,0,0,0,0,0.0782608695652174,0,0,0,0,0.0811594202898551,0,0.208695652173913,0.0434782608695652,0,0,0,0,0.231884057971015,0.0289855072463768,0,0,0.00289855072463768,0,0,0.0115942028985507,0,0.00289855072463768,0,0,0.136231884057971,0,0,0,0,0.173913043478261,0,0,0,0,0
OMEXII-9K,forcens_lgm,,42.33233333,-9.698666667,0,0,0,0,0,0.0933977455716586,0,0,0,0,0.0660225442834139,0,0.244766505636071,0.0225442834138486,0,0,0,0,0.219001610305958,0.0257648953301127,0,0,0.0112721417069243,0,0,0.00644122383252818,0,0.00322061191626409,0,0,0.173913043478261,0,0,0,0,0.132045088566828,0,0,0,0,0
OMEXII-9K,forcens_lgm,,42.33233333,-9.698666667,0,0,0,0,0,0.086864406779661,0.00211864406779661,0,0,0,0.0550847457627119,0,0.292372881355932,0.0190677966101695,0,0,0,0,0.218220338983051,0.0169491525423729,0,0,0.0254237288135593,0,0,0.00211864406779661,0,0.00423728813559322,0,0,0.161016949152542,0,0,0,0,0.116525423728814,0,0,0,0,0
OMEXII-9K,forcens_lgm,,42.33233333,-9.698666667,0,0,0,0,0,0.164179104477612,0,0,0,0,0.0167910447761194,0,0.276119402985075,0.0373134328358209,0,0,0,0,0.259328358208955,0.0279850746268657,0,0,0.00746268656716418,0,0.00186567164179104,0.00932835820895522,0,0.00373134328358209,0,0,0.113805970149254,0,0,0,0,0.082089552238806,0,0,0,0,0
OMEXII-9K,forcens_lgm,,42.33233333,-9.698666667,0,0,0,0,0,0.107142857142857,0,0,0,0,0.032967032967033,0,0.339285714285714,0.0137362637362637,0,0,0,0,0.269230769230769,0.0274725274725275,0,0,0.00412087912087912,0,0,0.00274725274725275,0,0,0,0,0.131868131868132,0,0,0,0,0.0700549450549451,0,0,0,0,0
OMEXII-9K,forcens_lgm,,42.33233333,-9.698666667,0,0,0,0,0,0.122844827586207,0,0,0,0,0.0280172413793103,0,0.407327586206897,0.00646551724137931,0,0,0,0,0.084051724137931,0.0150862068965517,0,0,0.00646551724137931,0,0.0021551724137931,0,0,0,0,0,0.178879310344828,0,0,0,0,0.148706896551724,0,0,0,0,0
OMEXII-9K,forcens_lgm,,42.33233333,-9.698666667,0,0,0,0,0,0.136767317939609,0,0,0,0,0.0674955595026643,0,0.454706927175844,0.0124333925399645,0,0,0,0,0.174067495559503,0.0124333925399645,0,0,0.00710479573712256,0,0,0,0,0.00355239786856128,0,0,0.063943161634103,0,0,0,0,0.0674955595026643,0,0,0,0,0
OMEXII-9K,forcens_lgm,,42.33233333,-9.698666667,0,0,0,0,0,0.108514190317195,0,0,0,0,0.0684474123539232,0,0.432387312186978,0.011686143572621,0,0,0,0,0.170283806343907,0.00834724540901503,0,0,0.010016694490818,0,0,0.00500834724540902,0,0,0,0,0.0751252086811352,0,0,0,0,0.110183639398998,0,0,0,0,0
OMEXII-9K,forcens_lgm,,42.33233333,-9.698666667,0,0,0,0,0,0.0923566878980892,0,0,0,0,0.0732484076433121,0,0.312101910828025,0.0254777070063694,0,0,0,0,0.181528662420382,0.0254777070063694,0,0,0.00636942675159236,0,0,0,0,0,0,0,0.0987261146496815,0,0,0,0,0.184713375796178,0,0,0,0,0
OMEXII-9K,forcens_lgm,,42.33233333,-9.698666667,0,0,0,0,0,0.134803921568627,0,0,0,0,0.0906862745098039,0,0.232843137254902,0.0294117647058824,0,0,0,0,0.21078431372549,0.0245098039215686,0,0,0,0,0,0.00980392156862745,0,0.00490196078431373,0,0,0.112745098039216,0,0,0,0,0.149509803921569,0,0,0,0,0
SU92-03,forcens_lgm,,43.196,10.113,0,0,0,0,0,0.0604229607250755,0,0,0,0,0.105740181268882,0.00604229607250755,0.277945619335347,0.0151057401812689,0,0,0,0,0.262839879154079,0.00302114803625378,0,0,0.0151057401812689,0,0,0.0151057401812689,0,0.0574018126888218,0.027190332326284,0,0.027190332326284,0,0.00302114803625378,0,0,0.11178247734139,0,0,0,0,0
SU92-03,forcens_lgm,,43.196,10.113,0,0,0,0,0,0.0736842105263158,0,0,0,0,0.0763157894736842,0.00263157894736842,0.226315789473684,0.0447368421052632,0,0,0,0,0.286842105263158,0.0105263157894737,0,0,0.0131578947368421,0,0,0.0131578947368421,0,0.0131578947368421,0.0447368421052632,0,0.0552631578947368,0,0.0210526315789474,0,0,0.110526315789474,0,0,0,0,0
SU92-03,forcens_lgm,,43.196,10.113,0,0,0,0,0,0.0437158469945355,0,0,0,0,0.234972677595628,0,0.226775956284153,0.0765027322404372,0,0,0,0,0.199453551912568,0,0,0,0.0136612021857924,0,0,0.00273224043715847,0.00546448087431694,0.00546448087431694,0.0218579234972678,0,0.0273224043715847,0,0.0136612021857924,0,0,0.122950819672131,0,0,0,0,0
SU92-03,forcens_lgm,,43.196,10.113,0,0,0,0,0,0.0527777777777778,0,0,0,0,0.113888888888889,0,0.266666666666667,0.0388888888888889,0,0,0,0,0.3,0.00833333333333333,0,0,0.0138888888888889,0,0,0.00555555555555556,0,0.00555555555555556,0.0277777777777778,0,0.05,0,0.0111111111111111,0,0,0.102777777777778,0,0,0,0,0
SU92-03,forcens_lgm,,43.196,10.113,0,0,0,0,0,0.0393939393939394,0,0,0,0,0.151515151515152,0,0.242424242424242,0.0303030303030303,0,0,0,0,0.339393939393939,0.0181818181818182,0,0,0.00303030303030303,0,0,0.00909090909090909,0,0.0121212121212121,0.0151515151515152,0,0.0242424242424242,0,0.0121212121212121,0,0,0.0909090909090909,0,0,0,0,0
SU92-03,forcens_lgm,,43.196,10.113,0,0,0,0,0,0.0354767184035477,0,0,0,0,0.0509977827050998,0.00665188470066519,0.518847006651885,0.0487804878048781,0,0,0,0,0.188470066518847,0,0,0,0.0110864745011086,0,0,0.00443458980044346,0,0.0110864745011086,0.00665188470066519,0,0.024390243902439,0,0.00443458980044346,0,0,0.0753880266075388,0,0,0,0,0
SU92-03,forcens_lgm,,43.196,10.113,0,0,0,0,0,0.0449438202247191,0,0,0,0,0.115569823434992,0,0.402889245585875,0.0449438202247191,0,0,0,0,0.176565008025682,0.014446227929374,0,0,0.00481540930979133,0,0,0.00802568218298555,0,0.0112359550561798,0.00481540930979133,0,0.0658105939004815,0,0.00481540930979133,0,0,0.0995184590690209,0.00160513643659711,0,0,0,0
PE109-13,forcens_lgm,,42.572,-9.69,0,0,0,0,0,0.0338164251207729,0,0,0,0,0.161835748792271,0.108695652173913,0.108695652173913,0.1256038647343,0,0,0,0,0.185990338164251,0,0,0,0.00966183574879227,0,0,0.0217391304347826,0,0.0748792270531401,0.0144927536231884,0,0.0579710144927536,0,0,0,0,0.0966183574879227,0,0,0,0,0
PE109-13,forcens_lgm,,42.572,-9.69,0,0,0,0,0,0.137755102040816,0,0,0,0,0.160714285714286,0.086734693877551,0.0816326530612245,0.00510204081632653,0,0,0,0,0.173469387755102,0,0.0076530612244898,0,0.0076530612244898,0,0,0.0255102040816327,0,0.0739795918367347,0,0,0.11734693877551,0,0,0,0,0.122448979591837,0,0,0,0,0
PE109-13,forcens_lgm,,42.572,-9.69,0,0,0,0,0,0.0457142857142857,0,0,0,0,0.162857142857143,0.08,0.125714285714286,0,0,0,0,0,0.211428571428571,0.0142857142857143,0.0171428571428571,0,0.0114285714285714,0,0,0.0171428571428571,0,0.0742857142857143,0.00285714285714286,0,0.108571428571429,0,0,0,0,0.128571428571429,0,0,0,0,0
PE109-13,forcens_lgm,,42.572,-9.69,0,0,0,0,0,0.092436974789916,0.00280112044817927,0,0,0,0.0812324929971989,0.120448179271709,0.112044817927171,0.0112044817927171,0,0,0,0,0.207282913165266,0.00280112044817927,0,0,0.0364145658263305,0,0,0.00840336134453782,0,0.0532212885154062,0.00280112044817927,0,0.131652661064426,0,0,0,0,0.137254901960784,0,0,0,0,0
PE109-13,forcens_lgm,,42.572,-9.69,0,0,0,0,0,0.0377906976744186,0,0,0,0,0.267441860465116,0.142441860465116,0.122093023255814,0.00872093023255814,0,0,0,0,0.0784883720930233,0.00872093023255814,0,0,0.0232558139534884,0,0,0.00872093023255814,0,0.0726744186046512,0.00290697674418605,0,0.101744186046512,0,0,0,0,0.125,0,0,0,0,0
PE109-13,forcens_lgm,,42.572,-9.69,0,0,0,0,0,0.112676056338028,0,0,0,0,0.101408450704225,0.140845070422535,0.109859154929577,0.0140845070422535,0,0,0,0,0.163380281690141,0.0140845070422535,0,0,0.00845070422535211,0,0,0.0169014084507042,0,0.0253521126760563,0.0028169014084507,0,0.115492957746479,0.0028169014084507,0,0,0,0.171830985915493,0,0,0,0,0
PE109-13,forcens_lgm,,42.572,-9.69,0,0,0,0,0,0.0625,0,0,0,0,0.244318181818182,0.133522727272727,0.0823863636363636,0.00568181818181818,0,0,0,0,0.150568181818182,0.00284090909090909,0,0,0.0227272727272727,0,0,0.0426136363636364,0,0.0653409090909091,0.00284090909090909,0,0.0880681818181818,0,0,0,0,0.0965909090909091,0,0,0,0,0
PE109-13,forcens_lgm,,42.572,-9.69,0,0,0,0,0,0.0813953488372093,0,0,0,0,0.0726744186046512,0.0930232558139535,0.148255813953488,0.0203488372093023,0,0,0,0,0.145348837209302,0.00872093023255814,0,0,0.00290697674418605,0,0,0.00872093023255814,0,0.0319767441860465,0,0,0.258720930232558,0,0,0,0,0.127906976744186,0,0,0,0,0
PE109-13,forcens_lgm,,42.572,-9.69,0,0,0,0,0,0.0151975683890578,0,0,0,0,0.0455927051671733,0.0729483282674772,0.0972644376899696,0.0243161094224924,0,0,0,0,0.434650455927052,0.0060790273556231,0,0,0.00911854103343465,0,0,0.0212765957446809,0,0.0638297872340426,0,0,0.127659574468085,0,0,0,0,0.0820668693009119,0,0,0,0,0
PE109-13,forcens_lgm,,42.572,-9.69,0,0,0,0,0,0.0209580838323353,0.0029940119760479,0,0,0,0.116766467065868,0.092814371257485,0.0868263473053892,0,0,0,0,0,0.362275449101796,0.0029940119760479,0,0,0.0119760479041916,0,0,0.0868263473053892,0,0.116766467065868,0.00898203592814371,0,0.0389221556886228,0,0,0,0,0.0508982035928144,0,0,0,0,0
KC24-19,forcens_lgm,,42.14966667,-10.48766667,0,0,0,0,0,0.0476190476190476,0,0,0,0,0.119047619047619,0.0773809523809524,0.238095238095238,0.196428571428571,0,0,0,0,0.119047619047619,0.0119047619047619,0,0,0,0,0,0,0,0.0119047619047619,0,0,0.0535714285714286,0,0,0,0,0.125,0,0,0,0,0
KC24-19,forcens_lgm,,42.14966667,-10.48766667,0,0,0,0,0,0.0408163265306122,0,0,0,0,0.251700680272109,0.0476190476190476,0.156462585034014,0.197278911564626,0,0,0,0,0.231292517006803,0.00680272108843537,0,0,0.0136054421768707,0,0,0.00680272108843537,0,0.0204081632653061,0.0136054421768707,0,0.00680272108843537,0,0,0,0,0.00680272108843537,0,0,0,0,0
KC24-19,forcens_lgm,,42.14966667,-10.48766667,0,0,0,0,0,0.0493827160493827,0,0,0,0,0.0679012345679012,0.0246913580246914,0.222222222222222,0.395061728395062,0,0,0,0,0.12962962962963,0,0,0,0.0246913580246914,0,0,0,0,0.0123456790123457,0,0,0.0246913580246914,0,0,0,0,0.0493827160493827,0,0,0,0,0
KC24-19,forcens_lgm,,42.14966667,-10.48766667,0,0,0,0,0,0.116564417177914,0,0,0,0,0.134969325153374,0.0306748466257669,0.104294478527607,0.239263803680982,0,0,0,0,0.147239263803681,0,0,0,0.0306748466257669,0,0,0.00613496932515337,0,0,0.00613496932515337,0,0.0674846625766871,0,0,0,0,0.110429447852761,0,0,0.00613496932515337,0,0
KC24-19,forcens_lgm,,42.14966667,-10.48766667,0,0,0,0,0,0.0989583333333333,0,0,0,0,0.109375,0.0729166666666667,0.317708333333333,0.0520833333333333,0,0,0,0,0.171875,0.0104166666666667,0,0,0.0260416666666667,0,0,0,0,0.0208333333333333,0,0,0.0416666666666667,0,0,0,0,0.078125,0,0,0,0,0
KC24-19,forcens_lgm,,42.14966667,-10.48766667,0,0,0,0,0,0.0849673202614379,0,0,0,0,0.156862745098039,0.0392156862745098,0.26797385620915,0.0261437908496732,0,0,0,0,0.222222222222222,0,0,0,0.0196078431372549,0,0,0.0261437908496732,0,0.0130718954248366,0.0130718954248366,0,0.0588235294117647,0,0,0,0,0.0718954248366013,0,0,0,0,0
KC24-19,forcens_lgm,,42.14966667,-10.48766667,0,0,0,0,0,0.0918367346938776,0,0,0,0,0.0612244897959184,0.0816326530612245,0.321428571428571,0.0357142857142857,0,0,0,0,0.168367346938776,0,0,0,0.0153061224489796,0,0.00510204081632653,0.00510204081632653,0,0.0153061224489796,0,0,0.102040816326531,0,0,0,0,0.0969387755102041,0,0,0,0,0
KC24-19,forcens_lgm,,42.14966667,-10.48766667,0,0,0,0,0,0.0538922155688623,0,0,0,0,0.179640718562874,0.0359281437125749,0.209580838323353,0.0419161676646707,0,0,0,0,0.275449101796407,0,0,0,0.0119760479041916,0,0.00598802395209581,0.0179640718562874,0,0.0179640718562874,0.0239520958083832,0,0.0538922155688623,0,0,0,0,0.0718562874251497,0,0,0,0,0
KC24-19,forcens_lgm,,42.14966667,-10.48766667,0,0,0,0,0,0.0934959349593496,0,0,0,0,0.186991869918699,0.0487804878048781,0.280487804878049,0.0203252032520325,0,0,0,0,0.252032520325203,0.0040650406504065,0,0,0.0121951219512195,0,0.0040650406504065,0.0040650406504065,0,0.0284552845528455,0.00813008130081301,0,0.016260162601626,0,0,0,0,0.040650406504065,0,0,0,0,0
KC24-19,forcens_lgm,,42.14966667,-10.48766667,0,0,0,0,0,0.116438356164384,0,0,0,0,0.212328767123288,0.0342465753424658,0.363013698630137,0.0753424657534247,0,0,0,0,0.10958904109589,0,0,0,0.0273972602739726,0,0,0,0,0,0,0,0.0479452054794521,0,0,0,0,0.0136986301369863,0,0,0,0,0
KC24-19,forcens_lgm,,42.14966667,-10.48766667,0,0,0,0,0,0.0698924731182796,0,0,0,0,0.161290322580645,0.0376344086021505,0.370967741935484,0.0483870967741936,0,0,0,0,0.161290322580645,0.0161290322580645,0,0,0.0483870967741936,0,0,0.00537634408602151,0,0.021505376344086,0,0,0.021505376344086,0,0,0,0,0.0376344086021505,0,0,0,0,0
KC24-19,forcens_lgm,,42.14966667,-10.48766667,0,0,0,0,0,0.0662251655629139,0,0,0,0,0.278145695364238,0.0264900662251656,0.205298013245033,0.0397350993377483,0,0,0,0,0.264900662251656,0,0,0,0.0198675496688742,0,0,0.00662251655629139,0.0132450331125828,0.0132450331125828,0.00662251655629139,0,0.0198675496688742,0,0,0,0,0.0397350993377483,0,0,0,0,0
KC24-19,forcens_lgm,,42.14966667,-10.48766667,0,0,0,0,0,0.0654761904761905,0,0,0,0,0.238095238095238,0.0654761904761905,0.25,0.0238095238095238,0,0,0,0,0.273809523809524,0,0,0,0.0119047619047619,0,0,0.00595238095238095,0,0.0357142857142857,0,0,0.00595238095238095,0,0,0,0,0.0238095238095238,0,0,0,0,0
KC24-19,forcens_lgm,,42.14966667,-10.48766667,0,0,0,0,0,0.0689655172413793,0,0,0,0,0.206896551724138,0.0275862068965517,0.289655172413793,0.0275862068965517,0,0,0,0,0.220689655172414,0,0.00689655172413793,0,0.0206896551724138,0,0,0.0206896551724138,0,0,0.0206896551724138,0,0.0482758620689655,0,0,0,0,0.0344827586206897,0,0,0.00689655172413793,0,0
KC24-19,forcens_lgm,,42.14966667,-10.48766667,0,0,0,0,0,0.0419161676646707,0,0,0,0,0.125748502994012,0.0359281437125749,0.395209580838323,0.0658682634730539,0,0,0,0,0.227544910179641,0,0,0,0.0119760479041916,0,0,0.0119760479041916,0,0.00598802395209581,0,0,0.029940119760479,0,0,0,0,0.0479041916167665,0,0,0,0,0
KC24-19,forcens_lgm,,42.14966667,-10.48766667,0,0,0,0,0,0.0421686746987952,0,0,0,0,0.144578313253012,0.0301204819277108,0.36144578313253,0.0120481927710843,0,0,0,0,0.283132530120482,0,0.00602409638554217,0,0.0120481927710843,0,0,0.0120481927710843,0,0.0240963855421687,0.00602409638554217,0,0.0481927710843374,0,0,0,0,0.0180722891566265,0,0,0,0,0
KC24-19,forcens_lgm,,42.14966667,-10.48766667,0,0,0,0,0,0.0730593607305936,0,0,0,0,0.0410958904109589,0.0319634703196347,0.351598173515982,0.10958904109589,0,0,0,0,0.159817351598174,0,0,0,0.0091324200913242,0,0,0,0,0,0.0091324200913242,0,0.114155251141553,0,0,0,0,0.100456621004566,0,0,0,0,0
KC24-19,forcens_lgm,,42.14966667,-10.48766667,0,0,0,0,0,0.0205128205128205,0,0,0,0,0.102564102564103,0.0512820512820513,0.369230769230769,0.169230769230769,0,0,0,0,0.153846153846154,0.00512820512820513,0,0,0.0102564102564103,0,0,0,0,0.0102564102564103,0.0153846153846154,0,0.0461538461538462,0,0,0,0,0.0461538461538462,0,0,0,0,0
KC24-19,forcens_lgm,,42.14966667,-10.48766667,0,0,0,0,0,0.0480769230769231,0,0,0,0,0.0769230769230769,0.0240384615384615,0.307692307692308,0.134615384615385,0,0,0,0,0.182692307692308,0,0,0,0.0144230769230769,0,0,0,0,0.00480769230769231,0,0,0.105769230769231,0,0,0,0,0.100961538461538,0,0,0,0,0
KC24-19,forcens_lgm,,42.14966667,-10.48766667,0,0,0,0,0,0.0508474576271187,0,0,0,0,0.0734463276836158,0.0395480225988701,0.288135593220339,0.242937853107345,0,0,0,0,0.180790960451977,0,0,0,0.0112994350282486,0,0,0,0,0.00564971751412429,0.00564971751412429,0,0.0451977401129944,0,0,0,0,0.0564971751412429,0,0,0,0,0
KC24-19,forcens_lgm,,42.14966667,-10.48766667,0,0,0,0,0,0.0551724137931035,0,0,0,0,0.096551724137931,0.0137931034482759,0.317241379310345,0.275862068965517,0,0,0,0,0.137931034482759,0,0,0,0.0137931034482759,0,0,0,0,0,0,0,0.0551724137931035,0,0,0,0,0.0344827586206897,0,0,0,0,0
KC24-19,forcens_lgm,,42.14966667,-10.48766667,0,0,0,0,0,0.072289156626506,0,0,0,0,0.0602409638554217,0.00602409638554217,0.271084337349398,0.337349397590361,0,0,0,0,0.108433734939759,0,0,0,0,0,0,0.00602409638554217,0,0.00602409638554217,0,0,0.072289156626506,0,0,0,0,0.0602409638554217,0,0,0,0,0
MD99-2303,forcens_lgm,2.1,77.519667,8.399667,0,0,0,0,0,0,0,0,0,0,0,0,0.00308641975308642,0.944444444444444,0,0,0,0,0,0,0,0,0,0,0,0,0,0,0,0,0.0524691358024691,0,0,0,0,0,0,0,0,0,0
MD99-2303,forcens_lgm,2.2,77.519667,8.399667,0,0,0,0,0,0,0,0,0,0,0,0,0.0122699386503067,0.93558282208589,0,0,0,0,0,0,0,0,0,0,0,0,0,0,0,0,0.049079754601227,0,0,0,0,0,0,0,0,0,0
MD99-2303,forcens_lgm,2.3,77.519667,8.399667,0,0,0,0,0,0,0,0,0,0,0,0,0.0140056022408964,0.929971988795518,0,0,0,0,0,0,0,0,0,0,0,0,0,0,0,0,0.0560224089635854,0,0,0,0,0,0,0,0,0,0
MD99-2303,forcens_lgm,2.4,77.519667,8.399667,0,0,0,0,0,0,0,0,0,0,0,0,0.0152905198776758,0.932721712538226,0,0,0,0,0,0,0,0,0,0,0,0,0,0,0,0,0.0519877675840979,0,0,0,0,0,0,0,0,0,0
MD99-2303,forcens_lgm,2.5,77.519667,8.399667,0,0,0,0,0,0,0,0,0,0,0,0,0.00586510263929619,0.929618768328446,0,0,0,0,0,0,0,0,0,0,0,0,0,0,0,0,0.0586510263929619,0,0,0,0,0,0,0,0,0,0
MD99-2303,forcens_lgm,2.6,77.519667,8.399667,0,0,0,0,0,0,0,0,0,0,0,0,0.0093167701863354,0.959627329192547,0,0,0,0,0,0,0,0,0,0,0,0,0,0,0,0,0.031055900621118,0,0,0,0,0,0,0,0,0,0
MD99-2303,forcens_lgm,2.7,77.519667,8.399667,0,0,0,0,0,0,0,0,0,0,0,0,0.0130718954248366,0.970588235294118,0,0,0,0,0,0,0,0,0,0,0,0,0,0,0,0,0.0130718954248366,0,0,0,0,0,0,0,0,0,0
MD99-2303,forcens_lgm,2.8,77.519667,8.399667,0,0,0,0,0,0,0,0,0,0,0,0,0.0033112582781457,0.95364238410596,0,0,0,0,0,0,0,0,0,0,0,0,0,0,0,0,0.043046357615894,0,0,0,0,0,0,0,0,0,0
GeoB1028-5,margo,0.98,-20.104,9.1858,0,,0.013,0.006,0,0,0.011,0,,0,0.073,0.009,0.299,0.135,0.004,0,0,,0.283,0.022,0,0,0.004,0,0,0.017,0,0.007,0.04,,0.034,0,0.001,0,0,0.013,,,0,,
GeoB1028-5,margo,1.08,-20.104,9.1858,0,,0.017,0,0,0,0.008,0,,0,0.072,0.006,0.323,0.089,0,0,0,,0.178,0.044,0,0,0.006,0,0,0.126,0.001,0.003,0.051,,0.011,0,0.006,0,0,0.024,,,0,,
GeoB1105-4,margo,0.83,-1.665,-12.4283,0,,0.0063,0,0,0.0072,0.009,0,,0,0.2591,0.0402,0.2232,0.0036,0,0,0,,0.1551,0.0251,0,0.035,0.0466,0.0434,0.0036,0.0118,0,0.0134,0.0179,,0,0,0,0,0,0.0941,,,0,,
GeoB1105-4,margo,0.93,-1.665,-12.4283,0,,0.0732,0,0,0.0067,0.0043,0,,0,0.2093,0.0293,0.315,0,0,0,0,,0.0991,0.0168,0,0.0092,0.0748,0.0265,0.0034,0.0087,0,0.0076,0.0218,,0,0,0.0067,0,0,0.0807,,,0,,
GeoB1105-4,margo,1.03,-1.665,-12.4283,0,,0.0429,0,0,0,0.0076,0,,0,0.1436,0.061,0.2859,0.0025,0,0,0,,0.1171,0.0353,0,0.0113,0.0516,0.0755,0.0025,0.0157,0,0.0228,0.005,,0,0,0.005,0,0,0.1096,,,0,,
GeoB1112-4,margo,0.53,-5.7783,-10.75,0,,0.0252,0,0,0.0045,0.0096,0,,0,0.1858,0.03,0.1745,0,0.0093,0,0,,0.1428,0.0091,6e-04,0.1365,0.0748,0.083,0.0045,0.032,0,0.021,0.0068,,0,0,0.0091,0,0,0.034,,,0,,
GeoB1309-2,margo,0.18,-31.6667,-28.6667,0,,0,0.0329,0,0.0309,0.1183,0,,0,0.1362,0,0.1716,0,0,0,0,,0.048,0.08,0.0133,0.0023,0.2173,0.0058,0.0091,0.0154,0.0046,0.0046,0.0755,,0,0,0.0183,0,0,0.016,,,0,,
GeoB1312-2,margo,0.13,-31.6617,-29.6567,0,,0,0.0268,0,0.0507,0.1018,0,,0,0.1378,0,0.1127,0.0075,0,0,0,,0.0063,0.0438,0.007,0.0094,0.2712,0.0195,0.005,0.0119,0,0.0171,0.1233,,0,0,0.0207,0,0,0.0275,,,0,,
GeoB1706-2,margo,1.23,-19.5617,11.175,0,,0.0126,0,0,0,0,0,,0,0.0377,0,0.0879,0.5146,0,0,0,,0.1548,0.0042,0,0,0,0,0.0167,0.0126,0,0.0042,0,,0.0669,0,0.0042,0,0,0.0753,,,0,,
GeoB1706-2,margo,1.28,-19.5617,11.175,0,,0,0.0055,0,0,0,0,,0,0.0166,0,0.2099,0.5856,0,0,0,,0.0773,0,0,0,0.011,0,0.0221,0.0055,0,0.0055,0,,0.0331,0,0,0,0,0.0276,,,0,,
GeoB1706-2,margo,1.33,-19.5617,11.175,0,,0.0042,0,0,0,0,0,,0,0.0042,0,0.1398,0.6695,0,0,0,,0.0975,0,0,0,0,0,0,0.0085,0,0,0,,0.0339,0,0,0,0,0.0381,,,0,,
GeoB1706-2,margo,1.38,-19.5617,11.175,0,,0.0099,0,0,0,0,0,,0,0.0148,0,0.1626,0.6404,0,0,0,,0.064,0.0049,0,0,0,0,0.0099,0.0049,0,0.0099,0,,0.0246,0,0.0049,0,0,0.0394,,,0,,
GeoB1711-4,margo,1.73,-23.315,12.3767,0,,0,0,0,0,0,0,,0,0.007,0.042,0.115,0.708,0,0,0,,0.08,0,0,0,0.003,0,0,0,0,0,0,,0.042,0,0,0,0,0.003,,,0,,
GeoB1711-4,margo,1.78,-23.315,12.3767,0,,0.004,0,0,0,0,0,,0,0.008,0.067,0.118,0.616,0,0,0,,0.141,0,0,0,0,0,0,0,0,0,0,,0.043,0,0,0,0,0.004,,,0,,
GeoB1711-4,margo,1.83,-23.315,12.3767,0,,0,0,0,0,0.004,0,,0,0.007,0.051,0.144,0.661,0,0,0.004,,0.087,0,0,0,0,0,0,0,0,0,0,,0.04,0,0,0,0,0.004,,,0,,
GeoB1711-4,margo,1.88,-23.315,12.3767,0,,0,0,0,0.003,0,0,,0,0.019,0.101,0.131,0.616,0,0,0,,0.049,0,0,0,0.003,0,0,0,0,0,0,,0.063,0,0,0,0,0.011,,,0,,
GeoB1711-4,margo,1.93,-23.315,12.3767,0,,0,0,0,0,0.003,0,,0,0.04,0.101,0.08,0.583,0,0,0,,0.089,0.003,0,0,0,0,0,0,0,0,0,,0.086,0,0,0,0,0.009,,,0,,
GeoB1711-4,margo,1.98,-23.315,12.3767,0,,0,0,0,0.005,0.003,0,,0,0.024,0.068,0.168,0.587,0,0,0,,0.084,0,0,0,0.003,0,0,0.003,0,0.003,0,,0.047,0,0,0,0,0.003,,,0,,
GeoB1711-4,margo,2.03,-23.315,12.3767,0,,0,0,0,0,0.003,0,,0,0.007,0.065,0.189,0.619,0,0,0,,0.093,0,0,0,0,0,0,0,0,0,0,,0.007,0,0,0,0,0.01,,,0,,
GeoB1711-4,margo,2.08,-23.315,12.3767,0,,0,0,0,0.007,0.002,0,,0,0.009,0.026,0.153,0.654,0.002,0,0.007,,0.074,0.002,0,0,0,0,0.002,0,0,0,0,,0.03,0,0,0,0,0.019,,,0,,
GeoB1711-4,margo,2.13,-23.315,12.3767,0,,0,0,0,0,0,0,,0,0.005,0.034,0.215,0.631,0,0,0,,0.058,0,0,0,0,0,0.003,0,0,0,0,,0.029,0,0,0,0,0.013,,,0,,
GeoB1711-4,margo,2.18,-23.315,12.3767,0,,0,0,0,0,0,0,,0,0,0.058,0.219,0.518,0,0,0,,0.19,0.007,0,0,0,0,0,0,0,0,0,,0,0,0,0,0,0.007,,,0,,
GeoB1711-4,margo,2.23,-23.315,12.3767,0,,0,0,0,0.006,0,0,,0,0.003,0.043,0.174,0.615,0,0,0,,0.068,0,0,0,0.003,0,0,0,0.003,0,0,,0.071,0,0,0,0,0.009,,,0,,
GeoB1711-4,margo,2.28,-23.315,12.3767,0,,0,0,0,0.004,0,0,,0,0.012,0.045,0.198,0.537,0,0,0,,0.124,0,0,0,0,0.004,0,0.004,0,0,0,,0.054,0,0,0,0,0.012,,,0,,
GeoB1711-4,margo,2.33,-23.315,12.3767,0,,0,0,0,0,0,0,,0,0.031,0.063,0.207,0.484,0,0,0,,0.133,0,0,0,0,0,0,0.004,0,0,0,,0.059,0,0,0,0,0.012,,,0,,
GeoB1711-4,margo,2.38,-23.315,12.3767,0,,0,0,0,0.005,0,0,,0,0.005,0.023,0.23,0.563,0,0,0.005,,0.104,0,0,0,0.005,0,0,0.005,0,0,0,,0.05,0,0,0,0,0,,,0,,
GeoB1711-4,margo,2.43,-23.315,12.3767,0,,0,0,0,0.005,0,0,,0,0.005,0.02,0.181,0.704,0,0,0.005,,0.06,0,0,0,0.005,0,0,0,0,0,0,,0.005,0,0,0,0,0,,,0,,
GeoB1711-4,margo,2.48,-23.315,12.3767,0,,0,0,0,0.003,0.01,0,,0,0.006,0.092,0.194,0.556,0,0,0,,0.086,0,0,0,0,0,0,0,0,0,0,,0.032,0,0,0,0,0.016,,,0,,
GeoB1711-4,margo,2.53,-23.315,12.3767,0,,0.004,0,0,0,0.004,0,,0,0.015,0.042,0.195,0.559,0,0,0,,0.142,0,0,0,0,0,0,0,0,0,0,,0.031,0,0,0,0,0.008,,,0,,
GeoB1515-1,margo,0.53,4.2383,-43.6667,0,,0.0195,0,0,0,0.1057,0.0047,,0,0,0.0295,0,0,0.0098,0.0071,0,,0.0095,0.0201,0.0018,0.073,0.3703,0.1772,0,0.0239,0,0.0204,0,,0,0,0.0142,0,0,0.1134,,,0,,
GeoB1515-1,margo,0.63,4.2383,-43.6667,0,,0.0118,0,0,0,0.092,0,,0,0.001,0.0339,0.0124,0,0.0066,0.001,0,,0.0182,0.0093,0.0016,0.0482,0.4059,0.174,0,0.0403,0,0.0304,0.0207,,0,0,0.0093,0,0,0.0836,,,0,,
GeoB1523-1,margo,0.38,3.8317,-41.6217,0,,0.0048,0,0,0,0.0968,0,,0,0,0.0318,0.0429,0,0,0,0,,0.0032,0.0143,0.0056,0.0175,0.3864,0.2246,0.0095,0.0036,0.0016,0.0143,0.0127,,0,0,0.0096,0,0.0016,0.1193,,,0,,
GeoB1523-1,margo,0.43,3.8317,-41.6217,0,,0.0125,0,0.0111,0,0.0988,0,,0,0,0.0127,0.0154,0,0.0047,0,0,,0,0,0.0031,0.0208,0.3746,0.2278,0.0055,0.0035,0.0139,0.0139,0.0458,,0,0,0.0069,0,0,0.129,,,0,,
GeoB2204-2,margo,0.33,-8.5283,-34.0217,0,,0.0034,0,0,0,0.0364,0,,0,0.0011,0.0029,0.0011,0,0,0,0,,6e-04,0.0045,0.0072,0.0546,0.5695,0.1089,0.0045,0.0037,0.0056,0.0175,0.0169,,0,0,0.009,6e-04,0.01,0.142,,,0,,
GeoB2204-2,margo,0.38,-8.5283,-34.0217,0,,0.001,0,0,0.0082,0.0195,0,,0,0,0.0022,0.0123,0,0,0,0,,0,0.0082,0.0098,0.0709,0.5339,0.0791,0.0041,0.0082,0.0062,0.0474,0.0236,,0,0,0.0205,0,0.0146,0.1253,,,0,,
V30-40,margo,0.48,-0.2,-23.15,,,0.027,0,0.003,0.005,0.061,0.003,,,0.053,0.144,0.146,0,0.019,,,,0.04,0.013,0,0.043,0.162,0.146,0.003,0.003,0,0.008,0.016,,0.011,0.003,0.008,0,0.003,0.08,0,,,,
V30-40,margo,0.51,-0.2,-23.15,,,0.023,0,0,0.003,0.085,0,,,0.043,0.154,0.219,0,0.003,,,,0.046,0.006,0,0.023,0.125,0.14,0,0.009,0.003,0.011,0.009,,0.006,0,0,0,0,0.091,0,,,,
V30-40,margo,0.54,-0.2,-23.15,,,0.03,0,0,0.005,0.057,0,,,0.067,0.178,0.191,0.005,0.002,,,,0.059,0.007,0,0.027,0.153,0.06,0.005,0.002,0,0.002,0.007,,0.01,0.002,0.005,0,0,0.121,0,,,,
V30-40,margo,0.57,-0.2,-23.15,,,0.039,0,0,0.003,0.115,0,,,0.065,0.194,0.136,0.005,0,,,,0.06,0,0,0.026,0.094,0.144,0.005,0.01,0.003,0.008,0.008,,0.008,0,0,0,0,0.071,0,,,,
V30-40,margo,0.6,-0.2,-23.15,,,0.066,0,0,0,0.085,0,,,0.044,0.19,0.231,0.003,0,,,,0.082,0.003,0,0.005,0.102,0.063,0.005,0.005,0.005,0.003,0.011,,0.005,0,0,0,0.003,0.088,0,,,,
V30-40,margo,0.63,-0.2,-23.15,,,0.033,0,0,0,0.107,0,,,0.063,0.255,0.186,0.005,0,,,,0.049,0,0,0.008,0.085,0.107,0,0.005,0.003,0.011,0.016,,0.014,0,0.003,0,0,0.044,0,,,,
GIK16772-2,margo,0.3,-1.35,-11.9617,,,0.036,0,0,0,0.03,0,,,0.362,0.236,0.074,0.003,0,,,,0.08,0.003,0,0.026,0.038,0.027,0,0.006,0,0.031,0.003,,0,0,0.01,0,0,0.031,0,,,,
GIK16772-2,margo,0.4,-1.35,-11.9617,,,0.088,0,0,0.001,0.036,0,,,0.258,0.229,0.192,0,0,,,,0.066,0,0,0.001,0.029,0.023,0,0.001,0,0.014,0.001,,0,0,0.006,0,0,0.052,0,,,,
GIK16867-2,margo,0.55,-2.2017,5.1017,,,0.061,0,0.007,0.005,0,0,,,0.18,0.197,0.074,0.003,0.002,,,,0.104,0,0,0.125,0.092,0.044,0.003,0.037,0,0.026,0.005,,0.003,0,0.003,0,0,0.028,0,,,,
GIK16867-2,margo,0.65,-2.2017,5.1017,,,0.082,0.002,0.002,0.015,0.002,0,,,0.228,0.108,0.053,0,0,,,,0.163,0,0,0.117,0.094,0.02,0,0.053,0,0.025,0.002,,0.003,0,0,0,0,0.032,0,,,,
V25-56,margo,0.65,-3.55,-35.23,,,0,0.006,0.27,0,0,0.289,,,0,0,0.017,0,0,,,,0.017,0,0,0,0,0.072,0,0,0,0.003,0.05,,0,0,0.006,0,0.083,0.174,0,,,,
V25-56,margo,0.7,-3.55,-35.23,,,0.003,0,0,0,0.054,0,,,0.018,0.049,0,0,0,,,,0.003,0,0.008,0.015,0.384,0.263,0.015,0.003,0,0.028,0.003,,0,0,0.013,0,0,0.142,0,,,,
V25-56,margo,0.7,-3.55,-35.23,,,0,0.002,0.295,0.004,0,0.335,,,0,0,0.013,0,0,,,,0.008,0.006,0,0,0,0.054,0.002,0,0,0,0.025,,0,0.002,0.002,0,0.082,0.151,0,,,,
V25-56,margo,0.76,-3.55,-35.23,,,0,0.005,0.289,0.002,0,0.311,,,0,0,0.012,0,0,,,,0.021,0.007,0,0,0,0.038,0,0.002,0,0,0.045,,0,0,0.005,0,0.056,0.165,0,,,,
V25-56,margo,0.8,-3.55,-35.23,,,0.002,0,0.006,0.01,0.043,0,,,0.018,0.059,0,0,0,,,,0,0.006,0.002,0.026,0.244,0.122,0.016,0.004,0,0.012,0.01,,0,0.002,0.112,0,0.002,0.301,0,,,,
V25-56,margo,0.8,-3.55,-35.23,,,0,0.002,0.283,0.004,0,0.327,,,0,0.002,0.017,0,0,,,,0.023,0.008,0,0,0,0.057,0,0,0,0.002,0.042,,0.002,0.008,0.006,0,0.063,0.134,0,,,,
V25-56,margo,0.85,-3.55,-35.23,,,0,0.002,0.289,0.002,0,0.313,,,0,0.002,0.023,0,0,,,,0.015,0.019,0,0.002,0,0.03,0,0,0,0,0.047,,0.002,0.002,0.004,0.004,0.045,0.143,0,,,,
V25-56,margo,0.5,-3.55,-35.23,0,,0.026,0,0,0,0.124,0,,0,0,0.205,0.068,0,0,0,0,,0.036,0.013,0.003,0.062,0.231,0.114,0,0.003,0.003,0.003,0.013,0,0,0,0,0,0.007,0.085,0,,0,,
V25-56,margo,0.52,-3.55,-35.23,0,,0.017,0,0,0,0.111,0,,0,0.026,0.149,0.043,0,0.003,0,0,,0.04,0.009,0.003,0.094,0.237,0.12,0,0,0,0.014,0.009,0,0.003,0,0.003,0,0,0.12,0,,0,,
V25-56,margo,0.55,-3.55,-35.23,0,,0.038,0,0,0,0.072,0,,0,0.013,0.204,0.047,0,0.003,0,0,,0.025,0.006,0.009,0.088,0.21,0.125,0.006,0.003,0.003,0.009,0.009,0,0,0,0.003,0,0,0.125,0,,0,,
V25-56,margo,0.57,-3.55,-35.23,0,,0.037,0,0,0,0.056,0,,0,0.017,0.189,0.047,0.003,0.003,0,0,,0.033,0,0,0.11,0.193,0.152,0.007,0,0.003,0.003,0.01,0,0,0,0.003,0,0,0.133,0,,0,,
V25-56,margo,0.6,-3.55,-35.23,0,,0.025,0,0,0,0.071,0,,0,0.012,0.189,0.065,0,0,0,0,,0.009,0.009,0.006,0.127,0.165,0.152,0.003,0,0,0.019,0.006,0,0,0,0.012,0,0,0.124,0,,0,,
V25-56,margo,0.62,-3.55,-35.23,0,,0.027,0,0.007,0.01,0.093,0,,0,0.013,0.176,0.05,0.003,0,0,0,,0.037,0,0.003,0.13,0.193,0.103,0.003,0.007,0.003,0.013,0,0,0.003,0,0.007,0,0,0.12,0,,0,,
RC24-16,margo,0.66,-5.038,-10.19,,,0.041,0,0,0,0.008,0,,,0.197,0.185,0.079,0.005,0,,,,0.141,0.044,0,0.031,0.062,0.102,0.003,0.033,0,0.013,0.021,,0,0,0,0,0,0.031,0,,,,
RC24-16,margo,0.69,-5.038,-10.19,,,0.04,0,0,0.003,0.006,0,,,0.197,0.186,0.063,0,0.006,,,,0.117,0.023,0.003,0.057,0.106,0.074,0,0.04,0,0.023,0.011,,0,0,0.006,0,0,0.029,0,,,,
RC24-16,margo,0.72,-5.038,-10.19,,,0.036,0,0.003,0.005,0.01,0,,,0.221,0.203,0.088,0,0.003,,,,0.109,0.036,0.003,0.031,0.062,0.075,0,0.026,0.003,0.018,0.013,,0,0,0,0,0,0.044,0,,,,
RC24-16,margo,0.75,-5.038,-10.19,,,0.043,0,0,0,0.013,0,,,0.204,0.171,0.087,0.005,0.003,,,,0.077,0.036,0.003,0.036,0.082,0.109,0,0.054,0.003,0.031,0.008,,0,0,0,0,0,0.036,0,,,,
RC24-16,margo,0.78,-5.038,-10.19,,,0.016,0,0.005,0,0.014,0,,,0.21,0.223,0.084,0.003,0.003,,,,0.049,0.008,0,0.033,0.131,0.115,0,0.027,0,0.016,0.011,,0.003,0,0,0,0,0.044,0,,,,
V22-174,margo,0.55,-10.07,-12.82,,,0.02,0,0,0.014,0.083,0,,,0.072,0.069,0.095,0,0,,,,0.011,0.083,0,0.052,0.155,0.098,0.017,0.011,0.003,0.046,0.006,,0,0,0.08,0,0.006,0.069,0,,,,
V22-174,margo,0.57,-10.07,-12.82,,,0.019,0,0,0.017,0.05,0,,,0.078,0.092,0.056,0,0.003,,,,0.036,0.047,0,0.042,0.226,0.095,0.017,0.008,0.006,0.042,0.011,,0,0.003,0.061,0,0,0.075,0,,,,
V22-174,margo,0.6,-10.07,-12.82,,,0.031,0,0.003,0.017,0.045,0,,,0.093,0.11,0.068,0,0,,,,0.04,0.059,0,0.04,0.193,0.102,0.008,0.008,0.003,0.048,0.011,,0,0,0.034,0,0.006,0.076,0,,,,
V22-174,margo,0.6,-10.07,-12.82,,,0.021,0,0.002,0.012,0.046,0.002,,,0.07,0.087,0.066,0.002,0,,,,0.107,0.025,0.025,0.046,0.18,0.087,0.016,0.008,0.008,0.043,0.021,,0,0.002,0.027,0,0,0.089,0,,,,
RC13-228,margo,1.1,-22.33,11.198,,,0,0,0,0.003,0,0,,,0.036,0,0.469,0.239,0,,,,0.155,0,0,0,0,0,0,0.006,0,0,0.016,,0.071,0,0,0,0,0.003,0,,,,
RC13-228,margo,1.15,-22.33,11.198,,,0,0,0,0,0.003,0,,,0.19,0,0.38,0.102,0,,,,0.21,0,0,0,0.03,0.006,0.003,0,0.003,0.003,0.01,,0.026,0,0,0,0,0.033,0,,,,
RC13-228,margo,1.2,-22.33,11.198,,,0,0.006,0,0,0,0,,,0.096,0,0.436,0.164,0,,,,0.208,0.003,0,0,0.018,0,0,0.006,0,0,0.009,,0.023,0,0,0,0,0.032,0,,,,
RC13-228,margo,1.25,-22.33,11.198,,,0,0,0,0,0,0,,,0.071,0.003,0.395,0.209,0,,,,0.206,0.003,0,0,0.019,0,0,0.003,0,0,0,,0.068,0,0,0,0,0.023,0,,,,
RC13-228,margo,1.3,-22.33,11.198,,,0,0,0,0,0.003,0,,,0.046,0,0.599,0.155,0,,,,0.138,0,0,0,0.016,0,0,0.003,0,0,0,,0.01,0,0,0,0,0.03,0,,,,
RC13-228,margo,1.35,-22.33,11.198,,,0,0,0,0.002,0,0,,,0.019,0,0.49,0.33,0,,,,0.124,0,0,0,0.012,0,0,0,0,0,0,,0.005,0,0,0,0,0.017,0,,,,
RC13-229,margo,0.52,-25.49,11.307,,,0,0.005,0,0,0.006,0,,,0.211,0,0.697,0.025,0,,,,0.029,0,0,0,0.019,0.004,0,0,0.001,0.002,0.001,,0,0,0,0,0,0,0,,,,
RC13-229,margo,0.55,-25.49,11.307,,,0,0.007,0,0.001,0.01,0,,,0.138,0.005,0.676,0.009,0.001,,,,0.106,0,0,0,0.021,0,0,0.004,0.001,0.005,0,,0.002,0,0,0,0,0.01,0,,,,
RC13-229,margo,0.58,-25.49,11.307,,,0,0.005,0,0,0.01,0,,,0.063,0.018,0.783,0.016,0,,,,0.071,0,0,0.003,0.003,0.008,0,0,0,0.003,0,,0.005,0,0,0,0,0.013,0,,,,
RC13-229,margo,0.6,-25.49,11.307,,,0,0.011,0,0,0.007,0,,,0.094,0.009,0.719,0.036,0,,,,0.105,0.002,0,0,0,0,0,0,0,0.002,0,,0.009,0,0,0,0,0.007,0,,,,
RC11-86,margo,0.4,-35.78,18.45,,,0,0,0,0,0.007,0,,,0.136,0.007,0.629,0.01,0,,,,0.119,0.007,0.003,0,0,0,0,0.007,0.003,0,0.028,,0.01,0,0,0,0,0.031,0,,,,
RC11-86,margo,0.5,-35.78,18.45,,,0.014,0.007,0.007,0.007,0.01,0.003,,,0.156,0.037,0.542,0.017,0.003,,,,0.122,0.003,0,0,0,0,0,0.007,0,0.007,0.017,,0.003,0.003,0.007,0,0,0.027,0,,,,
RC12-294,margo,0.4,-37.27,-10.1,,,0,0,0,0.003,0.047,0,,,0.1,0.003,0.28,0.053,0,,,,0.354,0.008,0,0,0.008,0,0,0,0,0,0,,0.098,0,0,0,0,0.047,0,,,,
RC12-294,margo,0.45,-37.27,-10.1,,,0,0.003,0,0.003,0.039,0,,,0.129,0,0.228,0.039,0,,,,0.405,0.003,0,0,0.003,0,0,0,0,0,0,,0.093,0,0,0,0,0.054,0,,,,
RC12-294,margo,0.46,-37.27,-10.1,,,0.003,0.012,0,0.002,0.015,0,,,0.108,0,0.336,0.083,0,,,,0.364,0.002,0,0,0.004,0,0,0,0,0,0,,0.039,0,0,0,0,0.032,0,,,,
RC12-294,margo,0.48,-37.27,-10.1,,,0.001,0,0,0.003,0.032,0,,,0.105,0,0.409,0.05,0,,,,0.327,0.001,0,0,0.001,0,0,0,0,0,0,,0.032,0.001,0,0,0,0.038,0,,,,
RC12-294,margo,0.5,-37.27,-10.1,,,0,0.009,0,0.003,0.055,0,,,0.134,0,0.273,0.032,0,,,,0.358,0.029,0,0,0.006,0,0,0,0,0,0,,0.07,0,0,0,0,0.032,0,,,,
RC12-294,margo,0.53,-37.27,-10.1,,,0.003,0.002,0,0,0.014,0,,,0.128,0.001,0.319,0.095,0,,,,0.347,0.002,0,0,0.005,0,0,0.002,0,0,0,,0.039,0,0,0,0,0.04,0.001,,,,
RC12-294,margo,0.55,-37.27,-10.1,,,0.006,0.003,0,0,0.012,0,,,0.143,0.003,0.211,0.03,0,,,,0.417,0.003,0,0,0.003,0,0,0,0,0,0,,0.104,0,0,0,0,0.065,0,,,,
RC12-267,margo,0.73,-38.68,-25.78,,,0.012,0.024,0,0,0.106,0,,,0.35,0,0.308,0.126,0,,,,0.033,0.002,0,0,0.002,0,0,0,0,0,0,,0.009,0,0,0,0,0.029,0,,,,
GeoB1008-3,margo,2.18,-6.5823,10.3186,0,,0.0114,0,0,0.0107,0,0,,0,0.1914,0.0739,0.1169,0,0,0,0,,0.4077,0,0,0.0154,0.0148,0.01,0,0.1363,0,0.0013,0,,0.0054,0,7e-04,0,0,0.004,,,0,,
GeoB1008-3,margo,2.23,-6.5823,10.3186,0,,0.0162,0,0,0.0179,0.0032,0,,0.0065,0.3312,0.0828,0.1494,0,0,0,0,,0.1721,0,0,0.0649,0.0211,0.0081,0,0.0601,0.0227,0.0032,0.0081,,0.0097,0,0,0,0,0.0227,,,0,,
GeoB1008-3,margo,2.28,-6.5823,10.3186,0,,0.0075,0,0.0015,0.0254,0.0015,0,,0.0015,0.2975,0.0478,0.0897,0.003,0,0,0,,0.3513,0,0,0.0404,0.0075,0.012,0,0.0762,0.012,0,0,,0,0,0.006,0,0,0.0194,,,0,,
GeoB1008-3,margo,2.33,-6.5823,10.3186,0,,0.0209,0,0,0.0298,0.0011,0,,0.0099,0.3197,0.0551,0.1852,0,0,0,0,,0.1996,0,0,0.0397,0.0165,0.0154,0,0.0926,0,0.0066,0,,0,0,0,0,0.0011,0.0066,,,0,,
GeoB1008-3,margo,2.38,-6.5823,10.3186,0,,0.025,0,0,0.0205,0.0023,0,,0.0091,0.3159,0.0182,0.1773,0.0091,0,0,0,,0.2,0,0,0.0568,0.0727,0.0114,0,0.0591,0,0.0068,0.0023,,0.0045,0,0,0,0.0023,0.0068,,,0,,
GeoB1008-3,margo,2.43,-6.5823,10.3186,0,,0.01,0,0,0.0464,0.0017,0,,0.0249,0.1095,0.0282,0.1625,0,0,0,0,,0.2753,0,0,0.0779,0.073,0.0216,0,0.1343,0,0.0133,0,,0,0,0,0,0.0017,0.0199,,,0,,
GeoB1008-3,margo,2.48,-6.5823,10.3186,0,,0.0189,0,0.0047,0.0283,0.0047,0,,0.0519,0.1179,0.0047,0.0896,0,0.0047,0,0,,0.2123,0,0.0047,0.0377,0.1179,0.0424,0,0.1981,0.0047,0.0189,0.0142,,0.0047,0,0,0,0,0.0189,,,0,,
GeoB1008-3,margo,2.53,-6.5823,10.3186,0,,0.0554,0,0,0.0511,0,0,,0.013,0.088,0.037,0.1152,0.0043,0.0011,0,0,,0.3859,0,0,0.0283,0.0511,0.0445,0,0.0859,0.0098,0.0054,0.0022,,0.0022,0,0.0087,0,0,0.0109,,,0,,
GeoB1008-3,margo,2.58,-6.5823,10.3186,0,,0.0652,0,0,0.029,0,0,,0.0145,0.157,0.0121,0.0531,0,0,0,0,,0.2729,0,0,0.0918,0.0894,0.0193,0,0.1425,0.0145,0.0266,0.0048,,0.0024,0,0,0,0,0.0048,,,0,,
GeoB1008-3,margo,2.63,-6.5823,10.3186,0,,0.0248,0,0,0.0149,0,0,,0.0116,0.1987,0.0166,0.1391,0.0066,0.0017,0,0,,0.404,0,0,0.0215,0.0281,0.0067,0,0.1093,0.0017,0.0017,0.005,,0,0,0.005,0,0.0017,0.0017,,,0,,
GeoB1016-3,margo,0.73,-11.7705,11.6819,0,,0.0149,0,0,0.0788,0,0,,0.0291,0.2681,0.0407,0.0885,0.0026,0,0,0,,0.2468,0.0026,0,0.0136,0.0084,0.0103,0.0026,0.1363,0.0323,0,0.0032,,0.0026,0,0.0052,0,0,0.0136,,,0,,
GeoB1016-3,margo,0.78,-11.7705,11.6819,0,,0.0116,0,0.0231,0.0173,0,0.0087,,0.0202,0.3295,0.0723,0.0809,0,0,0,0,,0.0723,0,0,0.0434,0.0347,0.1069,0,0.0867,0.0231,0.0116,0,,0.0029,0,0.0058,0.0087,0,0.0405,,,0,,
GeoB1016-3,margo,0.88,-11.7705,11.6819,0,,0.0117,0,0,0.0176,0,0,,0.0293,0.2383,0.0449,0.2188,0.0039,0,0,0,,0.0801,0,0,0.0508,0.0547,0.0098,0,0.2129,0.0078,0.0059,0,,0,0,0.002,0,0,0.0117,,,0,,
GeoB1028-5,margo,0.93,-20.104,9.1858,0,,0.005,0.002,0,0.0099,0.0019,0,,0,0.1153,0.0074,0.2972,0.1622,0,0,0,,0.2936,0,0,0,0.0118,0,0,0.0069,0.0025,0.0012,2e-04,,0.0396,0,0.005,0,0,0.0384,,,0,,
GeoB1028-5,margo,1.03,-20.104,9.1858,0,,0.0014,1e-04,0,0.0111,0.0035,0,,0,0.0907,0.0104,0.3282,0.1326,0,0,0,,0.2889,0,0,0,0.0055,0,0,0.0406,0,0.0052,0.006,,0.0111,0,0,0,0,0.0649,,,0,,
GeoB1031-4,margo,0.28,-21.88,7.1017,0,,0,0.0044,0,0,0.0179,0,,0,0.1824,0.0424,0.2826,0.0622,0,0,0,,0.1484,0.0113,0.0028,0.0099,0.0438,0,0,0.0335,0.0127,0.0028,0.0113,,0.0396,0,0.0113,0,0,0.0806,,,0,,
GeoB1031-4,margo,0.33,-21.88,7.1017,0,,0,0.0104,0,0.0088,0.0285,0,,0,0.1517,0.0088,0.3617,0.0248,0,0,0,,0.2152,0.0073,0.0015,0.0073,0.0227,1e-04,0.0117,0.0282,0,0.0058,0.0357,,0.0175,0,0,0,0,0.0525,,,0,,
GeoB1101-5,margo,0.33,1.6583,-10.98,0,,0.0387,0,0.0018,0,0.0053,0,,0,0.0572,0.3879,0.1398,0,0.044,0,0,,0.0264,9e-04,0.0035,0.0035,0.0959,0.1451,0,0.0176,0.0053,0.022,0.0035,,0,0,0,0,0,0.0018,,,0,,
GeoB1101-5,margo,0.38,1.6583,-10.98,0,,0.0091,0,0,0,0.0065,0,,0.0143,0.1917,0.3533,0.1082,0,0.0587,0,0,,0.0235,0,0.0078,0,0.0417,0.1356,0.0013,0.0248,0.0013,0.0196,0.0013,,0,0,0,0,0,0.0013,,,0,,
GeoB1105-4,margo,0.78,-1.665,-12.4283,0,,0.0234,0,0,0.0087,0.0158,0,,0,0.2397,0.073,0.1536,0.0044,0,0,0,,0.1917,0.0087,0,0,0.1095,0.0322,0.0065,0.0163,0,0.012,0.0044,,0,0,0.0261,0,0,0.0741,,,0,,
GeoB1112-4,margo,0.48,-5.7783,-10.75,0,,0.0197,0,0,0.0012,0.0099,0,,0,0.2072,0.0543,0.1603,0.0025,0.0012,0,0,,0.1467,0.0074,0.0025,0.0123,0.1295,0.1159,0,0.0247,0.0025,0.0358,0,,0,0,0.0099,0,0,0.0567,,,0,,
GeoB1112-4,margo,0.58,-5.7783,-10.75,0,,0.0235,0,0,0,0.0162,0,,0,0.2097,0.0601,0.1393,0.0029,0,0,0,,0.132,0.0044,0.0015,0.0161,0.1393,0.1026,0,0.0513,0.0029,0.0293,0.0088,,0.0059,0,0.0015,0,0,0.0528,,,0,,
GeoB1115-4,margo,0.63,-3.5583,-12.58,0,,0.0061,0,0,0.0061,0.0102,0,,0.0071,0.2525,0.0703,0.1232,0.0031,0.002,0,0,,0.1792,0,0.001,0.0346,0.1151,0.0631,0.0031,0.0305,0.002,0.0132,0.0041,,0.0041,0,0.0092,0,0,0.0601,,,0,,
GeoB1115-4,margo,0.68,-3.5583,-12.58,0,,0.0176,0.0021,0,0.0124,0.0052,0,,0.001,0.2104,0.1451,0.0487,0,0,0,0,,0.2062,0,0,0.0549,0.1129,0.0591,0,0.0332,0,0.0176,0.0093,,0,0,0.0031,0,0,0.0611,,,0,,
GeoB1117-2,margo,0.53,-3.815,-14.8967,0,,0.0254,0,0,0.0025,0.0203,0.0025,,0,0.0736,0.0964,0.1548,0.0254,0.0102,0,0,,0.0812,0,0,0.0228,0.1447,0.198,0.0025,0.0254,0,0.033,0.0102,,0,0,0.0102,0,0.0025,0.0584,,,0,,
GeoB1117-2,margo,0.58,-3.815,-14.8967,0,,0.0228,0,0.0098,0,0.0326,0,,0,0.1987,0.0651,0.1173,0.0033,0.0261,0,0,,0.0814,0,0,0.0261,0.1042,0.0651,0.0065,0.0228,0,0.0261,0.013,,0.0651,0,0.026,0,0,0.0879,,,0,,
GeoB1117-2,margo,0.63,-3.815,-14.8967,0,,0.0348,0,0,0.0035,0.0174,0,,0,0.3177,0.0653,0.2219,0.0017,0,0,0,,0.0992,0.0035,0,9e-04,0.0644,0.0705,0.0087,0.0191,9e-04,0.02,0,,0,0,0.0035,0,0,0.047,,,0,,
GeoB1214-1,margo,0.23,-24.69,7.24,0,,0.0053,0.0057,0,0.0016,0.0261,0,,0,0.1583,0.0039,0.314,0.0336,0,0,0,,0.1921,0,0,0,0.0788,0.013,0.0116,0.015,0.0026,0.0132,0.0029,,0.0103,0,0.0168,2e-04,0,0.0895,,,0.0052,,
GeoB1214-1,margo,0.28,-24.69,7.24,0,,0.0028,0.0087,0,0.0076,0.0175,0,,0,0.1559,0.0011,0.3533,0.0363,0,0,0,,0.2013,0.0035,0,0,0.0766,0.0015,0.0035,0.013,0.0017,0.0145,9e-04,,0.0242,0,0.019,0,0,0.0571,,,0,,
GeoB1220-1,margo,0.33,-24.0333,5.3067,0,,0.002,0.0101,0,0.009,0.0574,0,,0,0.128,0,0.3621,0.034,0,0,0,,0.17,0.008,0.006,0.079,0,0.001,0,0.0331,0,0.0102,0.018,,0,0.008,0.016,0,0,0.048,,,0,,
GeoB1220-1,margo,0.38,-24.0333,5.3067,0,,0.0085,0.0087,0,0.0107,0.0723,0,,0,0.161,0,0.2687,0.0491,0,0,0,,0.1834,0.0171,0,0.0906,0,0,0.0085,0.0211,0,0.0128,0.0064,,0,0,0.0341,0,0,0.0469,,,0,,
GeoB1306-1,margo,0.19,-35.2067,-26.765,0.0041,,1e-04,0.0147,0,0,0.0328,0,,0,0.1399,0.001,0.6078,0.0041,0,0,0,,0.1402,0.001,3e-04,0,0.047,0,0,0.002,0,0.001,1e-04,,0,0,0,0,0,0.0041,,,0,,
GeoB1701-4,margo,0.98,1.95,3.5517,0,,0.059,0,0,0.0062,0,0,,0.0106,0.1242,0.2828,0.0405,0,0,0,0,,0.022,0,0.0018,0.1639,0.0731,0.0511,0.0018,0.0317,0.0079,0.0291,0.0079,,0,0.0018,0.007,0,0,0.0775,,,0,,
GeoB1701-4,margo,1.03,1.95,3.5517,0,,0.0265,0.0039,0,0.0123,0.0019,0.0013,,0.0032,0.1034,0.2578,0.0207,0.0013,0,0,0,,0.0258,0.0013,0.0052,0.1983,0.1215,0.0582,0.0013,0.0245,0.0071,0.0271,0.0026,,0.0013,0,0.022,0,0,0.0717,,,0,,
GeoB1701-4,margo,1.08,1.95,3.5517,0,,0.0273,0.0028,0,0.0075,0,0,,0.0075,0.0894,0.2549,0.0339,0,0,0,0,,0.0386,0.0038,0.0047,0.1421,0.1477,0.0602,0,0.0207,0.0075,0.0273,0.0085,,0,0,0.0188,0,0,0.0969,,,0,,
GeoB1701-4,margo,1.13,1.95,3.5517,0,,0.0351,0,0,0.0114,0,0,,0,0.1554,0.2327,0.1343,0.0053,0,0,0,,0.0184,0,0,0.1563,0.0395,0.0966,0,0.0316,9e-04,0.036,0.0035,,0,0,0.0281,0,0,0.0149,,,0,,
GeoB1701-4,margo,1.18,1.95,3.5517,0,,0.0438,0,0,0.0122,0,0,,0,0.1022,0.2409,0.1873,0.0024,0,0,0,,0.0438,0,0.0024,0.0998,0.0973,0.0584,0,0.0292,0,0.0341,0,,0,0.0024,0.0097,0,0,0.0341,,,0,,
GeoB1722-1,margo,0.23,-29.45,11.75,0,,0.0016,0.009,0.0016,0.0064,0.0448,0,,0,0.2535,0.0226,0.4039,0.0173,0,0,0,,0.1223,0,0,0,0.0331,0.0047,0,0.0073,0,0.0104,0,,0.0016,0,0.0126,0,0,0.0473,,,0,,
GeoB1722-1,margo,0.28,-29.45,11.75,0,,0.0016,0.007,0,0,0.0071,0,,0,0.1375,0.0091,0.6249,0.0155,0,0,0,,0.0948,0,0,0,0.0539,0.0017,0,0.0056,0.0033,0.003,0.0039,,0.0103,0,0.0052,0,0,0.0155,,,0,,
GeoB2004-2,margo,0.68,-30.87,14.3433,0,,1e-04,0.0087,3e-04,0.0022,0.0254,0,,0,0.1038,0.0284,0.5991,0,0,0,0,,0.1192,0,0,0,0.0229,0.0129,0.0022,0.0068,0,0.0213,1e-04,,0.0131,0.0044,0,0,0,0.0294,,,0,,
GeoB2004-2,margo,0.73,-30.87,14.3433,0,,6e-04,0.0051,6e-04,0.0064,0.0241,0,,0,0.1214,0.0064,0.6083,0,0,0,0,,0.1396,0,0,0,0.0301,0.0012,0,0.0144,0,0.0148,0.0018,,0.0046,0,0.0069,0,0,0.0139,,,0,,
GeoB2004-2,margo,0.78,-30.87,14.3433,0,,4e-04,0.0053,0,0.0046,0.0126,0,,0,0.0957,0.0035,0.6988,0.0031,0,0,0,,0.1183,0,0,0,0.0152,0.0036,0,0.0059,0,0.0032,0.0077,,0.0046,0.0015,0.0107,0,0,0.0054,,,0,,
GeoB2016-1,margo,0.18,-31.9,-1.33,0.0046,,0.0029,0.0301,0,0.0106,0.0914,0,,0,0.1429,0,0.2034,0.0069,0,0,0,,0.331,0.0183,1e-04,0,0.0813,0,0,0.0064,0.0011,0.0164,0,,0,0,0.0114,0,0,0.0389,,,0.0023,,
GeoB2019-1,margo,0.33,-36.06,-8.7783,0.0037,,0.0042,0.0136,0,9e-04,0.0419,0,,0,0.1849,0,0.3032,0.0289,0,0,0,,0.34,0,0,0,0.0149,0,0,0.0024,0,0,0,,0.0355,0,0.0037,0,0,0.0219,,,0,,
GeoB2021-5,margo,0.13,-36.8333,-14.4033,0,,0.0049,0.0036,0,0.002,0.0478,0,,0,0.2038,0.001,0.2782,0.0614,0,0,0,,0.2689,0,0,0,0.0049,0,0,0.0077,0.002,0,0,,0.0634,0,0,0,0,0.0505,,,0,,
GeoB1903-3,margo,0.48,-8.675,-11.845,0,,0.01,0,0,0.0172,0.0387,0,,0.0029,0.086,0.1304,0.0387,0,0,0,0,,0.0415,0.0014,0.0115,0.0659,0.1604,0.1361,0,0.0272,0.0057,0.0372,0.0057,,0,0.0029,0.0444,0,0.0014,0.1347,,,0,,
GeoB1903-3,margo,0.53,-8.675,-11.845,0,,0.0247,0,0,0.0218,0.0446,0,,0.0104,0.1206,0.0931,0.1102,0,0,0,0,,0.0484,0.0038,0.0095,0.038,0.1339,0.1453,0,0.0247,0.0047,0.0313,0.019,,0,0.0019,0.0218,0,0,0.0921,,,0,,
GeoB1903-3,margo,0.58,-8.675,-11.845,0,,0.0326,0,0,0.0087,0.0268,0,,0,0.0884,0.0698,0.1303,0.0012,0,0,0,,0.0425,0.0012,0.0116,0.043,0.1641,0.1367,0.0012,0.0227,0.0017,0.0297,0.043,,0.0035,0.0012,0.064,0,0,0.0762,,,0,,
GeoB1905-3,margo,0.38,-17.1433,-13.9867,0,,0.0063,0,0.0075,0.0239,0.0519,0,,0,0.0898,0.003,0.0101,0,0.0072,0,0,,0.0931,0.0024,0.006,0.0227,0.3262,0.0647,0.031,0.0107,0.0024,0.0316,0.0033,,0,0.0024,0.062,0,0.0012,0.1397,,,0,,
GeoB1905-3,margo,0.43,-17.1433,-13.9867,0,,0.0123,0,0.0054,0.01,0.0449,8e-04,,0,0.0784,2e-04,0.0075,0,0.0036,0,0,,0.0326,0.0042,0.0061,0.0542,0.3757,0.1045,0.005,0.0111,0.0067,0.0263,0.0232,,0,0.0033,0.138,0,0.0015,0.0443,,,0,,
GeoB1501-4,margo,0.33,-3.6783,-32.0067,0,,0.0031,0,0.0047,0,0.1496,0,,0.0079,0.0252,0.0772,0.0504,0,0,0,0,,0.0157,0,0,0.0157,0.2851,0.2551,0,0.0142,0,0.0346,0.0016,,0,0,0,0,0,0.0598,,,0,,
GeoB1501-4,margo,0.38,-3.6783,-32.0067,0,,0.0138,0,0,0.0035,0.0838,0,,0.0035,0.019,0.0856,0.0527,0,0,0,0,,0.0164,0,0.0035,0.0017,0.2913,0.3328,0,0.0078,0.0017,0.0225,0.0078,,0,0.0017,0,0,0,0.051,,,0,,
GeoB1503-1,margo,0.28,2.3117,-30.6467,0,,0.0079,0,0.0014,0.0101,0.0577,0,,0,0.0231,0.131,0.0991,0,0.0014,0,0,,0.0452,0.0447,0.0016,0.0648,0.1642,0.0877,0.0065,0.0022,0.0076,0.0114,0.0098,,0.0044,0,0.0436,0,0.0049,0.1699,,,0,,
GeoB1503-1,margo,0.33,2.3117,-30.6467,0,,0.0217,0,0,0.0149,0.0359,0.0019,,0,0.0341,0.104,0.1202,0,6e-04,0,0,,0.0817,0.0136,0.0025,0.0625,0.2093,0.0798,0.0062,0.0025,6e-04,0.0111,0.005,,0,0,0.0471,0,0,0.1449,,,0,,
GeoB1505-1,margo,0.48,2.27,-33.01,0.0017,,0.0239,0,0,0,0.063,0,,0,0.0256,0.0929,0.1015,0.0035,9e-04,0,0,,0.0399,0.0035,0.0035,0,0.3403,0.1298,0,0.0017,0.0026,0.0122,0,,0,0,0.0139,0,9e-04,0.1389,,,0,,
GeoB1505-1,margo,0.53,2.27,-33.01,0,,0.0236,0,0.0012,0.0071,0.0697,0.0024,,0,0.0354,0.0992,0.0956,0,0.0047,0,0,,0.026,0.0094,0.0071,0,0.3235,0.1676,0.0024,0.0071,0.0035,0.0142,0,,0,0,0,0,0.0012,0.0992,,,0,,
GeoB1508-4,margo,0.28,5.3333,-34.025,0,,0.0178,0,0,0.0119,0.0347,0,,0,0,0.0713,0.0238,0.002,0,0,0,,0.002,0,0.002,0.0287,0.3158,0.2981,0,0.0099,0.001,0.0515,0.0109,,0,0,0.0178,0,0.003,0.098,,,0,,
GeoB1515-1,margo,0.48,4.2383,-43.6667,0,,0.0203,0,0,0.0029,0.0767,0,,0,0,0.0355,0.0224,0,0,0,0,,0.0116,0,0.0043,0.0051,0.3886,0.2525,0.0029,0.0094,0.0014,0.0188,0,,0,0,0.0145,0,0,0.1331,,,0,,
GeoB2109-1,margo,0.48,-27.9117,-45.8817,0.0046,,0.0034,0.0119,0,0.0137,0.0739,0,,0,0.1052,0.008,0.0319,0.0023,0,0,0,,0.0364,0.0114,0.0017,0,0.397,0.0415,0.0046,0.0011,0.0028,0.0188,0,,0,0,0.041,0,0.0046,0.1843,,,0,,
GeoB2109-1,margo,0.53,-27.9117,-45.8817,0,,0.0026,0.0181,0,0.0045,0.0923,0,,0,0.0982,0.0013,0.031,0,0,0,0,,0.0659,0,0.0039,0.0013,0.4154,0.033,0,0.0026,0,0.0168,6e-04,,0,0,0.0568,0,0.0032,0.1525,,,0,,
GeoB2109-1,margo,0.58,-27.9117,-45.8817,0.0072,,0,0.0135,0,0.0153,0.0935,0,,0,0.1641,0.0022,0.0432,0,0,0,0,,0.0486,0.009,0.0072,0.0369,0.2576,0.0373,0,0.004,0,0.0058,0,,0,0,0.054,0,0.0063,0.1942,,,0,,
GeoB2109-1,margo,0.63,-27.9117,-45.8817,0.003,,0.0023,0.0102,0,0.009,0.0926,0,,0,0.1062,0.0015,0.0331,0,0,0,0,,0.0392,0,0.0049,0.0343,0.3849,0.02,0,0.0015,0.0015,0.0064,0,,0,0,0.0979,0,0.0038,0.1476,,,0,,
GeoB2116-4,margo,0.28,-25.5117,-35.9983,0,,0.0104,0.0235,0.0104,0,0.3054,0.0026,,0,0.188,0.0131,0.0418,0,0,0,0,,0.0339,0,0.154,0,0.0627,0.1254,0,0.0078,0.0104,0,0,,0,0,0,0,0,0.0104,,,0,,
GeoB2117-1,margo,0.23,-23.0383,-36.6517,0,,0.0032,0.0016,0,0,0.0395,0.0012,,0,0.0749,0.0016,0.0081,0,0,0,0,,0.0822,0,0.027,0,0.6342,0.0628,0,0.0073,0.0097,0.0064,8e-04,,0,0,0.0258,0,8e-04,0.0129,,,0,,
GeoB2125-1,margo,0.33,-20.8233,-39.8633,0,,0.01,6e-04,0,0.0046,0.0094,0,,0,0.0243,0.0154,0.0114,0,0,0,0,,0.0194,0.0091,0.002,0.0817,0.3928,0.0417,0.0091,0.002,0.0023,0.0123,0.0174,,0,0,0.0411,0,0.002,0.2908,,,0,,
GeoB2125-1,margo,0.38,-20.8233,-39.8633,0,,0.0031,0,0,2e-04,0.0145,0,,0,0.0436,0.0148,0.0072,0,2e-04,0,0,,0.0143,0.0107,0.0038,0.0721,0.4215,0.0286,0,0.0036,0,0.002,0.0056,,0,0.0072,0.0537,0,0.0034,0.2883,,,0,,
GeoB2202-4,margo,0.78,-8.1983,-34.265,0,,0.0043,0,0,0.0116,0.024,0,,0,0.0012,0.0026,0,0,0,0,0,,0.0023,0,0.0049,0.1048,0.5585,0.0693,0,0.002,0.0052,0.0202,0.0069,,0,0,0.0283,0,0.0095,0.1427,,,0,,
GeoB2202-4,margo,0.83,-8.1983,-34.265,0,,0.0013,0,0,0.0076,0.029,0,,0,0.0013,0.0088,0,0,0,0,0,,0.0013,0,0.0101,0.0844,0.5177,0.0919,0.0025,0.0063,0,0.0239,0.0063,,0,0,0.0353,0,0.029,0.1335,,,0,,
GeoB2202-4,margo,0.88,-8.1983,-34.265,0,,0.0094,0,0.0012,0.0097,0.0127,0,,0,0.0061,0.0015,3e-04,0.0012,0.0012,0,0,,0.0067,0,0.0036,0.079,0.5106,0.0748,0,0.0033,0.0033,0.0058,0.0103,,0,0,0.0618,0,0.013,0.1732,,,0,,
GeoB2202-4,margo,0.93,-8.1983,-34.265,0,,0.0062,0,0.0029,0.0059,0.0075,0,,0,0,0.0018,0,0.0015,0,0,0,,0.0073,0,0.0055,0.0782,0.5215,0.0597,0,0.0035,0,0.0161,0.0136,,0,0,0.0705,0,0.016,0.1813,,,0,,
GeoB2215-10,margo,0.43,0.0067,-23.495,0.0065,,0.0134,0,0,0,0.05,0,,0,0.0758,0.0995,0.2247,0.0043,0,0,0,,0.0903,0.0129,0.0022,0.0065,0.1624,0.1102,0,0.0032,0.0065,0.0156,0,,0.0022,0,0.0172,0,0,0.0968,,,0,,
GeoB2215-10,margo,0.48,0.0067,-23.495,0,,0.0239,0,0,0,0.1194,0,,0,0.116,0.1894,0.2526,0.0017,0,0,0,,0.0358,0,0.0085,0.0051,0.0666,0.1092,0,0.0017,0,0.0051,0,,0.0034,0,0.0034,0,0,0.058,,,0,,
GeoB1413-4,margo,0.19,-15.68,-9.455,0,,0.0343,4e-04,0,0.0094,0.0561,9e-04,,0,0.1833,0.0171,0.0626,0.0017,4e-04,0,0,,0.0994,0.0737,0.0069,0,0.1936,0.0912,0.0188,0.0107,0.0026,0.0197,0.0077,,0.0034,0,0.0206,0,0,0.0857,,,0,,
GeoB1413-4,margo,0.23,-15.68,-9.455,0,,0.0291,0,0,0.0157,0.075,0,,0,0.1601,0.0129,0.0795,0,0.0039,0,0,,0.1047,0.0806,0.0039,0,0.1965,0.0661,0.0358,0.0157,0.0022,0.0286,0.0067,,0,0,0.0045,0,0,0.0784,,,0,,
GeoB1417-1,margo,0.33,-20.3667,-12.7067,0.0064,,0.0177,0,8e-04,0.0258,0.0632,0,,0,0.085,0.0101,0.0596,0,0,0,0,,0.1849,0.0153,0.0056,0.0085,0.2465,0.0644,0.0258,0.0093,0.0016,0.0274,0.0044,,0.0032,0,0.0548,0,0.0016,0.0781,,,0,,
GeoB1417-1,margo,0.38,-20.3667,-12.7067,0,,0.0187,0,0,0.0104,0.0639,4e-04,,0,0.1195,0.0078,0.0199,0,0,0,0,,0.1707,0.0252,0.0122,0.0078,0.2428,0.0825,0.0243,0.01,0.0061,0.0222,0.0113,,0,0.0035,0.04,0,0.0022,0.0947,,,0.0035,,
GeoB1419-2,margo,0.23,-15.5367,-17.0683,0.0029,,0.0139,0,0,0,0.0366,0,,0,0.0822,0.0044,0.0059,0,0,0,0,,0.1379,0.0279,0.0103,0.0044,0.3573,0.1335,0,0.011,0.0066,0.0161,7e-04,,0,0,0.0778,0,0.0022,0.0682,,,0,,
GeoB2819-1,margo,0.13,-30.8483,-38.3433,0.0044,,0.0018,0.0248,0,0.0311,0.1001,0,,0,0.1254,0.0066,0.2064,0.0044,0,0,0,,0.1299,0.012,0.0061,0.0012,0.2359,0.0168,0.0022,0.0045,0.0087,0.0074,5e-04,,0,0,0.0262,1e-04,0,0.0437,,,0,,
GeoB3104-1,margo,1.73,-3.6667,-37.7167,0,,0,0,0,0,0.0271,0,,0,0.0042,0.0328,0.0066,0,0,0,0,,0,0,0.0027,0.0652,0.4336,0.1292,0.0024,0.0018,0,0.0128,0.0048,,0,0,0.0143,0,6e-04,0.2621,,,0,,
GeoB3104-1,margo,1.78,-3.6667,-37.7167,0,,0.0024,0,0,0.0032,0.0404,0,,0,0.0071,0.0412,0.0135,0,0,0,0,,0,0,0.0055,0.0467,0.3951,0.1258,0.0063,0.0032,0,0.0111,0,,0,0,0.0095,0,8e-04,0.2882,,,0,,
GeoB3104-1,margo,1.83,-3.6667,-37.7167,0,,0.008,0,0,0,0.0301,0,,0,0.0071,0.0434,0.0292,0,0,0,0,,0,0,0,0.0709,0.3897,0.1276,0,0.0027,0,0.0239,0.0018,,0,0,0.0177,0,0,0.248,,,0,,
GeoB3104-1,margo,1.88,-3.6667,-37.7167,0,,0.006,0.001,0,0,0.0318,0,,0,0.0179,0.0642,0.0269,0,0,0,0,,0,0,0,0.0333,0.3373,0.1572,0.0259,0.001,0,0.0398,0.004,,0,0,0.016,0.001,0.002,0.2348,,,0,,
GeoB3104-1,margo,1.98,-3.6667,-37.7167,0,,0.0024,0,0,0,0.042,0,,0,0.0156,0.0372,0.0444,0,0.0024,0,0,,0,0,0.0012,0.1116,0.2737,0.1548,0.0048,0.0036,0,0.0264,0.0216,,0,0,0.0432,0,0.006,0.2089,,,0,,
GeoB3117-1,margo,2.98,-4.295,-37.0917,0,,6e-04,0,0,0.0097,0.0401,0,,0,0.0067,0.0213,0.0176,0,0,0,0,,0,0,0.0012,0.0736,0.3844,0.118,0,0.0024,0,0.0067,0.0109,,0,0,0.0486,0,0.0024,0.2555,,,0,,
GeoB3117-1,margo,3.03,-4.295,-37.0917,0,,0.0011,0,0,0.0022,0.0399,0,,0,0.0185,0.0399,0.0326,0,0,0,0,,0,0,0.0011,0.0567,0.3846,0.1319,0,6e-04,0,0.0079,0.0067,,0,0,0.0449,0,0,0.2313,,,0,,
GeoB3117-1,margo,3.13,-4.295,-37.0917,0,,0,0,0,0.0023,0.0422,0,,0,0.007,0.0334,0.0246,0,0,0,0,,0,0,0.0012,0.0451,0.3623,0.1301,0,0.0029,0,0.0147,0.0117,,0,0,0.1008,0,0.0012,0.2204,,,0,,
GeoB3117-1,margo,3.23,-4.295,-37.0917,0,,0.0077,0,0,0,0.0348,0,,0,0.0039,0.0484,0.0174,0,0,0,0,,0,0,0.001,0.0348,0.4101,0.1247,0.0039,0.0029,0,0.0232,0.0116,,0,0,0.0232,0,0.001,0.2515,,,0,,
GeoB3117-1,margo,3.33,-4.295,-37.0917,0,,0,0,0,0,0.044,0,,0,0,0.0391,0.0098,0,0,0,0,,0.0098,0,0.0012,0.0379,0.4225,0.1698,0,0.0012,0,0.0159,0.0024,,0,0,0.0245,0,0.0024,0.2198,,,0,,
GeoB3117-1,margo,3.43,-4.295,-37.0917,0,,8e-04,0,0,0,0.0122,0,,0,8e-04,0.022,0.0343,0,0,0,0,,0,0,0.0041,0.0465,0.5094,0.1387,0.0065,0.0033,0,0.0155,0.0163,,0,0,0.0066,0,8e-04,0.182,,,0,,
GeoB3117-1,margo,3.53,-4.295,-37.0917,0,,9e-04,0,0,0,0.0078,0,,0,0,0.0431,0.0189,0,0,0,0,,0.0034,0,0.0026,0.068,0.4978,0.1645,0,0.0034,0,0.0146,0,,0,0,0.0207,0,9e-04,0.1533,,,0,,
GeoB3175-1,margo,1.68,-7.0533,-34.4633,0,,0.0034,0,0,0.0016,0.0433,0,,0,0.0105,0.0079,0.0154,0,0,0,0,,0.0227,0,0.0014,0.0561,0.6124,0.1014,0.0032,0.0028,0,0.016,0,,0,0,0.0194,0,0.0045,0.0713,,,0,,
GeoB3175-1,margo,1.73,-7.0533,-34.4633,0,,0.0093,0,0,0,0.0368,0,,0,0.0034,0.0044,0.0068,0,0.0017,0,0,,0.0338,0.0068,0.0023,0.0467,0.6153,0.0869,0.0135,0.015,0,0.0066,0,,0,0,0.0271,0,0.0055,0.0778,,,0,,
GeoB3175-1,margo,1.78,-7.0533,-34.4633,0,,0.006,0,0,0,0.037,0,,0,0.011,0.0105,0,0,0.0063,0,0,,0.0553,0,5e-04,0.0593,0.6023,0.107,0,0.006,0,0.0083,0,,0,0,0.032,0,0.0048,0.054,,,0,,
GeoB3175-1,margo,1.83,-7.0533,-34.4633,0,,5e-04,0,0,0.0037,0.0467,0,,0,0.0049,0.0052,0.0142,0,0.0151,0,0,,0.0099,0,0.0022,0.0627,0.6167,0.0966,0.0099,0.0049,6e-04,0.0074,0,,0,0,0.0197,0,0.0026,0.0764,,,0,,
GeoB3176-1,margo,3.43,-7.0117,-34.4417,0,,0.0076,0,0,0.0061,0.0259,0,,0,0.0228,0.0053,0,0.003,0.0034,0,0,,0.0091,0,0.0015,0.033,0.5884,0.0854,0.0061,0.0042,0,0.0152,0,,0,0,0.0274,0,0.0159,0.1367,,,0,,
GeoB3176-1,margo,3.48,-7.0117,-34.4417,0,,3e-04,0,0,0.0128,0.0305,0,,0,0.0061,0.0048,0.0011,0.0043,0,0,0,,0.0225,0.0043,0.0061,0.042,0.5693,0.0591,0.0064,0.0056,0,0.0099,0.0011,,0,0,0.0342,0,0.0235,0.1561,,,0,,
GeoB3176-1,margo,3.53,-7.0117,-34.4417,0,,0.0036,0,3e-04,0.0024,0.037,0,,0,0.0055,0.0055,0.0061,0,0.0012,0,0,,0.0388,0,0.0055,0.0246,0.6054,0.0822,0,0.007,0,0.014,0.0061,,0,0,0.0485,0,0.02,0.0861,,,0,,
GeoB3176-1,margo,3.58,-7.0117,-34.4417,0,,0.002,0,0,0,0.0175,0,,0,0.0032,0.0057,0.0019,0,0,0,0,,0.0127,0,0.0011,0.05,0.6918,0.0482,0,0.0023,0,0.0133,0.0014,,0,0,0.0162,2e-04,0.0079,0.1248,,,0,,
GeoB1032-3,margo,0.38,-22.915,6.0367,0,,0,0.0159,0,0.0057,0.0391,0,,0,0.2039,0.0071,0.3582,0.0226,0,0,0,,0.1571,0.017,0,0.0071,0.0425,0,0.0085,0.0302,0,0.0115,0.0028,,0.0057,0,0.0113,0,0,0.0538,,,0,,
GeoB1032-3,margo,0.43,-22.915,6.0367,0,,7e-04,0.0077,0,0.0119,0.0385,0,,0,0.1498,0.0092,0.355,0.0277,0,0,0,,0.1405,0.0158,0,0.0119,0.066,0.002,0.0106,0.0319,7e-04,0.0093,0.0409,,0,0,0.0053,0,0,0.0647,,,0,,
GeoB1034-3,margo,0.23,-21.735,5.4217,0,,9e-04,0.0064,0,0.0146,0.0396,0,,0,0.2192,0.0106,0.2855,0.0177,0,0,0,,0.1748,0.0053,0,0,0.1039,0.0053,0,0.0301,9e-04,0.0106,9e-04,,0.0177,0,0.0071,0,0,0.0491,,,0,,
GeoB1041-3,margo,0.53,-3.475,-7.6,0,,0.0256,0,0,0,0.0024,0,,0,0.3153,0.0971,0.1583,0,0.0016,0,0,,0.1811,0,4e-04,0.0032,0.1155,0.0268,0,0.0244,0,0.0116,0,,0,0,0,0,0,0.0368,,,0,,
GeoB1041-3,margo,0.58,-3.475,-7.6,0,,0.0297,0,8e-04,0.0213,8e-04,0,,0,0.3719,0.0707,0.1612,0.0061,0,0,0,,0.1247,0,0,0.0046,0.0829,0.035,0,0.038,0,0.0068,0,,0.0061,0,0,0,0,0.0395,,,0,,
GeoB3603-2,margo,0.33,-35.125,17.5433,0,,0,0,0,0,0.0247,0,,0,0.1235,0,0.6099,0.0124,0,0,0,,0.163,0,0,0,0.0173,0,0,0.0099,0,0.0049,0,,0,0,0,0,0,0.0346,,,0,,
GeoB3603-2,margo,0.38,-35.125,17.5433,0,,0,0,0,0,0.011,0,,0,0.135,0.0165,0.5813,0.0055,0,0,0,,0.1653,0.0028,0,0,0.0028,0.0083,0,0.0083,0,0.0083,0,,0.0055,0,0,0,0,0.0496,,,0,,
GeoB3722-2,margo,0.83,-25.25,12.0217,0,,0,0.0097,0,0,0.0038,0,,0,0.0769,0,0.8482,0.0193,0,0,0,,0.0408,0,0,0,0,0,0,0.0013,0,0,0,,0,0,0,0,0,0,,,0,,
GeoB3722-2,margo,0.88,-25.25,12.0217,0,,0,0.0036,0,0,0.0023,0,,0,0.0882,3e-04,0.7935,0.0099,0,0,0,,0.0829,0,0,0,6e-04,0,0,0.007,0.0037,0.0016,0.0047,,0,0,0,0,0,0.0016,,,0,,
GeoB3722-2,margo,0.93,-25.25,12.0217,0,,0,0.0072,0,0,0.0027,0,,0,0.0609,0,0.8988,0.0023,0,0,0,,0.0244,0,0,0,5e-04,0,0,0.0032,0,0,0,,0,0,0,0,0,0,,,0,,
GeoB3722-2,margo,0.98,-25.25,12.0217,0,,0,0.0115,0,0,0.0076,0,,0,0.0513,0,0.8641,0.011,0,0,0,,0.0529,0,0,0,5e-04,0,0,0.0012,0,0,0,,0,0,0,0,0,0,,,0,,
GeoB3801-6,margo,0.18,-29.5117,-8.305,0.006,,0.0067,0.0388,0,0,0.0762,0,,0,0.1859,0.0015,0.1284,0,0,0,0,,0.1822,0.0642,0.0101,0,0.1501,0.0246,0,0.0078,0.0037,0.0149,0,,0.006,0,0.0418,0,0.0034,0.0418,,,0.006,,
GeoB3808-6,margo,0.18,-30.8117,-14.7117,0.0151,,0.0082,0.0264,0,0.0157,0.0785,0,,0,0.1616,0.0013,0.0979,0.0075,0,0,0,,0.2517,0.0075,0.0041,6e-04,0.1852,0.0041,0,0.0066,0.0019,0.0317,0,,0,0,0.0289,0,0.0016,0.0615,,,0.0025,,
GeoB3813-3,margo,0.13,-32.2683,-21.9667,0,,0.0089,0.0299,0,7e-04,0.0859,0,,0,0.1756,0.0045,0.3084,0.0059,0,0,0,,0.1524,0.0208,0.0069,0,0.139,0.0054,0,0.002,0.0015,0.0045,0,,0,0,0.0089,0,2e-04,0.0386,,,0,,
GeoB5112-5,margo,0.16,-23.825,-16.2583,0,,5e-04,0.0042,5e-04,0.0148,0.061,0.0064,,0,0.1097,0,0.0127,0,0,0,0,,0.0758,0.018,0.009,0.0233,0.2915,0.0768,0,0.0095,0.0011,0.0228,0.0048,,0,0,0.1165,0,0.0318,0.1092,,,0,,
GeoB5115-2,margo,0.14,-24.1433,-14.0433,0,,7e-04,0.003,0,0.0141,0.0698,7e-04,,0,0.0812,0,0.0034,0.0034,0,0,0,,0.0738,0.0134,0.006,0.0121,0.3452,0.0456,0,0.0131,0.0151,0.0496,0.0107,,0,0,0.0973,0,0.0141,0.1268,,,0,,
GeoB5115-2,margo,0.15,-24.1433,-14.0433,0,,0.0027,0.006,0,0.0226,0.0657,0,,0,0.0703,0,0.0166,0,7e-04,0,0,,0.067,0.0106,0.0017,0.0106,0.336,0.0504,0,0.0179,0.01,0.0551,0.0153,,0.0027,0,0.1128,7e-04,0.0143,0.1101,,,0,,
GeoB5115-2,margo,0.16,-24.1433,-14.0433,0,,0.0016,0.0016,0,0.0227,0.0533,0,,0,0.0848,0,0.0151,0,0.0028,0,0,,0.0819,0.0164,0.0079,0.0236,0.3119,0.0475,0,0.0132,0.0025,0.0315,0.0183,,0,0,0.0769,0,0.0302,0.1537,,,0,,
GeoB5115-2,margo,0.17,-24.1433,-14.0433,0,,0.0032,0.0067,0,0.0105,0.0522,0,,0,0.0908,0,0.014,0.0047,0.0053,0,0,,0.0499,0.0093,0.0038,0.0114,0.3273,0.0578,0,0.0143,0.0178,0.0491,0.0082,,0,0,0.0946,0,0.0274,0.1401,,,0,,
GeoB5121-2,margo,0.16,-24.1833,-12.0217,0,,0.0084,0.0057,0,0.0229,0.0662,0,,0,0.0957,0,0.0168,0.0044,0,0,0,,0.0741,0.0397,0.011,0.0097,0.2425,0.0529,0,0.0141,0.0097,0.0353,0.0018,,0,0,0.1349,0,0.0132,0.1287,,,0.0071,,
GeoB5133-3,margo,0.18,-19.0867,-10.1917,0.0038,,0.0139,2e-04,0,0.0376,0.0405,0.0012,,0,0.1139,5e-04,0.0367,9e-04,0.0024,0,0,,0.1078,0.096,0.0024,0.0087,0.2438,0.0701,0,0.0118,0.0042,0.0221,0,,0,0,0.0743,0,0.0038,0.0998,,,0.0038,,
GeoB5140-3,margo,0.1,-19.0517,-16.6133,0,,0.0033,0,0,0.0081,0.0398,0.0015,,0,0.062,8e-04,0.0213,0.0253,0.001,0,0,,0.0706,0.0456,0.0033,0.0142,0.2281,0.0688,0.0081,0.0068,0.002,0.0109,0,,0,0.0041,0.2349,5e-04,0.0033,0.123,,,0.0122,,
GeoB5140-3,margo,0.11,-19.0517,-16.6133,0.0084,,0.013,0,6e-04,0.0136,0.0344,0.0026,,0,0.0577,0.0026,0.013,0.0052,0.0019,0,0,,0.061,0.0331,0.0078,0.0156,0.2282,0.1044,0.0026,0.0123,6e-04,0.0143,0.0084,,0,0.0052,0.2186,6e-04,0.0045,0.1297,,,0,,
GeoB5140-3,margo,0.12,-19.0517,-16.6133,0.0117,,0.0132,0,7e-04,0.0102,0.0399,0,,0,0.052,0.0018,0.0337,0.0117,0.0022,0,0,,0.0776,0.0454,0.0048,0.004,0.2873,0.0772,0,0.0037,0,0.0161,0.0088,,0.0029,0.0088,0.1917,4e-04,0.0018,0.0922,,,0,,
OD-041-04,margo,0.14,84.0292,11.2383,,,0,0,0,0,0,0,,,0,0,0.031,0.962,0,,,,0,0,0,0,0,0,0,0,0,0,0,,0,0,0,0,0,0.007,0,,,,
OD-041-04,margo,0.15,84.0292,11.2383,,,0,0,0,0,0,0,,,0,0,0.007,0.991,0,,,,0.001,0,0,0,0,0,0,0,0,0,0,,0,0,0,0,0,0.001,0,,,,
PS2446-4,margo,3.1,82.3967,40.9083,,,0,0,0,0,0,0,,,0,0,0.023,0.977,0,,,,0,0,0,0,0,0,0,0,0,0,0,,0,0,0,0,0,0,0,,,,
PS2446-4,margo,3.3,82.3967,40.9083,,,0,0,0,0,0,0,,,0,0,0.017,0.983,0,,,,0,0,0,0,0,0,0,0,0,0,0,,0,0,0,0,0,0,0,,,,
PS2446-4,margo,3.5,82.3967,40.9083,,,0,0,0,0,0,0,,,0,0,0.024,0.976,0,,,,0,0,0,0,0,0,0,0,0,0,0,,0,0,0,0,0,0,0,,,,
PS1533-3,margo,0.73,82.0317,15.1908,,,0,0,0,0,0,0,,,0,0,0.03,0.954,0,,,,0.013,0,0,0,0,0,0,0,0,0,0,,0.002,0,0,0,0,0.001,0,,,,
PS1533-3,margo,0.79,82.0317,15.1908,,,0,0,0,0,0,0,,,0,0,0.022,0.963,0,,,,0.015,0,0,0,0,0,0,0,0,0,0,,0,0,0,0,0,0,0,,,,
PS2876-1,margo,0.17,81.759,-9.4355,,,0,0,0,0,0,0,,,0,0,0.03,0.969,0,,,,0,0,0,0,0,0,0,0,0,0,0,,0,0,0,0,0,0.001,0,,,,
PS2876-1,margo,0.27,81.759,-9.4355,,,0,0,0,0,0,0,,,0,0,0.025,0.968,0,,,,0,0,0,0,0,0,0,0,0,0,0,,0,0,0,0,0,0.006,0,,,,
PS2876-1,margo,0.61,81.759,-9.4355,,,0,0,0,0,0,0,,,0,0,0.043,0.957,0,,,,0,0,0,0,0,0,0,0,0,0,0,,0,0,0,0,0,0,0,,,,
PS2876-1,margo,0.83,81.759,-9.4355,,,0,0,0,0,0,0,,,0,0,0.036,0.963,0,,,,0,0,0,0,0,0,0,0,0,0,0,,0,0,0,0,0,0.001,0,,,,
PS2138-1,margo,1.72,81.535,30.5933,,,0,0,0,0.003,0,0,,,0,0,0.028,0.969,0,,,,0,0,0,0,0,0,0,0,0,0,0,,0,0,0,0,0,0,0,,,,
PS2138-1,margo,1.92,81.535,30.5933,,,0,0,0,0,0,0,,,0,0,0.034,0.964,0,,,,0,0,0,0,0,0,0,0,0,0,0,,0.002,0,0,0,0,0,0,,,,
PS2138-1,margo,2.13,81.535,30.5933,,,0,0,0,0,0,0,,,0,0,0.014,0.98,0,,,,0,0,0,0,0,0,0,0,0,0,0,,0.006,0,0,0,0,0,0,,,,
PS2138-1,margo,2.23,81.535,30.5933,,,0,0,0,0,0,0,,,0,0,0.013,0.987,0,,,,0,0,0,0,0,0,0,0,0,0,0,,0,0,0,0,0,0,0,,,,
PS2129-1,margo,0.3,81.3667,17.4717,,,0,0,0,0,0,0,,,0,0,0.021,0.976,0,,,,0,0,0,0,0,0,0,0,0,0,0,,0,0,0,0,0,0.003,0,,,,
PS2129-1,margo,0.4,81.3667,17.4717,,,0,0,0,0,0,0,,,0,0,0.023,0.969,0,,,,0.002,0,0,0,0,0,0,0,0,0,0,,0,0,0,0,0,0.006,0,,,,
PS2837-5,margo,3.89,81.2333,2.3817,,,0,0,0,0,0,0,,,0,0,0.018,0.978,0,,,,0,0,0,0,0,0,0,0,0,0,0,,0,0,0,0,0,0.004,0,,,,
PS2837-5,margo,3.95,81.2333,2.3817,,,0,0,0,0,0,0,,,0,0,0.024,0.973,0,,,,0,0,0,0,0,0,0,0,0,0,0,,0,0,0,0,0,0.003,0,,,,
PS2837-5,margo,3.97,81.2333,2.3817,,,0,0,0,0,0,0,,,0,0,0.022,0.978,0,,,,0,0,0,0,0,0,0,0,0,0,0,,0,0,0,0,0,0,0,,,,
PS2887-1,margo,0.5,79.6,-4.6077,,,0,0,0,0,0,0,,,0,0,0.032,0.967,0,,,,0,0,0,0,0,0,0,0,0,0,0,,0,0,0,0,0,0.001,0,,,,
PS2887-1,margo,0.52,79.6,-4.6077,,,0,0,0,0,0,0,,,0,0,0.023,0.977,0,,,,0,0,0,0,0,0,0,0,0,0,0,,0,0,0,0,0,0,0,,,,
PS2887-1,margo,0.56,79.6,-4.6077,,,0,0,0,0,0,0,,,0,0,0.022,0.978,0,,,,0,0,0,0,0,0,0,0,0,0,0,,0,0,0,0,0,0,0,,,,
PS1230-1,margo,0.24,78.8553,-4.7812,,,0,0,0,0,0,0,,,0,0,0.014,0.986,0,,,,0,0,0,0,0,0,0,0,0,0,0,,0,0,0,0,0,0,0,,,,
PS1230-1,margo,0.26,78.8553,-4.7812,,,0,0,0,0,0,0,,,0,0,0.018,0.982,0,,,,0,0,0,0,0,0,0,0,0,0,0,,0,0,0,0,0,0,0,,,,
GIK17725-1,margo,0.3,77.46,4.58,,,0,0,0,0,0,0,,,0,0,0.036,0.956,0,,,,0,0,0,0,0,0,0,0,0,0,0,,0,0,0,0,0,0.008,0,,,,
GIK17724-2,margo,0.47,76,8.3333,,,0,0,0,0,0,0,,,0,0,0.02,0.978,0,,,,0.001,0,0,0,0,0,0,0,0,0,0,,0,0,0,0,0,0,0,,,,
GIK17724-2,margo,0.53,76,8.3333,,,0,0,0,0,0,0,,,0,0,0.031,0.968,0,,,,0,0,0,0,0,0,0,0,0,0,0,,0,0,0,0,0,0,0,,,,
GIK17724-2,margo,0.57,76,8.3333,,,0,0,0,0,0,0,,,0,0,0.028,0.97,0,,,,0.002,0,0,0,0,0,0,0,0,0,0,,0,0,0,0,0,0,0,,,,
GIK17724-2,margo,0.58,76,8.3333,,,0,0,0,0,0,0,,,0,0,0.028,0.972,0,,,,0,0,0,0,0,0,0,0,0,0,0,,0,0,0,0,0,0,0,,,,
GIK17724-2,margo,0.62,76,8.3333,,,0,0,0,0,0,0,,,0,0,0.025,0.975,0,,,,0,0,0,0,0,0,0,0,0,0,0,,0,0,0,0,0,0,0,,,,
PS1922-1,margo,1.32,75.0003,-8.771,,,0,0,0,0,0,0,,,0,0,0.023,0.977,0,,,,0,0,0,0,0,0,0,0,0,0,0,,0,0,0,0,0,0,0,,,,
PS1922-1,margo,1.56,75.0003,-8.771,,,0,0,0,0,0,0,,,0,0,0.017,0.983,0,,,,0,0,0,0,0,0,0,0,0,0,0,,0,0,0,0,0,0,0,,,,
PS1919-2,margo,0.23,74.9967,-11.8267,,,0,0,0,0,0,0,,,0,0,0.005,0.995,0,,,,0,0,0,0,0,0,0,0,0,0,0,,0,0,0,0,0,0,0,,,,
PS1919-2,margo,0.36,74.9967,-11.8267,,,0,0,0,0,0,0,,,0,0,0.009,0.991,0,,,,0,0,0,0,0,0,0,0,0,0,0,,0,0,0,0,0,0,0,,,,
PS2613-6,margo,0.35,74.1767,-0.48,,,0,0,0,0,0,0,,,0,0,0.026,0.973,0,,,,0,0,0,0,0,0,0,0,0,0,0,,0,0,0,0,0,0.001,0,,,,
PS2613-6,margo,0.4,74.1767,-0.48,,,0,0,0,0,0,0,,,0,0,0.043,0.957,0,,,,0,0,0,0,0,0,0,0,0,0,0,,0,0,0,0,0,0,0,,,,
GIK23294-4,margo,1.2,72.3797,-10.5923,,,0,0,0,0,0,0,,,0,0,0.028,0.968,0,,,,0.004,0,0,0,0,0,0,0,0,0,0,,0,0,0,0,0,0,0,,,,
GIK23262-2,margo,2.6,72.2252,14.4273,,,0,0,0,0,0,0,,,0,0,0.04,0.951,0,,,,0.002,0,0,0,0,0,0,0,0,0,0,,0.005,0,0,0,0,0.002,0,,,,
V27-60,margo,2,72.183,8.583,,,0,0,0,0,0,0,,,0,0,0.032,0.956,0,,,,0.003,0,0,0,0,0,0,0,0,0,0,,0.003,0,0,0,0,0.006,0,,,,
MD95-2012,margo,3.12,72.151,11.4343,,,0,0,0,0,0,0,,,0,0,0.026,0.945,0,,,,0,0,0,0,0,0,0,0,0,0,0,,0.002,0,0,0,0,0.028,0,,,,
MD95-2012,margo,3.15,72.151,11.4343,,,0,0,0,0,0,0,,,0,0,0.026,0.945,0,,,,0,0,0,0,0,0,0,0,0,0,0,,0.002,0,0,0,0,0.028,0,,,,
MD95-2012,margo,3.21,72.151,11.4343,,,0,0,0,0,0,0,,,0,0,0.015,0.967,0,,,,0,0,0,0,0,0,0,0,0,0,0,,0,0,0,0,0,0.018,0,,,,
MD95-2012,margo,3.25,72.151,11.4343,,,0,0,0,0,0,0,,,0,0,0.015,0.967,0,,,,0,0,0,0,0,0,0,0,0,0,0,,0,0,0,0,0,0.018,0,,,,
MD95-2012,margo,3.31,72.151,11.4343,,,0,0,0,0,0,0,,,0,0,0.015,0.967,0,,,,0,0,0,0,0,0,0,0,0,0,0,,0,0,0,0,0,0.018,0,,,,
MD95-2012,margo,3.35,72.151,11.4343,,,0,0,0,0,0,0,,,0,0,0.015,0.967,0,,,,0,0,0,0,0,0,0,0,0,0,0,,0,0,0,0,0,0.018,0,,,,
MD95-2012,margo,3.42,72.151,11.4343,,,0,0,0,0,0,0,,,0,0,0.015,0.967,0,,,,0,0,0,0,0,0,0,0,0,0,0,,0,0,0,0,0,0.018,0,,,,
MD95-2012,margo,3.46,72.151,11.4343,,,0,0,0,0,0,0,,,0,0,0.016,0.953,0,,,,0,0,0,0,0,0,0,0,0,0,0,,0.004,0,0,0,0,0.027,0,,,,
MD95-2012,margo,3.52,72.151,11.4343,,,0,0,0,0,0,0,,,0,0,0.016,0.953,0,,,,0,0,0,0,0,0,0,0,0,0,0,,0.004,0,0,0,0,0.027,0,,,,
MD95-2012,margo,3.56,72.151,11.4343,,,0,0,0,0,0,0,,,0,0,0.016,0.953,0,,,,0,0,0,0,0,0,0,0,0,0,0,,0.004,0,0,0,0,0.027,0,,,,
MD95-2012,margo,3.62,72.151,11.4343,,,0,0,0,0,0,0,,,0,0,0.016,0.953,0,,,,0,0,0,0,0,0,0,0,0,0,0,,0.004,0,0,0,0,0.027,0,,,,
MD95-2012,margo,3.65,72.151,11.4343,,,0,0,0,0,0,0,,,0,0,0.016,0.953,0,,,,0,0,0,0,0,0,0,0,0,0,0,,0.004,0,0,0,0,0.027,0,,,,
MD95-2012,margo,3.71,72.151,11.4343,,,0,0,0,0,0,0,,,0,0,0.026,0.95,0,,,,0,0,0,0,0,0,0,0,0,0,0,,0.001,0,0,0,0,0.023,0,,,,
MD95-2012,margo,3.75,72.151,11.4343,,,0,0,0,0,0,0,,,0,0,0.026,0.95,0,,,,0,0,0,0,0,0,0,0,0,0,0,,0.001,0,0,0,0,0.023,0,,,,
MD95-2012,margo,3.81,72.151,11.4343,,,0,0,0,0,0,0,,,0,0,0.026,0.95,0,,,,0,0,0,0,0,0,0,0,0,0,0,,0.001,0,0,0,0,0.023,0,,,,
MD95-2012,margo,3.85,72.151,11.4343,,,0,0,0,0,0,0,,,0,0,0.022,0.956,0,,,,0,0,0,0,0,0,0,0,0,0,0,,0.003,0,0,0,0,0.018,0,,,,
MD95-2012,margo,3.92,72.151,11.4343,,,0,0,0,0,0,0,,,0,0,0.022,0.956,0,,,,0,0,0,0,0,0,0,0,0,0,0,,0.003,0,0,0,0,0.018,0,,,,
MD95-2012,margo,3.96,72.151,11.4343,,,0,0,0,0,0,0,,,0,0,0.035,0.956,0,,,,0,0,0,0,0,0,0,0,0,0,0,,0,0,0,0,0,0.009,0,,,,
MD95-2012,margo,4,72.151,11.4343,,,0,0,0,0,0,0,,,0,0,0.035,0.956,0,,,,0,0,0,0,0,0,0,0,0,0,0,,0,0,0,0,0,0.009,0,,,,
MD95-2012,margo,4.11,72.151,11.4343,,,0,0,0,0,0,0,,,0,0,0.035,0.956,0,,,,0,0,0,0,0,0,0,0,0,0,0,,0,0,0,0,0,0.009,0,,,,
MD95-2012,margo,4.21,72.151,11.4343,,,0,0,0,0,0,0,,,0,0,0.003,0.988,0,,,,0,0,0,0,0,0,0,0,0,0,0,,0,0,0,0,0,0,0,,,,
MD95-2012,margo,4.3,72.151,11.4343,,,0,0,0,0,0,0,,,0,0,0.021,0.959,0,,,,0,0,0,0,0,0,0,0,0,0,0,,0,0,0,0,0,0.019,0,,,,
MD95-2012,margo,4.41,72.151,11.4343,,,0,0,0,0,0,0,,,0,0,0.021,0.959,0,,,,0,0,0,0,0,0,0,0,0,0,0,,0,0,0,0,0,0.019,0,,,,
MD95-2012,margo,4.5,72.151,11.4343,,,0,0,0,0,0,0,,,0,0,0.021,0.959,0,,,,0,0,0,0,0,0,0,0,0,0,0,,0,0,0,0,0,0.019,0,,,,
MD95-2012,margo,4.61,72.151,11.4343,,,0,0,0,0,0,0,,,0,0,0.021,0.959,0,,,,0,0,0,0,0,0,0,0,0,0,0,,0,0,0,0,0,0.019,0,,,,
MD95-2012,margo,4.71,72.151,11.4343,,,0,0,0,0,0,0,,,0,0,0.003,0.995,0,,,,0,0,0,0,0,0,0,0,0,0,0,,0,0,0,0,0,0,0,,,,
MD95-2012,margo,4.8,72.151,11.4343,,,0,0,0,0,0,0,,,0,0,0.039,0.946,0,,,,0,0,0,0,0,0,0,0,0,0,0,,0,0,0,0,0,0.015,0,,,,
MD95-2012,margo,4.91,72.151,11.4343,,,0,0,0,0,0,0,,,0,0,0.039,0.946,0,,,,0,0,0,0,0,0,0,0,0,0,0,,0,0,0,0,0,0.015,0,,,,
MD95-2012,margo,5,72.151,11.4343,,,0,0,0,0,0,0,,,0,0,0.039,0.946,0,,,,0,0,0,0,0,0,0,0,0,0,0,,0,0,0,0,0,0.015,0,,,,
MD95-2012,margo,5.11,72.151,11.4343,,,0,0,0,0,0,0,,,0,0,0.003,0.994,0,,,,0,0,0,0,0,0,0,0,0,0,0,,0,0,0,0,0,0,0,,,,
MD95-2012,margo,5.21,72.151,11.4343,,,0,0,0,0,0,0,,,0,0,0.017,0.96,0,,,,0,0,0,0,0,0,0,0,0,0,0,,0,0,0,0,0,0.023,0,,,,
MD95-2012,margo,5.3,72.151,11.4343,,,0,0,0,0,0,0,,,0,0,0.017,0.96,0,,,,0,0,0,0,0,0,0,0,0,0,0,,0,0,0,0,0,0.023,0,,,,
MD95-2012,margo,5.41,72.151,11.4343,,,0,0,0,0,0,0,,,0,0,0.017,0.96,0,,,,0,0,0,0,0,0,0,0,0,0,0,,0,0,0,0,0,0.023,0,,,,
MD95-2012,margo,5.5,72.151,11.4343,,,0,0,0,0,0,0,,,0,0,0.011,0.98,0,,,,0,0,0,0,0,0,0,0,0,0,0,,0,0,0,0,0,0.009,0,,,,
GIK17730-4,margo,1.4,72.1117,7.3883,,,0,0,0,0,0,0,,,0,0,0.019,0.976,0,,,,0,0,0,0,0,0,0,0,0,0,0,,0,0,0,0,0,0.004,0,,,,
GIK17730-4,margo,1.45,72.1117,7.3883,,,0,0,0,0,0,0,,,0,0,0.014,0.969,0,,,,0.012,0,0,0,0,0,0,0,0,0,0,,0,0,0,0,0,0.004,0.002,,,,
GIK17730-4,margo,1.47,72.1117,7.3883,,,0,0,0,0,0,0,,,0,0,0.039,0.959,0,,,,0.003,0,0,0,0,0,0,0,0,0,0,,0,0,0,0,0,0,0,,,,
GIK17730-4,margo,1.5,72.1117,7.3883,,,0,0,0,0,0,0,,,0,0,0.024,0.959,0,,,,0.014,0,0,0,0,0,0,0,0,0,0,,0,0,0,0,0,0,0.003,,,,
GIK17730-4,margo,1.5,72.1117,7.3883,,,0,0,0,0,0,0,,,0,0,0.024,0.962,0,,,,0.008,0,0,0,0,0,0,0,0,0,0,,0.003,0,0,0,0,0,0.003,,,,
GIK17730-4,margo,1.55,72.1117,7.3883,,,0,0,0,0,0,0,,,0,0,0.007,0.965,0,,,,0.011,0,0,0,0,0,0,0,0,0,0,,0.003,0,0,0,0,0.013,0.001,,,,
GIK17730-4,margo,1.55,72.1117,7.3883,,,0,0,0,0,0,0,,,0,0,0.023,0.972,0,,,,0.005,0,0,0,0,0,0,0,0,0,0,,0,0,0,0,0,0,0.001,,,,
GIK17730-4,margo,1.57,72.1117,7.3883,,,0,0,0,0,0,0,,,0,0,0.02,0.98,0,,,,0,0,0,0,0,0,0,0,0,0,0,,0,0,0,0,0,0,0.001,,,,
PS1927-2,margo,0.72,71.4967,-17.1483,,,0,0,0,0,0,0,,,0,0,0.001,0.999,0,,,,0,0,0,0,0,0,0,0,0,0,0,,0,0,0,0,0,0,0,,,,
PS1927-2,margo,0.8,71.4967,-17.1483,,,0,0,0,0,0,0,,,0,0,0.009,0.991,0,,,,0,0,0,0,0,0,0,0,0,0,0,,0,0,0,0,0,0,0,,,,
PS1927-2,margo,0.9,71.4967,-17.1483,,,0,0,0,0,0,0,,,0,0,0.008,0.992,0,,,,0,0,0,0,0,0,0,0,0,0,0,,0,0,0,0,0,0,0,,,,
GIK23351-1,margo,0.6,70.3622,-18.2053,,,0,0,0,0,0,0,,,0,0,0.033,0.961,0,,,,0.001,0,0,0,0,0,0,0,0,0,0,,0,0,0,0,0,0.005,0,,,,
GIK23354-6,margo,0.8,70.3315,-10.6288,,,0,0,0,0,0,0,,,0,0,0.03,0.97,0,,,,0,0,0,0,0,0,0,0,0,0,0,,0,0,0,0,0,0,0,,,,
PS1730-2,margo,0.9,70.1165,-17.6943,,,0,0,0,0,0,0,,,0,0,0.006,0.994,0,,,,0,0,0,0,0,0,0,0,0,0,0,,0,0,0,0,0,0,0,,,,
PS1951-1,margo,0.83,68.8417,-20.825,,,0,0,0,0,0,0,,,0,0,0.015,0.985,0,,,,0,0,0,0,0,0,0,0,0,0,0,,0,0,0,0,0,0,0,,,,
PS1951-1,margo,0.94,68.8417,-20.825,,,0,0,0,0,0,0,,,0,0,0.018,0.982,0,,,,0,0,0,0,0,0,0,0,0,0,0,,0,0,0,0,0,0,0,,,,
PS1951-1,margo,1,68.8417,-20.825,,,0,0,0,0,0,0,,,0,0,0.011,0.989,0,,,,0,0,0,0,0,0,0,0,0,0,0,,0,0,0,0,0,0,0,,,,
GIK23056-2,margo,0.3,68.5017,3.8383,,,0,0,0,0,0,0,,,0,0,0.007,0.942,0,,,,0.002,0,0,0,0,0,0,0,0,0,0,,0.041,0,0,0,0,0.005,0.002,,,,
GIK23056-2,margo,0.35,68.5017,3.8383,,,0,0,0,0,0,0,,,0,0,0.016,0.965,0,,,,0,0,0,0,0,0,0,0,0,0,0,,0.019,0,0,0,0,0,0,,,,
GIK23065-2,margo,0.3,68.495,0.8317,,,0,0,0,0,0,0,,,0,0,0.024,0.908,0,,,,0.019,0,0,0,0,0,0,0,0,0,0,,0.047,0,0,0,0,0.002,0,,,,
GIK23065-2,margo,0.32,68.495,0.8317,,,0,0,0,0,0,0,,,0,0,0.017,0.981,0,,,,0.003,0,0,0,0,0,0,0,0,0,0,,0,0,0,0,0,0,0,,,,
GIK23065-2,margo,0.34,68.495,0.8317,,,0,0,0,0,0,0,,,0,0,0.025,0.974,0,,,,0,0,0,0,0,0,0,0,0,0,0,,0,0,0,0,0,0.001,0,,,,
V28-56,margo,0.6,68.033,-6.117,,,0,0,0,0,0,0,,,0,0,0.026,0.974,0,,,,0,0,0,0,0,0,0,0,0,0,0,,0,0,0,0,0,0,0,,,,
V28-56,margo,0.7,68.033,-6.117,,,0,0,0,0,0,0,,,0,0,0.012,0.988,0,,,,0,0,0,0,0,0,0,0,0,0,0,,0,0,0,0,0,0,0,,,,
V28-56,margo,0.8,68.033,-6.117,,,0,0,0,0,0,0,,,0,0,0.033,0.967,0,,,,0,0,0,0,0,0,0,0,0,0,0,,0,0,0,0,0,0,0,,,,
PS2644-5,margo,1.13,67.8667,-21.765,,,0,0,0,0,0,0,,,0,0,0.005,0.993,0,,,,0,0,0,0,0,0,0,0,0,0,0,,0,0,0,0,0,0.001,0,,,,
PS2644-5,margo,1.17,67.8667,-21.765,,,0,0,0,0,0,0,,,0,0,0.004,0.995,0,,,,0,0,0,0,0,0,0,0,0,0,0,,0.002,0,0,0,0,0,0,,,,
GIK23071-3,margo,1.17,67.085,2.9083,,,0,0,0,0,0,0,,,0,0,0.031,0.967,0,,,,0,0,0,0,0,0,0,0,0,0,0,,0,0,0,0,0,0.002,0,,,,
GIK23071-3,margo,1.18,67.085,2.9083,,,0,0,0,0,0,0,,,0,0,0.033,0.967,0,,,,0,0,0,0,0,0,0,0,0,0,0,,0,0,0,0,0,0,0,,,,
GIK23071-3,margo,1.2,67.085,2.9083,,,0,0,0,0,0,0,,,0,0,0.015,0.985,0,,,,0,0,0,0,0,0,0,0,0,0,0,,0,0,0,0,0,0,0,,,,
GIK23071-3,margo,1.28,67.085,2.9083,,,0,0,0,0,0,0,,,0,0,0.021,0.979,0,,,,0,0,0,0,0,0,0,0,0,0,0,,0,0,0,0,0,0,0,,,,
GIK23071-3,margo,1.29,67.085,2.9083,,,0,0,0,0,0,0,,,0,0,0.032,0.968,0,,,,0,0,0,0,0,0,0,0,0,0,0,,0,0,0,0,0,0,0,,,,
GIK23071-3,margo,1.3,67.085,2.9083,,,0,0,0,0,0,0,,,0,0,0.024,0.975,0,,,,0,0,0,0,0,0,0,0,0,0,0,,0,0,0,0,0,0,0,,,,
GIK23071-3,margo,1.32,67.085,2.9083,,,0,0,0,0,0,0,,,0,0,0.022,0.976,0,,,,0,0,0,0,0,0,0,0,0,0,0,,0,0,0,0,0,0.002,0,,,,
GIK23071-3,margo,1.34,67.085,2.9083,,,0,0,0,0,0,0,,,0,0,0.019,0.98,0,,,,0,0,0,0,0,0,0,0,0,0,0,,0,0,0,0,0,0.001,0,,,,
GIK23071-3,margo,1.36,67.085,2.9083,,,0,0,0,0,0,0,,,0,0,0.034,0.966,0,,,,0,0,0,0,0,0,0,0,0,0,0,,0,0,0,0,0,0,0,,,,
GIK23071-3,margo,1.38,67.085,2.9083,,,0,0,0,0,0,0,,,0,0,0.029,0.971,0,,,,0,0,0,0,0,0,0,0,0,0,0,,0,0,0,0,0,0,0,,,,
GIK23071-3,margo,1.41,67.085,2.9083,,,0,0,0,0,0,0,,,0,0,0.016,0.984,0,,,,0,0,0,0,0,0,0,0,0,0,0,,0,0,0,0,0,0,0,,,,
GIK23071-3,margo,1.43,67.085,2.9083,,,0,0,0,0,0,0,,,0,0,0.021,0.978,0,,,,0,0,0,0,0,0,0,0,0,0,0,,0,0,0,0,0,0.001,0,,,,
GIK23071-3,margo,1.45,67.085,2.9083,,,0,0,0,0,0,0,,,0,0,0.031,0.966,0,,,,0,0,0,0,0,0,0,0,0,0,0,,0,0,0,0,0,0.003,0,,,,
GIK23071-3,margo,1.47,67.085,2.9083,,,0,0,0,0,0,0,,,0,0,0.028,0.967,0,,,,0,0,0,0,0,0,0,0,0,0,0,,0,0,0,0,0,0.005,0,,,,
GIK23071-3,margo,1.49,67.085,2.9083,,,0,0,0,0,0,0,,,0,0,0.035,0.965,0,,,,0,0,0,0,0,0,0,0,0,0,0,,0,0,0,0,0,0,0,,,,
GIK23071-3,margo,1.53,67.085,2.9083,,,0,0,0,0,0,0,,,0,0,0.021,0.977,0,,,,0,0,0,0,0,0,0,0,0,0,0,,0.001,0,0,0,0,0.001,0,,,,
GIK23071-3,margo,1.55,67.085,2.9083,,,0,0,0,0,0,0,,,0,0,0.021,0.977,0,,,,0,0,0,0,0,0,0,0,0,0,0,,0.001,0,0,0,0,0.001,0,,,,
GIK23071-3,margo,1.57,67.085,2.9083,,,0,0,0,0,0,0,,,0,0,0.023,0.976,0,,,,0,0,0,0,0,0,0,0,0,0,0,,0,0,0,0,0,0.001,0,,,,
GIK23071-3,margo,1.59,67.085,2.9083,,,0,0,0,0,0,0,,,0,0,0.023,0.977,0,,,,0,0,0,0,0,0,0,0,0,0,0,,0,0,0,0,0,0,0,,,,
GIK23071-3,margo,1.61,67.085,2.9083,,,0,0,0,0,0,0,,,0,0,0.026,0.972,0,,,,0,0,0,0,0,0,0,0,0,0,0,,0.002,0,0,0,0,0,0,,,,
GIK23071-3,margo,1.62,67.085,2.9083,,,0,0,0,0,0,0,,,0,0,0.029,0.97,0,,,,0.001,0,0,0,0,0,0,0,0,0,0,,0,0,0,0,0,0,0,,,,
GIK23071-3,margo,1.64,67.085,2.9083,,,0,0,0,0,0,0,,,0,0,0.023,0.967,0,,,,0.003,0,0,0,0,0,0,0,0,0,0,,0.005,0,0,0,0,0.002,0,,,,
MD95-2011,margo,10.41,66.9697,7.6393,,,0,0,0,0,0,0,,,0,0,0,0.957,0,,,,0,0,0,0,0,0,0,0,0,0,0,,0,0,0,0,0,0.043,0,,,,
MD95-2011,margo,10.46,66.9697,7.6393,,,0,0,0,0,0,0,,,0,0,0,0.958,0,,,,0,0,0,0,0,0,0,0,0,0,0,,0.014,0,0,0,0,0.028,0,,,,
MD95-2011,margo,10.52,66.9697,7.6393,,,0,0,0,0,0,0,,,0,0,0.014,0.935,0,,,,0,0,0,0,0,0,0,0,0,0,0,,0,0,0,0,0,0.05,0,,,,
MD95-2011,margo,10.56,66.9697,7.6393,,,0,0,0,0,0,0,,,0,0,0.019,0.893,0,,,,0,0,0,0,0,0,0,0,0,0,0,,0,0,0,0,0,0.087,0,,,,
MD95-2011,margo,10.62,66.9697,7.6393,,,0,0,0,0,0,0,,,0,0,0,0.965,0,,,,0,0,0,0,0,0,0,0,0,0,0,,0,0,0,0,0,0.035,0,,,,
MD95-2011,margo,10.66,66.9697,7.6393,,,0,0,0,0,0,0,,,0,0,0.011,0.968,0,,,,0,0,0,0,0,0,0,0,0,0,0,,0,0,0,0,0,0.022,0,,,,
MD95-2011,margo,10.71,66.9697,7.6393,,,0,0,0,0,0,0,,,0,0,0.008,0.977,0,,,,0,0,0,0,0,0,0,0,0,0,0,,0,0,0,0,0,0.015,0,,,,
MD95-2011,margo,10.77,66.9697,7.6393,,,0,0,0,0,0,0,,,0,0,0.031,0.929,0,,,,0,0,0,0,0,0,0,0,0,0,0,,0.01,0,0,0,0,0.031,0,,,,
MD95-2011,margo,10.81,66.9697,7.6393,,,0,0,0,0,0,0,,,0,0,0,0.954,0,,,,0,0,0,0,0,0,0,0,0,0,0,,0,0,0,0,0,0.046,0,,,,
MD95-2011,margo,10.87,66.9697,7.6393,,,0,0,0,0,0,0,,,0,0,0,0.977,0,,,,0,0,0,0,0,0,0,0,0,0,0,,0,0,0,0,0,0.023,0,,,,
MD95-2011,margo,10.91,66.9697,7.6393,,,0,0,0,0,0,0,,,0,0,0.013,0.949,0,,,,0,0,0,0,0,0,0,0,0,0,0,,0,0,0,0,0,0.038,0,,,,
MD95-2011,margo,10.96,66.9697,7.6393,,,0,0,0,0,0,0,,,0,0,0.01,0.945,0,,,,0,0.005,0,0,0,0,0,0,0,0,0,,0.005,0,0,0,0,0.035,0,,,,
MD95-2011,margo,11.02,66.9697,7.6393,,,0,0,0,0,0,0,,,0,0,0.021,0.952,0,,,,0,0,0,0,0,0,0,0,0,0,0,,0.007,0,0,0,0,0.021,0,,,,
MD95-2011,margo,11.06,66.9697,7.6393,,,0,0,0,0,0,0,,,0,0,0.032,0.936,0,,,,0,0,0,0,0,0,0,0,0,0,0,,0,0,0,0,0,0.032,0,,,,
MD95-2011,margo,11.12,66.9697,7.6393,,,0,0,0,0,0,0,,,0,0,0.035,0.965,0,,,,0,0,0,0,0,0,0,0,0,0,0,,0,0,0,0,0,0,0,,,,
MD95-2011,margo,11.16,66.9697,7.6393,,,0,0,0,0,0,0,,,0,0,0.033,0.956,0,,,,0,0,0,0,0,0,0,0,0,0,0,,0,0,0,0,0,0.011,0,,,,
MD95-2011,margo,11.21,66.9697,7.6393,,,0,0,0,0,0,0,,,0,0,0.015,0.979,0,,,,0,0,0,0,0,0,0,0,0,0,0,,0,0,0,0,0,0.005,0,,,,
MD95-2011,margo,11.27,66.9697,7.6393,,,0,0,0,0,0,0,,,0,0,0.014,0.986,0,,,,0,0,0,0,0,0,0,0,0,0,0,,0,0,0,0,0,0,0,,,,
MD95-2011,margo,11.31,66.9697,7.6393,,,0,0,0,0,0,0,,,0,0,0.007,0.973,0,,,,0,0,0,0,0,0,0,0,0,0,0,,0,0,0,0,0,0.02,0,,,,
MD95-2011,margo,11.37,66.9697,7.6393,,,0,0,0,0,0,0,,,0,0,0,0.978,0,,,,0,0,0,0,0,0,0,0,0,0,0,,0,0,0,0,0,0.022,0,,,,
MD95-2011,margo,11.77,66.9697,7.6393,,,0,0,0,0,0,0,,,0,0,0,0.988,0,,,,0,0,0,0,0,0,0,0,0,0,0,,0,0,0,0,0,0.012,0,,,,
MD95-2011,margo,11.87,66.9697,7.6393,,,0,0,0,0,0,0,,,0,0,0.018,0.93,0,,,,0,0,0,0,0,0,0,0,0,0,0,,0,0,0,0,0,0.053,0,,,,
MD95-2011,margo,11.91,66.9697,7.6393,,,0,0,0,0,0,0,,,0,0,0.014,0.928,0,,,,0,0,0,0,0,0,0,0,0,0,0,,0,0,0,0,0,0.058,0,,,,
MD95-2011,margo,11.96,66.9697,7.6393,,,0,0,0,0,0,0,,,0,0,0.008,0.908,0,,,,0,0,0,0,0,0,0,0,0,0,0,,0,0,0,0,0,0.084,0,,,,
MD95-2011,margo,12.21,66.9697,7.6393,,,0,0,0,0,0,0,,,0,0,0.014,0.943,0,,,,0,0,0,0,0,0,0,0,0,0,0,,0,0,0,0,0,0.043,0,,,,
MD95-2011,margo,12.4,66.9697,7.6393,,,0,0,0,0,0,0,,,0,0,0.009,0.954,0,,,,0,0,0,0,0,0,0,0,0,0,0,,0,0,0,0,0,0.037,0,,,,
MD95-2011,margo,12.61,66.9697,7.6393,,,0,0,0,0,0,0,,,0,0,0.026,0.912,0,,,,0,0,0,0,0,0,0,0,0,0,0,,0,0,0,0,0,0.061,0,,,,
MD95-2011,margo,12.8,66.9697,7.6393,,,0,0,0,0,0,0,,,0,0,0.025,0.937,0,,,,0,0,0,0,0,0,0,0,0,0,0,,0,0,0,0,0,0.038,0,,,,
MD95-2011,margo,13.01,66.9697,7.6393,,,0,0,0,0,0,0,,,0,0,0.021,0.958,0,,,,0,0,0,0,0,0,0,0,0,0,0,,0,0,0,0,0,0.021,0,,,,
MD95-2011,margo,13.21,66.9697,7.6393,,,0,0,0,0,0,0,,,0,0,0.007,0.919,0,,,,0,0,0,0,0,0,0,0,0,0,0,,0,0,0,0,0,0.073,0,,,,
MD95-2011,margo,13.4,66.9697,7.6393,,,0,0,0,0,0,0,,,0,0,0.015,0.918,0,,,,0,0,0,0,0,0,0,0,0,0,0,,0,0,0,0,0,0.067,0,,,,
MD95-2011,margo,13.61,66.9697,7.6393,,,0,0,0,0,0,0,,,0,0,0.023,0.955,0,,,,0,0,0,0,0,0,0,0,0,0,0,,0,0,0,0,0,0.023,0,,,,
MD95-2011,margo,13.8,66.9697,7.6393,,,0,0,0,0,0,0,,,0,0,0.025,0.902,0,,,,0,0,0,0,0,0,0,0,0,0,0,,0,0,0,0,0,0.073,0,,,,
MD95-2011,margo,14.21,66.9697,7.6393,,,0,0,0,0,0,0,,,0,0,0.017,0.905,0,,,,0,0,0,0,0,0,0,0,0,0,0,,0,0,0,0,0,0.078,0,,,,
MD95-2011,margo,14.4,66.9697,7.6393,,,0,0,0,0,0,0,,,0,0,0.016,0.862,0,,,,0,0,0,0,0,0,0,0,0,0,0,,0,0,0,0,0,0.122,0,,,,
MD95-2011,margo,14.61,66.9697,7.6393,,,0,0,0,0,0,0,,,0,0,0.04,0.848,0,,,,0,0,0,0,0,0,0,0,0,0,0,,0,0,0,0,0,0.112,0,,,,
MD95-2011,margo,14.8,66.9697,7.6393,,,0,0,0,0,0,0,,,0,0,0.023,0.917,0,,,,0,0,0,0,0,0,0,0,0,0,0,,0,0,0,0,0,0.06,0,,,,
MD95-2011,margo,15.01,66.9697,7.6393,,,0,0,0,0,0,0,,,0,0,0.024,0.922,0,,,,0,0,0,0,0,0,0,0,0,0,0,,0,0,0,0,0,0.054,0,,,,
GIK23074-1,margo,2.06,66.6667,4.905,,,0,0,0,0,0,0,,,0,0,0.03,0.968,0,,,,0,0,0,0,0,0,0,0,0,0,0,,0.002,0,0,0,0,0,0,,,,
GIK23074-1,margo,2.1,66.6667,4.905,,,0,0,0,0,0,0,,,0,0,0.018,0.961,0,,,,0,0,0,0,0,0,0,0,0,0,0,,0.004,0,0,0,0,0.017,0,,,,
GIK23074-1,margo,2.22,66.6667,4.905,,,0,0,0,0,0,0,,,0,0,0.026,0.97,0,,,,0.001,0,0,0,0,0,0,0,0,0,0,,0.001,0,0,0,0,0.001,0,,,,
GIK23074-1,margo,2.32,66.6667,4.905,,,0,0,0,0,0,0,,,0,0,0.023,0.977,0,,,,0,0,0,0,0,0,0,0,0,0,0,,0,0,0,0,0,0.001,0,,,,
GIK23074-1,margo,2.42,66.6667,4.905,,,0,0,0,0,0,0,,,0,0,0.022,0.978,0,,,,0,0,0,0,0,0,0,0,0,0,0,,0,0,0,0,0,0,0,,,,
GIK23074-1,margo,2.52,66.6667,4.905,,,0,0,0,0,0,0,,,0,0,0.015,0.985,0,,,,0,0,0,0,0,0,0,0,0,0,0,,0,0,0,0,0,0,0,,,,
GIK23074-1,margo,2.62,66.6667,4.905,,,0,0,0,0,0,0,,,0,0,0.023,0.965,0,,,,0.001,0,0,0,0,0,0,0,0,0,0,,0,0,0,0,0,0.011,0,,,,
GIK23074-1,margo,2.71,66.6667,4.905,,,0,0,0,0,0,0,,,0,0,0.025,0.97,0,,,,0,0,0,0,0,0,0,0,0,0,0,,0.001,0,0,0,0,0.004,0,,,,
GIK23074-1,margo,2.81,66.6667,4.905,,,0,0,0,0,0,0,,,0,0,0.027,0.968,0,,,,0,0,0,0,0,0,0,0,0,0,0,,0,0,0,0,0,0.005,0,,,,
GIK23074-1,margo,2.91,66.6667,4.905,,,0,0,0,0,0,0,,,0,0,0.031,0.969,0,,,,0,0,0,0,0,0,0,0,0,0,0,,0,0,0,0,0,0,0,,,,
GIK23074-1,margo,3.01,66.6667,4.905,,,0,0,0,0,0,0,,,0,0,0.024,0.976,0,,,,0,0,0,0,0,0,0,0,0,0,0,,0,0,0,0,0,0,0,,,,
GIK23074-1,margo,3.11,66.6667,4.905,,,0,0,0,0,0,0,,,0,0,0.025,0.969,0,,,,0,0,0,0,0,0,0,0,0,0,0,,0,0,0,0,0,0.001,0,,,,
GIK23074-1,margo,3.21,66.6667,4.905,,,0,0,0,0,0,0,,,0,0,0.024,0.976,0,,,,0,0,0,0,0,0,0,0,0,0,0,,0,0,0,0,0,0,0,,,,
GIK23074-1,margo,3.31,66.6667,4.905,,,0,0,0,0,0,0,,,0,0,0.025,0.972,0,,,,0,0,0,0,0,0,0,0,0,0,0,,0,0,0,0,0,0.004,0,,,,
GIK23074-1,margo,3.51,66.6667,4.905,,,0,0,0,0,0,0,,,0,0,0.034,0.954,0,,,,0.002,0,0,0,0,0,0,0,0,0,0,,0.002,0,0,0,0,0.007,0,,,,
GIK23074-1,margo,3.71,66.6667,4.905,,,0,0,0,0,0,0,,,0,0,0.027,0.973,0,,,,0,0,0,0,0,0,0,0,0,0,0,,0,0,0,0,0,0,0,,,,
GIK23074-1,margo,3.91,66.6667,4.905,,,0,0,0,0,0,0,,,0,0,0.024,0.953,0,,,,0.004,0,0,0,0,0,0,0,0,0,0,,0.012,0,0,0,0,0.008,0,,,,
GIK23074-1,margo,3.93,66.6667,4.905,,,0,0,0,0,0,0,,,0,0,0.034,0.947,0,,,,0.01,0,0,0,0,0,0,0,0,0,0,,0.009,0,0,0,0,0,0,,,,
GIK23074-1,margo,3.95,66.6667,4.905,,,0,0,0,0,0,0,,,0,0,0.009,0.964,0,,,,0.023,0,0,0,0,0,0,0,0,0,0,,0.004,0,0,0,0,0,0,,,,
GIK23074-1,margo,4.11,66.6667,4.905,,,0,0,0,0,0,0,,,0,0,0.032,0.961,0,,,,0.001,0,0,0,0,0,0,0,0,0,0,,0.001,0,0,0,0,0.004,0,,,,
GIK23074-1,margo,4.17,66.6667,4.905,,,0,0,0,0,0,0,,,0,0,0.025,0.975,0,,,,0,0,0,0,0,0,0,0,0,0,0,,0,0,0,0,0,0,0,,,,
V27-86,margo,0.6,66.6,1.117,,,0,0,0,0,0,0,,,0,0,0.034,0.961,0,,,,0,0,0,0,0,0,0,0,0,0,0,,0.002,0,0,0,0,0.003,0,,,,
V27-86,margo,0.7,66.6,1.117,,,0,0,0,0,0,0,,,0,0,0.019,0.971,0,,,,0,0,0,0,0,0,0,0,0,0,0,,0.01,0,0,0,0,0,0,,,,
GIK23519-5,margo,0.68,64.7973,-29.5958,,,0,0,0,0,0,0,,,0,0,0.017,0.967,0,,,,0.003,0,0,0,0,0,0,0,0,0,0,,0.008,0,0,0,0,0.003,0,,,,
GIK23519-5,margo,0.78,64.7973,-29.5958,,,0,0,0,0,0,0,,,0,0,0.016,0.962,0,,,,0.009,0,0,0,0,0,0,0,0,0,0,,0.013,0,0,0,0,0,0,,,,
GIK23519-5,margo,0.88,64.7973,-29.5958,,,0,0,0,0,0,0,,,0,0,0.008,0.988,0,,,,0,0,0,0,0,0,0,0,0,0,0,,0.004,0,0,0,0,0,0,,,,
V28-14,margo,1.6,64.783,-29.57,,,0,0,0,0,0,0,,,0,0,0.037,0.957,0,,,,0,0,0,0,0,0,0,0,0,0,0,,0.006,0,0,0,0,0,0,,,,
V28-14,margo,1.7,64.783,-29.57,,,0,0,0,0,0,0,,,0,0,0.026,0.97,0,,,,0,0,0,0,0,0,0,0,0,0,0,,0,0,0,0,0,0.003,0,,,,
HU87-033-008,margo,2.23,62.6485,-53.8845,,,0,0,0,0,0,0,,,0,0,0.024,0.976,0,,,,0,0,0,0,0,0,0,0,0,0,0,,0,0,0,0,0,0,0,,,,
HU87-033-008,margo,2.35,62.6485,-53.8845,,,0,0,0,0,0,0,,,0,0,0.009,0.991,0,,,,0,0,0,0,0,0,0,0,0,0,0,,0,0,0,0,0,0,0,,,,
HU87-033-008,margo,2.68,62.6485,-53.8845,,,0,0,0,0,0,0,,,0,0,0.009,0.991,0,,,,0,0,0,0,0,0,0,0,0,0,0,,0,0,0,0,0,0,0,,,,
HU87-033-008,margo,3.03,62.6485,-53.8845,,,0,0,0,0,0,0,,,0,0,0.009,0.991,0,,,,0,0,0,0,0,0,0,0,0,0,0,,0,0,0,0,0,0,0,,,,
HU87-033-008,margo,3.14,62.6485,-53.8845,,,0,0,0,0,0,0,,,0,0,0.015,0.985,0,,,,0,0,0,0,0,0,0,0,0,0,0,,0,0,0,0,0,0,0,,,,
GIK16397-2,margo,0.1,61.8725,-11.1787,,,0,0,0,0,0,0,,,0,0,0.029,0.951,0,,,,0,0,0,0,0,0,0,0,0,0,0,,0.014,0,0,0,0,0.006,0,,,,
GIK16397-2,margo,0.6,61.8725,-11.1787,,,0,0,0,0,0,0,,,0,0,0.026,0.959,0,,,,0.002,0,0,0,0,0,0,0,0,0,0,,0.013,0,0,0,0,0,0,,,,
GIK16397-2,margo,0.7,61.8725,-11.1787,,,0,0,0,0,0,0,,,0,0,0.024,0.959,0,,,,0,0,0,0,0,0,0,0,0,0,0,,0.017,0,0,0,0,0,0,,,,
GIK16397-2,margo,0.82,61.8725,-11.1787,,,0,0,0,0,0,0,,,0,0,0.015,0.968,0,,,,0.001,0,0,0,0,0,0,0,0,0,0,,0.016,0,0,0,0,0,0,,,,
GIK16397-2,margo,1.02,61.8725,-11.1787,,,0,0,0,0,0,0,,,0,0,0.036,0.94,0,,,,0.002,0,0,0,0,0,0,0,0,0,0,,0.018,0,0,0,0,0.003,0,,,,
GIK16397-2,margo,1.2,61.8725,-11.1787,,,0,0,0,0,0,0,,,0,0,0.025,0.949,0,,,,0,0,0,0,0,0,0,0,0,0,0,,0.023,0,0,0,0,0.003,0,,,,
GIK16397-2,margo,1.6,61.8725,-11.1787,,,0,0,0,0,0,0,,,0,0,0.025,0.944,0,,,,0,0,0,0,0,0,0,0,0,0,0,,0.027,0,0,0,0,0.005,0,,,,
GIK16396-1,margo,3.3,61.8722,-11.2423,,,0,0,0,0,0,0,,,0,0,0.041,0.941,0,,,,0.001,0,0,0,0,0,0,0,0,0,0,,0.016,0,0,0,0,0,0,,,,
GIK16396-1,margo,3.5,61.8722,-11.2423,,,0,0,0,0,0,0,,,0,0,0.029,0.936,0,,,,0.006,0,0,0,0,0,0,0,0,0,0,,0.029,0,0,0,0,0,0,,,,
GIK16396-1,margo,3.6,61.8722,-11.2423,,,0,0,0,0,0,0,,,0,0,0.032,0.956,0,,,,0.002,0,0,0,0,0,0,0,0,0,0,,0.011,0,0,0,0,0,0,,,,
GIK16396-1,margo,3.7,61.8722,-11.2423,,,0,0,0,0,0,0,,,0,0,0.027,0.964,0,,,,0.002,0,0,0,0,0,0,0,0,0,0,,0.007,0,0,0,0,0,0,,,,
GIK16396-1,margo,3.8,61.8722,-11.2423,,,0,0,0,0,0,0,,,0,0,0.028,0.967,0,,,,0.001,0,0,0,0,0,0,0,0,0,0,,0.001,0,0,0,0,0.003,0,,,,
GIK16396-1,margo,3.9,61.8722,-11.2423,,,0,0,0,0,0,0,,,0,0,0.044,0.948,0,,,,0,0,0,0,0,0,0,0,0,0,0,,0.007,0,0,0,0,0,0,,,,
GIK16396-1,margo,3.98,61.8722,-11.2423,,,0,0,0,0,0,0,,,0,0,0.036,0.956,0,,,,0,0,0,0,0,0,0,0,0,0,0,,0.007,0,0,0,0,0.001,0,,,,
GIK16396-1,margo,4.02,61.8722,-11.2423,,,0,0,0,0,0,0,,,0,0,0.031,0.943,0,,,,0.002,0,0,0,0,0,0,0,0,0,0,,0.024,0,0,0,0,0,0,,,,
GIK16396-1,margo,4.1,61.8722,-11.2423,,,0,0,0,0,0,0,,,0,0,0.036,0.942,0,,,,0.006,0,0,0,0,0,0,0,0,0,0,,0.016,0,0,0,0,0,0,,,,
GIK16396-1,margo,4.2,61.8722,-11.2423,,,0,0,0,0,0,0,,,0,0,0.036,0.942,0,,,,0.004,0,0,0,0,0,0,0,0,0,0,,0.018,0,0,0,0,0,0,,,,
GIK16396-1,margo,4.2,61.8722,-11.2423,,,0,0,0,0,0,0,,,0,0,0.043,0.936,0,,,,0.005,0,0,0,0,0,0,0,0,0,0,,0.016,0,0,0,0,0,0,,,,
GIK16396-1,margo,4.3,61.8722,-11.2423,,,0,0,0,0,0,0,,,0,0,0.031,0.934,0,,,,0.015,0,0,0,0,0,0,0,0,0,0,,0.021,0,0,0,0,0,0,,,,
GIK16396-1,margo,4.4,61.8722,-11.2423,,,0,0,0,0,0,0,,,0,0,0.02,0.958,0,,,,0.004,0,0,0,0,0,0,0,0,0,0,,0.017,0,0,0,0,0,0,,,,
GIK16396-1,margo,4.5,61.8722,-11.2423,,,0,0,0,0,0,0,,,0,0,0.033,0.952,0,,,,0.003,0,0,0,0,0,0,0,0,0,0,,0.012,0,0,0,0,0,0,,,,
GIK16396-1,margo,4.6,61.8722,-11.2423,,,0,0,0,0,0,0,,,0,0,0.031,0.96,0,,,,0.001,0,0,0,0,0,0,0,0,0,0,,0.008,0,0,0,0,0,0,,,,
GIK16396-1,margo,4.7,61.8722,-11.2423,,,0,0,0,0,0,0,,,0,0,0.038,0.959,0,,,,0,0,0,0,0,0,0,0,0,0,0,,0.004,0,0,0,0,0,0,,,,
GIK16396-1,margo,4.8,61.8722,-11.2423,,,0,0,0,0,0,0,,,0,0,0.037,0.957,0,,,,0.001,0,0,0,0,0,0,0,0,0,0,,0.003,0,0,0,0,0,0,,,,
GIK16396-1,margo,4.9,61.8722,-11.2423,,,0,0,0,0,0,0,,,0,0,0.029,0.964,0,,,,0.004,0,0,0,0,0,0,0,0,0,0,,0.004,0,0,0,0,0,0,,,,
GIK16396-1,margo,4.98,61.8722,-11.2423,,,0,0,0,0,0,0,,,0,0,0.029,0.958,0,,,,0,0,0,0,0,0,0,0,0,0,0,,0.011,0,0,0,0,0.003,0,,,,
GIK16396-1,margo,5.02,61.8722,-11.2423,,,0,0,0,0,0,0,,,0,0,0.033,0.964,0,,,,0,0,0,0,0,0,0,0,0,0,0,,0.003,0,0,0,0,0,0,,,,
GIK16396-1,margo,5.1,61.8722,-11.2423,,,0,0,0,0,0,0,,,0,0,0.029,0.963,0,,,,0.002,0,0,0,0,0,0,0,0,0,0,,0.006,0,0,0,0,0,0,,,,
GIK16396-1,margo,5.2,61.8722,-11.2423,,,0,0,0,0,0,0,,,0,0,0.031,0.956,0,,,,0.002,0,0,0,0,0,0,0,0,0,0,,0.011,0,0,0,0,0.001,0,,,,
GIK16396-1,margo,5.3,61.8722,-11.2423,,,0,0,0,0,0,0,,,0,0,0.025,0.954,0,,,,0.01,0,0,0,0,0,0,0,0,0,0,,0.019,0.001,0,0,0,0.001,0,,,,
GIK16396-1,margo,5.4,61.8722,-11.2423,,,0,0,0,0,0,0,,,0,0,0.035,0.934,0,,,,0.008,0,0,0,0,0,0,0,0,0,0,,0.022,0,0,0,0,0,0,,,,
SU90-I06,margo,0.21,59.5217,-39.445,,,0,0,0,0,0,0,,,0,0.002,0.03,0.967,0,,,,0,0,0,0,0,0,0,0,0,0,0,,0,0,0,0,0,0,0,,,,
SU90-I06,margo,0.23,59.5217,-39.445,,,0,0,0,0,0,0,,,0,0.004,0.009,0.982,0,,,,0.005,0,0,0,0,0,0,0,0,0,0,,0,0,0,0,0,0,0,,,,
BOFS16K,margo,0.44,59.4693,-23.2427,,,0,0,0,0,0,0,,,0.002,0,0.057,0.862,0,,,,0.008,0,0,0,0,0,0,0,0,0,0,,0.071,0,0,0,0,0,0,,,,
BOFS16K,margo,0.48,59.4693,-23.2427,,,0,0,0,0.008,0,0,,,0,0,0.045,0.799,0,,,,0.078,0,0,0,0,0,0,0,0,0,0,,0.063,0,0,0,0,0.005,0,,,,
SO82_5-2,margo,1,59.1862,-30.9048,,,0,0,0,0,0,0,,,0,0,0.027,0.956,0,,,,0.007,0,0,0,0,0,0,0,0,0,0,,0.007,0,0,0,0,0.003,0,,,,
SO82_5-2,margo,1.05,59.1862,-30.9048,,,0,0,0,0,0,0,,,0,0,0.021,0.968,0,,,,0.004,0,0,0,0,0,0,0,0,0,0,,0.005,0,0,0,0,0.002,0,,,,
SO82_5-2,margo,1.1,59.1862,-30.9048,,,0,0,0,0,0,0,,,0,0,0.02,0.972,0,,,,0.003,0,0,0,0,0,0,0,0,0,0,,0.003,0,0,0,0,0.002,0,,,,
SO82_5-2,margo,1.15,59.1862,-30.9048,,,0,0,0,0,0,0,,,0,0,0.016,0.975,0,,,,0.005,0,0,0,0,0,0,0,0,0,0,,0.002,0,0,0,0,0.002,0,,,,
SO82_5-2,margo,1.2,59.1862,-30.9048,,,0,0,0,0,0,0,,,0.001,0,0.015,0.96,0,,,,0.01,0.001,0,0,0,0,0,0,0,0,0,,0.007,0.003,0,0,0,0.003,0,,,,
SO82_5-2,margo,1.21,59.1862,-30.9048,,,0,0,0,0,0,0,,,0,0,0.015,0.964,0,,,,0.007,0.001,0,0,0,0,0,0,0,0.001,0,,0.01,0,0,0,0,0.002,0,,,,
SO82_5-2,margo,1.22,59.1862,-30.9048,,,0,0,0,0,0,0,,,0,0,0.011,0.972,0,,,,0.01,0.001,0,0,0,0,0,0,0,0,0,,0.006,0,0,0,0,0,0,,,,
SO82_5-2,margo,1.23,59.1862,-30.9048,,,0,0,0,0,0,0,,,0,0,0.009,0.958,0,,,,0.014,0.001,0,0,0,0,0,0,0,0.001,0,,0.016,0,0,0,0,0.001,0,,,,
SO82_5-2,margo,1.24,59.1862,-30.9048,,,0,0,0,0,0,0,,,0,0,0.009,0.953,0,,,,0.023,0.001,0,0,0,0,0,0,0,0,0,,0.013,0,0,0,0,0.001,0,,,,
SO82_5-2,margo,1.25,59.1862,-30.9048,,,0,0,0,0,0,0,,,0,0,0.012,0.951,0,,,,0.015,0,0,0,0,0,0,0,0,0.001,0,,0.018,0,0,0,0,0.003,0,,,,
SO82_5-2,margo,1.26,59.1862,-30.9048,,,0,0,0,0,0,0,,,0,0,0.019,0.951,0,,,,0.01,0.001,0,0,0,0,0,0,0,0,0,,0.015,0,0,0,0,0.004,0,,,,
SO82_5-2,margo,1.27,59.1862,-30.9048,,,0,0,0,0,0,0,,,0,0,0.011,0.944,0,,,,0.026,0,0,0,0,0,0,0,0,0.002,0,,0.013,0,0,0,0,0.004,0,,,,
SO82_5-2,margo,1.28,59.1862,-30.9048,,,0,0,0,0,0,0,,,0,0,0.017,0.946,0,,,,0.015,0,0,0,0,0,0,0,0,0,0,,0.014,0,0,0,0,0.008,0,,,,
SO82_5-2,margo,1.29,59.1862,-30.9048,,,0,0.001,0,0,0,0,,,0.009,0,0.044,0.636,0,,,,0.083,0.006,0,0,0,0,0,0,0,0.003,0,,0.174,0,0,0,0,0.044,0,,,,
SO82_5-2,margo,1.3,59.1862,-30.9048,,,0,0,0,0.004,0,0,,,0.029,0,0.082,0.367,0,,,,0.229,0.02,0,0,0,0,0,0,0,0.002,0,,0.234,0,0,0,0,0.033,0.002,,,,
SO82_5-2,margo,1.31,59.1862,-30.9048,,,0,0.008,0,0,0,0,,,0.019,0,0.074,0.444,0,,,,0.167,0.004,0,0,0,0,0,0,0,0.01,0,,0.225,0,0,0,0,0.048,0,,,,
SO82_5-2,margo,1.32,59.1862,-30.9048,,,0,0,0,0,0,0,,,0,0,0.032,0.88,0,,,,0.023,0,0,0,0,0,0,0,0,0,0,,0.06,0,0,0,0,0.005,0,,,,
SO82_5-2,margo,1.33,59.1862,-30.9048,,,0,0,0,0,0,0,,,0,0,0.007,0.944,0,,,,0.018,0,0,0,0,0,0,0,0,0,0,,0.026,0,0,0,0,0.005,0,,,,
SO82_5-2,margo,1.34,59.1862,-30.9048,,,0,0,0,0,0,0,,,0,0,0.016,0.943,0,,,,0.016,0,0,0,0,0,0,0,0,0.003,0,,0.019,0,0,0,0,0.003,0,,,,
SO82_5-2,margo,1.35,59.1862,-30.9048,,,0,0,0,0,0,0,,,0,0,0.018,0.958,0,,,,0.008,0,0,0,0,0,0,0,0,0,0,,0.013,0,0,0,0,0.003,0,,,,
BOFS14K,margo,0.36,58.6288,-19.4349,,,0,0,0,0,0,0,,,0,0,0.045,0.865,0,,,,0.024,0,0,0,0,0,0,0,0,0,0,,0.03,0,0,0,0,0.036,0,,,,
BOFS14K,margo,0.38,58.6288,-19.4349,,,0,0,0,0.007,0,0,,,0,0,0.052,0.813,0,,,,0.055,0,0,0,0,0,0,0,0,0,0,,0.044,0,0,0,0,0.029,0,,,,
BOFS14K,margo,0.4,58.6288,-19.4349,,,0,0,0,0.007,0,0,,,0,0,0.026,0.859,0,,,,0.026,0,0,0,0,0,0,0,0,0,0,,0.048,0,0,0,0,0.033,0,,,,
BOFS14K,margo,0.42,58.6288,-19.4349,,,0,0,0,0.009,0,0,,,0,0,0.028,0.838,0,,,,0.05,0,0,0,0,0,0,0,0,0,0,,0.034,0,0,0,0,0.04,0,,,,
BOFS14K,margo,0.44,58.6288,-19.4349,,,0,0,0,0.006,0,0,,,0,0,0.027,0.901,0,,,,0.036,0,0,0,0,0,0,0,0,0,0,,0.012,0,0,0,0,0.018,0,,,,
BOFS14K,margo,0.46,58.6288,-19.4349,,,0,0,0,0.012,0,0,,,0.006,0,0.034,0.753,0,,,,0.084,0,0,0,0,0,0,0,0,0,0,,0.084,0,0,0,0,0.025,0,,,,
HU90-013-013,margo,4.78,58.2098,-48.3733,,,0,0,0,0,0,0,,,0,0,0.007,0.98,0,,,,0.007,0,0,0,0,0,0,0,0,0,0,,0.007,0,0,0,0,0,0,,,,
BOFS17K,margo,0.74,58.001,-16.5014,,,0,0,0,0.006,0,0,,,0,0,0.012,0.881,0,,,,0.031,0,0,0,0,0,0,0,0,0,0,,0.026,0,0,0,0,0.043,0,,,,
BOFS17K,margo,0.76,58.001,-16.5014,,,0,0,0,0,0,0,,,0,0,0.024,0.902,0,,,,0.014,0,0,0,0,0,0,0,0,0,0,,0.022,0,0,0,0,0.037,0,,,,
BOFS17K,margo,0.78,58.001,-16.5014,,,0,0,0,0.005,0,0,,,0,0,0.024,0.902,0,,,,0.026,0,0,0,0,0,0,0,0,0,0,,0.012,0,0,0,0,0.029,0,,,,
BOFS17K,margo,0.8,58.001,-16.5014,,,0,0.002,0,0.002,0,0,,,0.002,0,0.037,0.781,0,,,,0.071,0,0,0,0,0,0,0,0,0,0,,0.045,0,0,0,0,0.059,0,,,,
BOFS17K,margo,0.82,58.001,-16.5014,,,0,0,0,0.002,0,0,,,0,0,0.019,0.894,0,,,,0.043,0,0,0,0,0,0,0,0,0,0,,0.027,0,0,0,0,0.016,0,,,,
BOFS17K,margo,0.84,58.001,-16.5014,,,0,0,0,0,0,0,,,0,0,0.022,0.793,0,,,,0.068,0,0,0,0,0,0,0,0,0,0,,0.057,0,0,0,0,0.06,0,,,,
BOFS17K,margo,0.86,58.001,-16.5014,,,0,0,0,0,0,0,,,0,0,0.022,0.802,0,,,,0.084,0,0,0,0,0,0,0,0,0,0,,0.054,0,0,0,0,0.038,0,,,,
BOFS17K,margo,0.88,58.001,-16.5014,,,0,0,0,0.013,0,0,,,0,0,0.021,0.766,0,,,,0.091,0,0,0,0,0,0,0,0,0,0,,0.043,0,0,0,0,0.065,0,,,,
BOFS17K,margo,0.9,58.001,-16.5014,,,0,0,0,0.01,0,0,,,0,0,0.025,0.78,0,,,,0.127,0,0,0,0,0,0,0,0,0,0,,0.025,0,0,0,0,0.033,0,,,,
BOFS17K,margo,0.92,58.001,-16.5014,,,0,0,0,0.014,0,0,,,0,0,0.025,0.642,0,,,,0.185,0,0,0,0,0,0,0,0,0,0,,0.077,0,0,0,0,0.058,0,,,,
BOFS17K,margo,0.94,58.001,-16.5014,,,0,0,0,0.02,0,0,,,0.003,0,0.063,0.615,0,,,,0.184,0.01,0,0,0,0,0,0,0,0,0,,0.05,0,0,0,0,0.054,0,,,,
BOFS17K,margo,0.96,58.001,-16.5014,,,0,0,0,0.012,0,0,,,0,0,0.028,0.55,0,,,,0.231,0.02,0,0,0,0,0,0,0,0,0,,0.092,0,0,0,0,0.068,0,,,,
BOFS17K,margo,0.98,58.001,-16.5014,,,0,0,0,0.015,0,0,,,0.003,0,0.037,0.503,0,,,,0.257,0.02,0,0,0,0,0,0,0,0,0,,0.087,0,0,0,0,0.079,0,,,,
BOFS17K,margo,1,58.001,-16.5014,,,0,0,0,0.003,0,0,,,0.01,0,0.04,0.473,0,,,,0.289,0.013,0,0,0,0,0,0,0,0,0,,0.114,0,0,0,0,0.054,0,,,,
BOFS17K,margo,1.02,58.001,-16.5014,,,0,0.002,0,0.009,0,0,,,0.007,0,0.038,0.499,0,,,,0.314,0.013,0,0,0,0,0,0,0,0,0,,0.077,0,0,0,0,0.042,0,,,,
BOFS17K,margo,1.04,58.001,-16.5014,,,0,0,0,0.01,0,0,,,0.007,0,0.059,0.535,0,,,,0.269,0.01,0,0,0,0,0,0,0,0,0,,0.07,0,0,0,0,0.035,0,,,,
GIK17051-3,margo,2.1,56.1633,-31.99,,,0,0,0,0,0,0,,,0,0,0.019,0.919,0,,,,0.007,0,0,0,0,0,0,0,0,0,0,,0.042,0,0,0,0,0.014,0,,,,
NA87-22,margo,3.8,55.5,-14.5833,,,0,0,0,0,0,0,,,0,0,0.017,0.892,0,,,,0.017,0,0,0,0,0,0,0,0,0,0,,0.014,0,0,0,0,0.061,0,,,,
NA87-22,margo,3.9,55.5,-14.5833,,,0,0,0,0.004,0,0,,,0.004,0,0.004,0.933,0,,,,0.021,0,0,0,0,0,0,0,0,0,0,,0.007,0,0,0,0,0.028,0,,,,
NA87-22,margo,4,55.5,-14.5833,,,0,0,0,0.017,0,0,,,0,0,0.006,0.865,0,,,,0.048,0,0,0,0,0,0,0,0,0,0,,0.044,0,0,0,0,0.021,0,,,,
NA87-22,margo,4.1,55.5,-14.5833,,,0,0,0,0.004,0,0,,,0,0,0.008,0.906,0,,,,0.03,0,0,0,0,0,0,0,0,0,0,,0.011,0,0,0,0,0.041,0,,,,
NA87-22,margo,4.2,55.5,-14.5833,,,0,0,0,0.006,0,0,,,0,0,0.006,0.88,0,,,,0.023,0,0,0,0,0,0,0,0,0,0,,0.026,0,0,0,0,0.058,0,,,,
NA87-22,margo,4.3,55.5,-14.5833,,,0,0,0,0.002,0,0,,,0,0,0.006,0.908,0,,,,0.041,0,0,0,0,0,0,0,0,0,0,,0.03,0,0,0,0,0.013,0,,,,
NA87-22,margo,4.4,55.5,-14.5833,,,0,0,0,0.004,0,0,,,0,0,0.011,0.933,0,,,,0.022,0,0,0,0,0,0,0,0,0,0,,0.011,0,0,0,0,0.019,0,,,,
GIK17050-1,margo,3.75,55.47,-27.8883,,,0,0,0,0,0,0,,,0,0,0.02,0.943,0,,,,0.035,0,0,0,0,0,0,0,0,0,0,,0.002,0,0,0,0,0,0,,,,
GIK17050-1,margo,3.85,55.47,-27.8883,,,0,0,0,0.002,0,0,,,0,0,0.025,0.873,0,,,,0.039,0,0,0,0,0,0,0,0,0.003,0,,0.054,0,0,0,0,0.004,0,,,,
GIK17050-1,margo,3.95,55.47,-27.8883,,,0,0,0,0.004,0,0,,,0.004,0,0.049,0.726,0,,,,0.154,0,0,0,0,0,0,0,0,0,0,,0.055,0.002,0,0,0,0.008,0,,,,
GIK17049-6,margo,1.6,55.26,-26.725,,,0,0,0,0,0,0,,,0,0,0.006,0.981,0,,,,0.002,0,0,0,0,0,0,0,0,0,0,,0.009,0,0,0,0,0.003,0,,,,
GIK17049-6,margo,1.6,55.26,-26.725,,,0,0,0,0,0,0,,,0,0,0.011,0.962,0,,,,0.014,0,0,0,0,0,0,0,0,0,0,,0.012,0.001,0,0,0,0,0,,,,
GIK23419-8,margo,0.4,54.9617,-19.755,,,0,0,0,0,0,0,,,0.001,0,0.044,0.865,0,,,,0.035,0,0,0,0,0.005,0,0,0,0,0,,0.016,0.001,0,0,0,0.034,0,,,,
V23-81,margo,2.65,54.25,-16.83,,,0,0,0,0.009,0,0,,,0,0,0.021,0.823,0,,,,0.039,0,0,0,0,0,0,0,0,0,0,,0.072,0,0,0,0,0.006,0,,,,
V23-81,margo,2.75,54.25,-16.83,,,0,0,0,0.021,0,0,,,0,0,0.018,0.866,0,,,,0.023,0,0,0,0,0,0,0,0,0,0,,0.028,0,0,0,0,0,0,,,,
V23-81,margo,2.85,54.25,-16.83,,,0,0,0,0.008,0,0,,,0,0,0.02,0.783,0,,,,0.053,0,0,0,0,0,0,0,0,0,0,,0.101,0,0,0,0,0,0,,,,
V23-81,margo,2.95,54.25,-16.83,,,0,0,0,0.006,0,0,,,0.003,0,0.02,0.885,0,,,,0.035,0,0,0,0,0,0,0,0,0,0,,0.04,0,0,0,0,0.003,0,,,,
SU90-39,margo,0.81,52.5667,-21.94,,,0,0,0,0,0,0,,,0,0,0.004,0.957,0,,,,0.011,0,0,0,0,0,0,0,0,0,0,,0.022,0,0,0,0,0.007,0,,,,
SU90-39,margo,0.9,52.5667,-21.94,,,0,0,0,0,0,0,,,0.011,0,0.007,0.907,0,,,,0.011,0,0,0,0,0,0,0,0,0,0,,0.036,0,0,0,0,0.025,0,,,,
SU90-39,margo,0.99,52.5667,-21.94,,,0,0,0,0,0,0,,,0,0,0.019,0.916,0,,,,0.025,0,0,0,0,0,0,0,0,0,0,,0.031,0,0,0,0,0.006,0,,,,
BOFS8K,margo,0.86,52.5033,-22.0623,,,0,0.003,0,0,0,0,,,0.003,0,0.017,0.952,0,,,,0,0,0,0,0,0,0,0,0,0,0,,0.011,0,0,0,0,0.014,0,,,,
BOFS8K,margo,0.88,52.5033,-22.0623,,,0,0,0,0,0,0,,,0,0,0.026,0.93,0,,,,0.029,0,0,0,0,0,0,0,0,0,0,,0.01,0,0,0,0,0.006,0,,,,
BOFS8K,margo,0.9,52.5033,-22.0623,,,0,0,0,0,0,0,,,0,0,0.021,0.971,0,,,,0.005,0,0,0,0,0,0,0,0,0,0,,0,0,0,0,0,0.003,0,,,,
BOFS8K,margo,0.92,52.5033,-22.0623,,,0,0,0,0,0,0,,,0,0,0.007,0.966,0,,,,0.003,0,0,0,0,0,0,0,0,0,0,,0.007,0,0,0,0,0.017,0,,,,
BOFS8K,margo,0.94,52.5033,-22.0623,,,0,0,0,0,0,0,,,0,0,0.013,0.98,0,,,,0,0,0,0,0,0,0,0,0,0,0,,0.003,0,0,0,0,0.005,0,,,,
BOFS8K,margo,0.96,52.5033,-22.0623,,,0,0,0,0,0,0,,,0,0,0.017,0.963,0,,,,0.004,0,0,0,0,0,0,0,0,0,0,,0,0,0,0,0,0.015,0,,,,
BOFS8K,margo,0.98,52.5033,-22.0623,,,0,0,0,0,0,0,,,0,0,0.007,0.963,0,,,,0.007,0,0,0,0,0,0,0,0,0,0,,0.012,0,0,0,0,0.007,0,,,,
BOFS8K,margo,1,52.5033,-22.0623,,,0,0.007,0,0,0,0,,,0,0,0.01,0.961,0,,,,0.007,0,0,0,0,0,0,0,0,0,0,,0.003,0,0,0,0,0.013,0,,,,
BOFS8K,margo,1.02,52.5033,-22.0623,,,0,0.005,0,0,0,0,,,0,0,0.008,0.963,0,,,,0.011,0,0,0,0,0,0,0,0,0,0,,0.011,0,0,0,0,0.003,0,,,,
BOFS8K,margo,1.04,52.5033,-22.0623,,,0,0,0,0,0,0,,,0,0,0.011,0.954,0,,,,0.007,0,0,0,0,0,0,0,0,0,0,,0.007,0,0,0,0,0.021,0,,,,
BOFS8K,margo,1.06,52.5033,-22.0623,,,0,0.002,0,0,0,0,,,0,0,0.019,0.944,0,,,,0.002,0,0,0,0,0,0,0,0,0,0,,0.023,0,0,0,0,0.009,0,,,,
BOFS8K,margo,1.08,52.5033,-22.0623,,,0,0,0,0,0,0,,,0,0,0.023,0.939,0,,,,0.014,0,0,0,0,0,0,0,0,0,0,,0.02,0,0,0,0,0.005,0,,,,
BOFS8K,margo,1.1,52.5033,-22.0623,,,0,0,0,0,0,0,,,0,0,0.029,0.936,0,,,,0.023,0,0,0,0,0,0,0,0,0,0,,0.006,0,0,0,0,0.006,0,,,,
BOFS8K,margo,1.12,52.5033,-22.0623,,,0,0,0,0,0,0,,,0,0,0.016,0.955,0,,,,0.019,0,0,0,0,0,0,0,0,0,0,,0.006,0,0,0,0,0.003,0,,,,
BOFS8K,margo,1.14,52.5033,-22.0623,,,0,0,0,0,0,0,,,0,0,0.008,0.953,0,,,,0.024,0,0,0,0,0,0,0,0,0,0,,0.004,0,0,0,0,0.01,0,,,,
BOFS8K,margo,1.16,52.5033,-22.0623,,,0,0,0,0,0,0,,,0,0,0.015,0.927,0,,,,0.04,0,0,0,0,0,0,0,0,0,0,,0.015,0,0,0,0,0.003,0,,,,
BOFS8K,margo,1.18,52.5033,-22.0623,,,0,0,0,0,0,0,,,0,0,0.008,0.943,0,,,,0.023,0,0,0,0,0,0,0,0,0,0,,0.019,0,0,0,0,0.008,0,,,,
BOFS8K,margo,1.2,52.5033,-22.0623,,,0,0,0,0.006,0,0,,,0.018,0,0.012,0.924,0,,,,0.018,0,0,0,0,0,0,0,0,0,0,,0.018,0,0,0,0,0.003,0,,,,
GIK17045-3,margo,0.95,52.425,-16.665,,,0,0,0,0.009,0,0,,,0.001,0.005,0.047,0.823,0,,,,0.078,0,0,0,0,0,0,0,0,0,0,,0.029,0,0,0,0,0.008,0,,,,
BOFS5K,margo,0.78,50.6876,-21.8635,,,0,0,0,0.002,0,0,,,0,0,0.006,0.975,0,,,,0.008,0,0,0,0,0,0,0,0,0,0,,0.004,0,0,0,0,0.002,0,,,,
BOFS5K,margo,0.8,50.6876,-21.8635,,,0,0,0,0.014,0,0,,,0,0,0.02,0.901,0,,,,0.01,0,0,0,0.003,0,0,0,0,0,0,,0.038,0,0,0,0,0.007,0,,,,
BOFS5K,margo,0.82,50.6876,-21.8635,,,0,0,0,0.009,0,0,,,0,0,0.009,0.925,0,,,,0.014,0,0,0,0,0,0,0,0,0,0,,0.027,0,0,0,0,0.017,0,,,,
BOFS5K,margo,0.84,50.6876,-21.8635,,,0,0,0,0.005,0,0,,,0,0,0.023,0.926,0,,,,0.021,0,0,0,0,0,0,0,0,0,0,,0.009,0,0,0,0,0.016,0,,,,
BOFS5K,margo,0.86,50.6876,-21.8635,,,0,0.01,0,0.007,0,0,,,0,0,0,0.951,0,,,,0.007,0,0,0,0.002,0,0,0,0,0,0,,0.02,0,0,0,0,0.002,0,,,,
BOFS5K,margo,0.88,50.6876,-21.8635,,,0,0,0,0.004,0,0,,,0,0,0.015,0.948,0,,,,0.017,0,0,0,0.002,0,0,0,0,0,0,,0.011,0,0,0,0,0.002,0,,,,
BOFS5K,margo,0.9,50.6876,-21.8635,,,0,0.004,0,0.015,0,0,,,0,0,0.001,0.928,0,,,,0.002,0,0,0,0.004,0,0,0,0,0,0,,0.026,0,0,0,0,0.022,0,,,,
BOFS5K,margo,0.92,50.6876,-21.8635,,,0,0,0,0.009,0,0,,,0.002,0,0.019,0.919,0,,,,0.019,0,0,0,0,0,0,0,0,0,0,,0.026,0,0,0,0,0.005,0,,,,
BOFS5K,margo,0.94,50.6876,-21.8635,,,0,0.003,0,0.021,0,0,,,0,0,0.003,0.901,0,,,,0.027,0,0,0,0.003,0,0,0,0,0,0,,0.024,0,0,0,0,0.019,0,,,,
BOFS5K,margo,0.96,50.6876,-21.8635,,,0,0.002,0,0.018,0,0,,,0,0,0.007,0.897,0,,,,0.033,0,0,0,0,0,0,0,0,0,0,,0.015,0,0,0,0,0.029,0,,,,
HU91-045-090,margo,3,50.3898,-45.26,,,0,0,0,0,0,0,,,0,0,0,0.966,0,,,,0.005,0,0,0,0,0,0,0,0,0,0,,0.024,0,0,0,0,0.005,0,,,,
HU91-045-090,margo,3.1,50.3898,-45.26,,,0,0,0,0,0,0,,,0.023,0,0.03,0.903,0,,,,0.045,0,0,0,0,0,0,0,0,0,0,,0,0,0,0,0,0,0,,,,
HU91-045-090,margo,3.19,50.3898,-45.26,,,0,0,0,0,0,0,,,0,0,0.006,0.99,0,,,,0.003,0,0,0,0,0,0,0,0,0,0,,0,0,0,0,0,0,0,,,,
HU91-045-090,margo,3.36,50.3898,-45.26,,,0,0,0,0,0,0,,,0,0,0.015,0.978,0,,,,0,0,0,0,0,0,0,0,0,0,0,,0.006,0,0,0,0,0,0,,,,
KN708-1,margo,1,50,-23.75,,,0,0,0,0,0,0,,,0,0,0.016,0.948,0,,,,0.016,0,0,0,0,0,0,0,0,0,0,,0.016,0,0,0,0,0.003,0,,,,
GIK17055-1,margo,0.8,48.215,-27.0567,,,0,0,0,0.001,0,0,,,0,0,0.027,0.847,0,,,,0.032,0,0,0,0,0,0,0,0,0,0,,0.092,0,0,0,0,0,0,,,,
GIK17055-1,margo,0.85,48.215,-27.0567,,,0,0,0,0,0,0,,,0,0,0,0.785,0,,,,0.013,0,0,0,0,0,0,0,0,0,0,,0.202,0,0,0,0,0,0,,,,
GIK15612-2,margo,0.53,44.36,-26.5433,,,0,0,0,0.026,0,0,,,0.018,0,0.091,0.588,0,,,,0.131,0.002,0,0,0.004,0,0,0,0,0,0,,0.127,0,0,0,0,0.014,0,,,,
GIK15612-2,margo,0.56,44.36,-26.5433,,,0,0,0,0.021,0,0,,,0.017,0.004,0.069,0.599,0,,,,0.131,0.004,0,0,0.004,0,0,0,0,0.002,0,,0.138,0,0,0,0,0.01,0,,,,
GIK15612-2,margo,0.6,44.36,-26.5433,,,0,0,0,0.024,0,0,,,0.04,0,0.061,0.59,0,,,,0.146,0.002,0,0,0.002,0,0,0,0,0,0,,0.109,0,0,0,0,0.026,0,,,,
GIK15612-2,margo,0.67,44.36,-26.5433,,,0,0,0,0.029,0,0,,,0.021,0.002,0.067,0.503,0,,,,0.193,0,0,0,0.002,0,0,0,0,0,0,,0.164,0,0,0,0,0.019,0,,,,
V29-179,margo,0.87,44.017,-24.53,,,0,0,0,0.032,0.002,0,,,0.087,0.001,0.184,0.405,0,,,,0.178,0,0,0,0.015,0,0,0.003,0,0,0,,0.032,0,0,0,0,0.059,0,,,,
V29-179,margo,1.01,44.017,-24.53,,,0,0,0,0.055,0,0,,,0.071,0.002,0.245,0.249,0,,,,0.195,0,0.004,0,0.017,0,0,0.001,0,0.001,0.001,,0.085,0,0,0,0,0.073,0,,,,
CH82-24,margo,0.68,43.465,-30.66,,,0.069,0,0,0,0,0,,,0,0,0.024,0.076,0.097,,,,0.341,0.031,0,0,0.017,0,0,0,0,0,0,,0.2,0.145,0,0,0,0,0,,,,
MD95-2040,margo,3.35,40.5818,-9.8612,,,0,0,0,0.101,0.003,0,,,0.062,0,0.29,0.09,0,,,,0.087,0.096,0,0,0.003,0,0,0.003,0.001,0.017,0,,0.104,0,0,0,0,0.136,0,,,,
MD95-2040,margo,3.38,40.5818,-9.8612,,,0,0,0,0.098,0.002,0,,,0.082,0,0.279,0.07,0,,,,0.098,0.078,0,0,0.002,0,0,0,0.002,0.016,0,,0.127,0,0,0,0,0.139,0,,,,
MD95-2040,margo,3.41,40.5818,-9.8612,,,0,0,0,0.101,0.004,0,,,0.094,0,0.341,0.054,0,,,,0.086,0.071,0,0,0.007,0,0,0.004,0,0.021,0,,0.092,0,0,0,0,0.119,0,,,,
MD95-2040,margo,3.44,40.5818,-9.8612,,,0,0,0,0.098,0,0,,,0.17,0,0.292,0.043,0,,,,0.082,0.053,0,0,0.006,0,0,0.006,0,0.031,0,,0.088,0,0,0,0,0.117,0,,,,
MD95-2040,margo,3.47,40.5818,-9.8612,,,0,0,0,0.139,0,0,,,0.117,0,0.338,0.033,0,,,,0.088,0.055,0,0,0.007,0,0.001,0.01,0,0.03,0,,0.092,0,0,0,0,0.082,0,,,,
MD95-2040,margo,3.5,40.5818,-9.8612,,,0,0,0,0.145,0.003,0,,,0.094,0,0.285,0.022,0,,,,0.118,0.075,0,0,0.011,0,0,0.005,0,0.03,0,,0.089,0,0,0,0,0.099,0,,,,
MD95-2040,margo,3.53,40.5818,-9.8612,,,0,0,0,0.095,0.002,0,,,0.108,0,0.284,0.03,0,,,,0.14,0.058,0,0,0.011,0,0.002,0.021,0,0.041,0,,0.082,0,0,0,0,0.114,0,,,,
MD95-2040,margo,3.56,40.5818,-9.8612,,,0,0,0,0.1,0.004,0,,,0.164,0,0.296,0.039,0,,,,0.098,0.027,0,0,0.011,0,0.001,0.01,0,0.031,0,,0.084,0,0,0,0,0.132,0,,,,
MD95-2040,margo,3.59,40.5818,-9.8612,,,0,0,0,0.108,0.002,0,,,0.106,0,0.327,0.024,0,,,,0.12,0.066,0,0,0.01,0,0.002,0.008,0.002,0.01,0,,0.084,0,0,0,0,0.12,0,,,,
MD95-2040,margo,3.62,40.5818,-9.8612,,,0,0,0,0.074,0.005,0,,,0.126,0,0.279,0.027,0,,,,0.164,0.046,0,0,0.016,0,0.003,0.008,0,0.025,0,,0.09,0,0,0,0,0.12,0,,,,
MD95-2040,margo,3.65,40.5818,-9.8612,,,0,0,0,0.111,0,0,,,0.113,0,0.29,0.028,0,,,,0.111,0.048,0,0,0.01,0,0,0.015,0,0.035,0,,0.088,0,0,0,0,0.141,0,,,,
MD95-2040,margo,3.68,40.5818,-9.8612,,,0,0,0,0.112,0.002,0,,,0.124,0,0.277,0.035,0,,,,0.161,0.056,0,0,0.019,0,0,0.004,0,0.035,0,,0.052,0,0,0,0,0.114,0,,,,
MD95-2040,margo,3.71,40.5818,-9.8612,,,0,0,0,0.076,0,0,,,0.136,0,0.311,0.018,0,,,,0.18,0.052,0,0,0.026,0,0,0.01,0,0.008,0,,0.07,0,0,0,0,0.094,0,,,,
MD95-2040,margo,3.74,40.5818,-9.8612,,,0,0,0,0.072,0,0,,,0.123,0,0.32,0.035,0,,,,0.114,0.053,0,0,0.032,0,0,0.005,0,0.019,0,,0.102,0,0,0,0,0.114,0,,,,
MD95-2040,margo,3.77,40.5818,-9.8612,,,0,0,0,0.085,0.002,0,,,0.157,0,0.319,0.045,0,,,,0.126,0.065,0,0,0.016,0,0.002,0.012,0.002,0.012,0,,0.073,0,0,0,0,0.073,0,,,,
MD95-2040,margo,3.8,40.5818,-9.8612,,,0,0,0,0.08,0,0,,,0.12,0,0.285,0.034,0,,,,0.15,0.071,0,0,0.021,0,0,0.009,0,0.018,0,,0.104,0,0,0,0,0.09,0,,,,
MD95-2040,margo,3.83,40.5818,-9.8612,,,0,0,0,0.088,0,0,,,0.155,0,0.256,0.05,0,,,,0.147,0.051,0,0,0.03,0,0,0.006,0.003,0.018,0,,0.075,0,0,0,0,0.099,0,,,,
MD95-2040,margo,3.86,40.5818,-9.8612,,,0,0,0,0.128,0,0,,,0.117,0,0.238,0.061,0,,,,0.14,0.051,0,0,0.007,0,0,0.007,0,0.012,0,,0.133,0,0,0,0,0.103,0,,,,
MD95-2040,margo,3.89,40.5818,-9.8612,,,0,0,0,0.059,0,0,,,0.12,0,0.304,0.054,0,,,,0.157,0.059,0,0,0.026,0,0,0.01,0,0.014,0,,0.087,0,0,0,0,0.095,0,,,,
MD95-2040,margo,3.92,40.5818,-9.8612,,,0,0,0,0.066,0.002,0,,,0.12,0,0.31,0.067,0,,,,0.118,0.072,0,0,0.015,0,0,0.01,0,0.012,0,,0.089,0,0,0,0,0.114,0,,,,
MD95-2040,margo,3.95,40.5818,-9.8612,,,0,0,0,0.056,0,0,,,0.205,0,0.289,0.065,0,,,,0.136,0.073,0,0,0.024,0,0,0.013,0,0.006,0,,0.05,0,0.002,0,0,0.067,0,,,,
MD95-2040,margo,3.98,40.5818,-9.8612,,,0,0,0,0.064,0,0,,,0.173,0,0.244,0.076,0,,,,0.125,0.089,0,0,0.036,0,0,0.008,0,0.01,0,,0.102,0,0,0,0,0.059,0,,,,
MD95-2040,margo,4.01,40.5818,-9.8612,,,0,0,0,0.077,0,0,,,0.095,0,0.262,0.03,0,,,,0.265,0.089,0,0,0.018,0,0,0.009,0.003,0.012,0,,0.036,0,0,0,0,0.095,0,,,,
MD95-2040,margo,4.04,40.5818,-9.8612,,,0,0,0,0.093,0,0,,,0.114,0,0.343,0.057,0,,,,0.118,0.043,0,0.001,0.021,0,0,0.007,0,0.006,0,,0.089,0,0,0,0,0.1,0,,,,
MD95-2040,margo,4.07,40.5818,-9.8612,,,0,0,0,0.097,0.002,0,,,0.117,0,0.344,0.035,0,,,,0.165,0.047,0,0,0.01,0,0,0.014,0,0.01,0,,0.06,0,0,0,0,0.087,0,,,,
MD95-2040,margo,4.1,40.5818,-9.8612,,,0,0,0,0.079,0.002,0,,,0.084,0,0.322,0.038,0,,,,0.183,0.048,0,0,0.007,0,0,0.012,0.005,0.01,0,,0.087,0,0,0,0,0.108,0,,,,
MD95-2040,margo,4.13,40.5818,-9.8612,,,0,0,0,0.052,0.002,0,,,0.097,0,0.375,0.018,0,,,,0.187,0.036,0,0,0.007,0,0,0.004,0.002,0.011,0,,0.076,0,0,0,0,0.121,0,,,,
MD95-2040,margo,4.16,40.5818,-9.8612,,,0,0,0,0.079,0,0,,,0.076,0,0.389,0.023,0,,,,0.159,0.036,0,0,0.015,0,0,0.006,0,0.008,0,,0.091,0,0,0,0,0.104,0.002,,,,
MD95-2040,margo,4.19,40.5818,-9.8612,,,0,0,0,0.051,0,0,,,0.111,0,0.309,0.016,0,,,,0.236,0.048,0,0,0.025,0,0,0.01,0,0.013,0,,0.089,0,0,0,0,0.083,0,,,,
MD95-2040,margo,4.22,40.5818,-9.8612,,,0,0,0,0.051,0.002,0,,,0.088,0,0.357,0.029,0,,,,0.164,0.07,0,0,0.01,0,0,0.016,0,0.021,0,,0.111,0,0,0,0,0.074,0,,,,
MD95-2040,margo,4.25,40.5818,-9.8612,,,0,0,0,0.06,0,0,,,0.112,0,0.332,0.03,0,,,,0.134,0.03,0,0,0.011,0,0.003,0.014,0.003,0.005,0,,0.163,0,0,0,0,0.098,0,,,,
MD95-2040,margo,4.28,40.5818,-9.8612,,,0,0,0,0.06,0,0,,,0.099,0,0.388,0.025,0,,,,0.142,0.058,0,0,0.014,0,0,0.004,0.002,0.014,0,,0.107,0,0,0,0,0.074,0,,,,
MD95-2040,margo,4.31,40.5818,-9.8612,,,0,0,0,0.08,0,0,,,0.044,0,0.32,0.015,0,,,,0.156,0.055,0,0,0.058,0,0,0.011,0.004,0.011,0,,0.155,0.002,0,0,0,0.089,0,,,,
MD95-2040,margo,4.34,40.5818,-9.8612,,,0,0,0,0.057,0.002,0,,,0.076,0,0.395,0.016,0,,,,0.131,0.012,0,0,0.003,0.001,0,0.007,0,0.005,0,,0.087,0,0.001,0,0,0.207,0,,,,
MD95-2040,margo,4.37,40.5818,-9.8612,,,0,0,0,0.108,0,0,,,0.062,0,0.382,0.007,0,,,,0.144,0.075,0,0,0.016,0,0,0.007,0,0.007,0,,0.078,0,0,0,0,0.111,0,,,,
MD95-2040,margo,4.4,40.5818,-9.8612,,,0,0,0,0.079,0,0,,,0.066,0,0.434,0.016,0,,,,0.142,0.03,0,0,0.021,0,0,0.007,0,0.007,0,,0.086,0,0,0,0,0.112,0,,,,
MD95-2040,margo,4.43,40.5818,-9.8612,,,0,0,0,0.092,0,0,,,0.063,0,0.359,0.012,0,,,,0.12,0.047,0,0,0.016,0,0,0.004,0,0.007,0,,0.125,0,0.001,0,0,0.155,0,,,,
MD95-2040,margo,4.46,40.5818,-9.8612,,,0,0,0,0.12,0.001,0,,,0.065,0,0.367,0.016,0,,,,0.139,0.032,0,0,0.011,0,0,0.007,0,0.011,0,,0.101,0,0.001,0,0,0.126,0,,,,
MD95-2040,margo,4.49,40.5818,-9.8612,,,0,0,0,0.092,0,0,,,0.078,0,0.359,0.018,0,,,,0.12,0.04,0.003,0,0.024,0,0,0.004,0,0.013,0,,0.11,0,0,0,0,0.134,0,,,,
MD95-2040,margo,4.52,40.5818,-9.8612,,,0,0,0,0.08,0,0,,,0.05,0,0.48,0.026,0,,,,0.138,0.018,0.005,0,0.004,0,0,0.006,0.002,0.009,0,,0.083,0,0.001,0,0,0.094,0,,,,
MD95-2040,margo,4.55,40.5818,-9.8612,,,0,0,0,0.062,0,0,,,0.075,0,0.356,0.042,0,,,,0.176,0.05,0.003,0,0.008,0,0,0.006,0.002,0.006,0,,0.101,0,0.002,0,0,0.112,0,,,,
MD95-2040,margo,4.58,40.5818,-9.8612,,,0,0,0,0.073,0.002,0,,,0.067,0,0.353,0.056,0,,,,0.1,0.079,0,0,0.015,0,0,0.006,0,0.008,0,,0.123,0,0,0,0,0.112,0,,,,
MD95-2039,margo,3.6,40.5785,-10.3485,,,0,0,0,0.159,0,0,,,0.074,0,0.234,0.005,0,,,,0.197,0.039,0,0,0.01,0,0,0.005,0,0.011,0,,0.117,0,0,0,0,0.148,0,,,,
MD95-2039,margo,3.7,40.5785,-10.3485,,,0,0,0,0.093,0,0,,,0.082,0,0.217,0.017,0,,,,0.261,0.051,0,0,0.012,0,0.001,0.01,0,0.007,0,,0.135,0,0,0,0,0.114,0,,,,
MD95-2039,margo,3.8,40.5785,-10.3485,,,0,0,0,0.078,0,0,,,0.055,0,0.232,0.017,0,,,,0.245,0.071,0,0,0.028,0,0,0.005,0,0.01,0,,0.132,0,0,0,0,0.126,0,,,,
MD95-2039,margo,3.9,40.5785,-10.3485,,,0,0,0,0.101,0.003,0,,,0.101,0,0.238,0.014,0,,,,0.149,0.059,0,0,0.034,0,0,0.006,0,0.014,0,,0.182,0,0,0,0,0.101,0,,,,
MD95-2039,margo,4,40.5785,-10.3485,,,0,0,0,0.116,0,0,,,0.134,0,0.243,0.029,0,,,,0.212,0.009,0,0,0.007,0,0,0,0.002,0.007,0,,0.118,0,0,0,0,0.122,0,,,,
SU90-03,margo,0.97,40.505,-32.0533,,,0,0,0,0.095,0,0,,,0.155,0,0.259,0.035,0,,,,0.218,0.006,0,0,0.022,0,0,0,0,0,0,,0.066,0,0,0,0,0.132,0,,,,
SU90-03,margo,0.98,40.505,-32.0533,,,0,0,0,0.04,0,0,,,0.18,0,0.305,0.011,0,,,,0.239,0.011,0,0,0.033,0,0,0,0,0,0,,0.055,0,0,0,0,0.125,0,,,,
SU90-03,margo,1,40.505,-32.0533,,,0,0,0,0.087,0.006,0,,,0.153,0,0.283,0.023,0,,,,0.162,0.015,0,0,0.023,0,0,0.003,0,0,0,,0.081,0,0,0,0,0.153,0,,,,
SU90-03,margo,1.02,40.505,-32.0533,,,0,0,0,0.102,0.002,0,,,0.195,0,0.276,0.013,0,,,,0.141,0.011,0,0,0.024,0,0,0.002,0,0,0,,0.086,0,0,0,0,0.135,0,,,,
SU90-03,margo,1.04,40.505,-32.0533,,,0,0,0,0.099,0,0,,,0.126,0,0.29,0.03,0,,,,0.144,0.015,0,0,0.04,0,0,0,0,0,0,,0.119,0,0.003,0,0,0.121,0,,,,
SU90-03,margo,1.06,40.505,-32.0533,,,0,0,0,0.085,0.005,0,,,0.158,0.005,0.268,0.014,0,,,,0.208,0.028,0,0,0.03,0,0,0.005,0,0,0,,0.076,0,0,0,0,0.119,0,,,,
SU90-03,margo,1.07,40.505,-32.0533,,,0,0,0,0.079,0,0,,,0.13,0,0.272,0.019,0,,,,0.212,0.016,0,0,0.028,0,0,0,0,0,0,,0.067,0,0,0,0,0.167,0,,,,
SU90-03,margo,1.08,40.505,-32.0533,,,0,0,0,0.112,0.005,0,,,0.17,0.002,0.229,0.011,0,,,,0.206,0.014,0,0,0.034,0,0,0,0,0,0,,0.089,0,0,0,0,0.124,0,,,,
SU90-03,margo,1.1,40.505,-32.0533,,,0,0.002,0,0.106,0,0,,,0.146,0,0.235,0.025,0,,,,0.254,0.021,0,0,0.032,0,0,0.002,0,0,0,,0.057,0,0,0,0,0.11,0,,,,
SU90-03,margo,1.12,40.505,-32.0533,,,0,0,0,0.086,0.007,0,,,0.168,0,0.268,0.017,0,,,,0.218,0.026,0,0,0.031,0,0,0.005,0,0,0,,0.062,0,0,0,0,0.108,0,,,,
KF16,margo,6,37.999,-31.1283,,,0,0,0,0.098,0.005,0,,,0.155,0.038,0.197,0.009,0,,,,0.268,0.002,0,0.001,0.019,0,0.002,0.002,0,0.004,0.035,,0.054,0,0.003,0,0,0.104,0,,,,
SU81-18,margo,3.8,37.767,-10.183,,,0,0,0,0.127,0.003,0,,,0.118,0,0.341,0.01,0,,,,0.111,0,0,0,0.003,0,0,0.013,0,0.022,0,,0.07,0,0,0,0,0.182,0,,,,
SU81-18,margo,3.9,37.767,-10.183,,,0,0,0,0.075,0.012,0,,,0.135,0,0.357,0.003,0,,,,0.262,0,0,0,0.055,0,0,0.012,0,0.012,0,,0.009,0,0,0,0,0.069,0,,,,
SU81-18,margo,4,37.767,-10.183,,,0,0,0,0.01,0,0,,,0.059,0,0.276,0.003,0,,,,0.36,0,0,0,0.059,0,0,0.007,0,0.01,0,,0.066,0,0,0,0,0.147,0,,,,
SU81-18,margo,4.1,37.767,-10.183,,,0,0,0,0.076,0.006,0,,,0.211,0,0.363,0.006,0,,,,0.146,0,0,0,0.113,0,0,0,0,0.006,0,,0.011,0,0,0,0,0.062,0,,,,
SU81-18,margo,4.2,37.767,-10.183,,,0,0,0,0.019,0.013,0,,,0.23,0,0.285,0.006,0,,,,0.207,0,0,0,0.084,0,0,0.01,0.003,0.003,0,,0.039,0,0.003,0,0,0.097,0,,,,
SU81-18,margo,4.3,37.767,-10.183,,,0,0,0,0.122,0.003,0,,,0.16,0,0.298,0.006,0,,,,0.17,0.006,0,0,0.064,0,0,0.01,0,0,0,,0.067,0,0,0,0,0.093,0,,,,
SU81-18,margo,4.4,37.767,-10.183,,,0,0,0,0.053,0,0,,,0.164,0,0.302,0.004,0,,,,0.248,0,0,0,0.05,0,0,0.027,0,0.011,0,,0.031,0,0,0,0,0.111,0,,,,
SU81-18,margo,4.5,37.767,-10.183,,,0,0,0,0.062,0.008,0,,,0.059,0,0.357,0.003,0,,,,0.244,0.02,0,0,0.023,0,0,0.008,0,0.008,0,,0.065,0,0.003,0,0,0.139,0,,,,
SU81-18,margo,4.7,37.767,-10.183,,,0,0,0,0.107,0.011,0,,,0.059,0,0.452,0,0,,,,0.17,0,0,0,0.07,0,0,0.004,0,0,0,,0.022,0,0.007,0,0,0.096,0,,,,
SU81-18,margo,4.8,37.767,-10.183,,,0,0,0,0.087,0.006,0,,,0.04,0,0.469,0.006,0,,,,0.143,0,0,0,0.034,0,0,0.009,0,0.003,0,,0.093,0,0.006,0,0,0.102,0,,,,
SU81-18,margo,4.9,37.767,-10.183,,,0,0,0,0.031,0.007,0,,,0.073,0,0.458,0.007,0,,,,0.281,0,0,0,0.038,0,0,0.014,0,0,0,,0.021,0,0,0,0,0.069,0,,,,
SU81-18,margo,5,37.767,-10.183,,,0,0.006,0,0.026,0.009,0,,,0.08,0,0.333,0.037,0,,,,0.233,0,0,0,0.043,0,0,0.009,0,0.003,0,,0.089,0,0,0,0,0.132,0,,,,
SU81-18,margo,5.1,37.767,-10.183,,,0,0,0,0.039,0,0,,,0.011,0,0.234,0.068,0,,,,0.421,0,0,0,0.005,0,0,0.005,0,0,0,,0.15,0,0,0,0,0.066,0,,,,
SU81-18,margo,5.2,37.767,-10.183,,,0,0,0,0.007,0,0,,,0,0,0.03,0.103,0,,,,0.452,0,0,0,0,0,0,0,0,0,0,,0.355,0,0,0,0,0.053,0,,,,
SU81-18,margo,5.3,37.767,-10.183,,,0,0,0,0.087,0,0,,,0.081,0,0.224,0.014,0,,,,0.364,0.003,0,0,0.003,0,0,0.014,0,0.008,0,,0.014,0,0,0,0,0.188,0,,,,
KF13,margo,1.8,37.5783,-31.8422,,,0,0.003,0,0.125,0.006,0,,,0.175,0.043,0.158,0.009,0,,,,0.216,0.003,0.008,0.001,0.051,0,0.004,0.005,0,0.009,0.004,,0.032,0.003,0,0,0.001,0.128,0,,,,
KF13,margo,1.9,37.5783,-31.8422,,,0,0,0,0.174,0.005,0,,,0.191,0.047,0.121,0.005,0,,,,0.177,0.005,0.012,0.003,0.055,0.001,0.005,0.002,0.001,0.009,0.007,,0.023,0,0.003,0,0,0.144,0,,,,
KF09,margo,2.6,37.1113,-32.2868,,,0,0,0,0.121,0.007,0,,,0.248,0.039,0.139,0,0,,,,0.21,0.002,0,0.002,0.066,0,0,0.007,0,0.011,0.014,,0.023,0,0.005,0,0,0.098,0,,,,
KF09,margo,2.9,37.1113,-32.2868,,,0,0,0,0.109,0.006,0,,,0.248,0.054,0.118,0.012,0,,,,0.196,0.003,0,0,0.073,0,0,0.006,0,0.027,0.003,,0.006,0,0,0,0,0.136,0,,,,
KF09,margo,3.1,37.1113,-32.2868,,,0,0.001,0,0.133,0,0,,,0.233,0.043,0.103,0.01,0,,,,0.184,0,0.017,0,0.076,0.003,0.008,0.006,0.001,0.014,0,,0.017,0,0,0,0,0.132,0.001,,,,
SU92-21,margo,0.8,36.5117,-23.7367,,,0,0,0,0.004,0.018,0,,,0.469,0.046,0.246,0.013,0,,,,0.04,0.018,0.004,0,0.055,0,0,0.014,0,0.007,0.009,,0.009,0,0,0,0,0.048,0,,,,
SU92-21,margo,0.85,36.5117,-23.7367,,,0,0,0,0.04,0.007,0,,,0.281,0.045,0.307,0,0,,,,0.096,0.032,0.008,0,0.043,0,0.008,0.014,0,0.011,0.001,,0.005,0,0.005,0,0,0.096,0,,,,
GIK15669-1,margo,0.7,34.8917,-7.815,,,0,0,0,0.07,0.021,0,,,0.143,0.073,0.241,0,0,,,,0.192,0.006,0.002,0,0.023,0,0.006,0.018,0.006,0.032,0.016,,0.012,0,0,0,0,0.132,0,,,,
GIK15669-1,margo,0.75,34.8917,-7.815,,,0.002,0,0,0.08,0.025,0,,,0.172,0.092,0.095,0.003,0,,,,0.264,0.003,0.004,0,0.041,0,0.006,0.023,0.006,0.052,0.013,,0.006,0,0,0,0,0.102,0,,,,
GIK15669-1,margo,0.8,34.8917,-7.815,,,0.002,0,0,0.086,0.031,0,,,0.176,0.181,0.123,0.002,0,,,,0.127,0.005,0.001,0,0.093,0,0,0.02,0.003,0.05,0.018,,0.01,0,0,0,0,0.07,0,,,,
GIK15669-1,margo,0.85,34.8917,-7.815,,,0.001,0,0,0.096,0.016,0,,,0.213,0.077,0.082,0.001,0,,,,0.17,0.023,0.001,0,0.127,0.001,0.01,0.009,0,0.038,0.028,,0.015,0,0,0,0,0.072,0,,,,
GIK15669-1,margo,0.9,34.8917,-7.815,,,0,0,0,0.068,0.025,0,,,0.154,0.097,0.096,0,0,,,,0.296,0,0.001,0,0.092,0,0.004,0.014,0,0.05,0.017,,0,0,0,0,0,0.069,0,,,,
V17-165,margo,0.35,32.75,-41.9,,,0.005,0.013,0,0.082,0.029,0,,,0.213,0.027,0.053,0,0,,,,0.147,0.021,0.007,0.003,0.209,0.012,0.012,0.008,0.001,0.024,0.028,,0,0.007,0.003,0,0,0.094,0,,,,
V17-165,margo,0.45,32.75,-41.9,,,0.004,0.004,0,0.073,0.032,0.001,,,0.252,0.027,0.07,0,0,,,,0.153,0.011,0.005,0.01,0.198,0.009,0.002,0.004,0.003,0.028,0.019,,0,0.004,0,0,0,0.079,0,,,,
V17-165,margo,0.54,32.75,-41.9,,,0.007,0.002,0,0.009,0.016,0,,,0.214,0.047,0.09,0,0,,,,0.147,0.029,0.009,0.002,0.262,0.013,0,0.007,0,0.018,0.023,,0,0.002,0,0,0,0.074,0,,,,
V17-165,margo,0.58,32.75,-41.9,,,0.006,0.004,0,0.045,0.016,0,,,0.183,0.024,0.126,0,0,,,,0.2,0.033,0.002,0.01,0.226,0.014,0,0.004,0.004,0.01,0.016,,0,0.002,0,0,0,0.069,0,,,,
GIK15627-3,margo,0.2,29.1667,-12.0867,,,0,0,0,0.043,0.014,0,,,0.056,0.146,0.202,0.003,0,,,,0.362,0.002,0,0,0.023,0,0.002,0.004,0.007,0.005,0.009,,0.038,0,0,0,0,0.048,0,,,,
GIK15627-3,margo,0.23,29.1667,-12.0867,,,0.008,0.031,0,0.021,0.11,0,,,0.086,0.042,0,0,0,,,,0.363,0.016,0.003,0.026,0.076,0.081,0.01,0.008,0,0.008,0.013,,0.01,0.021,0,0,0,0.063,0,,,,
GIK15627-3,margo,0.24,29.1667,-12.0867,,,0,0,0,0.012,0.01,0,,,0.044,0.07,0.263,0.006,0,,,,0.404,0.002,0.002,0,0.065,0,0.004,0.007,0,0.018,0.001,,0.016,0,0,0,0,0.068,0,,,,
GIK15627-3,margo,0.3,29.1667,-12.0867,,,0.001,0,0,0.032,0.015,0,,,0.056,0.138,0.153,0.002,0,,,,0.385,0.004,0,0,0.035,0,0.009,0.005,0.002,0.009,0.002,,0.06,0,0,0,0,0.075,0,,,,
GIK15627-3,margo,0.34,29.1667,-12.0867,,,0,0,0,0.024,0.007,0,,,0.048,0.116,0.265,0,0,,,,0.34,0.002,0,0.002,0.046,0.002,0,0.002,0.002,0.008,0.012,,0.031,0,0,0,0,0.064,0,,,,
GIK15637-1,margo,0.51,27.005,-18.9867,,,0.002,0,0,0.023,0.07,0,,,0.109,0.151,0.188,0.003,0,,,,0.188,0.037,0,0,0.062,0.004,0,0.02,0.013,0.042,0.027,,0.003,0.003,0,0,0,0.05,0,,,,
GIK15637-1,margo,0.52,27.005,-18.9867,,,0,0,0,0.035,0.033,0,,,0.089,0.225,0.227,0.004,0,,,,0.161,0.035,0,0,0.078,0,0.004,0.018,0.002,0.025,0.008,,0,0,0.004,0,0,0.048,0,,,,
GIK15637-1,margo,0.54,27.005,-18.9867,,,0,0,0,0.026,0.05,0,,,0.14,0.19,0.163,0.002,0,,,,0.122,0.048,0,0,0.079,0.004,0.007,0.019,0.002,0.031,0.02,,0.009,0.004,0.002,0,0,0.074,0,,,,
GIK15637-1,margo,0.56,27.005,-18.9867,,,0,0,0,0.004,0.057,0,,,0.091,0.182,0.201,0.004,0,,,,0.157,0.074,0,0.002,0.074,0.002,0,0.013,0.014,0.036,0.023,,0.011,0,0,0,0,0.049,0,,,,
GIK15637-1,margo,0.57,27.005,-18.9867,,,0.002,0,0,0.01,0.041,0,,,0.115,0.192,0.226,0.003,0,,,,0.143,0.055,0,0,0.076,0.003,0.006,0.019,0.002,0.034,0.016,,0.006,0,0,0,0,0.052,0,,,,
GIK12309-2,margo,1.62,26.8383,-15.11,,,0,0,0,0.017,0,0,,,0.042,0.182,0.316,0,0,,,,0.289,0,0,0,0.024,0,0.003,0.005,0.003,0.008,0,,0.026,0,0,0,0,0.062,0.001,,,,
GIK12309-2,margo,1.73,26.8383,-15.11,,,0,0,0,0.015,0,0,,,0.051,0.143,0.26,0,0,,,,0.364,0,0,0,0.041,0,0,0.017,0,0.007,0,,0.045,0,0,0,0,0.039,0.001,,,,
GIK12309-2,margo,1.82,26.8383,-15.11,,,0,0,0,0.005,0,0,,,0.036,0.153,0.327,0,0,,,,0.303,0,0,0,0.042,0,0,0.007,0.002,0.01,0,,0.047,0,0,0,0,0.058,0,,,,
GIK12392-1,margo,1.12,25.1717,-16.845,,,0,0,0,0.007,0.003,0,,,0.043,0.108,0.376,0,0,,,,0.369,0,0,0,0.007,0,0,0.005,0.001,0.007,0,,0.047,0,0,0,0,0.022,0,,,,
GIK12392-1,margo,1.22,25.1717,-16.845,,,0,0.001,0,0.007,0.005,0,,,0.04,0.145,0.352,0,0,,,,0.347,0,0,0,0.017,0.001,0.001,0.002,0,0.01,0,,0.037,0.001,0.002,0,0,0.025,0,,,,
GIK12392-1,margo,1.32,25.1717,-16.845,,,0,0,0,0.008,0.002,0,,,0.046,0.105,0.302,0,0,,,,0.465,0,0,0,0.018,0.003,0,0.002,0.001,0.002,0,,0.032,0,0,0,0,0.005,0,,,,
GIK12392-1,margo,1.42,25.1717,-16.845,,,0,0,0,0.003,0.001,0,,,0.071,0.122,0.339,0,0,,,,0.378,0,0,0,0.014,0,0.001,0.001,0,0.004,0,,0.035,0,0.002,0,0,0.02,0,,,,
GIK12310-4,margo,1.11,23.4983,-18.7167,,,0.002,0,0,0.005,0.013,0,,,0.085,0.097,0.389,0,0,,,,0.344,0,0,0,0.025,0.003,0.002,0.003,0,0.005,0,,0.01,0,0,0,0,0.018,0,,,,
GIK12310-4,margo,1.22,23.4983,-18.7167,,,0.002,0,0,0.002,0.002,0,,,0.124,0.097,0.41,0,0,,,,0.29,0,0,0.002,0.026,0.002,0,0.004,0.002,0.006,0,,0.012,0,0,0,0,0.02,0,,,,
GIK12379-1,margo,2.33,23.135,-17.745,,,0,0,0,0.003,0.004,0,,,0.071,0.15,0.338,0,0,,,,0.359,0,0,0,0.011,0.002,0.002,0.002,0,0.004,0,,0.029,0,0,0,0,0.019,0,,,,
GIK12379-1,margo,2.42,23.135,-17.745,,,0,0,0,0.002,0,0,,,0.1,0.15,0.315,0,0,,,,0.371,0,0,0.001,0.017,0.001,0.001,0.006,0,0.003,0,,0.013,0,0,0,0,0.014,0,,,,
GIK12379-1,margo,2.52,23.135,-17.745,,,0,0,0,0.008,0.002,0,,,0.082,0.105,0.281,0,0,,,,0.438,0,0,0,0.015,0.002,0.002,0.004,0,0.004,0,,0.012,0,0,0,0,0.039,0,,,,
GIK12379-1,margo,2.63,23.135,-17.745,,,0,0,0,0,0.004,0,,,0.093,0.113,0.458,0,0,,,,0.25,0,0,0.002,0.014,0.001,0.001,0.004,0.001,0.005,0,,0.01,0,0,0,0,0.036,0,,,,
GIK12379-1,margo,2.73,23.135,-17.745,,,0,0,0,0.005,0.001,0,,,0.066,0.09,0.292,0,0.001,,,,0.412,0,0.001,0.002,0.013,0.008,0,0.003,0,0.004,0,,0.038,0,0.002,0,0,0.058,0,,,,
V23-100,margo,0.38,21.3,-22.68,,,0.467,0,0,0,0.015,0,,,0.003,0,0.02,0.051,0.138,,,,0.097,0.018,0,0,0.074,0.033,0.005,0.031,0,0.038,0.003,,0.003,0.005,0,0,0,0,0,,,,
GIK16017-2,margo,2.45,21.245,-17.8033,,,0,0,0,0.004,0,0,,,0.165,0.086,0.233,0,0,,,,0.452,0.004,0,0.002,0.019,0.006,0,0.003,0,0.005,0.005,,0,0,0,0,0,0.016,0,,,,
GIK16017-2,margo,2.5,21.245,-17.8033,,,0.001,0,0,0.001,0.001,0,,,0.174,0.088,0.154,0.002,0,,,,0.498,0,0,0.006,0.029,0.013,0,0.003,0.004,0.01,0.002,,0,0,0,0,0,0.009,0,,,,
GIK16017-2,margo,2.55,21.245,-17.8033,,,0,0,0,0,0,0,,,0.154,0.062,0.319,0.002,0,,,,0.409,0,0,0.003,0.019,0,0,0.002,0,0.009,0.001,,0,0,0,0,0,0.019,0,,,,
GIK16017-2,margo,2.6,21.245,-17.8033,,,0.004,0,0,0.008,0.002,0,,,0.179,0.123,0.219,0,0,,,,0.411,0.004,0,0.001,0.008,0.014,0.004,0.001,0,0.007,0.002,,0.004,0,0,0,0,0.008,0,,,,
GIK16017-2,margo,2.65,21.245,-17.8033,,,0,0,0,0,0,0,,,0.131,0.113,0.21,0.003,0,,,,0.469,0,0,0.012,0.024,0.006,0.003,0.005,0,0.005,0.003,,0,0,0,0,0,0.016,0,,,,
GIK16017-2,margo,2.7,21.245,-17.8033,,,0.004,0,0,0,0,0,,,0.155,0.111,0.248,0,0,,,,0.399,0,0,0.001,0.036,0.005,0,0.007,0,0.011,0.005,,0.004,0,0,0,0,0.016,0,,,,
GIK16017-2,margo,2.75,21.245,-17.8033,,,0.002,0.003,0,0.005,0,0,,,0.158,0.103,0.197,0.003,0,,,,0.441,0.001,0,0.005,0.034,0.005,0.003,0.006,0,0.006,0.009,,0.005,0,0,0,0,0.014,0,,,,
GIK12328-5,margo,1.8,21.145,-18.5733,,,0,0,0,0.005,0.001,0,,,0.035,0.159,0.259,0,0,,,,0.42,0,0,0.001,0.029,0,0,0.007,0,0.007,0,,0.026,0,0,0,0,0.043,0.001,,,,
GIK12328-5,margo,1.9,21.145,-18.5733,,,0,0,0,0,0,0,,,0.079,0.215,0.204,0,0,,,,0.319,0,0,0,0.017,0,0.003,0.006,0,0,0,,0.093,0,0,0,0,0.059,0,,,,
GIK12328-5,margo,2,21.145,-18.5733,,,0,0,0,0.002,0.002,0,,,0.109,0.244,0.244,0,0,,,,0.294,0,0,0,0.06,0,0.002,0.004,0,0.004,0,,0.018,0,0,0,0,0.008,0.002,,,,
GIK12328-5,margo,2.1,21.145,-18.5733,,,0,0,0,0.005,0.002,0,,,0.114,0.249,0.26,0,0,,,,0.318,0,0,0,0.008,0.002,0,0,0,0,0,,0.017,0,0,0,0,0.02,0.002,,,,
GIK12329-6,margo,0.49,19.3667,-19.93,,,0.014,0.004,0,0,0.001,0,,,0.119,0.169,0.308,0.002,0,,,,0.252,0.003,0,0.004,0.038,0.006,0,0.01,0,0.021,0,,0.005,0,0.002,0,0,0.04,0,,,,
BOFS31/1K,margo,0.54,18.9979,-20.1621,,,0,0,0,0.004,0.009,0.009,,,0.103,0.055,0.397,0.002,0,,,,0.3,0.022,0,0.004,0.02,0.002,0,0.011,0,0,0.004,,0.004,0,0.004,0,0,0.026,0,,,,
BOFS31/1K,margo,0.56,18.9979,-20.1621,,,0,0,0,0,0.007,0.007,,,0.13,0.059,0.412,0,0,,,,0.281,0.016,0,0.002,0.009,0.007,0.007,0.007,0,0,0.002,,0.002,0,0.002,0,0,0.025,0,,,,
BOFS31/1K,margo,0.58,18.9979,-20.1621,,,0,0,0.002,0,0.006,0.006,,,0.132,0.062,0.418,0,0,,,,0.291,0.009,0,0.003,0.016,0.005,0,0.009,0.002,0,0.002,,0.003,0,0.003,0,0,0.021,0.002,,,,
BOFS31/1K,margo,0.6,18.9979,-20.1621,,,0,0,0,0,0.003,0.003,,,0.121,0.086,0.388,0,0,,,,0.262,0.017,0,0.009,0.032,0.009,0,0.003,0,0,0.006,,0.009,0,0.006,0,0,0.029,0,,,,
BOFS31/1K,margo,0.62,18.9979,-20.1621,,,0,0,0,0,0,0,,,0.093,0.083,0.385,0.003,0,,,,0.292,0,0,0.003,0.03,0.01,0,0.01,0,0,0.007,,0.003,0,0.003,0,0,0.04,0,,,,
BOFS31/1K,margo,0.64,18.9979,-20.1621,,,0,0,0,0,0,0,,,0.106,0.073,0.382,0,0,,,,0.288,0.018,0,0.004,0.025,0.006,0,0.01,0,0,0.006,,0.004,0,0,0,0,0.047,0,,,,
BOFS31/1K,margo,0.66,18.9979,-20.1621,,,0,0,0,0.009,0,0,,,0.129,0.053,0.387,0.003,0,,,,0.27,0.006,0,0.006,0.035,0.009,0,0.006,0,0,0.022,,0.006,0,0.003,0,0,0.025,0,,,,
BOFS31/1K,margo,0.68,18.9979,-20.1621,,,0,0,0,0.002,0.005,0.005,,,0.107,0.102,0.315,0,0,,,,0.334,0.012,0.005,0.005,0.04,0.007,0,0.007,0,0,0.005,,0.005,0,0,0,0,0.024,0,,,,
V30-49,margo,0.64,18.433,-21.08,,,0.021,0,0,0,0.009,0,,,0.071,0.189,0.241,0.006,0,,,,0.251,0.018,0,0.021,0.029,0.006,0.006,0.018,0.006,0.018,0.029,,0.006,0,0.006,0,0,0.05,0,,,,
V30-49,margo,0.68,18.433,-21.08,,,0.036,0,0.003,0.003,0.006,0,,,0.114,0.278,0.161,0,0,,,,0.186,0.022,0,0.019,0.042,0.012,0.008,0.028,0,0.011,0.022,,0.008,0,0.022,0,0,0.019,0,,,,
V30-49,margo,0.72,18.433,-21.08,,,0.029,0,0,0,0.003,0,,,0.132,0.256,0.147,0,0,,,,0.232,0.006,0,0.015,0.056,0.018,0.012,0.026,0,0.012,0.018,,0.006,0,0.003,0,0,0.026,0,,,,
V30-49,margo,0.76,18.433,-21.08,,,0.014,0,0,0.003,0.003,0,,,0.096,0.326,0.14,0,0,,,,0.244,0.005,0,0.019,0.041,0.011,0.005,0.014,0,0.016,0.011,,0.011,0,0.003,0,0,0.036,0,,,,
GIK13291-1,margo,1.2,18.1175,-18.075,,,0.004,0,0,0,0,0,,,0.153,0.123,0.279,0.028,0,,,,0.301,0,0,0,0.03,0.011,0,0,0,0.006,0.003,,0.005,0,0,0,0,0.023,0,,,,
GIK13291-1,margo,1.3,18.1175,-18.075,,,0.001,0,0,0,0,0,,,0.106,0.078,0.224,0.01,0,,,,0.468,0.004,0,0,0.051,0.011,0,0,0,0,0,,0.009,0,0,0,0,0.013,0,,,,
GIK13291-1,margo,1.38,18.1175,-18.075,,,0.001,0,0,0,0,0,,,0.129,0.141,0.152,0,0,,,,0.389,0.006,0,0.014,0.042,0.004,0,0,0,0.006,0.009,,0.011,0,0.006,0,0,0.046,0,,,,
GIK13291-1,margo,1.44,18.1175,-18.075,,,0.007,0,0,0.005,0,0,,,0.133,0.144,0.107,0,0,,,,0.473,0.002,0.001,0.01,0.023,0.015,0,0,0.002,0.007,0.003,,0.018,0,0.005,0,0,0.025,0,,,,
GIK13291-1,margo,1.5,18.1175,-18.075,,,0.007,0,0,0.002,0,0,,,0.176,0.172,0.112,0,0,,,,0.472,0.002,0.001,0.003,0,0.004,0,0,0.002,0.005,0.001,,0.008,0,0.008,0,0,0.017,0,,,,
GIK13291-1,margo,1.6,18.1175,-18.075,,,0.008,0,0,0.006,0,0,,,0.158,0.16,0.105,0,0,,,,0.456,0,0,0.017,0.019,0.004,0,0,0,0,0,,0,0,0,0,0,0.036,0,,,,
GIK13289-3,margo,1.1,18.0732,-18.0092,,,0.001,0,0,0.011,0,0,,,0.101,0.181,0.255,0.009,0,,,,0.365,0,0,0.007,0.012,0.003,0.002,0.006,0,0,0,,0.02,0,0.002,0,0,0.024,0,,,,
GIK13289-3,margo,1.2,18.0732,-18.0092,,,0,0,0,0.009,0,0,,,0.121,0.128,0.212,0.009,0,,,,0.379,0.003,0,0.009,0.048,0.006,0,0.006,0.001,0.023,0,,0.017,0,0,0,0,0.024,0,,,,
GIK13289-3,margo,1.3,18.0732,-18.0092,,,0.012,0,0,0.016,0,0,,,0.103,0.097,0.114,0.003,0,,,,0.508,0.002,0.001,0.006,0.044,0.007,0,0.012,0,0.014,0.002,,0.015,0,0.003,0,0,0.04,0,,,,
V16-20,margo,0.36,17.933,-50.35,,,0.011,0,0.002,0.002,0.026,0,,,0,0.028,0,0,0,,,,0.011,0.002,0.014,0.025,0.619,0.159,0.005,0.005,0.002,0.037,0,,0,0,0,0,0,0.048,0,,,,
V16-20,margo,0.38,17.933,-50.35,,,0.003,0,0,0.003,0.025,0,,,0,0.017,0.002,0,0,,,,0.048,0,0.018,0.045,0.601,0.092,0.013,0.002,0.002,0.015,0.002,,0,0,0,0,0,0.11,0.002,,,,
V16-20,margo,0.4,17.933,-50.35,,,0.003,0,0,0.003,0.007,0,,,0,0.013,0,0,0,,,,0.003,0.005,0.005,0.025,0.538,0.108,0.02,0.003,0,0.015,0.015,,0.003,0,0.06,0,0,0.153,0,,,,
V16-20,margo,0.44,17.933,-50.35,,,0.003,0,0,0,0.036,0,,,0.003,0.024,0,0,0,,,,0.024,0.006,0.015,0.054,0.561,0.105,0.018,0.003,0.006,0.018,0,,0,0,0,0,0,0.116,0,,,,
M35027-1,margo,0.5,17.6483,-67.1667,,,0.005,0,0,0,0.002,0,,,0.005,0.042,0.001,0,0,,,,0.034,0,0.003,0.118,0.281,0.043,0.01,0.004,0,0.025,0.061,,0,0,0.111,0,0.001,0.232,0,,,,
M35027-1,margo,0.53,17.6483,-67.1667,,,0.008,0,0,0.01,0.017,0,,,0.002,0.02,0,0.015,0,,,,0.034,0.01,0.005,0.128,0.321,0.111,0.015,0.013,0.01,0.07,0.005,,0,0,0.026,0,0,0.15,0,,,,
M35027-1,margo,0.55,17.6483,-67.1667,,,0.01,0,0.008,0.008,0.004,0,,,0.006,0.029,0.009,0.008,0.001,,,,0.049,0,0.023,0.103,0.301,0.122,0.038,0.005,0,0.075,0.008,,0,0,0.023,0,0,0.17,0,,,,
M35027-1,margo,0.57,17.6483,-67.1667,,,0.001,0,0.001,0.044,0.01,0,,,0.007,0.021,0.002,0.018,0,,,,0.064,0.009,0.023,0.089,0.272,0.087,0.035,0.007,0.009,0.071,0,,0,0,0.044,0,0,0.177,0,,,,
M35027-1,margo,0.6,17.6483,-67.1667,,,0.002,0.19,0.007,0.014,0.011,0.011,,,0,0.001,0.026,0,0.001,,,,0.045,0.016,0,0.011,0.109,0.133,0.026,0,0,0.061,0.039,,0,0,0.296,0,0,0.026,0.004,,,,
M35027-1,margo,0.62,17.6483,-67.1667,,,0.012,0.14,0.002,0.015,0.016,0.016,,,0,0,0.014,0,0,,,,0.029,0.023,0,0,0.095,0.107,0.042,0.007,0,0.033,0.084,,0,0,0.319,0.01,0.004,0.007,0.004,,,,
V26-124,margo,0.64,16.133,-74.45,,,0.016,0.002,0,0.008,0.012,0,,,0.075,0.049,0.002,0,0.002,,,,0.045,0,0.006,0.1,0.401,0.081,0.016,0.012,0,0.035,0.022,,0,0.004,0,0,0,0.098,0,,,,
V26-124,margo,0.71,16.133,-74.45,,,0.015,0.005,0.007,0.007,0.005,0,,,0.034,0.041,0.005,0,0,,,,0.044,0.002,0.005,0.08,0.391,0.092,0.015,0.036,0,0.046,0.029,,0.005,0,0,0,0.002,0.124,0,,,,
V26-124,margo,0.74,16.133,-74.45,,,0.011,0,0,0.004,0.023,0,,,0.051,0.046,0.004,0,0,,,,0.032,0,0.004,0.129,0.386,0.081,0.018,0.016,0.001,0.039,0.012,,0,0.001,0.016,0,0,0.117,0,,,,
GIK12337-5,margo,1.6,15.9533,-18.1333,,,0.004,0,0,0.008,0.002,0,,,0.079,0.071,0.152,0.004,0,,,,0.445,0.018,0,0.02,0.069,0.024,0.002,0.008,0,0.016,0,,0.006,0,0.004,0,0,0.065,0,,,,
GIK12347-2,margo,3,15.825,-17.8617,,,0.023,0.006,0,0.004,0.001,0,,,0.162,0.075,0.317,0.01,0,,,,0.218,0.009,0,0.039,0.056,0.016,0,0.005,0.003,0.011,0,,0.012,0,0.009,0,0,0.024,0,,,,
GIK12347-2,margo,3.1,15.825,-17.8617,,,0.016,0.008,0,0,0,0,,,0.169,0.099,0.324,0.004,0,,,,0.219,0.003,0,0.044,0.029,0.01,0.001,0.01,0,0.007,0,,0.015,0,0.009,0,0,0.031,0,,,,
GIK12347-2,margo,3.2,15.825,-17.8617,,,0.025,0.008,0,0.004,0,0,,,0.187,0.098,0.352,0.006,0,,,,0.18,0.002,0,0.037,0.039,0.008,0,0.005,0.002,0.005,0,,0.014,0,0.006,0,0,0.02,0,,,,
GIK12345-5,margo,4.3,15.48,-17.36,,,0,0,0,0.013,0,0,,,0.213,0.106,0.296,0,0,,,,0.189,0,0,0.073,0.029,0.03,0,0.002,0,0.006,0.006,,0.011,0,0.014,0,0,0.013,0,,,,
GIK12345-5,margo,4.4,15.48,-17.36,,,0.005,0.006,0,0.009,0,0,,,0.192,0.082,0.281,0,0,,,,0.209,0.002,0,0.108,0.028,0.017,0,0.003,0.001,0.013,0,,0.01,0,0.017,0,0,0.015,0,,,,
GIK12345-5,margo,4.5,15.48,-17.36,,,0.005,0,0,0.011,0,0,,,0.177,0.166,0.214,0.002,0,,,,0.2,0,0,0.071,0.058,0.025,0.004,0.007,0.008,0,0.001,,0.015,0,0.013,0,0,0.023,0,,,,
GIK12345-5,margo,4.6,15.48,-17.36,,,0.002,0.006,0,0.014,0,0,,,0.215,0.163,0.181,0,0,,,,0.228,0.006,0,0.049,0.042,0.02,0,0.005,0.002,0.008,0,,0.02,0,0.009,0,0,0.03,0,,,,
GIK12345-5,margo,4.7,15.48,-17.36,,,0.001,0,0,0.029,0,0.006,,,0.192,0.18,0.119,0,0,,,,0.302,0,0,0.04,0.045,0.024,0.001,0.004,0.001,0.015,0.005,,0.009,0,0.006,0,0,0.02,0,,,,
GIK12345-5,margo,4.8,15.48,-17.36,,,0.011,0.016,0,0.013,0,0,,,0.191,0.13,0.07,0,0,,,,0.319,0.005,0,0.039,0.096,0.02,0,0.009,0,0.023,0.002,,0.011,0,0.011,0,0,0.034,0,,,,
GIK12345-5,margo,4.9,15.48,-17.36,,,0,0,0,0.05,0.009,0,,,0.137,0.096,0.076,0,0,,,,0.387,0.002,0,0.039,0.078,0.013,0,0.013,0.002,0.026,0.004,,0.015,0,0.011,0,0,0.041,0,,,,
V16-205,margo,0.19,15.4,-43.4,,,0.013,0,0,0.002,0.068,0.004,,,0.002,0,0.023,0.002,0.017,,,,0.008,0.006,0.023,0.034,0.506,0.212,0.017,0.008,0.013,0.032,0.008,,0,0,0,0,0,0,0,,,,
RC13-153,margo,0.59,15.065,-75.95,,,0.011,0,0,0.001,0.019,0,,,0.034,0.063,0.009,0,0.005,,,,0.056,0.004,0.028,0.096,0.368,0.073,0.011,0.013,0,0.057,0.004,,0.003,0.003,0.005,0,0,0.134,0,,,,
RC13-153,margo,0.6,15.065,-75.95,,,0.006,0,0,0.01,0.032,0,,,0.049,0.042,0.012,0,0,,,,0.016,0.006,0.023,0.075,0.328,0.107,0.019,0.01,0.003,0.091,0,,0,0,0.019,0,0,0.149,0,,,,
V18-357,margo,0.6,15.033,-80.23,,,0.007,0,0,0.011,0.036,0,,,0.018,0.022,0,0,0,,,,0.011,0.007,0.04,0.036,0.375,0.105,0.022,0.022,0,0.083,0.004,,0,0,0.04,0,0.004,0.159,0,,,,
V18-357,margo,0.61,15.033,-80.23,,,0.012,0.001,0.003,0.003,0.025,0,,,0.004,0.023,0.004,0,0.003,,,,0.012,0,0.014,0.096,0.476,0.078,0.023,0.018,0.006,0.047,0.014,,0,0,0,0,0,0.132,0,,,,
V18-357,margo,0.65,15.033,-80.23,,,0.009,0,0.006,0.009,0.027,0,,,0.011,0.047,0,0,0,,,,0.015,0,0.013,0.077,0.446,0.102,0.018,0.018,0.004,0.037,0.019,,0,0,0,0,0,0.131,0,,,,
V18-357,margo,0.7,15.033,-80.23,,,0,0,0,0.005,0.006,0,,,0.016,0.031,0.016,0,0,,,,0.005,0.005,0.036,0.086,0.464,0.114,0.016,0.016,0,0.034,0.005,,0,0,0.01,0,0,0.112,0,,,,
V18-357,margo,0.71,15.033,-80.23,,,0.011,0,0,0.003,0.025,0,,,0.02,0.056,0.003,0,0,,,,0.008,0,0.011,0.07,0.503,0.07,0.014,0.028,0.003,0.045,0,,0.003,0,0,0,0.003,0.098,0,,,,
V18-357,margo,0.79,15.033,-80.23,,,0.008,0.003,0,0.007,0.034,0.001,,,0.018,0.072,0.01,0,0.001,,,,0.02,0.004,0.005,0.069,0.415,0.078,0.003,0.026,0.003,0.043,0.009,,0,0.001,0,0,0.001,0.145,0,,,,
V18-357,margo,0.85,15.033,-80.23,,,0.003,0.003,0,0.003,0.005,0,,,0.036,0.087,0.015,0,0,,,,0.015,0,0.015,0.081,0.308,0.09,0.012,0.015,0,0.057,0.003,,0,0,0.033,0,0,0.198,0,,,,
V22-197,margo,1.11,14.167,-18.58,,,0.006,0,0,0.002,0.001,0,,,0.16,0.028,0.569,0.001,0,,,,0.076,0.007,0.001,0.033,0.032,0.021,0.003,0.018,0.003,0.003,0.004,,0.001,0,0,0,0,0.03,0,,,,
V22-197,margo,1.14,14.167,-18.58,,,0,0,0,0.003,0,0,,,0.19,0.02,0.534,0.007,0,,,,0.122,0.003,0,0.02,0.034,0.021,0,0.003,0,0.003,0,,0,0,0,0,0,0.031,0,,,,
V22-197,margo,1.19,14.167,-18.58,,,0.009,0,0.002,0.003,0,0,,,0.178,0.047,0.398,0.006,0,,,,0.161,0.009,0.001,0.048,0.041,0.038,0.004,0.004,0.001,0.005,0.005,,0.002,0,0,0,0,0.032,0,,,,
V22-197,margo,1.24,14.167,-18.58,,,0.004,0,0.001,0.004,0,0,,,0.203,0.074,0.438,0.006,0,,,,0.091,0.001,0,0.068,0.034,0.022,0.004,0.007,0.004,0.007,0.001,,0.003,0,0,0,0,0.02,0,,,,
V22-197,margo,1.31,14.167,-18.58,,,0.014,0,0,0,0,0,,,0.186,0.082,0.401,0.008,0,,,,0.148,0.003,0,0.033,0.041,0.02,0,0.027,0,0,0,,0.005,0,0,0,0,0.033,0,,,,
M35003-4,margo,3.1,12.09,-61.2433,,,0.018,0.005,0.016,0.021,0.008,0,,,0.005,0.036,0,0.005,0,,,,0.112,0.005,0.005,0.111,0.272,0.1,0,0,0,0.077,0.003,,0,0,0.005,0,0,0.195,0,,,,
M35003-4,margo,3.2,12.09,-61.2433,,,0.026,0.002,0,0.023,0.017,0,,,0.005,0.036,0.003,0.036,0,,,,0.094,0.014,0.011,0.144,0.195,0.101,0.005,0.001,0.001,0.061,0.027,,0,0,0.027,0,0,0.154,0,,,,
M35003-4,margo,3.3,12.09,-61.2433,,,0.049,0,0,0.022,0.018,0,,,0,0.058,0.008,0.022,0,,,,0.098,0.009,0.011,0.158,0.25,0.113,0.018,0,0.003,0.054,0.025,,0,0,0.024,0,0,0.058,0,,,,
M35003-4,margo,3.4,12.09,-61.2433,,,0.04,0,0,0.003,0.012,0,,,0.006,0.053,0.025,0.043,0,,,,0.068,0.015,0.006,0.139,0.245,0.161,0,0.006,0,0.062,0.006,,0.003,0,0.031,0,0.003,0.071,0,,,,
M35003-4,margo,3.5,12.09,-61.2433,,,0.025,0,0.002,0.023,0.02,0,,,0,0.07,0.002,0.002,0,,,,0.059,0.016,0.007,0.106,0.218,0.162,0.007,0.018,0,0.092,0.014,,0.009,0,0.025,0,0.002,0.104,0,,,,
M35003-4,margo,3.6,12.09,-61.2433,,,0.003,0,0,0.02,0.02,0,,,0,0.044,0.003,0,0,,,,0.092,0.03,0.007,0.128,0.324,0.13,0.007,0,0,0.052,0.012,,0.01,0,0.017,0,0,0.087,0,,,,
V28-127,margo,0.6,11.65,-80.13,,,0.017,0,0,0,0.069,0.003,,,0.006,0.042,0,0,0,,,,0.006,0.006,0.019,0.106,0.428,0.05,0.022,0.036,0,0.097,0.003,,0,0,0.003,0.003,0,0.086,0,,,,
GIK16415-2,margo,0.45,9.5667,-19.095,,,0.064,0,0.007,0,0.015,0.007,,,0.283,0.332,0.046,0.009,0,,,,0.057,0,0.01,0,0.044,0.104,0,0.015,0,0.009,0,,0,0,0,0,0,0,0,,,,
GIK13519-1,margo,0.27,5.67,-19.8517,,,0.016,0,0,0.031,0.012,0,,,0.02,0.043,0.049,0.002,0.002,,,,0.096,0.006,0.002,0.031,0.339,0.183,0.008,0.008,0.008,0.035,0.002,,0.002,0,0.012,0,0.002,0.091,0,,,,
GIK13519-1,margo,0.3,5.67,-19.8517,,,0.022,0,0,0.039,0.007,0,,,0.027,0.073,0.052,0.002,0,,,,0.09,0.005,0.005,0.029,0.33,0.139,0.015,0.01,0.012,0.022,0.012,,0,0,0.012,0,0.002,0.095,0,,,,
GIK13519-1,margo,0.35,5.67,-19.8517,,,0.008,0.003,0.001,0.014,0.008,0,,,0.044,0.076,0.027,0,0,,,,0.053,0.005,0.007,0.03,0.403,0.165,0.005,0.01,0.005,0.025,0.004,,0,0,0.003,0,0,0.104,0,,,,
GIK16457-2,margo,0.3,5.385,-21.7517,,,0.03,0,0,0,0.037,0.003,,,0.015,0.193,0.033,0,0.017,,,,0.051,0.003,0.007,0.015,0.287,0.271,0,0.006,0.009,0.003,0,,0,0,0,0,0,0.015,0,,,,
GIK16458-1,margo,0.26,5.335,-22.0533,,,0.042,0,0,0,0.013,0,,,0.023,0.116,0.01,0.011,0,,,,0.026,0,0.02,0.023,0.339,0.291,0.005,0.009,0.018,0.015,0.003,,0,0,0,0,0,0.036,0,,,,
GIK16458-1,margo,0.28,5.335,-22.0533,,,0.03,0,0,0.002,0.02,0,,,0.014,0.121,0.008,0.008,0,,,,0.045,0.005,0.023,0.02,0.355,0.281,0,0.014,0.005,0.018,0,,0,0,0,0,0,0.032,0,,,,
GIK16458-1,margo,0.3,5.335,-22.0533,,,0.023,0.002,0,0.002,0.025,0,,,0.013,0.109,0.021,0.013,0,,,,0.045,0,0.011,0.007,0.403,0.23,0,0.008,0.007,0.022,0,,0,0,0,0,0.002,0.058,0,,,,
GIK16458-2,margo,0.29,5.335,-22.055,,,0.009,0,0.01,0.005,0.014,0.018,,,0.002,0.038,0.011,0,0.009,,,,0.041,0,0.02,0.039,0.333,0.304,0.012,0.011,0.001,0.039,0.003,,0,0,0.005,0,0.002,0.084,0,,,,
GIK16458-2,margo,0.32,5.335,-22.055,,,0.003,0,0.026,0.003,0.004,0.011,,,0,0.042,0.002,0,0.015,,,,0.042,0,0.008,0.055,0.291,0.368,0.007,0.014,0.007,0.042,0.003,,0,0,0,0.001,0,0.057,0,,,,
GIK16776-1,margo,0.25,3.735,-11.3983,,,0,0,0.009,0,0,0,,,0.098,0.571,0.009,0,0,,,,0,0,0.08,0.018,0.062,0.152,0,0,0,0,0,,0,0,0,0,0,0,0,,,,
GIK16776-1,margo,0.4,3.735,-11.3983,,,0.03,0,0,0,0,0,,,0.13,0.403,0.013,0,0,,,,0.052,0,0.022,0.039,0.056,0.182,0,0.043,0.004,0.004,0.004,,0,0,0,0,0,0.017,0,,,,
GIK13521-1,margo,0.36,3.02,-22.0317,,,0.043,0,0.027,0,0.034,0.008,,,0.038,0.22,0.081,0.004,0.04,,,,0.026,0,0,0,0.171,0.26,0.004,0.001,0,0.026,0,,0,0,0,0.001,0,0.013,0,,,,
GIK13521-1,margo,0.39,3.02,-22.0317,,,0.037,0,0,0,0.071,0,,,0.108,0.344,0.204,0,0,,,,0.039,0,0,0,0.05,0.111,0,0.006,0.002,0.002,0,,0,0,0,0,0,0.013,0,,,,
GIK13521-1,margo,0.42,3.02,-22.0317,,,0.044,0,0,0,0.059,0,,,0.128,0.43,0.218,0,0,,,,0.012,0,0,0,0.031,0.053,0,0.001,0.009,0.003,0,,0,0,0,0,0,0.006,0,,,,
V25-59,margo,0.5,1.367,-33.48,,,0.026,0,0,0,0.124,0,,,0,0.205,0.068,0,0,,,,0.036,0.013,0.003,0.062,0.231,0.114,0,0.003,0.003,0.003,0.013,,0,0,0,0,0.007,0.085,0,,,,
V25-59,margo,0.52,1.367,-33.48,,,0.017,0,0,0,0.111,0,,,0.026,0.149,0.043,0,0.003,,,,0.04,0.009,0.003,0.094,0.237,0.12,0,0,0,0.014,0.009,,0.003,0,0.003,0,0,0.12,0,,,,
V25-59,margo,0.55,1.367,-33.48,,,0.038,0,0,0,0.072,0,,,0.013,0.204,0.047,0,0.003,,,,0.025,0.006,0.009,0.088,0.21,0.125,0.006,0.003,0.003,0.009,0.009,,0,0,0.003,0,0,0.125,0,,,,
V25-59,margo,0.57,1.367,-33.48,,,0.037,0,0,0,0.056,0,,,0.017,0.189,0.047,0.003,0.003,,,,0.033,0,0,0.11,0.193,0.152,0.007,0,0.003,0.003,0.01,,0,0,0.003,0,0,0.133,0,,,,
V25-59,margo,0.6,1.367,-33.48,,,0.025,0,0,0,0.071,0,,,0.012,0.189,0.065,0,0,,,,0.009,0.009,0.006,0.127,0.165,0.152,0.003,0,0,0.019,0.006,,0,0,0.012,0,0,0.124,0,,,,
V25-59,margo,0.62,1.367,-33.48,,,0.027,0,0.007,0.01,0.093,0,,,0.013,0.176,0.05,0.003,0,,,,0.037,0,0.003,0.13,0.193,0.103,0.003,0.007,0.003,0.013,0,,0.003,0,0.007,0,0,0.12,0,,,,
KH92-1-3a,margo,0.324,8.015666667,139.6401667,,,0.00704934542,0,,0.00704934542,,,,,0,0.09466263847,,0,0.02014098691,0,0.00704934542,,0.09466263847,0.00201409869,0.0443101712,,,0.07452165156,0.02416918429,0.00704934542,0.00805639476,0.05740181269,0.01007049345,,0.00201409869,,0.01510574018,0,0.00805639476,0.1258811682,0,,,,
KH92-1-5a,margo,0.222,3.531833333,141.8616667,,,0,0,,0,,,,,0,0.035,,0,0.045,0,0,,0.055,0.015,0.005,,,0.035,0.015,0,0,0.185,0,,0,,0.005,0,0.005,0.255,0,,,,
KH90-3-P2,margo,0.631,-1.170166667,160.007,,,0,0,,0,,,,,0,0.09989909183,,0,0.06155398587,0.01109989909,0.00201816347,,0.1241170535,0.00908173562,0.00706357215,,,0.05650857719,0.01311806256,0,0.00201816347,0.06357214934,0.00403632694,,0,,0.02219979818,0,0.00201816347,0.1876892028,0,,,,
KH90-3-P2,margo,0.677,-1.170166667,160.007,,,0.00300902708,0,,0,,,,,0,0.05616850552,,0,0.05115346038,0.00501504514,0,,0.1374122367,0.00200601805,0,,,0.04914744233,0.00702106319,0,0,0.07321965898,0.00300902708,,0,,0.01705115346,0,0,0.2427281846,0,,,,
MD972142,margo,2.775,12.69,119.47,,,0.00268817204,0,,0,,,,,0.00537634409,0.185483871,,0,0.06720430108,0.00537634409,0,,0.09677419355,0.00537634409,0.00537634409,,,0.0752688172,0.04032258065,0.00806451613,0,0.05913978495,0.1424731183,,0,,0.01344086022,0,0,0.08602150538,0,,,,
MD972142,margo,2.815,12.69,119.47,,,0.01724137931,0,,0,,,,,0.00287356322,0.183908046,,0,0.0632183908,0.00574712644,0,,0.09770114943,0.00574712644,0,,,0.09195402299,0.02298850575,0.02011494253,0,0.05172413793,0.1005747126,,0,,0.02011494253,0,0,0.1149425287,0,,,,
MD972142,margo,2.895,12.69,119.47,,,0.00959232614,0,,0,,,,,0.0071942446,0.1510791367,,0,0.1079136691,0.00959232614,0,,0.07434052758,0.01438848921,0,,,0.1007194245,0.01438848921,0.00959232614,0.00959232614,0.0479616307,0.1103117506,,0,,0.02158273381,0,0,0.1103117506,0,,,,
MD972142,margo,2.975,12.69,119.47,,,0.03056027165,0,,0,,,,,0.00169779287,0.1612903226,,0,0.07130730051,0.00679117148,0,,0.04753820034,0.02716468591,0.00339558574,,,0.08998302207,0.03395585739,0.00848896435,0.00679117148,0.04244482173,0.1290322581,,0,,0.0220713073,0,0,0.1052631579,0,,,,
MD972142,margo,3.055,12.69,119.47,,,0.0390625,0,,0,,,,,0.00520833333,0.1770833333,,0,0.0546875,0.00520833333,0,,0.109375,0.01041666667,0.00260416667,,,0,0.0390625,0.00520833333,0.0234375,0.04427083333,0.1666666667,,0,,0.00260416667,0,0,0.08072916667,0,,,,
MD972142,margo,3.135,12.69,119.47,,,0.03910614525,0,,0.00279329609,,,,,0.00558659218,0.1927374302,,0,0.07541899441,0.01396648045,0,,0.04748603352,0.01955307263,0.00558659218,,,0.1005586592,0.02793296089,0.00279329609,0.00279329609,0.03910614525,0.1536312849,,0,,0.00558659218,0,0,0.05027932961,0,,,,
MD972148,margo,9.955,19.8,117.54,,,0,0,,0,,,,,0.04032258065,0.310483871,,0,0.00806451613,0.01209677419,0,,0.1169354839,0,0,,,0.06451612903,0.01612903226,0.02419354839,0,0.00806451613,0.0685483871,,0,,0.01209677419,0,0,0.1330645161,0,,,,
MD972148,margo,10.035,19.8,117.54,,,0,0,,0,,,,,0.01811594203,0.4239130435,,0,0.01811594203,0.00362318841,0,,0.05072463768,0.00724637681,0,,,0.0652173913,0,0.02173913043,0,0.01449275362,0.05434782609,,0,,0,0,0,0.1376811594,0,,,,
MD972148,margo,10.115,19.8,117.54,,,0,0,,0,,,,,0.00900900901,0.472972973,,0,0.01351351351,0.0045045045,0,,0.04954954955,0,0,,,0.04054054054,0,0.00900900901,0.0045045045,0.01801801802,0.05405405405,,0,,0.01801801802,0,0,0.1081081081,0,,,,
MD972148,margo,10.195,19.8,117.54,,,0,0,,0,,,,,0.03738317757,0.5046728972,,0,0.00934579439,0.0046728972,0,,0.05140186916,0.0046728972,0,,,0.06074766355,0,0.02336448598,0,0.0046728972,0.02336448598,,0,,0.00934579439,0,0,0.1214953271,0,,,,
MD972148,margo,10.275,19.8,117.54,,,0.01593625498,0,,0,,,,,0.06772908367,0.4581673307,,0,0.01992031873,0,0,,0.05179282869,0.00398406375,0,,,0.08764940239,0.01195219124,0.02788844622,0,0.01593625498,0.07569721116,,0,,0.02390438247,0,0,0.03585657371,0,,,,
MD972148,margo,10.435,19.8,117.54,,,0.01229508197,0,,0,,,,,0.2581967213,0.2213114754,,0,0.01639344262,0,0,,0.03278688525,0.00819672131,0.00409836066,,,0.06147540984,0,0.01229508197,0,0.00819672131,0.02459016393,,0,,0.00409836066,0,0,0.1762295082,0,,,,
MD972148,margo,10.515,19.8,117.54,,,0.00790513834,0,,0,,,,,0.1106719368,0.2885375494,,0,0.02766798419,0,0,,0.07114624506,0.00395256917,0,,,0.07509881423,0.01581027668,0.01185770751,0,0.00790513834,0.0395256917,,0,,0.03162055336,0,0,0.1146245059,0,,,,
MD972148,margo,10.595,19.8,117.54,,,0.00423728814,0,,0,,,,,0.07627118644,0.3644067797,,0,0.04237288136,0.01271186441,0,,0.03813559322,0.00847457627,0,,,0.04237288136,0.00847457627,0.02118644068,0,0.00847457627,0.08474576271,,0,,0.02118644068,0,0,0.08474576271,0,,,,
MD972148,margo,10.675,19.8,117.54,,,0.01382488479,0,,0,,,,,0.0599078341,0.4516129032,,0,0.01843317972,0.00460829493,0,,0.0599078341,0.00921658986,0,,,0.05529953917,0.01843317972,0.00921658986,0,0.00460829493,0.05069124424,,0,,0.00921658986,0,0,0.1198156682,0,,,,
MD972148,margo,10.755,19.8,117.54,,,0.01025641026,0,,0,,,,,0.00512820513,0.4615384615,,0,0.00512820513,0.02051282051,0,,0.04615384615,0.02051282051,0,,,0.04615384615,0.02564102564,0.00512820513,0,0,0.04102564103,,0,,0.02051282051,0,0,0.1384615385,0,,,,
MD972148,margo,10.835,19.8,117.54,,,0.00660792952,0,,0,,,,,0.00881057269,0.4801762115,,0,0.02643171806,0,0,,0.05726872247,0.00220264317,0.00440528634,,,0.05947136564,0.01321585903,0.00440528634,0,0.00660792952,0.02422907489,,0.01101321586,,0.01101321586,0,0,0.1255506608,0,,,,
MD972148,margo,10.915,19.8,117.54,,,0.01547987616,0,,0,,,,,0.01238390093,0.5015479876,,0,0.01238390093,0.00619195046,0,,0.04024767802,0,0,,,0.08049535604,0.00619195046,0.01857585139,0.00309597523,0.01238390093,0.03095975232,,0.00309597523,,0.00619195046,0,0,0.09287925697,0,,,,
MD972148,margo,11.075,19.8,117.54,,,0.01013513514,0,,0,,,,,0.02364864865,0.4527027027,,0,0.02702702703,0.00675675676,0,,0.08108108108,0.00675675676,0,,,0.04054054054,0.00337837838,0.01013513514,0.00337837838,0.02027027027,0.06756756757,,0,,0.01013513514,0,0,0.0777027027,0,,,,
MD972148,margo,11.155,19.8,117.54,,,0.00684931507,0,,0,,,,,0.04452054795,0.3835616438,,0,0.02054794521,0.01369863014,0,,0.09931506849,0.00684931507,0,,,0.03082191781,0.01369863014,0.0102739726,0.00342465753,0.01369863014,0.07534246575,,0,,0.0102739726,0,0,0.08561643836,0,,,,
MD972148,margo,11.235,19.8,117.54,,,0.01454545455,0,,0,,,,,0.05090909091,0.4181818182,,0,0.01818181818,0.02545454545,0,,0.08363636364,0,0,,,0.04363636364,0.01818181818,0.01454545455,0,0.01818181818,0.08,,0,,0.01090909091,0,0,0.06909090909,0,,,,
MD972148,margo,11.315,19.8,117.54,,,0,0,,0,,,,,0.0859375,0.375,,0,0.0234375,0.0078125,0,,0.09375,0.00390625,0,,,0.06640625,0.01171875,0.02734375,0,0.01171875,0.0625,,0,,0.00390625,0.00390625,0,0.0625,0,,,,
MD972148,margo,11.395,19.8,117.54,,,0.01454545455,0,,0,,,,,0.05090909091,0.4254545455,,0,0.01090909091,0.00727272727,0,,0.07636363636,0.00363636364,0,,,0.04727272727,0.00363636364,0.01818181818,0,0.01090909091,0.1054545455,,0,,0.00727272727,0,0,0.08363636364,0,,,,
MD972148,margo,11.475,19.8,117.54,,,0.01327433628,0,,0,,,,,0.00884955752,0.4424778761,,0,0.01769911504,0.01327433628,0,,0.08407079646,0.01327433628,0.00442477876,,,0.08407079646,0.00884955752,0.00884955752,0,0.00884955752,0.1150442478,,0,,0.01327433628,0,0,0.03539823009,0,,,,
MD972148,margo,11.555,19.8,117.54,,,0.01872659176,0,,0,,,,,0.0074906367,0.4831460674,,0,0.01123595506,0.01498127341,0,,0.0936329588,0.00374531835,0,,,0.04494382022,0.01123595506,0.01872659176,0,0.01498127341,0.05617977528,,0,,0,0,0,0.08988764045,0,,,,
MD972148,margo,11.635,19.8,117.54,,,0.00737100737,0,,0,,,,,0.00737100737,0.457002457,,0,0.01965601966,0.01228501229,0,,0.1253071253,0.00245700246,0.00245700246,,,0.03931203931,0.00491400491,0.00491400491,0,0.00982800983,0.07862407862,,0,,0.00982800983,0,0,0.08353808354,0,,,,
MD972148,margo,11.715,19.8,117.54,,,0.00917431193,0,,0,,,,,0.00917431193,0.4885321101,,0,0.02981651376,0.02752293578,0,,0.08944954128,0.00458715596,0.00229357798,,,0.04587155963,0.00229357798,0.01146788991,0,0.00458715596,0.05963302752,,0,,0.00688073394,0.00229357798,0,0.07110091743,0,,,,
MD972148,margo,11.795,19.8,117.54,,,0.02760736196,0,,0,,,,,0.00613496933,0.4938650307,,0,0.02147239264,0.02760736196,0,,0.06748466258,0.00920245399,0,,,0.03987730061,0.02147239264,0.00306748466,0.00306748466,0.00306748466,0.03374233129,,0,,0.00613496933,0,0,0.1104294479,0,,,,
MD972148,margo,11.875,19.8,117.54,,,0.01337792642,0,,0.00334448161,,,,,0.00334448161,0.4882943144,,0,0.01672240803,0.01337792642,0,,0.09698996656,0.00668896321,0.00334448161,,,0.05016722408,0.01003344482,0.01337792642,0,0.01003344482,0.03344481605,,0,,0.00668896321,0.00334448161,0,0.09698996656,0,,,,
MD972148,margo,11.955,19.8,117.54,,,0.00925925926,0,,0,,,,,0,0.4513888889,,0,0.01388888889,0.01388888889,0,,0.09953703704,0.00925925926,0,,,0.05324074074,0.00925925926,0.00925925926,0,0.0162037037,0.05555555556,,0,,0.01851851852,0,0,0.0787037037,0,,,,
MD972148,margo,12.035,19.8,117.54,,,0.0119047619,0,,0.00238095238,,,,,0.00238095238,0.519047619,,0,0.02380952381,0.0119047619,0,,0.1023809524,0,0,,,0.06428571429,0,0.01666666667,0.00238095238,0.01428571429,0.0380952381,,0,,0.00714285714,0,0,0.05714285714,0,,,,
MD972148,margo,12.115,19.8,117.54,,,0.00748129676,0,,0,,,,,0.00498753117,0.506234414,,0,0.02244389027,0.01246882793,0,,0.072319202,0.00997506234,0.00249376559,,,0.05735660848,0.00748129676,0.02244389027,0,0.00997506234,0.02992518703,,0,,0.00249376559,0.00249376559,0,0.05735660848,0,,,,
MD972148,margo,12.195,19.8,117.54,,,0,0,,0.00350877193,,,,,0.03157894737,0.5754385965,,0,0.03859649123,0,0,,0.05614035088,0,0,,,0.04561403509,0.00350877193,0.01052631579,0,0,0.04561403509,,0,,0.00350877193,0,0,0.101754386,0,,,,
MD972148,margo,12.275,19.8,117.54,,,0,0,,0,,,,,0.1011235955,0.4344569288,,0,0.03745318352,0.01123595506,0,,0.07116104869,0.0074906367,0.0074906367,,,0.04494382022,0.0074906367,0.03370786517,0,0.01123595506,0.03745318352,,0,,0,0,0,0.0861423221,0,,,,
MD972148,margo,12.355,19.8,117.54,,,0,0,,0,,,,,0.08906882591,0.4028340081,,0,0.03238866397,0.00607287449,0,,0.1133603239,0.00607287449,0,,,0.08097165992,0.00809716599,0.03036437247,0,0.02226720648,0.04858299595,,0,,0.00809716599,0,0,0.06477732794,0,,,,
MD972148,margo,12.435,19.8,117.54,,,0,0,,0,,,,,0.08185840708,0.407079646,,0,0.02433628319,0.00442477876,0,,0.08185840708,0.01548672566,0.00221238938,,,0.05973451327,0.01548672566,0.01548672566,0,0.01327433628,0.08628318584,,0,,0.00663716814,0,0,0.09955752212,0,,,,
MD972148,margo,12.515,19.8,117.54,,,0,0,,0,,,,,0.04713114754,0.4651639344,,0,0.02254098361,0.00409836066,0,,0.08606557377,0.00204918033,0,,,0.05532786885,0.01229508197,0.00614754098,0.00204918033,0.02459016393,0.07172131148,,0,,0.00614754098,0,0,0.09426229508,0,,,,
MD972148,margo,12.595,19.8,117.54,,,0,0.00205761317,,0,,,,,0.08436213992,0.4650205761,,0,0.01440329218,0.00205761317,0,,0.04526748971,0.00205761317,0,,,0.02263374486,0.01440329218,0.01234567901,0.00205761317,0.01234567901,0.07407407407,,0,,0.00617283951,0,0,0.121399177,0,,,,
MD972148,margo,12.675,19.8,117.54,,,0,0,,0.00265957447,,,,,0.09574468085,0.3803191489,,0,0.02393617021,0.01063829787,0.00265957447,,0.07978723404,0,0,,,0.0585106383,0.01063829787,0.03723404255,0.00265957447,0.01595744681,0.03191489362,,0,,0.0079787234,0,0,0.04787234043,0,,,,
MD972148,margo,12.755,19.8,117.54,,,0,0,,0,,,,,0.06896551724,0.5095785441,,0,0.01915708812,0.00766283525,0,,0.06896551724,0.00383141762,0.00766283525,,,0.030651341,0.00766283525,0.02681992337,0,0.0153256705,0.05747126437,,0,,0,0,0,0.07279693487,0,,,,
MD972148,margo,12.835,19.8,117.54,,,0.0021691974,0,,0,,,,,0.114967462,0.3665943601,,0,0.02386117137,0.0021691974,0,,0.0715835141,0.00433839479,0.0021691974,,,0.03904555315,0.01084598698,0.01735357918,0.0021691974,0.01518438178,0.07809110629,,0,,0.00650759219,0.00433839479,0,0.08893709328,0,,,,
MD972148,margo,12.915,19.8,117.54,,,0,0,,0,,,,,0.01546391753,0.4896907216,,0,0.02577319588,0.00515463918,0,,0.0618556701,0,0.00515463918,,,0.05154639175,0.0206185567,0.01546391753,0,0.01030927835,0.05154639175,,0,,0.00515463918,0,0,0.1082474227,0,,,,
MD972151,margo,5.475,8.73,109.87,,,0.041139,0,,0.003165,,,,,0.003165,0.227848,,0,0.164557,0.015823,0,,0.037975,0.009494,0.009494,,,0.120253,0,0.012658,0.006329,0.015823,0.044304,,0,,0.03481,0,0,0.066456,0,,,,
MD972151,margo,5.555,8.73,109.87,,,0.033493,0,,0.004785,,,,,0.028708,0.157895,,0.004785,0.205742,0.019139,0,,0.038278,0.004785,0,,,0.15311,0.004785,0.033493,0,0.014354,0.028708,,0,,0.004785,0,0,0.076555,0,,,,
MD972151,margo,5.635,8.73,109.87,,,0.011869,0,,0.002967,,,,,0.005935,0.183976,,0,0.219585,0.008902,0,,0.065282,0.002967,0,,,0.04451,0,0.005935,0.005935,0.014837,0.05638,,0,,0.026706,0,0,0.074184,0,,,,
MD972151,margo,5.715,8.73,109.87,,,0.044554,0,,0,,,,,0.00495,0.143564,,0,0.118812,0.014851,0,,0.059406,0,0.00495,,,0.108911,0.00495,0.014851,0,0.029703,0.054455,,0,,0.014851,0,0,0.128713,0,,,,
MD972151,margo,5.795,8.73,109.87,,,0.035857,0,,0.003984,,,,,0.015936,0.187251,,0,0.179283,0.015936,0,,0.039841,0.011952,0,,,0.159363,0,0.003984,0,0.011952,0.075697,,0,,0.027888,0,0,0.039841,0,,,,
MD972151,margo,5.875,8.73,109.87,,,0.028662,0,,0.006369,,,,,0.006369,0.197452,,0,0.16879,0.012739,0,,0.035032,0.006369,0,,,0.10828,0,0,0,0.022293,0.063694,,0,,0.022293,0,0,0.05414,0,,,,
MD972151,margo,5.955,8.73,109.87,,,0.022727,0,,0,,,,,0.022727,0.19697,,0,0.155303,0.037879,0,,0.037879,0,0,,,0.121212,0,0.018939,0,0.015152,0.049242,,0,,0.026515,0,0,0.056818,0,,,,
MD972151,margo,6.035,8.73,109.87,,,0.007547,0,,0.011321,,,,,0.003774,0.14717,,0,0.109434,0.015094,0,,0.079245,0.007547,0.007547,,,0.128302,0.003774,0.011321,0,0.018868,0.060377,,0,,0.030189,0,0,0.067925,0,,,,
MD972151,margo,6.115,8.73,109.87,,,0.030848,0,,0.002571,,,,,0.002571,0.195373,,0,0.167095,0.010283,0,,0.053985,0.002571,0.005141,,,0.11054,0,0.012853,0.005141,0.007712,0.097686,,0,,0.033419,0,0,0.053985,0,,,,
MD972151,margo,6.195,8.73,109.87,,,0.020173,0,,0,,,,,0.002882,0.216138,,0,0.167147,0.005764,0,,0.040346,0.002882,0.008646,,,0.115274,0,0.017291,0,0.014409,0.057637,,0,,0.028818,0,0,0.057637,0,,,,
MD972151,margo,6.275,8.73,109.87,,,0.033149,0,,0.002762,,,,,0,0.229282,,0,0.157459,0.013812,0,,0.052486,0,0,,,0.121547,0,0.008287,0.002762,0.027624,0.074586,,0,,0.005525,0,0,0.044199,0,,,,
MD972151,margo,6.355,8.73,109.87,,,0.004219,0,,0.004219,,,,,0,0.21097,,0,0.151899,0.021097,0,,0.029536,0,0.004219,,,0.126582,0.004219,0.021097,0,0.037975,0.050633,,0,,0.016878,0,0,0.029536,0,,,,
MD972151,margo,6.435,8.73,109.87,,,0.01139,0,,0.002278,,,,,0.002278,0.191344,,0,0.170843,0.01139,0,,0.034169,0,0,,,0.186788,0,0.015945,0,0.013667,0.061503,,0,,0.013667,0,0,0.050114,0,,,,
MD972151,margo,6.515,8.73,109.87,,,0,0,,0.005076,,,,,0.025381,0.142132,,0,0.294416,0.010152,0,,0.050761,0.005076,0,,,0.055838,0.010152,0.010152,0,0.030457,0.076142,,0,,0.010152,0,0,0.025381,0,,,,
MD012394,margo,5.09,13.78,110.25,,,0,0,,0.045113,,,,,0.033835,0.390977,,0,0.026316,0.003759,0,,0.033835,0.007519,0,,,0.041353,0.030075,0.007519,0.007519,0.018797,0.045113,,0,,0.011278,0,0,0.078947,0,,,,
MD012394,margo,5.14,13.78,110.25,,,0,0,,0.04143615661,,,,,0.0165746632,0.3204418172,,0,0.04972398959,0,0,,0.0607734308,0.00552522199,0,,,0.06629865279,0.01104944121,0.00828683022,0.01104944121,0.02209988518,0.0441987676,,0,,0.0138120522,0,0,0.07182287201,0,,,,
MD012394,margo,5.19,13.78,110.25,,,0,0,,0.03352,,,,,0.030726,0.326816,,0,0.047486,0.002793,0,,0.036313,0.00838,0,,,0.058659,0.022346,0,0.002793,0.022346,0.044693,,0,,0.022346,0.002793,0,0.055866,0,,,,
MD012394,margo,5.24,13.78,110.25,,,0,0,,0.030303,,,,,0.030303,0.363636,,0,0.047619,0,0,,0.038961,0.004329,0,,,0.034632,0.025974,0.010823,0.004329,0.02381,0.064935,,0,,0.012987,0,0,0.064935,0,,,,
MD012394,margo,5.29,13.78,110.25,,,0,0,,0.0288070513,,,,,0.04115264353,0.3580241831,,0,0.03703677671,0,0,,0.032921914,0,0.01234559224,,,0.02469118447,0.04115264353,0.01646045494,0,0.00411486271,0.0288070513,,0,,0.01234559224,0,0,0.09876574201,0,,,,
MD012394,margo,5.34,13.78,110.25,,,0,0,,0.03750030281,,,,,0.02187517664,0.3374996972,,0,0.04687537852,0,0,,0.04375035328,0.00312502523,0.01562512617,,,0.03750030281,0.04687537852,0.0093750757,0.00312502523,0.01562512617,0.06874954578,,0,,0.00625005047,0,0,0.05937547945,0,,,,
MD012394,margo,5.39,13.78,110.25,,,0.004098,0,,0.040984,,,,,0.020492,0.331967,,0,0.045082,0,0,,0.04918,0.004098,0.016393,,,0.036885,0.020492,0.012295,0.004098,0.02459,0.045082,,0,,0.008197,0,0,0.061475,0,,,,
MD012394,margo,5.44,13.78,110.25,,,0,0,,0.033003,,,,,0.016502,0.30033,,0.0033,0.049505,0.006601,0,,0.052805,0.013201,0.006601,,,0.052805,0.023102,0.013201,0.006601,0.026403,0.052805,,0,,0.0033,0,0,0.069307,0,,,,
MD012394,margo,5.49,13.78,110.25,,,0,0,,0.036667,,,,,0.016667,0.296667,,0,0.043333,0.006667,0,,0.03,0.006667,0.003333,,,0.07,0.016667,0.016667,0,0.016667,0.026667,,0,,0.006667,0,0.003333,0.086667,0,,,,
MD012394,margo,5.54,13.78,110.25,,,0.00578021892,0,,0.04335214478,,,,,0.00578021892,0.2832367617,,0,0.02890210037,0.01156043784,0,,0.07803446406,0.01734065675,0.00289061235,,,0.03468231929,0.01156043784,0.02312188145,0.00867083127,0.01156043784,0.03468231929,,0,,0.01156043784,0,0,0.09248551425,0,,,,
MD012394,margo,5.59,13.78,110.25,,,0,0,,0.01916905344,,,,,0.03194875679,0.297124341,,0.00319517664,0.03194875679,0,0,,0.06389751358,0.00958452672,0,,,0.06389751358,0.01597487999,0.03194875679,0.00958452672,0.00638935008,0.03514393343,,0,,0.00638935008,0,0,0.07667721694,0,,,,
MD012394,margo,5.64,13.78,110.25,,,0,0,,0.042254,,,,,0.018779,0.276995,,0,0.061033,0,0,,0.042254,0.004695,0,,,0.037559,0.014085,0.00939,0.00939,0.014085,0.028169,,0,,0.014085,0,0,0.089202,0,,,,
MD012394,margo,5.69,13.78,110.25,,,0,0,,0.03956881463,,,,,0.00359689126,0.2805755829,,0,0.02158235115,0,0,,0.06115116578,0.00359689126,0,,,0.05755427452,0.02877713726,0.02158235115,0,0.01438856863,0.03597091978,,0,,0.025180246,0,0,0.07194284315,0,,,,
MD012394,margo,5.74,13.78,110.25,,,0.00313479624,0,,0.01880877743,,,,,0.02821316614,0.2194357367,,0,0.05642633229,0,0,,0.04388714734,0.01253918495,0.00313479624,,,0.05956112853,0.01567398119,0.02821316614,0.00313479624,0.02507836991,0.07523510972,,0,,0.03448275862,0,0,0.08150470219,0,,,,
MD012394,margo,5.79,13.78,110.25,,,0.037249,0,,0.017192,,,,,0.017192,0.25788,,0,0.051576,0,0,,0.048711,0.008596,0,,,0.074499,0.011461,0.014327,0.005731,0.014327,0.057307,,0,,0.028653,0,0,0.114613,0,,,,
MD012394,margo,5.84,13.78,110.25,,,0.01928365515,0,,0.01928365515,,,,,0.04132240546,0.2451793376,,0,0.03305812547,0,0,,0.05785096544,0.01101937516,0.00550918482,,,0.06611524543,0.00826427999,0.02203875031,0.00550918482,0.01377447032,0.04683159028,,0,,0.01101937516,0,0,0.07988971575,0,,,,
31-KL,margo,1.61,18.75,115.87,,,0.01829268293,0,,0,,,,,0.02134146341,0.4298780488,,0,0.01524390244,0.00914634146,0,,0.04268292683,0.00914634146,0,,,0.06097560976,0.00304878049,0.00609756098,0,0.00914634146,0.02743902439,,0,,0.00914634146,0,0,0.07926829268,0,,,,
31-KL,margo,1.65,18.75,115.87,,,0.01990049751,0,,0.00497512438,,,,,0.08457711443,0.3830845771,,0,0.03482587065,0.00995024876,0,,0.06467661692,0,0.00995024876,,,0.06965174129,0.00995024876,0.00995024876,0,0.00497512438,0.00995024876,,0,,0,0,0,0.05970149254,0,,,,
31-KL,margo,1.69,18.75,115.87,,,0.02040816327,0,,0,,,,,0.04591836735,0.5357142857,,0,0.03571428571,0,0.01020408163,,0.05612244898,0,0.00510204082,,,0.05102040816,0.01020408163,0.02040816327,0,0,0.01020408163,,0,,0.00510204082,0,0,0.03571428571,0,,,,
31-KL,margo,1.73,18.75,115.87,,,0.00630914826,0,,0,,,,,0.01577287066,0.4416403785,,0,0.04731861199,0,0.00315457413,,0.05047318612,0.02208201893,0,,,0.05362776025,0,0.01577287066,0,0.01261829653,0.05047318612,,0,,0.01261829653,0,0,0.07570977918,0,,,,
31-KL,margo,1.77,18.75,115.87,,,0.01030927835,0,,0.00343642612,,,,,0.0618556701,0.5395189003,,0,0.02405498282,0.01718213058,0,,0.07216494845,0.00343642612,0.00343642612,,,0.0206185567,0.00343642612,0.0206185567,0.00343642612,0.00687285223,0.0206185567,,0,,0,0.00343642612,0,0.04810996564,0,,,,
31-KL,margo,1.81,18.75,115.87,,,0.00487804878,0,,0,,,,,0.1024390244,0.5219512195,,0,0.00487804878,0.00487804878,0,,0.07804878049,0,0,,,0.03902439024,0.00975609756,0.00487804878,0.00487804878,0.00975609756,0.00975609756,,0,,0,0,0,0.06829268293,0,,,,
31-KL,margo,1.85,18.75,115.87,,,0,0,,0,,,,,0.118226601,0.4581280788,,0,0.0197044335,0,0,,0.05418719212,0.01477832512,0,,,0.05418719212,0.00985221675,0.01477832512,0,0,0.0197044335,,0,,0,0,0,0.04926108374,0,,,,
31-KL,margo,1.89,18.75,115.87,,,0,0,,0,,,,,0.1149425287,0.3908045977,,0,0.02873563218,0,0,,0.1091954023,0.01149425287,0.00574712644,,,0.02873563218,0.00574712644,0.00574712644,0,0.01724137931,0.02873563218,,0,,0.00574712644,0,0,0.08620689655,0,,,,
31-KL,margo,1.97,18.75,115.87,,,0.0074906367,0,,0.00374531835,,,,,0.138576779,0.3970037453,,0,0.03370786517,0.00374531835,0.00374531835,,0.06741573034,0.0074906367,0.0074906367,,,0.04868913858,0,0.01498127341,0.0074906367,0.0074906367,0.01872659176,,0,,0,0,0,0.04494382022,0,,,,
31-KL,margo,2.01,18.75,115.87,,,0.01290322581,0,,0.01290322581,,,,,0.1612903226,0.4,,0,0.02580645161,0,0,,0.03225806452,0.01290322581,0.01290322581,,,0.03225806452,0.01290322581,0.01290322581,0.0064516129,0.0064516129,0.01935483871,,0,,0,0,0,0.05806451613,0,,,,
31-KL,margo,2.05,18.75,115.87,,,0.00980392157,0,,0.00490196078,,,,,0.1078431373,0.3970588235,,0,0.03921568627,0.01960784314,0,,0.05882352941,0.00980392157,0.00980392157,,,0.03921568627,0,0.01470588235,0,0.01470588235,0.03921568627,,0,,0,0,0,0.03431372549,0,,,,
31-KL,margo,2.09,18.75,115.87,,,0.01754385965,0,,0.00438596491,,,,,0.1315789474,0.3815789474,,0,0.04385964912,0.01315789474,0,,0.03070175439,0.00877192982,0.00877192982,,,0.06578947368,0.00877192982,0.01754385965,0,0.01315789474,0.01754385965,,0,,0,0,0,0.06140350877,0,,,,
31-KL,margo,2.13,18.75,115.87,,,0.015625,0,,0.00520833333,,,,,0.1458333333,0.4583333333,,0,0.04166666667,0,0,,0.05729166667,0.00520833333,0.00520833333,,,0.04166666667,0.01041666667,0.01041666667,0,0.01041666667,0.03125,,0,,0,0.00520833333,0,0.03125,0,,,,
31-KL,margo,2.17,18.75,115.87,,,0.00952380952,0,,0.01428571429,,,,,0.1428571429,0.4571428571,,0,0.01904761905,0,0,,0.02857142857,0.00952380952,0.00476190476,,,0.03333333333,0.00476190476,0,0,0.00476190476,0.03333333333,,0,,0,0,0,0.09523809524,0,,,,
17938-2,margo,3.65,19.78,117.53,,,0.00301204819,0,,0.00301204819,,,,,0.06626506024,0.5180722892,,0,0.02108433735,0,0,,0.06325301205,0.00301204819,0,,,0.05120481928,0.01204819277,0.00301204819,0,0.00602409639,0.03313253012,,0,,0.02409638554,0.00301204819,0,0.0843373494,0,,,,
17938-2,margo,3.75,19.78,117.53,,,0,0,,0.00917431193,,,,,0.06116207951,0.4525993884,,0,0.02752293578,0.00305810398,0,,0.06727828746,0.00917431193,0.00611620795,,,0.03975535168,0.01529051988,0.02140672783,0,0.00611620795,0.03058103976,,0,,0.01529051988,0,0,0.08868501529,0,,,,
17938-2,margo,3.85,19.78,117.53,,,0.00307692308,0,,0.00923076923,,,,,0.03692307692,0.4830769231,,0,0.01538461538,0,0,,0.07076923077,0.00615384615,0.00615384615,,,0.04923076923,0.00923076923,0.02153846154,0,0.01230769231,0.06153846154,,0,,0.01846153846,0,0,0.04,0,,,,
17938-2,margo,3.95,19.78,117.53,,,0.00421940928,0,,0.00421940928,,,,,0.07172995781,0.3966244726,,0,0.0358649789,0,0,,0.0864978903,0.00421940928,0.00210970464,,,0.06962025316,0.02953586498,0.00632911392,0.00421940928,0.01687763713,0.04008438819,,0,,0.00632911392,0,0,0.05696202532,0,,,,
17938-2,margo,4.05,19.78,117.53,,,0.00737100737,0,,0.00245700246,,,,,0.05651105651,0.4963144963,,0,0.02211302211,0,0,,0.04422604423,0.00737100737,0.00245700246,,,0.01474201474,0.02457002457,0.01965601966,0,0.01228501229,0.0343980344,,0,,0.00245700246,0,0,0.08108108108,0,,,,
17938-2,margo,4.15,19.78,117.53,,,0.0035971223,0,,0.0035971223,,,,,0.03597122302,0.4244604317,,0,0.01798561151,0,0,,0.1079136691,0.0071942446,0.0035971223,,,0.01438848921,0.01438848921,0.0071942446,0,0.01079136691,0.03956834532,,0,,0.0035971223,0,0,0.07194244604,0,,,,
17938-2,margo,4.25,19.78,117.53,,,0,0,,0.01545253863,,,,,0.00220750552,0.3841059603,,0,0.03752759382,0,0.00220750552,,0.09492273731,0.01103752759,0.00220750552,,,0.02869757174,0.02869757174,0.01545253863,0,0.00662251656,0.0353200883,,0,,0.00441501104,0,0,0.08388520971,0,,,,
17938-2,margo,4.35,19.78,117.53,,,0,0,,0.02448979592,,,,,0.02040816327,0.4367346939,,0,0.03673469388,0,0.00816326531,,0.07346938776,0.01632653061,0,,,0.02448979592,0,0.02448979592,0,0.00408163265,0.04489795918,,0,,0.02448979592,0,0,0.07346938776,0,,,,
17938-2,margo,4.45,19.78,117.53,,,0,0,,0.00471698113,,,,,0.03773584906,0.5636792453,,0,0.0070754717,0,0,,0.04009433962,0.00235849057,0.00235849057,,,0.03773584906,0.00471698113,0.01179245283,0,0.0141509434,0.02122641509,,0,,0.02594339623,0,0,0.07311320755,0,,,,
17938-2,margo,4.55,19.78,117.53,,,0,0,,0,,,,,0.06593406593,0.3846153846,,0,0.01098901099,0,0,,0.07142857143,0.00549450549,0,,,0.02747252747,0.01098901099,0.01648351648,0,0.01098901099,0.03846153846,,0,,0.00549450549,0,0,0.1153846154,0,,,,
17938-2,margo,4.65,19.78,117.53,,,0,0,,0.00514138817,,,,,0.01285347044,0.3881748072,,0,0.00771208226,0,0.00514138817,,0.05398457584,0.00257069409,0,,,0.07712082262,0.00771208226,0.03856041131,0,0.02313624679,0.03598971722,,0,,0.00257069409,0,0,0.1388174807,0,,,,
17938-2,margo,4.75,19.78,117.53,,,0.00338983051,0,,0.00338983051,,,,,0.03389830508,0.4881355932,,0,0.02033898305,0,0.00338983051,,0.04406779661,0.00338983051,0,,,0.04745762712,0.00677966102,0.02033898305,0,0.01016949153,0.02372881356,,0,,0.03728813559,0,0,0.1254237288,0,,,,
17938-2,margo,4.85,19.78,117.53,,,0.0522388,0,,0,,,,,0.2052238,0.1940298507,,0,0.01492537313,0.00373134328,0,,0.05597014925,0.01492537313,0.01492537313,,,0.07089552239,0.01119402985,0.00373134328,0.00373134328,0.01492537313,0.0223880597,,0,,0.01119402985,0,0,0.1567164179,0,,,,
17938-2,margo,4.95,19.78,117.53,,,0,0,,0.00536193029,,,,,0.09383378016,0.471849866,,0,0.02144772118,0.00268096515,0,,0.03753351206,0.00536193029,0.00268096515,,,0.02949061662,0.00268096515,0.01340482574,0,0.01072386059,0.04289544236,,0,,0.00536193029,0,0,0.1286863271,0,,,,
17938-2,margo,5.05,19.78,117.53,,,0.00546448087,0,,0,,,,,0.00546448087,0.5054644809,,0,0.01366120219,0.00273224044,0.00819672131,,0.06010928962,0.00273224044,0,,,0.04918032787,0.00546448087,0.01366120219,0,0.01366120219,0.03551912568,,0,,0.02459016393,0,0,0.05737704918,0,,,,
17938-2,margo,5.15,19.78,117.53,,,0.00657894737,0,,0.01315789474,,,,,0.00657894737,0.4868421053,,0,0.01644736842,0,0,,0.04276315789,0.00657894737,0,,,0.07894736842,0.00657894737,0.01315789474,0,0.02302631579,0.02631578947,,0,,0.01315789474,0,0,0.09539473684,0,,,,
17938-2,margo,5.25,19.78,117.53,,,0.02008032129,0,,0.00602409639,,,,,0.05220883534,0.483935743,,0,0.01606425703,0.00602409639,0,,0.0421686747,0,0.00200803213,,,0.06024096386,0.00602409639,0.02610441767,0,0.03012048193,0.02208835341,,0,,0.00803212851,0,0,0.07429718876,0,,,,
17938-2,margo,5.35,19.78,117.53,,,0.00853242321,0,,0.01535836177,,,,,0.06484641638,0.5051194539,,0,0.02730375427,0.00341296928,0,,0.06484641638,0.00341296928,0.00341296928,,,0.05119453925,0.02218430034,0.01877133106,0,0.00853242321,0.03071672355,,0,,0.00853242321,0,0,0.04948805461,0,,,,
17938-2,margo,5.45,19.78,117.53,,,0.00204081633,0,,0.00204081633,,,,,0.00612244898,0.4285714286,,0,0.00612244898,0,0,,0.1306122449,0.00612244898,0.00816326531,,,0.05714285714,0.01020408163,0.00408163265,0,0.04081632653,0.0306122449,,0,,0.01632653061,0,0,0.1,0,,,,
17938-2,margo,5.55,19.78,117.53,,,0.01659751037,0,,0.01244813278,,,,,0,0.4979253112,,0,0.07053941909,0,0,,0.0622406639,0,0.00414937759,,,0.04979253112,0.00414937759,0.01244813278,0,0.01659751037,0.02489626556,,0,,0.01659751037,0,0,0.07468879668,0,,,,
17938-2,margo,5.6,19.78,117.53,,,0.01760889713,0,,0.0046339203,,,,,0,0.5403151066,,0,0.02224281742,0.00092678406,0.00185356812,,0.07784986098,0.00370713624,0.00092678406,,,0.06394810009,0.00556070436,0.01019462465,0.00092678406,0.01297497683,0.02873030584,,0,,0.00370713624,0,0,0.08155699722,0,,,,
17938-2,margo,5.65,19.78,117.53,,,0.01416430595,0,,0.00849858357,,,,,0.00283286119,0.6033994334,,0,0.00849858357,0,0,,0.05099150142,0.00566572238,0,,,0.04532577904,0.00566572238,0.00566572238,0,0.01133144476,0.03116147309,,0,,0.01983002833,0,0,0.07082152975,0,,,,
17938-2,margo,5.75,19.78,117.53,,,0.0022172949,0,,0.0066518847,,,,,0,0.5521064302,,0,0.0155210643,0.0044345898,0.0044345898,,0.05986696231,0.0022172949,0,,,0.07317073171,0.0044345898,0.0110864745,0.0022172949,0.0110864745,0.0243902439,,0,,0.0022172949,0,0,0.08647450111,0,,,,
17938-2,margo,5.85,19.78,117.53,,,0.00699300699,0,,0.0027972028,,,,,0.1202797203,0.606993007,,0,0.01538461538,0.0027972028,0.0013986014,,0.04055944056,0.0013986014,0.0041958042,,,0.01818181818,0.0013986014,0.00699300699,0,0.00559440559,0.03216783217,,0,,0.0041958042,0,0,0.05314685315,0,,,,
ODP506B,margo,97,0.61,-86.092,,,0,0,,0,,,,,0.05476190476,0.4904761905,,0,0.0119047619,0,0,,0.1738095238,0,0.00238095238,,,0.00714285714,0,0.00714285714,0.00238095238,0.01904761905,0.01428571429,,0,,0.00238095238,0,0,0.03571428571,0,,,,
ODP506B,margo,100,0.61,-86.092,,,0.00634249471,0,,0,,,,,0.08456659619,0.5031712474,,0,0.01057082452,0,0,,0.1226215645,0,0,,,0.0021141649,0.00845665962,0.01057082452,0,0.01268498943,0.01268498943,,0,,0.00422832981,0,0,0.03382663848,0,,,,
ODP506B,margo,102,0.61,-86.092,,,0,0,,0,,,,,0.09550561798,0.4915730337,,0,0.00842696629,0,0.00280898876,,0.1207865169,0,0,,,0.00561797753,0.00561797753,0.00280898876,0,0.00842696629,0.00561797753,,0,,0.00561797753,0,0,0.04494382022,0,,,,
ODP506B,margo,110,0.61,-86.092,,,0.00626959248,0,,0,,,,,0.06269592476,0.5987460815,,0,0.00313479624,0,0,,0.08150470219,0.00313479624,0,,,0,0.00940438871,0.00313479624,0,0.00313479624,0,,0,,0,0,0,0.05329153605,0,,,,
ODP506B,margo,114,0.61,-86.092,,,0,0,,0,,,,,0.04189944134,0.5921787709,,0,0.01396648045,0,0,,0.1005586592,0,0,,,0.01396648045,0.00279329609,0.01675977654,0,0.01675977654,0,,0,,0.00279329609,0,0,0.01396648045,0,,,,
ODP506B,margo,118,0.61,-86.092,,,0.00290697674,0,,0,,,,,0.03488372093,0.5406976744,,0,0.00581395349,0,0,,0.1308139535,0,0,,,0.01162790698,0.00290697674,0.02906976744,0,0.01162790698,0,,0,,0.00290697674,0,0,0.05523255814,0,,,,
ODP677B,margo,104,1.202,-83.737,,,0.00289017341,0,,0,,,,,0.01734104046,0.5809248555,,0,0.00289017341,0,0,,0.06358381503,0,0,,,0.00578034682,0.00289017341,0.00867052023,0.01156069364,0,0,,0,,0.00289017341,0,0,0.0549132948,0,,,,
ODP677B,margo,107,1.202,-83.737,,,0,0,,0,,,,,0.02657807309,0.6146179402,,0,0.00332225914,0,0,,0.05647840532,0,0,,,0.00664451827,0,0.01661129568,0,0.00332225914,0.00664451827,,0,,0,0,0,0.02990033223,0,,,,
ODP677B,margo,110,1.202,-83.737,,,0,0,,0,,,,,0.03857566766,0.6379821958,,0,0.0059347181,0,0,,0.06528189911,0,0,,,0.0059347181,0,0.02077151335,0,0.0059347181,0,,0,,0,0,0,0.03560830861,0,,,,
ODP677B,margo,113,1.202,-83.737,,,0.00269541779,0,,0.00269541779,,,,,0.04851752022,0.5283018868,,0,0.00539083558,0,0,,0.06738544474,0,0,,,0.01347708895,0,0.01347708895,0,0,0.00269541779,,0,,0.00539083558,0,0,0.03773584906,0,,,,
ODP677B,margo,116,1.202,-83.737,,,0.00325732899,0,,0,,,,,0.02605863192,0.6319218241,,0,0.01302931596,0,0,,0.04885993485,0,0,,,0.01302931596,0.00325732899,0.01954397394,0,0.00977198697,0,,0,,0,0,0,0.0325732899,0,,,,
ODP677B,margo,119,1.202,-83.737,,,0.00317460317,0,,0,,,,,0.0380952381,0.5174603175,,0,0.01904761905,0,0,,0.06031746032,0,0,,,0,0,0.00634920635,0,0.00317460317,0.02222222222,,0,,0,0,0,0.04761904762,0,,,,
ODP846B,margo,78,-3.05,-90.49,,,0,0,,0,,,,,0.2633333333,0.4666666667,,0,0,0,0.00333333333,,0.1233333333,0.00333333333,0,,,0.01,0,0.01666666667,0,0.01333333333,0.00666666667,,0,,0,0,0,0.01666666667,0,,,,
ODP846B,margo,81,-3.05,-90.49,,,0,0,,0,,,,,0.1195335277,0.4868804665,,0,0,0,0,,0.2653061224,0,0,,,0.00583090379,0,0.00583090379,0,0.0029154519,0,,0,,0,0,0,0.01457725948,0,,,,
ODP846B,margo,85,-3.05,-90.49,,,0.00666666667,0,,0,,,,,0.2266666667,0.4,,0,0.00333333333,0,0,,0.1933333333,0,0.00333333333,,,0,0.00333333333,0.00666666667,0,0.00666666667,0,,0,,0.00333333333,0,0,0.02666666667,0,,,,
ODP846B,margo,88,-3.05,-90.49,,,0,0,,0,,,,,0.1623529412,0.4023529412,,0,0.00235294118,0,0,,0.2141176471,0,0,,,0.00470588235,0,0.00235294118,0,0.00470588235,0.00470588235,,0,,0,0,0,0.03529411765,0,,,,
ODP846B,margo,89,-3.05,-90.49,,,0.00964630225,0,,0,,,,,0.3279742765,0.3633440514,,0,0.00643086817,0,0.00643086817,,0.1382636656,0.00321543408,0,,,0.00964630225,0,0.02250803859,0,0,0.00321543408,,0,,0,0,0,0,0,,,,
ODP846B,margo,93,-3.05,-90.49,,,0,0,,0,,,,,0.1518151815,0.5247524752,,0,0.00330033003,0,0.00330033003,,0.1848184818,0,0,,,0.00330033003,0,0.01650165017,0.00330033003,0,0.00330033003,,0.00330033003,,0,0,0,0.0198019802,0,,,,
ODP846B,margo,97,-3.05,-90.49,,,0,0,,0,,,,,0.1328903654,0.5946843854,,0,0,0,0.00664451827,,0.1029900332,0,0,,,0.00332225914,0,0.01661129568,0.00332225914,0.00664451827,0,,0,,0,0,0,0.02325581395,0,,,,
ODP846B,margo,100,-3.05,-90.49,,,0,0,,0,,,,,0.09509202454,0.5122699387,,0,0.00306748466,0,0,,0.1503067485,0,0,,,0.00613496933,0,0.01226993865,0,0.00306748466,0.00920245399,,0,,0,0,0,0.01533742331,0,,,,
ODP846B,margo,104,-3.05,-90.49,,,0,0,,0,,,,,0.1096345515,0.6079734219,,0,0.00332225914,0,0.00664451827,,0.1262458472,0,0,,,0.01993355482,0,0.03986710963,0,0,0,,0.00664451827,,0,0,0,0.01993355482,0,,,,
ODP846B,margo,108,-3.05,-90.49,,,0,0,,0,,,,,0.15,0.6076923077,,0,0,0,0,,0.06153846154,0,0,,,0,0,0.05,0,0,0,,0,,0,0,0,0.02692307692,0,,,,
TR163-11,margo,36,6.45,-85.822,,,0,0,,0,,,,,0,0.4224422442,,0,0.00330033003,0,0.0099009901,,0.1122112211,0,0,,,0.00660066007,0,0.00330033003,0,0.01650165017,0,,0,,0,0,0,0.01650165017,0,,,,
TR163-33,margo,76,-1.913,-82.568,,,0.00564971751,0,,0.00282485876,,,,,0.09322033898,0.5395480226,,0,0,0,0,,0.1807909605,0,0,,,0.00282485876,0.00282485876,0.01129943503,0,0.00847457627,0,,0,,0,0,0,0.02824858757,0,,,,
TR163-33,margo,78,-1.913,-82.568,,,0,0,,0,,,,,0.1766666667,0.42,,0,0,0,0,,0.21,0,0,,,0.00333333333,0,0.00666666667,0,0.00333333333,0,,0,,0,0,0.00333333333,0.03,0,,,,
TR163-33,margo,82,-1.913,-82.568,,,0.01,0,,0.00333333333,,,,,0.1133333333,0.4833333333,,0,0.00666666667,0,0,,0.2066666667,0,0,,,0.00333333333,0,0.01,0,0.01,0.00333333333,,0,,0.00333333333,0,0,0.03666666667,0,,,,
TR163-33,margo,84,-1.913,-82.568,,,0,0,,0.00643086817,,,,,0.192926045,0.5112540193,,0,0,0,0,,0.1318327974,0,0,,,0.00643086817,0,0.00964630225,0,0.00643086817,0,,0,,0,0,0,0.01607717042,0,,,,
TR163-33,margo,86,-1.913,-82.568,,,0,0,,0,,,,,0.1635802469,0.450617284,,0,0.00308641975,0,0.00308641975,,0.1913580247,0,0.00308641975,,,0.00617283951,0,0.03086419753,0,0,0,,0.00308641975,,0,0,0,0.02469135802,0,,,,
TR163-33,margo,88,-1.913,-82.568,,,0.00281690141,0,,0.00281690141,,,,,0.1183098592,0.4591549296,,0,0,0,0,,0.2394366197,0,0,,,0.01126760563,0,0.00563380282,0,0.00281690141,0,,0,,0,0,0,0.05070422535,0,,,,
TR163-33,margo,90,-1.913,-82.568,,,0.00333333333,0,,0,,,,,0.2,0.4466666667,,0,0.00333333333,0,0,,0.1666666667,0,0,,,0,0.00333333333,0.03,0,0.00666666667,0,,0,,0,0,0,0.02,0,,,,
TR163-33,margo,92,-1.913,-82.568,,,0,0,,0,,,,,0.2830188679,0.3616352201,,0,0.00628930818,0,0,,0.2012578616,0,0,,,0.00628930818,0,0.02201257862,0,0,0,,0.00314465409,,0,0,0,0.01886792453,0,,,,
PC17,margo,370,21.358,-158.19,,,0,0,,0.0146,,,,,0.0018,0.0018,,0,0,0.0018,0.0018,,0.0256,0.0768,0.0128,,,0.1207,0.106,0,0,0.0219,0.0274,,0,,0.0768,0,0,0.0896,0,,,,
PC17,margo,374,21.36,-158.19,,,0,0,,0.0172,,,,,0.0025,0,,0,0,0.0098,0.0098,,0.0246,0.0688,0.0172,,,0.14,0.0516,0,0,0.0074,0.0221,,0,,0.0934,0,0.0025,0.086,0,,,,
PC17,margo,378,21.36,-158.19,,,0,0,,0.012,,,,,0,0.0024,,0,0,0.0024,0.0024,,0.0168,0.0721,0.024,,,0.1755,0.0697,0,0.0024,0.012,0.0337,,0,,0.0673,0,0.0024,0.1274,0,,,,
GIK17940-2,margo,875,20.11666667,117.3833333,,,0.003,0,,0.019,,,,,0.005,0.25,,0.002,0.013,0,0,,0.151,0.008,0.001,,,0.029,0.031,0.003,0.006,0.005,0.041,,0.008,,0,0,0,0.144,0,,,,
GIK17940-2,margo,885,20.11666667,117.3833333,,,0.01,0,,0.011,,,,,0.037,0.236,,0.001,0.014,0,0,,0.149,0.008,0.002,,,0.024,0.035,0.007,0.002,0.005,0.033,,0.005,,0,0,0,0.146,0,,,,
GIK17940-2,margo,895,20.11666667,117.3833333,,,0.007,0,,0.013,,,,,0.03,0.254,,0,0.019,0,0,,0.13,0.006,0.001,,,0.031,0.02,0.001,0.005,0.004,0.046,,0.008,,0,0,0,0.124,0,,,,
GIK17940-2,margo,905,20.11666667,117.3833333,,,0.006,0,,0.012,,,,,0.029,0.235,,0.002,0.028,0,0,,0.139,0.009,0,,,0.034,0.019,0.008,0.001,0.009,0.032,,0.009,,0,0,0,0.131,0,,,,
GIK17940-2,margo,915,20.11666667,117.3833333,,,0.006,0,,0.011,,,,,0.005,0.199,,0.004,0.018,0,0,,0.145,0.013,0,,,0.037,0.023,0.014,0.002,0.009,0.027,,0.003,,0,0,0,0.116,0,,,,
GIK17940-2,margo,925,20.11666667,117.3833333,,,0.008,0,,0.015,,,,,0.016,0.244,,0.001,0.007,0,0,,0.114,0.017,0,,,0.035,0.011,0.023,0,0.012,0.009,,0.01,,0,0,0,0.134,0,,,,
GIK17940-2,margo,935,20.11666667,117.3833333,,,0.015,0,,0.008,,,,,0.001,0.272,,0.002,0.009,0,0,,0.15,0.011,0.003,,,0.039,0.017,0.006,0.005,0.011,0.033,,0.009,,0,0,0,0.126,0,,,,
GIK17954,margo,102.5,14.79666667,111.525,,,0.003,0,,0.035,,,,,0.021,0.118,,0,0.032,0,0,,0.077,0,0,,,0.079,0.005,0.006,0.027,0.019,0.034,,0,,0.002,0.003,0.002,0.086,0,,,,
GIK17954,margo,112.5,14.79666667,111.525,,,0.007,0,,0.019,,,,,0.008,0.139,,0,0.034,0,0,,0.065,0,0.003,,,0.084,0.008,0.021,0.017,0.018,0.023,,0,,0.007,0.01,0,0.067,0,,,,
GIK17954,margo,122.5,14.79666667,111.525,,,0.019,0.002,,0.011,,,,,0.009,0.089,,0.002,0.038,0,0,,0.066,0.006,0.006,,,0.109,0,0.008,0.013,0.043,0.049,,0,,0.002,0.025,0,0.074,0,,,,
6706-2,margo,259,42.16,-124.94,,,0,0,,0,,,,,0,0.009,,0.54,0,0,0,,0.388,0,0,,,0,0,0,0,0,0,,0.033,,0,0,0,0.021,0,,,,
W8709A-13PC,margo,275,42.12,-125.75,,,0,0,,0.004,,,,,0,0,,0.515,0,0,0,,0.354,0,0,,,0,0,0,0,0,0,,0.042,,0,0,0,0.053,0,,,,
W8809A-53GC,margo,168,42.75,-126.26,,,0,0,,0,,,,,0,0.024,,0.415,0,0,0,,0.426,0,0,,,0,0,0,0,0,0,,0.053,,0,0,0,0.059,0,,,,
W8809A-21GC,margo,140,42.14,-126.91,,,0,0,,0.011,,,,,0,0.011,,0.544,0,0,0,,0.237,0,0,,,0,0,0,0,0,0,,0.074,,0,0,0,0.085,0,,,,
W8709A-08PC,margo,22,42.26,-127.68,,,0,0,,0.003,,,,,0.003,0.031,,0.542,0,0,0,,0.266,0,0,,,0,0,0,0,0,0,,0.042,,0,0,0,0.059,0,,,,
W8809A-29GC,margo,156,41.8,-129,,,0,0,,0.008,,,,,0,0.008,,0.383,0,0,0,,0.433,0,0,,,0,0,0,0,0,0,,0.092,,0,0,0,0.042,0,,,,
W8809A-31GC,margo,15,41.68,-130.01,,,0,0,,0.011,,,,,0,0.005,,0.402,0,0,0,,0.368,0,0,,,0,0,0.009,0,0,0,,0.107,,0,0,0,0.058,0,,,,
W8909A-57GC,margo,22,41.58,-130.62,,,0,0,,0,,,,,0,0.018,,0.37,0,0,0,,0.452,0,0,,,0,0,0.006,0,0,0,,0.047,,0,0,0,0.071,0,,,,
W8709A-01BC,margo,21,41.54,-131.96,,,0,0,,0,,,,,0,0.047,,0.428,0,0,0,,0.275,0,0,,,0,0,0.002,0,0,0,,0,,0,0,0,0,0,,,,
W8909A-48GC,margo,17,41.33,-132.67,,,0,0,,0,,,,,0,0.038,,0.352,0,0,0,,0.324,0,0,,,0,0,0.006,0,0,0,,0.01,,0,0,0,0,0,,,,
RC8-94,margo,16,-27.283,-102.083,,,0.0317948717948718,0,,0,,,,,0.0102564102564103,0,,0,0,0.00153846153846154,0.00615384615384615,,0.0312820512820513,0.0461538461538462,0.153846153846154,,,0.00974358974358974,0.0666666666666667,0.0117948717948718,0.0041025641025641,0.00923076923076923,0.0194871794871795,,0,,0.00769230769230769,0,0.00102564102564103,0.155384615384615,0,,,,
RC9-124,margo,40,-28.75,172.6,,,0.0740072202166065,0.0108303249097473,,0.00090252707581227,,,,,0.167870036101083,0.0126353790613718,,0,0.00090252707581227,0,0,,0.11913357400722,0.207581227436823,0.0333935018050542,,,0.0135379061371841,0.00992779783393502,0.00541516245487365,0.00180505415162455,0.0324909747292419,0.00902527075812274,,0.00451263537906137,,0,0,0,0.0451263537906137,0,,,,
RC9-126,margo,30,-33.233,168.733,,,0.028816199376947,0,,0,,,,,0.25,0.0373831775700935,,0.00233644859813084,0.00233644859813084,0,0,,0.191588785046729,0.109034267912773,0,,,0.00233644859813084,0.00233644859813084,0.014018691588785,0,0.0179127725856698,0.00233644859813084,,0.00545171339563863,,0.00077881619937694,0,0,0.0311526479750779,0,,,,
RC10-97,margo,44,0.917,-134.317,,,0.0138364779874214,0,,0,,,,,0.00628930817610063,0.236477987421384,,0,0.223899371069182,0.0213836477987421,0.00125786163522013,,0.0238993710691824,0,0,,,0.00880503144654088,0,0,0.0050314465408805,0.0176100628930818,0,,0,,0,0,0,0.0251572327044025,0,,,,
RC10-11,margo,20,-11.183,-162.917,,,0,0,,0,,,,,0,0.00205549845837616,,0,0.0092497430626927,0,0,,0.00822199383350463,0,0.0626927029804728,,,0.0544707091469681,0.0472764645426516,0.00205549845837616,0.00205549845837616,0.0318602261048304,0.0123329907502569,,0,,0.0174717368961973,0.00102774922918808,0,0.339157245632066,0,,,,
RC10-16,margo,9,33.083,158,,,0.0240963855421687,0,,0.00481927710843374,,,,,0.426506024096386,0.192771084337349,,0.00240963855421687,0,0,0,,0.118072289156627,0.00481927710843374,0,,,0,0,0.0265060240963855,0,0,0.00240963855421687,,0.00240963855421687,,0,0,0,0.00481927710843374,0,,,,
RC11-21,margo,40,1.817,-140.05,,,0.134275618374558,0,,0,,,,,0.00353356890459364,0.197879858657244,,0,0.166077738515901,0.0141342756183746,0.00353356890459364,,0.0318021201413428,0.00353356890459364,0,,,0.0176678445229682,0.00353356890459364,0.00353356890459364,0.00353356890459364,0.0106007067137809,0.00353356890459364,,0,,0.0106007067137809,0,0,0.00353356890459364,0,,,,
RC11-21,margo,15,-6.133,-140.85,,,0.00857142857142857,0,,0,,,,,0,0.06,,0,0.0985714285714286,0.0728571428571429,0.00428571428571429,,0.0828571428571429,0.00285714285714286,0.0257142857142857,,,0.0657142857142857,0.05,0.00142857142857143,0.00285714285714286,0.04,0.00571428571428571,,0,,0.0142857142857143,0,0,0.228571428571429,0,,,,
RC11-22,margo,30,-14.817,-139.967,,,0.001,0.001,,0,,,,,0,0.001,,0,0.002,0.004,0.007,,0.017,0.002,0.014,,,0.059,0.073,0.002,0,0.018,0.016,,0,,0.02,0.001,0.002,0.285,0,,,,
RC11-23,margo,45,-8.8,-110.8,,,0.0013986013986014,0,,0,,,,,0.0027972027972028,0.131468531468531,,0,0.041958041958042,0.0307692307692308,0.0293706293706294,,0.0699300699300699,0,0.0237762237762238,,,0.0587412587412587,0.0013986013986014,0.00839160839160839,0.0013986013986014,0.0153846153846154,0.0041958041958042,,0.0013986013986014,,0.0041958041958042,0,0,0.237762237762238,0,,,,
RC12-10,margo,40,-26,169.2,,,0.0603378921962993,0.00160901045856798,,0.00321802091713596,,,,,0.158487530168946,0.0185036202735318,,0,0.00160901045856798,0,0,,0.082059533386967,0.144810941271118,0.0683829444891392,,,0.0297666934835076,0.0080450522928399,0.0168946098149638,0.00241351568785197,0.0337892196299276,0.0176991150442478,,0.00080450522928399,,0,0,0,0.0893000804505229,0,,,,
RC12-36,margo,20,15.1,124.133,,,0.0061633281972265,0,,0,,,,,0,0.024653312788906,,0,0.0107858243451464,0,0,,0.0539291217257319,0.00462249614791988,0.117103235747304,,,0.164869029275809,0.024653312788906,0.0061633281972265,0.00462249614791988,0.0323574730354391,0.0184899845916795,,0,,0.0061633281972265,0.0184899845916795,0.00154083204930663,0.061633281972265,0,,,,
RC13-17,margo,30,19.083,-170.067,,,0.0305343511450382,0,,0,,,,,0.0229007633587786,0.0114503816793893,,0,0.0114503816793893,0.00381679389312977,0.00381679389312977,,0.0229007633587786,0,0.125954198473282,,,0.0267175572519084,0,0.00763358778625954,0.0114503816793893,0.00381679389312977,0.00381679389312977,,0,,0,0.152671755725191,0,0.00381679389312977,0,,,,
RC13-81,margo,10,-19.017,-124.233,,,0.00735294117647059,0,,0,,,,,0,0.00183823529411765,,0,0.00735294117647059,0.0174632352941176,0.00367647058823529,,0.0183823529411765,0,0.106158088235294,,,0.0473345588235294,0.0211397058823529,0.00183823529411765,0.00229779411764706,0.0202205882352941,0.00965073529411765,,0,,0.00183823529411765,0.00137867647058824,0.00045955882352941,0.284007352941176,0,,,,
RC13-11,margo,50,-1.65,-103.633,,,0.015358361774744,0,,0,,,,,0.0802047781569966,0.206484641638225,,0,0.015358361774744,0.00341296928327645,0.00341296928327645,,0.052901023890785,0.00170648464163823,0,,,0.0068259385665529,0,0.00511945392491468,0,0.0068259385665529,0,,0,,0.00170648464163823,0,0,0.0255972696245734,0,,,,
V 18-31,margo,25,-2.85,-126.2,,,0.010752688172043,0,,0,,,,,0,0.247311827956989,,0,0.10752688172043,0.010752688172043,0,,0.039426523297491,0,0,,,0.003584229390681,0,0,0,0.003584229390681,0,,0,,0.00716845878136201,0,0,0.0609318996415771,0,,,,
V 18-31,margo,15,3.167,-118.467,,,0.00333333333333333,0,,0,,,,,0,0.513333333333333,,0,0.05,0.00666666666666667,0,,0.00666666666666667,0,0.00333333333333333,,,0.03,0,0,0.00333333333333333,0.01,0,,0,,0,0,0,0.0133333333333333,0,,,,
V 19-29,margo,120,-3.583,-83.933,,,0.00083542188805346,0,,0,,,,,0.177944862155388,0.201336675020886,,0.0559732664995823,0,0,0,,0.275689223057644,0,0,,,0.0025062656641604,0,0.00083542188805346,0.00083542188805346,0.00083542188805346,0,,0.0434419381787803,,0.00083542188805346,0,0,0.00835421888053467,0,,,,
V 19-53,margo,45,-17.017,-113.517,,,0.0140845070422535,0,,0,,,,,0,0.0404929577464789,,0,0.177816901408451,0.11443661971831,0,,0.00528169014084507,0,0.0933098591549296,,,0.0158450704225352,0,0,0,0.00352112676056338,0.00176056338028169,,0,,0,0.00880281690140845,0,0.0528169014084507,0,,,,
V 19-55,margo,23,-17,-114.183,,,0.00163220892274211,0,,0,,,,,0.00272034820457019,0.0136017410228509,,0,0.0495103373231774,0.0462459194776931,0.00163220892274211,,0.0369967355821545,0,0.0337323177366703,,,0.0527747551686616,0.0239390642002176,0.00108813928182807,0.00108813928182807,0.0179542981501632,0.00598476605005441,,0,,0.00652883569096844,0.00108813928182807,0,0.342763873775843,0,,,,
V 19-64,margo,15,-16.933,-121.2,,,0.00217627856365615,0,,0,,,,,0,0.00217627856365615,,0,0.015233949945593,0.0217627856365615,0.0043525571273123,,0.0261153427638738,0.00108813928182807,0.0642002176278564,,,0.0576713819368879,0.0315560391730141,0.00108813928182807,0.00108813928182807,0.0174102285092492,0.00761697497279652,,0,,0.0043525571273123,0.00217627856365615,0.00108813928182807,0.369967355821545,0,,,,
V 19-65,margo,15,-16.65,-124.383,,,0.00325520833333333,0,,0,,,,,0.00065104166666666,0.005859375,,0,0.0234375,0.0325520833333333,0.00716145833333333,,0.0123697916666667,0,0.0625,,,0.0475260416666667,0.00716145833333333,0.00130208333333333,0.00130208333333333,0.0188802083333333,0.0104166666666667,,0,,0.00260416666666667,0.00455729166666667,0.00065104166666666,0.345052083333333,0,,,,
V 19-96,margo,15,0.867,172,,,0.0129032258064516,0,,0,,,,,0,0.132258064516129,,0,0.280645161290323,0.00645161290322581,0,,0.106451612903226,0,0.0290322580645161,,,0.0967741935483871,0.0032258064516129,0,0,0.0387096774193548,0,,0,,0,0,0,0.109677419354839,0,,,,
V 20-11,margo,20,47.95,168.783,,,0,0,,0,,,,,0,0,,0.88785046728972,0,0,0,,0.0327102803738318,0,0,,,0,0,0,0,0,0,,0.0607476635514019,,0,0,0,0,0,,,,
V 21-30,margo,250,-1.217,-89.683,,,0.00064474532559638,0,,0.00128949065119278,,,,,0.141199226305609,0.150225660863959,,0.00257898130238556,0,0,0,,0.427466150870406,0,0.00064474532559638,,,0.00257898130238556,0.00128949065119278,0.00451321727917473,0,0.00064474532559638,0,,0.0322372662798195,,0.00322372662798195,0,0,0.0193423597678917,0,,,,
V 21-33,margo,45,-3.8,-92.083,,,0.00166389351081531,0,,0,,,,,0.196339434276206,0.352745424292845,,0,0.00665557404326123,0,0,,0.123128119800333,0,0,,,0.00166389351081531,0,0.00332778702163062,0,0.00166389351081531,0,,0,,0,0,0,0.0599001663893511,0,,,,
V 21-14,margo,70,37.683,163.033,,,0,0,,0,,,,,0.553086419753086,0.0148148148148148,,0.0395061728395062,0.00246913580246914,0,0,,0.0666666666666667,0,0,,,0,0,0.00246913580246914,0,0,0,,0.00493827160493827,,0,0,0,0.108641975308642,0,,,,
V 28-20,margo,20,2.767,-173.933,,,0.00123456790123457,0,,0,,,,,0,0.0037037037037037,,0,0.0901234567901234,0.00987654320987654,0,,0.154320987654321,0,0.0320987654320988,,,0.0716049382716049,0.0197530864197531,0,0,0.0345679012345679,0.0123456790123457,,0,,0.0567901234567901,0.00123456790123457,0.00123456790123457,0.271604938271605,0,,,,
V 28-20,margo,40,0.95,-179.417,,,0.01171875,0,,0.0009765625,,,,,0,0.0478515625,,0,0.140625,0.0224609375,0,,0.091796875,0.0009765625,0.01171875,,,0.0751953125,0.013671875,0.001953125,0.0009765625,0.046875,0.0048828125,,0,,0.0107421875,0,0,0.1923828125,0,,,,
V 28-23,margo,20,-5.5,166.75,,,0.00440528634361234,0,,0.00440528634361234,,,,,0,0.0594713656387665,,0,0.0286343612334802,0.00110132158590308,0.00110132158590308,,0.0770925110132159,0.00110132158590308,0.0165198237885463,,,0.0770925110132159,0.0110132158590308,0,0.00110132158590308,0.0220264317180617,0.0176211453744493,,0,,0.0154185022026432,0,0,0.255506607929515,0,,,,
V 28-23,margo,35,1.017,160.483,,,0.00900900900900901,0,,0,,,,,0,0.0630630630630631,,0,0.108108108108108,0.012012012012012,0,,0.117117117117117,0.003003003003003,0.018018018018018,,,0.0660660660660661,0.012012012012012,0,0,0.0630630630630631,0.021021021021021,,0,,0.018018018018018,0,0.003003003003003,0.189189189189189,0,,,,
V 28-23,margo,30,3.25,159.183,,,0.015527950310559,0,,0.0031055900621118,,,,,0,0.093167701863354,,0,0.161490683229814,0.015527950310559,0,,0.093167701863354,0,0.0217391304347826,,,0.0434782608695652,0.0062111801242236,0,0,0.0714285714285714,0.015527950310559,,0,,0.0062111801242236,0,0,0.173913043478261,0,,,,
V 28-24,margo,20,11.067,138.533,,,0,0,,0,,,,,0,0.0249851279000595,,0,0.00475907198096371,0,0.00535395597858418,,0.0594883997620464,0.00059488399762046,0.0321237358715051,,,0.105889351576443,0.0267697798929209,0.00118976799524093,0.00237953599048186,0.0285544318857823,0.00237953599048186,,0,,0.0101130279595479,0.00118976799524093,0.00178465199286139,0.083283759666865,0,,,,
V  28294,margo,4,28.433,139.967,,,0.0338142470694319,0,,0.00856627592425609,,,,,0.084761045987376,0.0405770964833183,,0.0018034265103697,0.0117222723174031,0,0,,0.12263300270514,0.13751127141569,0.00225428313796213,,,0.0441839495040577,0.0126239855725879,0.0126239855725879,0.00270513976555455,0.0193868349864743,0.00315599639314698,,0.00090171325518485,,0.00225428313796213,0.00045085662759242,0,0.0820559062218215,0,,,,
V  28304,margo,45,28.533,134.133,,,0.0116279069767442,0.00083056478405315,,0.00249169435215947,,,,,0.0938538205980067,0.102159468438538,,0.00166112956810631,0.0191029900332226,0,0.00083056478405315,,0.138704318936877,0.0539867109634552,0.0348837209302326,,,0.0681063122923588,0.00332225913621262,0.00415282392026578,0.00913621262458472,0.0240863787375415,0.0141196013289037,,0.00083056478405315,,0.00083056478405315,0,0,0.0747508305647841,0,,,,
V28-310,margo,40,25.417,125.633,,,0.00339750849377123,0,,0,,,,,0.00113250283125708,0.0498301245753114,,0,0.0498301245753114,0,0,,0.0804077010192525,0.00906002265005663,0.0181200453001133,,,0.0101925254813137,0.0736126840317101,0.00226500566251416,0.00679501698754247,0.00339750849377123,0.0713476783691959,,0.00113250283125708,,0.0453001132502831,0,0,0.386183465458664,0,,,,
V 32126,margo,25,35.317,177.9,,,0,0,,0.00150829562594269,,,,,0.269984917043741,0.0256410256410256,,0.0120663650075415,0,0,0,,0.274509803921569,0,0,,,0,0,0.0135746606334842,0.00301659125188537,0.00603318250377074,0,,0.0135746606334842,,0,0,0,0.0256410256410256,0,,,,
V32-128,margo,32,36.467,177.167,,,0,0,,0,,,,,0.238095238095238,0.00694444444444444,,0.0734126984126984,0,0,0,,0.172619047619048,0,0,,,0,0,0.0119047619047619,0.00099206349206349,0,0,,0.0158730158730159,,0,0,0,0.0128968253968254,0,,,,
V  32139,margo,1,31.567,151.1,,,0.0148514851485149,0.00247524752475248,,0.00742574257425743,,,,,0.586633663366337,0.0371287128712871,,0,0.00742574257425743,0,0,,0.0742574257425743,0.0123762376237624,0.00742574257425743,,,0.00742574257425743,0,0.0148514851485149,0.00247524752475248,0.00742574257425743,0,,0,,0,0,0.00742574257425743,0,0,,,,
RC10-62,margo,51,3.333,-101.717,,,0.0260869565217391,0,,0,,,,,0.0173913043478261,0.456521739130435,,0,0.0347826086956522,0,0,,0.0434782608695652,0.00434782608695652,0,,,0.0304347826086957,0.00434782608695652,0.00434782608695652,0,0.00869565217391304,0.00869565217391304,,0,,0.00869565217391304,0,0,0.0695652173913044,0,,,,
RC13110,margo,54,0.1,-95.65,,,0.0419161676646707,0,,0.0179640718562874,,,,,0.0598802395209581,0.634730538922156,,0,0,0,0,,0.092814371257485,0.0029940119760479,0,,,0.0029940119760479,0,0,0,0.0029940119760479,0.0029940119760479,,0.00598802395209581,,0,0,0,0.0209580838323353,0,,,,
RC13115,margo,61,-1.633,-104.833,,,0.0188679245283019,0,,0,,,,,0.0592991913746631,0.46900269541779,,0,0.0269541778975741,0.00539083557951483,0.00269541778975741,,0.0700808625336927,0.00269541778975741,0.00269541778975741,,,0.0107816711590297,0,0.00539083557951483,0,0.0107816711590297,0.00269541778975741,,0,,0,0,0,0.0242587601078167,0,,,,
V19-29,margo,120,-3.583,-83.933,,,0.00418760469011725,0,,0,,,,,0.181742043551089,0.327470686767169,,0.0251256281407035,0.00083752093802345,0,0,,0.239530988274707,0,0,,,0.00251256281407035,0,0.00586264656616415,0.00083752093802345,0.00753768844221106,0.00753768844221106,,0.0318257956448911,,0.00083752093802345,0,0,0.0184254606365159,0,,,,
VNTRO1-8,margo,41,0.033,-110.483,,,0.0862422997946612,0,,0.00205338809034908,,,,,0.0431211498973306,0.482546201232033,,0,0.0143737166324435,0.00410677618069815,0,,0.0513347022587269,0.00410677618069815,0,,,0.0184804928131417,0.00205338809034908,0.0102669404517454,0,0.00616016427104723,0,,0,,0,0,0,0.0143737166324435,0,,,,
Y69-106p,margo,30,2.983,-86.55,,,0,0,,0.0171821305841924,,,,,0.0171821305841924,0.343642611683849,,0,0.00343642611683849,0,0.00687285223367698,,0.120274914089347,0.013745704467354,0,,,0.00343642611683849,0.0103092783505155,0.0103092783505155,0.00343642611683849,0.00343642611683849,0.00687285223367698,,0.0103092783505155,,0.0103092783505155,0,0,0.134020618556701,0,,,,
Y69-71P,margo,180,0.1,-86.483,,,0,0,,0.00606060606060606,,,,,0.127272727272727,0.427272727272727,,0,0.00606060606060606,0,0,,0.2,0,0,,,0.00606060606060606,0,0.00303030303030303,0.00303030303030303,0,0.00606060606060606,,0,,0.00303030303030303,0,0,0.0363636363636364,0,,,,
Y71-3-2,margo,20,7.167,-85.15,,,0.0032258064516129,0,,0,,,,,0,0.367741935483871,,0,0.00645161290322581,0,0.00645161290322581,,0.112903225806452,0,0,,,0.00645161290322581,0,0.00645161290322581,0,0.0225806451612903,0,,0,,0,0,0,0.129032258064516,0,,,,
y71-9-101,margo,63,-6.383,-106.933,,,0.00986842105263158,0,,0,,,,,0.0328947368421053,0.49671052631579,,0,0.0197368421052632,0,0,,0.0493421052631579,0,0,,,0.0427631578947368,0,0.00328947368421053,0.00328947368421053,0.00986842105263158,0.0164473684210526,,0,,0,0,0,0.101973684210526,0,,,,
Y71-6-12,margo,49,-16.44,-77.56,,,0,0,,0.0103857566765579,,,,,0.298219584569733,0.176557863501484,,0.173590504451039,0.00148367952522255,0,0.0148367952522255,,0.13353115727003,0.00148367952522255,0,,,0,0,0.00593471810089021,0.00148367952522255,0.00148367952522255,0,,0.0222551928783383,,0,0,0,0.0311572700296736,0,,,,
RR9702A-63TC,margo,16,-18.085,-79.04,,,0,0,,0.0204081632653061,,,,,0.371428571428571,0.112244897959184,,0.0448979591836735,0.0102040816326531,0,0.0285714285714286,,0.193877551020408,0,0,,,0,0.00204081632653061,0.0102040816326531,0.00612244897959184,0.00816326530612245,0.00408163265306122,,0,,0,0,0,0.0612244897959184,0,,,,
Y71-6-12,margo,46,-16.443,-77.563,,,0,0,,0.00982800982800983,,,,,0.331695331695332,0.113022113022113,,0.085995085995086,0.00245700245700246,0,0.0171990171990172,,0.27027027027027,0.00491400491400491,0,,,0.00245700245700246,0.00245700245700246,0.00982800982800983,0,0.00245700245700246,0.00982800982800983,,0.00245700245700246,,0.00491400491400491,0,0,0,0,,,,
Y71-6-12,margo,50,-16.443,-77.563,,,0,0,,0.0111287758346582,,,,,0.319554848966614,0.116057233704293,,0.190779014308426,0.00158982511923688,0,0.0158982511923688,,0.14308426073132,0.00158982511923688,0,,,0,0,0.00635930047694754,0.00158982511923688,0.00158982511923688,0,,0.0238473767885533,,0,0,0,0.0333863275039746,0,,,,
Y71-6-12,margo,56,-16.443,-77.563,,,0.00606060606060606,0,,0.0121212121212121,,,,,0.381818181818182,0.16969696969697,,0.103030303030303,0,0.00303030303030303,0.00606060606060606,,0.13030303030303,0.00303030303030303,0,,,0,0.00303030303030303,0.0363636363636364,0.00303030303030303,0.00303030303030303,0,,0.00303030303030303,,0.00303030303030303,0.00303030303030303,0,0.0303030303030303,0,,,,
RR9702A-69TC,margo,70,-16.007,-76.378,,,0,0,,0.055421686746988,,,,,0.192771084337349,0.0578313253012048,,0.166265060240964,0,0,0.0072289156626506,,0.269879518072289,0.00963855421686747,0,,,0,0,0.00240963855421687,0,0,0.0144578313253012,,0.11566265060241,,0,0,0,0.055421686746988,0,,,,
RR9702A-69TC,margo,80,-16.007,-76.378,,,0,0,,0.0224719101123596,,,,,0.275280898876405,0.103932584269663,,0.109550561797753,0,0,0.0196629213483146,,0.098314606741573,0,0,,,0,0,0.0224719101123596,0,0,0,,0.0224719101123596,,0,0,0,0.0252808988764045,0,,,,
MD012416,margo,184.5,51.268,167.7255,,,0,0,,0,,,,,0,0,,0.8220064725,0,0,0,,0.1585760518,0,0,,,0,0,0,0,0,0,,0,,0,0,0,0,0,,,,
MD012416,margo,190.5,51.268,167.7255,,,0,0,,0,,,,,0,0,,0.8383561644,0,0,0,,0.1452054795,0,0,,,0,0,0,0,0,0,,0,,0,0,0,0,0,,,,
MD012416,margo,194.5,51.268,167.7255,,,0,0,,0,,,,,0,0,,0.8274111675,0,0,0,,0.1598984772,0,0,,,0,0,0,0,0,0,,0,,0,0,0,0.00253807107,0,,,,
MD012416,margo,196.5,51.268,167.7255,,,0,0,,0,,,,,0,0,,0.8052631579,0,0,0,,0.1815789474,0,0,,,0,0,0,0,0,0,,0,,0,0,0,0.00263157895,0,,,,
MD012416,margo,197.5,51.268,167.7255,,,0,0,,0,,,,,0,0,,0.7985781991,0,0,0,,0.182464455,0,0,,,0,0,0,0,0,0,,0,,0,0,0,0.00473933649,0,,,,
MD012416,margo,200.5,51.268,167.7255,,,0,0,,0,,,,,0,0,,0.8215384615,0,0,0,,0.16,0,0,,,0,0,0,0,0,0,,0,,0,0,0,0.00615384615,0,,,,
MD012416,margo,202.5,51.268,167.7255,,,0,0,,0,,,,,0,0,,0.8320610687,0,0,0,,0.1526717557,0,0,,,0,0,0,0,0,0,,0,,0,0,0,0.00254452926,0,,,,
MD012416,margo,205.5,51.268,167.7255,,,0,0,,0.00279329609,,,,,0,0,,0.8575418994,0,0,0,,0.1117318436,0,0,,,0,0,0,0,0,0,,0,,0,0,0,0,0,,,,
MD012416,margo,209.5,51.268,167.7255,,,0,0,,0,,,,,0,0,,0.8126888218,0,0,0,,0.163141994,0,0,,,0,0,0,0,0,0,,0,,0,0,0,0.00302114804,0,,,,
ODP Site 883D,margo,116,51.199,167.768,,,0,0,,0.00078678206,,,,,0,0,,0.8945712038,0,0,0,,0.089693155,0,0,,,0,0,0,0,0,0,,0,,0,0,0,0,0,,,,
ODP Site 883D,margo,120,51.199,167.768,,,0,0,,0,,,,,0,0,,0.8801089918,0,0,0,,0.1117166213,0,0,,,0,0,0,0,0,0,,0,,0,0,0,0,0,,,,
ODP Site 883D,margo,123,51.199,167.768,,,0,0,,0,,,,,0,0,,0.8574660633,0,0,0,,0.1312217195,0,0,,,0,0,0,0,0,0,,0,,0,0,0,0,0,,,,
ODP Site 883D,margo,126,51.199,167.768,,,0,0,,0,,,,,0,0,,0.8668171558,0,0,0,,0.1264108352,0,0,,,0,0,0,0,0,0,,0,,0,0,0,0,0,,,,
ODP Site 883D,margo,130,51.199,167.768,,,0,0,,0,,,,,0,0,,0.8551912568,0,0,0,,0.1284153005,0,0,,,0,0,0,0,0,0,,0.00273224044,,0,0,0,0.00546448087,0,,,,
ODP Site 883D,margo,133,51.199,167.768,,,0,0,,0,,,,,0,0,,0.8523809524,0,0,0,,0.1285714286,0,0,,,0,0,0,0,0,0,,0,,0,0,0,0,0,,,,
ODP Site 883D,margo,136,51.199,167.768,,,0,0,,0,,,,,0,0,,0.9032967033,0,0,0,,0.08791208791,0.0021978022,0,,,0,0,0,0,0,0,,0,,0,0,0,0,0,,,,
ODP Site 883D,margo,140,51.199,167.768,,,0,0,,0,,,,,0,0,,0.9258426966,0,0,0,,0.05617977528,0,0,,,0,0,0,0,0,0,,0,,0,0,0,0,0,,,,
ODP Site 883D,margo,143,51.199,167.768,,,0,0,,0,,,,,0,0,,0.9255411255,0,0,0,,0.07272727273,0,0,,,0,0,0,0,0,0,,0,,0,0,0,0,0,,,,
ODP Site 883D,margo,145,51.199,167.768,,,0,0,,0.00226244344,,,,,0,0,,0.8936651584,0,0,0,,0.08823529412,0,0,,,0,0,0,0,0,0,,0,,0,0,0,0,0,,,,
DGKS9603,margo,169,28.148,127.271,,,0.02122527738,0.00578871201,,0,,,,,0.02026049204,0.2334780511,,0,0.04438012542,0,0,,0.02990834539,0.02026049204,0.00675349735,,,0.05981669079,0,0.01013024602,0,0.01543656536,0.01350699469,,0.0328027014,,0.03087313073,0.00192957067,0,0.02122527738,0,,,,
DGKS9603,margo,171,28.148,127.271,,,0.02231926249,0.00388161087,,0,,,,,0.02134885978,0.2270742358,,0,0.04609412906,0,0,,0.03202328967,0.01843765163,0.00776322174,,,0.0621057739,0,0.01261523532,0,0.01649684619,0.01552644347,,0.03493449782,,0.03008248423,0.00242600679,0,0.02231926249,0,,,,
DGKS9603,margo,173,28.148,127.271,,,0.02306583373,0.00288322922,,0,,,,,0.02018260452,0.2316194137,,0,0.04805382028,0,0,,0.03555982701,0.01537722249,0.00672753484,,,0.05574243152,0,0.01537722249,0,0.01826045171,0.01249399327,,0.03267659779,,0.0345987506,0.00192215281,0,0.02498798654,0,,,,
DGKS9603,margo,175,28.148,127.271,,,0.01604278075,0.00118835413,,0,,,,,0.01426024955,0.2061794415,,0,0.03505644682,0,0,,0.09031491384,0.01723113488,0.00534759358,,,0.04456327986,0,0.01218062983,0,0.01307189542,0.0101010101,,0.04931669638,,0.0926916221,0.00178253119,0,0.02495543672,0,,,,
DGKS9603,margo,177,28.148,127.271,,,0.01673640167,0.00239091452,,0,,,,,0.01554094441,0.2109982068,,0,0.03885236103,0,0,,0.08846383742,0.01673640167,0.00478182905,,,0.04482964734,0,0.01016138673,0,0.01374775852,0.0095636581,,0.05319784818,,0.09683203825,0.00209205021,0,0.02450687388,0,,,,
DGKS9603,margo,180,28.148,127.271,,,0.01563439567,0.00300661455,,0,,,,,0.0174383644,0.2170775707,,0,0.04509921828,0,0,,0.0865904991,0.01322910403,0.00661455201,,,0.04209260373,0.00120264582,0.00962116657,0,0.01262778112,0.01022248948,,0.04990980156,,0.08779314492,0.00180396873,0,0.02044497895,0,,,,
DGKS9603,margo,182,28.148,127.271,,,0.01504251145,0.00261608895,,0,,,,,0.01831262263,0.2282537606,,0,0.04708960105,0,0,,0.08109875736,0.0124264225,0.00523217789,,,0.04185742315,0,0.01177240026,0,0.01177240026,0.01308044474,,0.04316546763,,0.0837148463,0.00130804447,0,0.02027468934,0,,,,
DGKS9603,margo,184,28.148,127.271,,,0.0157480315,0.0032808399,,0,,,,,0.02034120735,0.2250656168,,0,0.04724409449,0,0,,0.07283464567,0.01049868766,0.00459317585,,,0.04527559055,0,0.01377952756,0,0.01443569554,0.01049868766,,0.05052493438,,0.0813648294,0.00098425197,0,0.01837270341,0,,,,
DGKS9603,margo,186,28.148,127.271,,,0.01436031332,0.00391644909,,0,,,,,0.01892950392,0.2212793734,,0,0.05548302872,0,0,,0.06657963446,0.01174934726,0.00391644909,,,0.04830287206,0,0.01207571802,0,0.01305483029,0.01240208877,,0.05417754569,,0.08355091384,0.00130548303,0,0.01697127937,0,,,,
DGKS9603,margo,188,28.148,127.271,,,0.01795332136,0.00323159785,,0,,,,,0.01938958707,0.2111310592,,0,0.04021543986,0,0,,0.06535008977,0.0157989228,0.00502692998,,,0.04667863555,0,0.01436265709,0,0.01938958707,0.01220825853,,0.05888689408,,0.07612208259,0,0,0.02010771993,0,,,,
DGKS9603,margo,191,28.148,127.271,,,0.01923076923,0.00517751479,,0,,,,,0.02144970414,0.2085798817,,0,0.04437869822,0,0,,0.06213017751,0.01405325444,0.00443786982,,,0.04881656805,0,0.01294378698,0,0.01849112426,0.01035502959,,0.06360946746,,0.08357988166,0,0,0.01701183432,0,,,,
DGKS9603,margo,193,28.148,127.271,,,0.0156416637,0.00426590828,,0,,,,,0.02204052613,0.2090295059,,0,0.04479203697,0,0,,0.0668325631,0.01493067899,0.004976893,,,0.0462140064,0,0.01066477071,0,0.01635264842,0.01208674014,,0.06398862424,,0.08674013509,0,0,0.01848560256,0,,,,
DGKS9603,margo,195,28.148,127.271,,,0.01740947075,0.00557103064,,0,,,,,0.02228412256,0.1956824513,,0,0.04944289694,0,0,,0.06337047354,0.01323119777,0.00348189415,,,0.04526462396,0,0.01044568245,0,0.01462395543,0.01323119777,,0.06545961003,,0.08774373259,0,0,0.02228412256,0,,,,
DGKS9603,margo,197,28.148,127.271,,,0.01823092505,0.00472653612,,0,,,,,0.0189061445,0.1978392978,,0,0.04996623903,0,0,,0.06617150574,0.01417960837,0.00540175557,,,0.04794058069,0,0.00810263336,0,0.01215395003,0.01417960837,,0.06482106685,,0.08912896691,0,0,0.0276839973,0,,,,
DGKS9603,margo,199,28.148,127.271,,,0.01941747573,0.00323624595,,0,,,,,0.02184466019,0.2046925566,,0,0.04854368932,0,0,,0.05987055016,0.0145631068,0.00485436893,,,0.04692556634,0,0.00889967638,0,0.01132686084,0.01294498382,,0.05825242718,,0.08414239482,0,0,0.02669902913,0,,,,
DGKS9603,margo,201,28.148,127.271,,,0.01648998822,0.00392618767,,0.00039261877,,,,,0.0227718885,0.1931684335,,0,0.05732234001,0,0,,0.05967805261,0.00942285041,0.00863761288,,,0.04868472713,0,0.01177856302,0,0.01256380055,0.01491951315,,0.06124852768,,0.08480565371,0,0,0.0251276011,0,,,,
DGKS9603,margo,204,28.148,127.271,,,0.01780693533,0.00281162137,,0,,,,,0.02436738519,0.1940018744,,0,0.04779756326,0,0,,0.06747891284,0.01499531396,0.00749765698,,,0.05248359888,0,0.0121836926,0,0.0121836926,0.01499531396,,0.05435801312,,0.08528584817,0,0,0.02624179944,0,,,,
DGKS9603,margo,206,28.148,127.271,,,0.01908223535,0.00454338937,,0,,,,,0.02453430259,0.2035438437,,0,0.05224897774,0,0,,0.05361199455,0.01635620173,0.00817810086,,,0.05361199455,0,0.01272149023,0,0.01453884598,0.01363016811,,0.0554293503,,0.05724670604,0,0,0.02907769196,0,,,,
DGKS9603,margo,208,28.148,127.271,,,0.02373345504,0.00319488818,,0,,,,,0.02373345504,0.1935189411,,0,0.05842081241,0,0,,0.05659516203,0.01825650388,0.00730260155,,,0.05568233683,0,0.01232314012,0,0.01643085349,0.0155180283,,0.0602464628,,0.061159288,0,0,0.0301232314,0,,,,
DGKS9603,margo,210,28.148,127.271,,,0.00564061241,0.00644641418,,0,,,,,0.01047542305,0.1643835616,,0,0.05076551168,0,0,,0.088638195,0.017727639,0.01128122482,,,0.08702659146,0,0.01289282836,0,0.01853344077,0.00644641418,,0.05882352941,,0.06526994359,0,0,0.03384367446,0,,,,
DGKS9603,margo,212,28.148,127.271,,,0.01214223764,0.00346921075,,0,,,,,0.02081526453,0.1873373807,,0,0.04770164788,0,0,,0.08759757155,0.01821335646,0.0078057242,,,0.07198612316,0,0.01257588899,0,0.01387684302,0.01040763226,,0.0685169124,,0.04249783174,0,0,0.02688638335,0,,,,
DGKS9603,margo,215,28.148,127.271,,,0.01360544218,0.00340136054,,0,,,,,0.01700680272,0.1972789116,,0,0.05357142857,0,0,,0.07993197279,0.01530612245,0.00680272109,,,0.06207482993,0,0.01360544218,0,0.0119047619,0.0119047619,,0.06887755102,,0.04336734694,0,0,0.02465986395,0,,,,
CHAT 1K,margo,40,-41.58333333,-171.5,,,0.03583061889,0,,0.00325732899,,,,,0.342019544,0.02605863192,,0.00325732899,0,0,0,,0.1400651466,0.02605863192,0,,,0,0,0.00651465798,0,0,0.00325732899,,0.0325732899,,0,0,0,0.03908794788,0,,,,
CHAT 1K,margo,50,-41.58333333,-171.5,,,0.04627249357,0,,0,,,,,0.2262210797,0.05141388175,,0,0,0,0,,0.1825192802,0.03856041131,0,,,0,0,0.00257069409,0,0,0,,0.03341902314,,0,0,0,0.02827763496,0,,,,
DSDP site 588,margo,0.42,-26.11,161.2266667,0,,0.0364,0,0.0033,0.0066,0.0695,0,,0,0.1987,0.0265,,0,0,0,0,,0.1457,0.0662,0.0066,0,0.2715,0,0,0.0165,0,0.0199,0,0,0,0,0.043,0,0,0.0463,0,,0,,
DSDP site 591,margo,0.4,-31.58433333,164.4486667,0,,0.0255,0,0,0.0032,0.0127,0,,0,0.2484,0.0095,,0.00318474576,0,0,0,,0.2707,0.0637,0.0064,0,0.0509,0.0032,0.0064,0.0159,0,0.035,0,0,0,0,0,0,0,0.0605,0,,0,,
DSDP site 592,margo,0.31,-36.47333333,165.4421667,0,,0.006,0,0,0.009,0.1351,0,,0,0.2402,0.054,,0.0060057971,0,0,0,,0.2643,0.009,0.006,0,0.006,0,0,0.003,0,0.003,0,0,0.03,0,0,0,0,0.024,0,,0,,
DSDP site 593,margo,0.38,-40.5078,167.6745,0,,0,0,0,0,0.135,0,,0,0.1475,0.0025,,0.02,0,0,0,,0.295,0.0025,0,0,0,0,0,0,0,0,0,0,0.1475,0,0,0,0,0.09,0,,0.005,,
E36-023,margo,0.19,-43.9167,150.0505556,0,,0,0,0,0.0032,0.01351168,0,,0,0.0863,0.0032,,0.0351,0,0,0,,0.5591,0,0,0,0.0032,0,0,0.0032,0,0,0,0,0.0479,0,0,0,0,0.0894,0,,0,,
E45-029,margo,0.39,-44.88333333,106.5166667,0,,0,0,0,0,0.023,0,,0,0.139,0,,0.309,0,0,0,,0.493,0,0,0,0,0,0,0,0,0,0,0,0,0,0,0,0,0.014,0,,0,,
E48-003,margo,0.22,-41.02,100.0116667,0,,0.003,0,0,0.005,0.022,0,,0,0.101,0,,0.126,0,0,0,,0.388,0,0,0,0,0,0,0,0,0,0,0,0.23,0,0,0,0,0.068,0,,0,,
E48-022,margo,0.82,-39.895,85.41,0,,0,0,0,0.006,0.022,0,,0,0.059,0,,0.138,0,0,0,,0.328,0,0,0,0.002,0,0,0.002,0,0,0,0,0.179,0,0,0,0,0.07,0,,0,,
E48-023,margo,0.55,-39.515,83.72333333,0,,0,0,0,0.002,0.025,0,,0,0.051,0,,0.153,0,0,0,,0.21,0.057,0,0,0,0,0,0.006,0,0,0,0,0.208,0,0,0,0,0.079,0,,0,,
E48-027,margo,0.62,-38.54166667,79.89833333,0,,0,0.003,0,0,0.034,0,,0,0.063,0.003,,0.088,0,0,0,,0.263,0.006,0,0,0.003,0,0,0,0,0,0,0,0.238,0,0.003,0,0,0.088,0,,0,,
E48-028,margo,0.73,-38.54833333,79.91833333,0,,0,0.003,0,0.003,0.029,0,,0,0.076,0.009,,0.102,0,0,0,,0.225,0.012,0,0,0.003,0,0,0.009,0.003,0,0,0,0.175,0,0.006,0,0,0.093,0,,0,,
E49-018,margo,0.5,-46.05,90.16666667,0,,0,0,0,0,0.003,0,,0,0.124,0,,0.594,0,0,0,,0.225,0.006,0,0,0,0,0,0,0,0,0,0,0.013,0,0,0,0,0.01,0,,0,,
E49-021,margo,0.49,-42.18333333,94.88333333,0,,0,0,0,0,0.034,0,,0,0.058,0,,0.146,0,0,0,,0.488,0.005,0,0,0,0,0,0.002,0,0,0.002,0,0.09,0,0,0,0,0.117,0,,0,,
E49-023,margo,0.59,-47.11666667,95.08333333,0,,0.003,0,0,0,0.008,0,,0,0.041,0,,0.837,0,0,0,,0.097,0,0,0,0,0,0,0,0,0,0,0,0.003,0,0,0,0,0.008,0,,0,,
FR10/95-GC05,margo,0.67,-14.00916667,121.0263333,0,,0.01247,0,0.0938,0,0.0324,0.003,,0,0,0.12,,0,0.0356,0,0,,0.029,0.0129,0.016,0,0.262,0.0388,0.0421,0.00647,0.003,0.0259,0,0,0,0,0.0356,0,0,0.197,0,,0,,
FR10/95-GC11,margo,0.29,-17.64283333,114.9988333,0,,0.0033,0,0.0831,0.0033,0.0199,0,,0,0.0299,0.0432,,0,0.0166,0.0033,0.0033,,0.0532,0.0166,0.0066,0,0.2857,0.0465,0.0299,0.01,0,0.0266,0.0066,0,0,0,0.0498,0,0.0033,0.2193,0,,0,,
FR10/95-GC14,margo,0.39,-20.04516667,112.6621667,0,,0.0066,0,0.0232,0,0.0099,0.0033,,0,0.1325,0.043,,0,0.0066,0,0.0066,,0.2417,0.0331,0.0033,0,0.1722,0.0199,0.0232,0,0.0033,0.0596,0.0033,0,0,0,0.0132,0,0,0.1854,0,,0,,
FR10/95-GC17,margo,1.43,-22.129,113.5018333,0,,0.003,0,0.019,0,0.003,0,,0,0.237,0.026,,0,0.01,0,0,,0.143,0.036,0,0,0.136,0.006,0.026,0,0,0.042,0,0,0,0.003,0.029,0,0,0.269,0,,0,,
FR10/95-GC20,margo,0.64,-24.7445,111.8291667,0,,0.003,0,0.006,0,0.003,0,,0,0.291,0.025,,0,0,0,0,,0.119,0.053,0.003,0,0.184,0.009,0.028,0,0,0.013,0,0,0,0,0.025,0,0,0.238,0,,0,,
FR10/95-GC29,margo,0.91,-30.99183333,114.5895,0,,0.034,0.006,0.008,0,0.025,0.003,,0,0.431,0,,0,0,0,0,,0.126,0.036,0.006,0,0.12,0,0.008,0,0,0.031,0.008,0,0.003,0.003,0.008,0,0,0.137,0,,0,,
FR2/96-GC10,margo,0.26,-24.46416667,108.5101667,0,,0.022,0,0.003,0.005,0.011,0,,0,0.299,0.019,,0,0.003,0,0,,0.092,0.051,0.005,0,0.194,0.024,0.022,0.005,0.003,0.032,0,0,0,0.003,0.022,0,0,0.183,0,,0,,
FR2/96-GC17,margo,0.43,-12.24666667,112.7378333,0,,0.0098,0,0.157,0.003,0.0196,0.016,,0,0,0.16,,0,0.0555,0,0,,0.0849,0.003,0.0131,0,0.199,0.0523,0.003,0,0,0.049,0,0,0,0,0.003,0.003,0,0.078,0,,0,,
FR2/96-GC27,margo,1.29,-18.56183333,116.2668333,0,,0.0099,0,0.053,0,0.0033,0,,0,0.0033,0.0298,,0,0.0496,0.0033,0.0099,,0.043,0.013,0.0166,0,0.384,0.096,0.0629,0,0.0033,0.0596,0,0,0,0,0.017,0.0033,0,0.1192,0,,0,,
K12,margo,2.8675,2.688888889,127.7361111,0,,0.003,0,0.141,0,0,0,,0,0,0.34,,0,0.102,0,0,,0.105,0.012,0.003,0,0.108,0.006,0.006,0,0,0,0,0,0,0,0.009,0,0,0.157,0,,0,,
MD76-131,margo,1.9,15.32,72.34,0,,0,0,0,0.005,0,0,,0,0,0.055,,0,0.045,0.005,0.014,,0.123,0.018,0.009,0,0.309,0.127,0.041,0.014,0,0.045,0.009,0,0,0,0.018,0,0,0.164,0,,0,,
MD77-169,margo,1.51,10.13,95.03,0,,0.003,0,0,0.003,0,0,,0,0,0.156,,0,0.075,0.01,0.013,,0.094,0.01,0.018,0,0.294,0.047,0.036,0.003,0.003,0.016,0.086,0,0,0,0.01,0,0,0.125,0,,0,,
MD77-171,margo,2.61,11.46,94.09,0,,0,0,0,0.005,0,0,,0,0,0.125,,0,0.046,0.017,0.024,,0.11,0.014,0.005,0,0.276,0.053,0.091,0.01,0.002,0.026,0.026,0,0,0,0.034,0,0,0.137,0,,0,,
MD77-179,margo,0.52,18.22,91.01,0,,0,0,0,0.004,0,0,,0,0,0.081,,0,0.106,0.007,0.015,,0.113,0.026,0.013,0,0.124,0.056,0.063,0.013,0.004,0.017,0.026,0,0,0,0.026,0,0,0.307,0,,0,,
MD77-180,margo,1.81,18.28,89.51,0,,0,0,0,0,0,0,,0,0,0.071,,0,0.064,0.01,0.012,,0.118,0.012,0.007,0,0.204,0.111,0.034,0.01,0,0.042,0.034,0,0,0,0.017,0,0,0.251,0,,0,,
MD77-191,margo,6.72,7.3,76.43,0,,0.006,0,0,0,0,0,,0,0,0.188,,0,0.029,0.006,0.047,,0.318,0.029,0,0,0.088,0.053,0.035,0,0,0.012,0.024,0,0,0,0.047,0,0,0.118,0,,0,,
MD77-194,margo,3.11,10.28,75.14,0,,0,0,0,0.006,0,0,,0,0,0.107,,0,0.012,0.006,0.032,,0.277,0.003,0.003,0,0.231,0.058,0.052,0,0,0.017,0.049,0,0,0,0.04,0.003,0,0.104,0,,0,,
MD77-203,margo,3.41,20.42,59.34,0,,0,0,0,0,0,0,,0,0,0.034,,0.003,0.011,0,0,,0.289,0.154,0,0,0.14,0.034,0.003,0.1,0,0.029,0.12,0,0.017,0,0.011,0,0,0.049,0,,0,,
ODP site 828,margo,12.38,-15.2889,166.2839,0,,0.0258,0,0.0484,0.0097,0,0.0032,,0,0.0064,0.0613,,0,0.0355,0,0,,0.0774,0,0.0064,0,0.348,0.0806,0.0064,0.0355,0,0.0484,0.0032,0,0,0,0.0064,0,0,0.184,0,,0,,
RC12-113 (M),margo,0.4,-24.88,163.52,0,,0.049,0,0.0033,0.0033,0,0,,0,0.1699,0.0261,,0,0.0098,0,0,,0.0752,0.0915,0.0131,0,0.2582,0.085,0.0196,0.0196,0.0065,0.0719,0,0,0,0,0.0165,0,0,0.0457,0,,0,,
RC12-328,margo,0.3,-3.95,60.6,0,,0.037,0,0,0.018,0,0,,0,0,0.168,,0,0.034,0.006,0.015,,0.061,0.012,0.006,0,0.315,0.052,0.015,0.009,0.009,0.073,0.028,0,0,0,0.012,0.003,0,0.125,0,,0,,
RC12-340,margo,0.7,12.7,90.017,0,,0.007,0,0,0,0,0,,0,0,0.163,,0,0.074,0.01,0.02,,0.022,0,0.02,0,0.229,0.032,0.076,0.034,0,0.034,0.052,0,0,0,0.02,0.002,0,0.204,0,,0,,
RC12-341,margo,0.6,13.05,89.583,0,,0.004,0,0,0.002,0,0,,0,0,0.126,,0,0.041,0.017,0.037,,0.03,0.013,0.022,0,0.174,0.028,0.115,0.02,0.002,0.033,0.033,0,0,0,0.03,0,0,0.273,0,,0,,
RC12-343,margo,0.6,15.167,90.567,0,,0,0,0,0,0,0,,0,0,0.097,,0,0.067,0.006,0.009,,0.033,0.009,0.024,0,0.209,0.067,0.076,0.006,0,0.021,0.015,0,0,0,0.009,0,0,0.352,0,,0,,
RC12-344,margo,2.9,12.767,96.067,0,,0,0,0,0,0,0,,0,0,0.088,,0,0.063,0.021,0.021,,0.063,0.021,0.007,0,0.449,0.046,0.039,0.004,0,0.06,0.035,0,0,0,0.039,0,0,0.042,0,,0,,
RC14-039,margo,0.7,-5.857,90.52,0,,0.005,0,0,0.002,0,0,,0,0,0.222,,0,0.11,0.03,0.026,,0.112,0.014,0.016,0,0.175,0.068,0.005,0.005,0.009,0.037,0.012,0,0,0,0.016,0,0,0.136,0,,0,,
V28-342 (P),margo,0.9,-14.1,120.5,0,,0.005,0,0,0.017,0.005,0,,0,0,0.169,,0,0.031,0,0,,0.084,0.012,0.002,0,0.27,0.039,0.029,0.005,0.002,0.029,0.048,0,0,0,0.048,0,0,0.205,0,,0,,
V28-345,margo,0.9,-17.67,117.95,0,,0.006,0,0,0.019,0.029,0,,0,0.025,0.121,,0,0.032,0,0,,0.098,0.044,0.003,0,0.267,0.025,0.038,0.003,0,0.019,0.019,0,0.003,0,0.029,0,0,0.219,0,,0,,
V29-015,margo,0.7,11.95,88.733,0,,0,0,0,0,0,0,,0,0,0.165,,0,0.039,0.07,0.008,,0.078,0.008,0.02,0,0.176,0.078,0.05,0.008,0.006,0.028,0.02,0,0,0,0.003,0.011,0,0.232,0,,0,,
V34-087,margo,1,13.273,57.348,0,,0.002,0,0,0.006,0.006,0,,0,0,0.103,,0,0.022,0,0.002,,0.25,0.125,0,0,0.192,0.022,0.01,0.016,0,0.012,0.034,0,0,0,0.02,0,0,0.177,0,,0,,
V34-088,margo,1,16.54,59.755,0,,0,0,0,0.009,0.012,0,,0,0,0.112,,0,0.009,0,0.003,,0.21,0.106,0,0,0.131,0.052,0.027,0.021,0,0.006,0.04,0,0.021,0,0.043,0,0,0.195,0,,0,,
V34-091,margo,0.7,20.937,64.033,0,,0,0,0,0,0.013,0,,0,0,0.13,,0.003,0.041,0,0.003,,0.168,0.044,0.006,0,0.33,0.07,0.01,0.016,0.003,0.035,0.025,0,0,0,0.006,0,0,0.095,0,,0,,
V34-092,margo,0.85,21.148,65.118,0,,0,0,0,0,0,0,,0,0,0.027,,0,0.019,0,0,,0.031,0.206,0,0,0.362,0.082,0.008,0.093,0.008,0.07,0.035,0,0,0,0,0,0,0.058,0,,0,,
V34-101,margo,0.4,17.488,67.423,0,,0,0,0,0.005,0.007,0,,0,0,0.063,,0,0.056,0,0,,0.051,0.047,0.012,0,0.372,0.105,0.019,0.028,0.003,0.014,0.035,0,0,0,0.007,0,0,0.175,0,,0,,
V34-109,margo,0.8,19.733,66.083,0,,0,0,0,0,0.008,0,,0,0,0.061,,0,0.045,0,0.003,,0.058,0.1,0.003,0,0.309,0.098,0.018,0.061,0,0.026,0.047,0,0,0,0.013,0,0,0.15,0,,0,,
V34-111,margo,0.6,17.617,63.883,0,,0,0,0,0,0.022,0,,0,0,0.091,,0,0.041,0,0,,0.05,0.044,0.031,0,0.369,0.091,0.019,0.019,0.003,0.038,0.034,0,0,0,0.003,0.003,0,0.144,0,,0,,
A015558,margo,0.58,8.983333333,51.73333333,0,,0.0232558139534884,0,0.0664451827242525,0.00664451827242525,0,0.0398671096345515,,0,0,0.182724252491694,,0.00996677740863787,0.0631229235880399,0,0.00996677740863787,,0.132890365448505,0.00664451827242525,0,0,0.0598006644518272,0.00332225913621262,0,0.00664451827242525,0,0.00332225913621262,0,0,0.00332225913621262,0,0.0398671096345515,0.00332225913621262,0,0.119601328903655,0,,0,,
DSDP site 594,margo,2.52,-45.5235,174.948,0,,0,0,0,0,0,0,,0,0.0220588235294118,0,,0.909926470588235,0,0,0,,0.00551470588235294,0,0,0,0,0,0,0,0,0,0,0,0.00735294117647059,0,0,0,0,0.00919117647058824,0,,0,,
E26-001,margo,0.61,-40.28333333,168.34,0,,0,0,0,0,0.188679245283019,0,,0,0.176100628930818,0.00628930817610063,,0,0,0,0,,0.330188679245283,0,0,0,0,0,0,0.00943396226415094,0,0,0,0,0.116352201257862,0,0,0,0,0.0345911949685535,0,,0,,
E27-030,margo,0.6,-45.0667,147.2283,0,,0,0,0,0.00632911392405063,0.0379746835443038,0,,0,0.142405063291139,0,,0.145569620253165,0,0,0,,0.379746835443038,0.00632911392405063,0,0,0.00316455696202532,0,0,0.00632911392405063,0,0,0,0,0.0537974683544304,0,0,0,0,0.0822784810126582,0,,0,,
E45-027,margo,0.3,-43.23333333,105.5833333,0,,0,0,0,0.00333333333333333,0.0433333333333333,0,,0,0.126666666666667,0,,0.166666666666667,0,0,0,,0.523333333333333,0,0,0,0,0,0,0,0.00333333333333333,0,0,0,0.04,0,0,0,0,0.0366666666666667,0,,0,,
E45-078,margo,0.31,-45.037,114.348,0,,0.00333333333333333,0,0,0.00333333333333333,0.0133333333333333,0,,0,0.173333333333333,0,,0.143333333333333,0,0,0,,0.516666666666667,0,0,0,0,0,0,0.00333333333333333,0,0,0,0,0.0566666666666667,0.00333333333333333,0,0,0,0.0366666666666667,0,,0,,
E45-102,margo,0.24,-33.61666667,113.5833333,0,,0,0.003125,0.003125,0,0.05,0,,0,0.475,0.0125,,0.01875,0,0,0,,0.115625,0.040625,0,0,0.059375,0.00625,0.0125,0,0,0.0125,0,0,0,0,0,0,0,0.128125,0,,0,,
E48-011,margo,0.22,-29.7,97.58333333,0,,0.0332225913621263,0,0.0232558139534884,0,0.0199335548172757,0.0132890365448505,,0,0.408637873754153,0.00332225913621262,,0.0132890365448505,0,0,0,,0.0897009966777409,0.00332225913621262,0.0199335548172757,0,0.176079734219269,0,0,0.0132890365448505,0,0,0.00332225913621262,0,0,0.00332225913621262,0,0,0,0.0431893687707641,0,,0,,
E48-035,margo,0.355,-30.35333333,86.485,0,,0,0.0225806451612903,0,0.0161290322580645,0.180645161290323,0,,0,0.3,0,,0.0193548387096774,0,0,0,,0.161290322580645,0.0225806451612903,0.0225806451612903,0,0.187096774193548,0.00645161290322581,0,0.0225806451612903,0,0.0225806451612903,0.00645161290322581,0,0,0,0,0,0,0.00967741935483871,0,,0,,
E55-006,margo,0.4,-38.8533,141.0633,0,,0,0.00909090909090909,0,0,0.142424242424242,0,,0,0.106060606060606,0,,0,0,0,0,,0.215151515151515,0.00606060606060606,0,0,0,0,0,0,0,0,0,0,0.187878787878788,0,0.0545454545454545,0,0,0.187878787878788,0,,0,,
FR1/94-GC03,margo,0.3,-44.2606,149.9963889,0,,0,0.0127226463104326,0,0,0.0356234096692112,0,,0,0.0966921119592875,0,,0.089058524173028,0,0,0,,0.430025445292621,0.00508905852417303,0,0,0,0.00254452926208651,0,0,0,0.00254452926208651,0,0,0.0814249363867685,0,0,0,0,0.0381679389312977,0,,0,,
MD88-770,margo,1.12,-46.01666667,96.46666667,0,,0,0,0,0,0.00460829493087558,0,,0,0,0,,0.949308755760369,0,0,0,,0.0276497695852535,0,0,0,0,0,0,0,0,0,0,0,0.00460829493087558,0,0,0,0,0.00460829493087558,0,,0,,
ODP122-760A,margo,0.39,-16.922,115.5413333,0,,0.00613496932515337,0,0.0705521472392638,0.00920245398773006,0.0306748466257669,0.0214723926380368,,0,0.0245398773006135,0.113496932515337,,0.00306748466257669,0.0122699386503067,0,0,,0.00613496932515337,0.0153374233128834,0.0122699386503067,0,0.306748466257669,0.0521472392638037,0.00613496932515337,0.0184049079754601,0,0.0644171779141104,0.00306748466257669,0,0,0,0.0122699386503067,0.00306748466257669,0.00306748466257669,0.193251533742331,0,,0,,
ODP122-762B,margo,0.8,-19.88733333,112.254,0,,0.014760147601476,0.011070110701107,0.0516605166051661,0.003690036900369,0.018450184501845,0.003690036900369,,0,0.11070110701107,0.11070110701107,,0,0.003690036900369,0.011070110701107,0.011070110701107,,0.025830258302583,0.029520295202952,0.00738007380073801,0,0.261992619926199,0.0553505535055351,0.011070110701107,0.018450184501845,0,0.0553505535055351,0,0,0,0,0.00738007380073801,0.003690036900369,0,0.14760147601476,0,,0,,
P69,margo,3.9,-40.39666667,177.9966667,0,,0.0376175548589342,0.00313479623824451,0,0.00313479623824451,0.0125391849529781,0,,0,0.191222570532915,0.0376175548589342,,0.122257053291536,0,0,0,,0.19435736677116,0.0125391849529781,0,0,0.00940438871473354,0,0,0,0,0,0,0,0.0188087774294671,0,0,0,0,0.0532915360501567,0,,0,,
Q200,margo,0.59,-45.995,172.025,0,,0,0,0,0,0.00359712230215827,0,,0,0.00719424460431655,0,,0.902877697841727,0,0,0,,0.0719424460431655,0,0,0,0,0,0,0,0,0,0,0,0.0107913669064748,0,0,0,0,0,0,,0,,
Q585,margo,0.73,-49.70333333,182.075,0,,0,0,0,0,0,0,,0,0.00872093023255814,0,,0.944767441860465,0,0,0,,0.0436046511627907,0,0,0,0,0,0,0,0,0,0,0,0,0,0,0,0,0,0,,0,,
R657 (S),margo,0.5,-42.53333333,181.5083333,0,,0.0021978021978022,0.0043956043956044,0,0,0.0505494505494506,0,,0,0.235164835164835,0.0417582417582418,,0.0527472527472528,0,0,0,,0.131868131868132,0,0,0,0,0.0021978021978022,0,0.0021978021978022,0,0,0,0,0.112087912087912,0,0,0,0,0.0703296703296703,0,,0,,
R657 (W),margo,0.5,-42.53333333,181.5083333,0,,0.0253164556962025,0,0,0.00949367088607595,0.069620253164557,0,,0,0.243670886075949,0.0189873417721519,,0.0759493670886076,0,0,0,,0.14873417721519,0,0,0,0,0,0,0,0,0,0.00316455696202532,0,0.104430379746835,0,0,0,0,0.0474683544303798,0,,0,,
RC08-039,margo,0.7,-42.88333333,42.35,0,,0,0,0,0,0.00333333333333333,0,,0,0.00333333333333333,0,,0.743333333333333,0,0,0,,0.06,0,0,0,0,0,0,0,0,0,0,0,0.0366666666666667,0,0,0,0,0.03,0,,0,,
RC08-078,margo,0.5,-44.78333333,184.2333333,0,,0,0,0,0,0.0818505338078292,0,,0,0.263345195729537,0.0640569395017794,,0.0391459074733096,0,0,0.00355871886120996,,0.241992882562278,0.0177935943060498,0,0,0,0,0,0.0213523131672598,0,0,0.00355871886120996,0,0.0925266903914591,0,0,0,0,0.0498220640569395,0,,0,,
RC09-148,margo,0.19,-29.68,113.7,0,,0.00273224043715847,0.00546448087431694,0,0.00546448087431694,0.00819672131147541,0,,0,0.437158469945355,0.040983606557377,,0,0,0,0,,0.0382513661202186,0.046448087431694,0,0,0.193989071038251,0.0628415300546448,0.00273224043715847,0,0,0.0136612021857924,0,0,0,0,0,0,0,0.092896174863388,0,,0,,
RC09-150 (P),margo,0.8,-31.28333333,114.5516667,0,,0,0.0166112956810631,0,0.0365448504983389,0.0465116279069768,0,,0,0.508305647840532,0.00996677740863787,,0,0.00996677740863787,0,0,,0.0830564784053156,0.0365448504983389,0,0,0.0365448504983389,0.026578073089701,0.00996677740863787,0.00996677740863787,0.00996677740863787,0.0166112956810631,0.026578073089701,0,0,0,0.026578073089701,0,0,0.0730897009966778,0,,0,,
RC09-150 (W),margo,0.9,-31.28333333,114.5516667,0,,0,0,0,0.00986842105263158,0.0164473684210526,0,,0,0.5625,0.00986842105263158,,0.0131578947368421,0,0,0,,0.0953947368421053,0.0296052631578947,0,0,0.0361842105263158,0.00328947368421053,0,0,0,0,0.00657894736842105,0,0,0,0,0,0,0.144736842105263,0,,0,,
RC09-161,margo,1.6,19.56833333,59.595,0,,0.00333333333333333,0,0.0633333333333333,0.0166666666666667,0,0,,0,0,0.0666666666666667,,0,0.02,0,0,,0.29,0.00666666666666667,0,0,0.11,0.0566666666666667,0,0.0466666666666667,0.00333333333333333,0.0166666666666667,0.0466666666666667,0,0.00333333333333333,0.00333333333333333,0.0266666666666667,0,0,0.2,0,,0,,
RC09-162,margo,0.5,19.07666667,60.42166667,0,,0,0,0.0794701986754967,0,0,0.0298013245033113,,0,0,0.135761589403974,,0,0.0364238410596027,0,0.0033112582781457,,0.218543046357616,0.0364238410596027,0,0,0.129139072847682,0.076158940397351,0.00662251655629139,0.033112582781457,0,0.0231788079470199,0.0165562913907285,0,0,0,0.0231788079470199,0,0,0.152317880794702,0,,0,,
RC10-131,margo,0.3,-14.53,157.97,0,,0,0,0.00346020761245675,0,0.00346020761245675,0.00346020761245675,,0,0,0.0519031141868512,,0,0.027681660899654,0,0,,0.0519031141868512,0.027681660899654,0.013840830449827,0,0.307958477508651,0.0761245674740485,0.027681660899654,0.0103806228373702,0.0069204152249135,0.0588235294117647,0.0311418685121107,0,0,0,0.0103806228373702,0.0069204152249135,0,0.245674740484429,0,,0,,
RC11-120,margo,0.74,-43.51666667,79.86666667,0,,0.00333333333333333,0,0,0,0.02,0,,0,0.0166666666666667,0,,0.596666666666667,0,0,0,,0.253333333333333,0,0,0,0,0,0,0,0,0,0.00333333333333333,0,0.0166666666666667,0,0,0,0,0.01,0,,0,,
RC11-121,margo,0.4,-39.71666667,82.25,0,,0,0.00332225913621262,0,0.00664451827242525,0.0431893687707641,0,,0,0.0631229235880399,0,,0.0897009966777409,0,0,0,,0.318936877076412,0.119601328903655,0,0,0.00664451827242525,0,0,0.00332225913621262,0,0,0,0,0.0930232558139535,0,0,0,0,0.0830564784053156,0,,0,,
RC11-126,margo,0.2,-30.06666667,94.41666667,0,,0,0.00668896321070234,0,0.0702341137123746,0.130434782608696,0,,0,0.17056856187291,0,,0,0,0,0,,0.267558528428094,0.020066889632107,0.00334448160535117,0,0.153846153846154,0.0133779264214047,0.0133779264214047,0.0100334448160535,0.0100334448160535,0.0100334448160535,0.0167224080267559,0,0.0100334448160535,0,0.0133779264214047,0,0,0.0434782608695652,0,,0,,
RC11-134,margo,0.1,-33.06666667,110.55,0,,0.00662251655629139,0.0033112582781457,0,0.0165562913907285,0.0596026490066225,0,,0,0.251655629139073,0.00662251655629139,,0,0,0,0,,0.281456953642384,0.033112582781457,0,0,0.119205298013245,0.0033112582781457,0.00662251655629139,0.00993377483443709,0,0.0033112582781457,0.0198675496688742,0,0.00993377483443709,0.0033112582781457,0.0033112582781457,0,0,0.0927152317880795,0,,0,,
RC11-145,margo,0.29,-25.48333333,110.0166667,0,,0.00589970501474926,0,0.00294985250737463,0,0.0147492625368732,0,,0,0.466076696165192,0.0383480825958702,,0,0,0,0,,0.0176991150442478,0.0324483775811209,0.00589970501474926,0,0.165191740412979,0.0235988200589971,0.00294985250737463,0.00589970501474926,0,0.0117994100294985,0.00294985250737463,0,0,0,0,0,0,0.182890855457227,0,,0,,
RC11-147,margo,0.6,-19.05833333,112.75,0,,0.00996677740863787,0,0.0465116279069768,0.00996677740863787,0.026578073089701,0.00996677740863787,,0,0.0897009966777409,0.0631229235880399,,0,0.0166112956810631,0,0,,0.0465116279069768,0.053156146179402,0.00996677740863787,0,0.196013289036545,0.0365448504983389,0.0365448504983389,0.00996677740863787,0,0.00996677740863787,0.0365448504983389,0,0,0,0.079734219269103,0,0,0.179401993355482,0,,0,,
RC12-109,margo,0.4,-25.88333333,157.8666667,0,,0.0199115044247788,0.00221238938053097,0.00442477876106195,0.00221238938053097,0.0110619469026549,0,,0,0.232300884955752,0.0176991150442478,,0,0.0132743362831858,0,0,,0.0752212389380531,0.196902654867257,0.00221238938053097,0,0.214601769911504,0.0486725663716814,0.0110619469026549,0.00663716814159292,0,0.0353982300884956,0.0154867256637168,0,0,0,0.00663716814159292,0,0,0.0641592920353982,0,,0,,
RC12-113 (A),margo,0.5,-24.88,163.52,0,,0.015015015015015,0.00900900900900901,0.003003003003003,0.00600600600600601,0.039039039039039,0,,0,0.129129129129129,0.018018018018018,,0,0.00900900900900901,0,0,,0.0510510510510511,0.192192192192192,0.00600600600600601,0,0.288288288288288,0.0540540540540541,0.036036036036036,0.015015015015015,0.00600600600600601,0.024024024024024,0.024024024024024,0,0,0,0.012012012012012,0,0,0.0480480480480481,0,,0,,
RC12-339,margo,0.7,9.133333333,90.03333333,0,,0.0100671140939597,0,0.224832214765101,0,0,0.00671140939597316,,0,0,0.181208053691275,,0,0.0536912751677852,0,0.00671140939597316,,0.110738255033557,0.0100671140939597,0.0201342281879195,0,0.114093959731544,0.0604026845637584,0.0134228187919463,0.00335570469798658,0.00335570469798658,0.0134228187919463,0.0167785234899329,0,0,0,0.0134228187919463,0.00335570469798658,0,0.12751677852349,0,,0,,
RC13-038,margo,0.4,-14.51666667,177.1,0,,0.00382409177820268,0,0.00191204588910134,0.00191204588910134,0,0.00956022944550669,,0,0,0.0210325047801147,,0,0.00573613766730402,0,0,,0.0248565965583174,0.0133843212237094,0.0229445506692161,0,0.382409177820268,0.0650095602294455,0.0267686424474187,0.0248565965583174,0.00573613766730402,0.0382409177820268,0.0363288718929254,0,0.00573613766730402,0,0.011472275334608,0,0,0.294455066921606,0,,0,,
RC14-007,margo,0.25,-35.51666667,44.75,0,,0.0033112582781457,0.0132450331125828,0,0.0132450331125828,0.0298013245033113,0,,0,0.225165562913907,0.129139072847682,,0.00993377483443709,0,0,0,,0.158940397350993,0.0993377483443709,0,0,0,0.0132450331125828,0,0.0033112582781457,0,0.0298013245033113,0,0,0.00662251655629139,0,0,0,0,0.0529801324503311,0,,0,,
RC14-009,margo,0.7,-39.01666667,47.88333333,0,,0,0.00664451827242525,0,0,0.0166112956810631,0,,0,0.116279069767442,0.00996677740863787,,0.0564784053156146,0,0,0,,0.255813953488372,0.00664451827242525,0,0,0.00996677740863787,0,0,0.00332225913621262,0,0.00332225913621262,0,0,0.0863787375415282,0,0.00332225913621262,0,0,0.0199335548172757,0,,0,,
RC14-029,margo,0.2,-10.92333333,88.315,0,,0.00993377483443709,0,0.109271523178808,0,0,0.00993377483443709,,0,0.00993377483443709,0.105960264900662,,0,0.0298013245033113,0.00993377483443709,0.00662251655629139,,0.0298013245033113,0,0.0165562913907285,0,0.241721854304636,0.125827814569536,0.0364238410596027,0.0264900662251656,0,0.0132450331125828,0.00662251655629139,0,0,0,0.0298013245033113,0,0.0033112582781457,0.155629139072848,0,,0,,
RC14-035,margo,0.4,-0.833333333,89.95,0,,0.0166666666666667,0,0.15,0,0,0.0133333333333333,,0,0,0.0833333333333333,,0,0.0833333333333333,0.0466666666666667,0.01,,0.07,0.00333333333333333,0.00666666666666667,0,0.23,0.1,0,0.00666666666666667,0,0.0233333333333333,0.03,0,0,0,0.02,0,0,0.103333333333333,0,,0,,
RC14-037,margo,0.4,1.466666667,90.16666667,0,,0,0,0.0930232558139535,0.00332225913621262,0,0.00332225913621262,,0,0,0.0863787375415282,,0,0.0664451827242525,0.0332225913621263,0.0166112956810631,,0.0664451827242525,0.00664451827242525,0.00664451827242525,0,0.259136212624585,0.0631229235880399,0.0332225913621263,0,0,0.0365448504983389,0.0332225913621263,0,0,0.00332225913621262,0.0132890365448505,0,0,0.172757475083056,0,,0,,
RC17-069,margo,0.6,-31.5,32.6,0,,0,0.0198675496688742,0.00993377483443709,0.00993377483443709,0.00993377483443709,0,,0,0.314569536423841,0.0596026490066225,,0,0,0,0,,0.0894039735099338,0.00993377483443709,0,0,0.149006622516556,0.0298013245033113,0.00993377483443709,0.00993377483443709,0.0198675496688742,0.0198675496688742,0.0397350993377483,0,0,0,0.00993377483443709,0,0,0.149006622516556,0,,0,,
RC17-073,margo,0.3,-32.11666667,36.01666667,0,,0,0.0299003322259136,0.00332225913621262,0.0299003322259136,0.00996677740863787,0,,0,0.305647840531561,0.00996677740863787,,0.00332225913621262,0.00332225913621262,0,0,,0.13953488372093,0.00996677740863787,0,0,0.132890365448505,0.0299003322259136,0.00664451827242525,0.0132890365448505,0.00332225913621262,0.0299003322259136,0.053156146179402,0,0.00664451827242525,0,0.0299003322259136,0,0,0.109634551495017,0,,0,,
RC17-098,margo,0.53,-13.21666667,65.61666667,0,,0,0.00666666666666667,0.04,0.0133333333333333,0.00333333333333333,0.07,,0,0,0.0966666666666667,,0,0.0166666666666667,0.00333333333333333,0.00333333333333333,,0.0333333333333333,0.01,0.0233333333333333,0,0.26,0.0733333333333333,0.01,0.0166666666666667,0,0.0366666666666667,0.0233333333333333,0,0,0,0.0233333333333333,0,0,0.226666666666667,0,,0,,
RC17-108,margo,0.4,-10.508,57.72,0,,0.00328947368421053,0,0.0263157894736842,0.00657894736842105,0.00328947368421053,0.00328947368421053,,0,0,0.0493421052631579,,0.00328947368421053,0.0197368421052632,0,0.00657894736842105,,0.167763157894737,0.0723684210526316,0,0,0.220394736842105,0.0296052631578947,0.0493421052631579,0.00328947368421053,0,0.00657894736842105,0.0197368421052632,0,0,0,0.105263157894737,0,0.00328947368421053,0.164473684210526,0,,0,,
RC17-113,margo,0.3,15.033,66.097,0,,0,0,0.116279069767442,0.00332225913621262,0,0.0232558139534884,,0,0,0.0930232558139535,,0,0.152823920265781,0,0.0166112956810631,,0.0465116279069768,0.0332225913621263,0.00332225913621262,0,0.222591362126246,0.0697674418604651,0.00332225913621262,0.0132890365448505,0.00996677740863787,0.00664451827242525,0.0199335548172757,0,0,0,0.00664451827242525,0,0,0.152823920265781,0,,0,,
RS067-GC10,margo,0.505,-38.86166667,140.1,0,,0,0,0,0.0126182965299685,0.132492113564669,0,,0,0.0946372239747634,0.00315457413249211,,0.0473186119873817,0,0,0,,0.435331230283912,0,0,0,0.00315457413249211,0,0,0,0,0,0,0,0.0662460567823344,0,0,0,0,0.0441640378548896,0,,0,,
RS096-GC21,margo,0.29,-23.77216667,108.5006667,0,,0.008,0.004,0.012,0.012,0.024,0,,0,0.3,0.036,,0,0,0,0,,0.036,0.048,0.004,0,0.204,0.032,0.024,0,0.004,0.044,0.008,0,0,0,0.004,0,0,0.16,0,,0,,
RS147-GC07,margo,0.985,-45.15,146.28,0,,0,0.00159235668789809,0,0.00477707006369427,0.0111464968152866,0,,0,0.0668789808917197,0.00159235668789809,,0.194267515923567,0,0,0,,0.329617834394904,0.017515923566879,0,0,0.00159235668789809,0,0,0,0,0,0.00318471337579618,0,0,0.165605095541401,0,0,0,0.0668789808917197,0,,0,,
RS147-GC14,margo,0.25,-46.45,145.24,0,,0,0,0,0,0.0158730158730159,0,,0,0.0603174603174603,0,,0.320634920634921,0,0,0,,0.304761904761905,0.0158730158730159,0,0,0,0,0,0,0,0,0,0,0.0698412698412698,0,0,0,0,0.0825396825396825,0,,0,,
RS147-GC31,margo,0.69,-44.53,149.05,0,,0,0,0,0,0.0317460317460317,0,,0,0.111111111111111,0,,0.114285714285714,0,0,0,,0.342857142857143,0,0,0,0,0,0,0,0,0,0,0,0.174603174603175,0,0,0,0,0.0476190476190476,0,,0,,
S794,margo,1.39,-35.31,177.9966667,0,,0.050125313283208,0,0,0,0.0601503759398496,0,,0,0.130325814536341,0.100250626566416,,0.0350877192982456,0,0,0,,0.115288220551378,0.037593984962406,0,0,0,0,0.0025062656641604,0.0025062656641604,0.0025062656641604,0.0050125313283208,0,0,0.0676691729323308,0,0,0,0,0.075187969924812,0,,0,,
SHI9006,margo,5.99,-4.33223,117.59584,0,,0,0,0.0285714285714286,0.010989010989011,0,0,,0,0,0.0813186813186813,,0.0175824175824176,0.0307692307692308,0,0,,0.116483516483516,0,0,0,0.294505494505495,0.0021978021978022,0.0021978021978022,0.0131868131868132,0,0.0263736263736264,0.0131868131868132,0,0,0,0.0285714285714286,0,0,0.334065934065934,0,,0,,
SHI9016,margo,0.52,-8.455833333,128.238,0,,0.0147679324894515,0,0.0569620253164557,0.0105485232067511,0.00843881856540084,0.00210970464135021,,0,0,0.124472573839662,,0.00210970464135021,0.0569620253164557,0.0274261603375527,0,,0.0506329113924051,0.0105485232067511,0.00210970464135021,0,0.265822784810127,0.040084388185654,0.0126582278481013,0.00843881856540084,0,0.0379746835443038,0.0126582278481013,0,0,0,0.0485232067510549,0,0,0.179324894514768,0,,0,,
SHI9022,margo,5.79,-11.35444,122.03799,0,,0.0142045454545455,0,0.0823863636363636,0.00284090909090909,0.00568181818181818,0,,0,0,0.0909090909090909,,0,0.0397727272727273,0,0,,0.0397727272727273,0,0,0,0.28125,0.03125,0.0170454545454545,0.00852272727272727,0,0.0340909090909091,0.00284090909090909,0,0,0,0.0426136363636364,0,0,0.224431818181818,0,,0,,
SHI9034,margo,8.3,-9.09764,111.00721,0,,0.00952380952380953,0,0.0738095238095238,0.00952380952380953,0.00238095238095238,0.00476190476190476,,0,0,0.257142857142857,,0.00476190476190476,0.0380952380952381,0,0,,0.145238095238095,0,0,0,0.0738095238095238,0.00476190476190476,0.00952380952380953,0.00476190476190476,0,0.0190476190476191,0.00476190476190476,0,0,0,0.0190476190476191,0,0.00238095238095238,0.0738095238095238,0,,0,,
SO36-07,margo,0.73,-42.25,144.75,0,,0,0,0,0.00519480519480519,0.0649350649350649,0,,0,0.0857142857142857,0,,0.168831168831169,0,0,0,,0.283116883116883,0.0025974025974026,0,0,0.00779220779220779,0.038961038961039,0,0,0,0,0,0,0.0493506493506494,0,0,0,0,0.0779220779220779,0,,0,,
SO36-21,margo,0.2,-43.8,145.5,0,,0,0,0,0,0.0532915360501567,0,,0,0.156739811912226,0,,0.0752351097178683,0,0,0,,0.438871473354232,0,0,0,0.00313479623824451,0,0,0.0125391849529781,0,0,0,0,0.0125391849529781,0,0,0,0,0.0783699059561129,0,,0,,
SO36-39,margo,0.3,-45.87,145.99,0,,0,0,0,0,0.0121951219512195,0,,0,0.0853658536585366,0,,0.207317073170732,0,0,0,,0.353658536585366,0,0,0,0,0,0,0,0,0,0,0,0.00914634146341463,0,0,0,0,0.0823170731707317,0,,0,,
SO36-47,margo,0.5,-46.87,145.98,0,,0,0,0,0,0.00887573964497041,0,,0,0.118343195266272,0,,0.21301775147929,0,0,0,,0.357988165680473,0,0,0,0,0,0,0,0,0,0,0,0.0266272189349112,0,0,0,0,0.0591715976331361,0,,0,,
U938,margo,1.3,-45.075,179.4983333,0,,0,0,0,0,0.00305810397553517,0,,0,0.296636085626911,0,,0.547400611620795,0,0,0,,0.0581039755351682,0,0,0,0,0,0,0,0,0,0,0,0.0795107033639144,0,0,0,0,0.0091743119266055,0,,0,,
V14-077,margo,0.29,-29.64166667,32.85833333,0,,0.0033112582781457,0.0033112582781457,0.0364238410596027,0.0298013245033113,0.0033112582781457,0,,0,0.274834437086093,0.0629139072847682,,0,0.0198675496688742,0,0,,0.0264900662251656,0.0033112582781457,0.0033112582781457,0,0.175496688741722,0.0463576158940397,0.00993377483443709,0.0198675496688742,0.0033112582781457,0.0364238410596027,0.0596026490066225,0,0,0,0.0198675496688742,0,0,0.112582781456954,0,,0,,
V14-081,margo,0.35,-28.425,43.78333333,0,,0,0.00666666666666667,0.01,0.03,0.0266666666666667,0,,0,0.14,0.0166666666666667,,0,0,0,0,,0.0766666666666667,0.01,0,0,0.206666666666667,0.04,0.0333333333333333,0.0133333333333333,0.00333333333333333,0.0133333333333333,0.0433333333333333,0,0.0133333333333333,0.00333333333333333,0.05,0,0,0.216666666666667,0,,0,,
V14-101,margo,0.7,8.65,58.56666667,0,,0.0264900662251656,0,0.0397350993377483,0.0033112582781457,0,0.0231788079470199,,0,0,0.0629139072847682,,0,0.0463576158940397,0,0.00993377483443709,,0.0927152317880795,0.0231788079470199,0,0,0.155629139072848,0.0231788079470199,0.0132450331125828,0.0033112582781457,0,0.0198675496688742,0,0,0,0,0.00993377483443709,0,0,0.341059602649007,0,,0,,
V14-102,margo,0.4,10.25,57.18333333,0,,0.0166666666666667,0,0.03,0.02,0,0.03,,0,0.00333333333333333,0.206666666666667,,0.00333333333333333,0.09,0,0.0233333333333333,,0.0933333333333333,0.02,0.00666666666666667,0,0.0733333333333333,0.02,0.00666666666666667,0.00333333333333333,0.00666666666666667,0.03,0,0,0,0,0.0133333333333333,0,0,0.166666666666667,0,,0,,
V16-089,margo,0.4,-33.01666667,85.78333333,0,,0,0.020066889632107,0,0.020066889632107,0.0969899665551839,0,,0,0.280936454849498,0,,0,0,0,0,,0.294314381270903,0.00334448160535117,0,0,0.0434782608695652,0,0.00334448160535117,0.0100334448160535,0.00334448160535117,0.00334448160535117,0.00668896321070234,0,0.0167224080267559,0.00334448160535117,0,0,0,0.0267558528428094,0,,0,,
V18-191,margo,0.3,-32.433,46.567,0,,0,0.033112582781457,0,0.0264900662251656,0.0562913907284768,0,,0,0.337748344370861,0.0033112582781457,,0.00662251655629139,0,0,0,,0.142384105960265,0.00993377483443709,0,0,0.102649006622517,0.0132450331125828,0.00662251655629139,0.00993377483443709,0.00662251655629139,0.00993377483443709,0.0298013245033113,0,0,0.0033112582781457,0.00993377483443709,0,0,0.0529801324503311,0,,0,,
V18-207,margo,0.4,-25.63333333,87.11666667,0,,0.0033112582781457,0.0033112582781457,0.00662251655629139,0.0165562913907285,0.0596026490066225,0.00662251655629139,,0,0.0960264900662252,0.00662251655629139,,0,0.0033112582781457,0,0,,0.0231788079470199,0.0397350993377483,0.0264900662251656,0,0.384105960264901,0.0596026490066225,0.043046357615894,0.0165562913907285,0,0.0231788079470199,0.0463576158940397,0,0.0033112582781457,0.0033112582781457,0.0132450331125828,0.0033112582781457,0,0.105960264900662,0,,0,,
V19-178,margo,0.8,8.116666667,73.25,0,,0,0,0.116666666666667,0.00666666666666667,0,0.01,,0,0,0.0966666666666667,,0,0.0533333333333333,0.03,0.02,,0.06,0.00333333333333333,0.00333333333333333,0,0.196666666666667,0.09,0.0366666666666667,0.01,0.00666666666666667,0.0366666666666667,0.0166666666666667,0,0.00333333333333333,0,0.0333333333333333,0.00333333333333333,0,0.166666666666667,0,,0,,
V19-185,margo,0.3,6.7,59.33333333,0,,0.00664451827242525,0.00332225913621262,0.0332225913621263,0.00996677740863787,0.00664451827242525,0.00332225913621262,,0,0,0.0365448504983389,,0.00332225913621262,0.0199335548172757,0.0132890365448505,0.0232558139534884,,0.116279069767442,0.026578073089701,0.00332225913621262,0,0.205980066445183,0.0199335548172757,0.00664451827242525,0.00332225913621262,0,0.0132890365448505,0.00996677740863787,0,0.00332225913621262,0,0.0199335548172757,0,0,0.312292358803987,0,,0,,
V19-188,margo,0.6,6.866666667,60.66666667,0,,0.023489932885906,0.00671140939597316,0.130872483221477,0.00671140939597316,0,0.0167785234899329,,0,0,0.10738255033557,,0.00335570469798658,0.0536912751677852,0.0134228187919463,0.0335570469798658,,0.100671140939597,0.0100671140939597,0.0201342281879195,0,0.194630872483221,0.023489932885906,0.00335570469798658,0.00335570469798658,0.00335570469798658,0.00671140939597316,0.0134228187919463,0,0,0,0.00335570469798658,0,0,0.130872483221477,0,,0,,
V19-201,margo,0.7,-5.333333333,40.43333333,0,,0.0198019801980198,0,0.0924092409240924,0.0066006600660066,0,0.0033003300330033,,0,0.0033003300330033,0.118811881188119,,0,0.0363036303630363,0,0.0066006600660066,,0.0528052805280528,0.0132013201320132,0.0066006600660066,0,0.244224422442244,0.033003300330033,0.0066006600660066,0.0066006600660066,0.0066006600660066,0.0264026402640264,0.0198019801980198,0,0,0.0066006600660066,0.0495049504950495,0,0.0033003300330033,0.174917491749175,0,,0,,
V19-202,margo,0.4,-6.983333333,41.18333333,0,,0.00996677740863787,0,0.106312292358804,0.00664451827242525,0.00332225913621262,0.00996677740863787,,0,0.00996677740863787,0.0963455149501661,,0.00664451827242525,0.0398671096345515,0.00332225913621262,0.00996677740863787,,0.0631229235880399,0.0166112956810631,0.0132890365448505,0,0.312292358803987,0.026578073089701,0.00996677740863787,0.026578073089701,0,0.0166112956810631,0.00996677740863787,0,0,0,0.00996677740863787,0,0,0.149501661129568,0,,0,,
V19-204,margo,0.3,-10.23333333,43.81666667,0,,0.0099009900990099,0,0.0561056105610561,0,0.0099009900990099,0.0099009900990099,,0,0.0033003300330033,0.105610561056106,,0,0.0462046204620462,0,0.0066006600660066,,0.0693069306930693,0.0099009900990099,0.0264026402640264,0,0.297029702970297,0.0297029702970297,0.0066006600660066,0.0099009900990099,0,0.0132013201320132,0.0165016501650165,0,0,0,0,0,0,0.207920792079208,0,,0,,
V20-170,margo,0.3,-21.8,69.23333333,0,,0.0033112582781457,0.0033112582781457,0.0231788079470199,0.00662251655629139,0.0562913907284768,0.00662251655629139,,0,0.0132450331125828,0.00662251655629139,,0,0.0033112582781457,0,0,,0.0165562913907285,0.0132450331125828,0.0264900662251656,0,0.417218543046358,0.076158940397351,0.0397350993377483,0.00993377483443709,0.0033112582781457,0.0529801324503311,0.0132450331125828,0,0,0,0.033112582781457,0,0.00662251655629139,0.158940397350993,0,,0,,
V20-175,margo,0.3,-22.3,68,0,,0.00332225913621262,0.00664451827242525,0.00664451827242525,0.00996677740863787,0.0598006644518272,0,,0,0.00332225913621262,0.0166112956810631,,0,0.00332225913621262,0,0,,0.0232558139534884,0.00664451827242525,0.0166112956810631,0,0.401993355481728,0.0897009966777409,0.0398671096345515,0.0132890365448505,0.0166112956810631,0.0166112956810631,0.053156146179402,0,0.00332225913621262,0.00332225913621262,0.0332225913621263,0.00332225913621262,0.00332225913621262,0.166112956810631,0,,0,,
V24-157,margo,0.3,-14.95,147.92,0,,0,0,0.030952380952381,0.00238095238095238,0.00714285714285714,0.00238095238095238,,0,0.00714285714285714,0.0714285714285714,,0,0.0238095238095238,0,0,,0.0261904761904762,0.00476190476190476,0.0404761904761905,0,0.35952380952381,0.1,0.00714285714285714,0.0142857142857143,0.00714285714285714,0.0738095238095238,0.0547619047619048,0,0,0,0.0119047619047619,0,0,0.133333333333333,0,,0,,
V24-161,margo,0.5,-18.2,151.45,0,,0.00341296928327645,0,0.0238907849829352,0.0102389078498294,0.0068259385665529,0.0136518771331058,,0,0.00341296928327645,0.0614334470989761,,0,0.0238907849829352,0.00341296928327645,0.00341296928327645,,0.0409556313993174,0.0238907849829352,0.0136518771331058,0,0.392491467576792,0.0921501706484642,0.0136518771331058,0.0068259385665529,0.0102389078498294,0.0648464163822526,0.0443686006825939,0,0,0,0.0238907849829352,0,0,0.102389078498294,0,,0,,
V24-170,margo,0.4,-13.52,146.88,0,,0.00490196078431373,0,0.0294117647058824,0.00490196078431373,0.0122549019607843,0.0122549019607843,,0,0.00245098039215686,0.0514705882352941,,0,0.0490196078431373,0,0.00245098039215686,,0.0269607843137255,0.0122549019607843,0.00735294117647059,0,0.428921568627451,0.120098039215686,0.00735294117647059,0.017156862745098,0.00245098039215686,0.0514705882352941,0.0318627450980392,0,0,0,0.00735294117647059,0,0,0.102941176470588,0,,0,,
V24-184,margo,0.3,-12.87,146.2,0,,0,0,0.0263157894736842,0,0.0380116959064327,0.00292397660818713,,0,0,0.0701754385964912,,0,0.0321637426900585,0,0,,0.0087719298245614,0,0.0087719298245614,0,0.447368421052632,0.14327485380117,0.00584795321637427,0.0087719298245614,0,0.0292397660818713,0,0,0,0,0.00292397660818713,0,0,0.166666666666667,0,,0,,
V28-238,margo,0.39,1.016666667,160.4833333,0,,0.00857142857142857,0,0.0342857142857143,0.00380952380952381,0,0.0190476190476191,,0,0,0.153333333333333,,0,0.0923809523809524,0.0180952380952381,0,,0.00571428571428571,0,0.0247619047619048,0,0.226666666666667,0.0523809523809524,0.00571428571428571,0.00095238095238095,0,0.111428571428571,0.0619047619047619,0,0,0,0.00666666666666667,0,0,0.16952380952381,0,,0,,
V28-239,margo,0.52,3.25,159.1833333,0,,0.00664451827242525,0,0.0631229235880399,0.0132890365448505,0,0.0498338870431894,,0,0,0.149501661129568,,0,0.257475083056478,0.0166112956810631,0.00166112956810631,,0.00166112956810631,0.00166112956810631,0.0199335548172757,0,0.12624584717608,0.0631229235880399,0.00498338870431894,0,0,0.0598006644518272,0.0681063122923588,0,0,0.00166112956810631,0,0,0,0.0946843853820598,0,,0,,
V28-342 (W),margo,0.89,-14.1,120.5,0,,0.0037037037037037,0,0.0925925925925926,0.0037037037037037,0.0111111111111111,0.0703703703703704,,0,0,0.155555555555556,,0,0.0111111111111111,0,0,,0,0.0037037037037037,0.0148148148148148,0,0.259259259259259,0.0740740740740741,0.0185185185185185,0.037037037037037,0,0.0814814814814815,0.0111111111111111,0,0,0,0.00740740740740741,0.0037037037037037,0,0.118518518518519,0,,0,,
V29-029,margo,0.8,5.116666667,77.58333333,0,,0.00332225913621262,0,0.0963455149501661,0.00664451827242525,0,0.00332225913621262,,0,0,0.245847176079734,,0,0.053156146179402,0.00332225913621262,0.0199335548172757,,0.156146179401993,0.0132890365448505,0.00332225913621262,0,0.0830564784053156,0.0332225913621263,0.0166112956810631,0.00996677740863787,0,0.0232558139534884,0.00996677740863787,0,0,0,0.0132890365448505,0,0,0.20265780730897,0,,0,,
V29-030,margo,0.8,3.083333333,76.25,0,,0.0033112582781457,0,0.201986754966887,0.0033112582781457,0,0.0033112582781457,,0,0,0.175496688741722,,0,0.132450331125828,0.00993377483443709,0.0298013245033113,,0.0596026490066225,0.0033112582781457,0,0,0.112582781456954,0.033112582781457,0.0132450331125828,0.0132450331125828,0.0033112582781457,0.0198675496688742,0.0165562913907285,0.0033112582781457,0,0,0.0033112582781457,0,0,0.122516556291391,0,,0,,
V29-045,margo,0.4,-6,69.817,0,,0.0099009900990099,0,0.0825082508250825,0,0,0.0066006600660066,,0,0,0.0891089108910891,,0.0033003300330033,0.0594059405940594,0.0033003300330033,0.0165016501650165,,0.0627062706270627,0,0.0033003300330033,0,0.231023102310231,0.0528052805280528,0.0132013201320132,0.0198019801980198,0.0099009900990099,0.0264026402640264,0.0066006600660066,0,0,0.0033003300330033,0.0198019801980198,0,0,0.221122112211221,0,,0,,
V29-048,margo,0.2,-6.266666667,63.43333333,0,,0.00666666666666667,0,0.13,0.0133333333333333,0,0.0133333333333333,,0,0,0.156666666666667,,0,0.0466666666666667,0.00333333333333333,0.02,,0.03,0,0.0366666666666667,0,0.2,0.1,0.00666666666666667,0.01,0.01,0.05,0.03,0,0,0,0.00666666666666667,0.00333333333333333,0,0.0866666666666667,0,,0,,
V29-064,margo,0.3,-27.283,74.867,0,,0.00662251655629139,0.00993377483443709,0,0.0397350993377483,0.115894039735099,0,,0,0.0728476821192053,0,,0,0,0,0,,0.0463576158940397,0.00662251655629139,0.0132450331125828,0,0.367549668874172,0.0728476821192053,0.00662251655629139,0.0264900662251656,0.0231788079470199,0.0397350993377483,0.0397350993377483,0,0,0,0.0165562913907285,0,0.0033112582781457,0.0860927152317881,0,,0,,
V33-065,margo,0.4,-22.73333333,112.5833333,0,,0,0,0.0134228187919463,0.00335570469798658,0.0201342281879195,0.00335570469798658,,0,0.348993288590604,0.0570469798657718,,0.00671140939597316,0.0201342281879195,0,0,,0.0201342281879195,0.023489932885906,0,0,0.174496644295302,0.0268456375838926,0.0302013422818792,0.00335570469798658,0,0.0369127516778524,0,0,0,0,0.00335570469798658,0,0.00335570469798658,0.184563758389262,0,,0,,
Z2108,margo,0.75,-33.3765,161.6125,0,,0.010593220338983,0.00211864406779661,0.00211864406779661,0.010593220338983,0.0233050847457627,0,,0,0.233050847457627,0.0783898305084746,,0.00423728813559322,0,0.00211864406779661,0,,0.103813559322034,0.0423728813559322,0,0,0.0529661016949153,0.00423728813559322,0.00211864406779661,0.0148305084745763,0,0,0.0211864406779661,0,0.220338983050847,0,0.00211864406779661,0,0,0.0550847457627119,0.00635593220338983,,0,,
Z2112,margo,0.935,-33.53,166.53,0,,0.0191570881226054,0.00383141762452107,0,0.00383141762452107,0.0325670498084291,0,,0,0.268199233716475,0.0114942528735632,,0.00574712643678161,0,0,0,,0.132183908045977,0.0593869731800766,0,0,0.0268199233716475,0.00191570881226054,0,0.00957854406130268,0,0.00766283524904215,0.0134099616858238,0,0,0.00191570881226054,0.00574712643678161,0,0,0.0153256704980843,0,,0,,
KS310,margo,2.11,35.55,-1.57,0,,0,0,0,0.012,0,0,,0,0,0,0.741,0,0,0,0,,0.074,0,0,0,0.021,0,0,0.004,0,0,0,0,0.099,0,0,0,0,0.037,0,,0,,
KS310,margo,2.19,35.55,-1.57,0,,0,0,0,0.012,0,0,,0,0.012,0,0.781,0,0,0,0,,0.096,0,0,0,0.008,0,0,0,0,0,0,0,0.073,0,0,0,0,0.019,0,,0,,
KS310,margo,2.35,35.55,-1.57,0,,0,0,0,0.005,0,0,,0,0.005,0,0.656,0,0,0,0,,0.18,0,0,0,0.005,0,0,0.005,0,0,0,0,0.093,0,0,0,0,0.049,0,,0,,
KS310,margo,2.43,35.55,-1.57,0,,0,0,0,0.008,0,0,,0,0.021,0,0.687,0,0,0,0,,0.144,0,0,0,0.012,0,0,0.004,0,0,0,0,0.078,0,0,0,0,0.045,0,,0,,
KS310,margo,2.59,35.55,-1.57,0,,0,0,0,0.015,0,0,,0,0.007,0,0.684,0,0,0,0,,0.136,0,0,0,0.022,0,0,0.011,0,0,0,0,0.107,0,0,0,0,0.018,0,,0,,
KS310,margo,2.71,35.55,-1.57,0,,0,0,0,0.018,0,0,,0,0.004,0,0.69,0,0,0,0,,0.166,0,0,0,0.014,0,0,0.004,0,0,0,0,0.04,0,0,0,0,0.061,0,,0,,
KS310,margo,2.79,35.55,-1.57,0,,0,0,0,0.015,0,0,,0,0.048,0,0.565,0,0,0,0,,0.24,0,0,0,0,0,0,0.003,0,0.006,0,0,0.063,0,0.003,0,0,0.051,0,,0,,
KET8022,margo,1.11,40.35,11.43,0,,0,0,0,0.06,0,0,,0,0,0.03,0.22,0,0,0,0,,0.4,0,0,0,0,0,0,0,0,0,0,0,0.05,0,0,0,0,0.11,0,,0,,
KET8022,margo,1.41,40.35,11.43,0,,0,0,0,0.14,0,0,,0,0,0.01,0.18,0,0,0,0,,0.23,0,0,0,0,0,0,0,0,0,0,0,0.07,0,0,0,0,0.24,0,,0,,
KET8022,margo,1.71,40.35,11.43,0,,0,0,0,0.13,0,0,,0,0,0,0.13,0,0,0,0,,0.19,0,0,0,0,0,0,0,0,0,0,0,0.16,0,0,0,0,0.34,0,,0,,
BC15,margo,0.7725,41.95,5.93,0,,0,0,0,0.0909090909090909,0,0,,0,0,0,0.0430622009569378,0,0,0,0,,0.45933014354067,0,0,0,0,0,0,0,0,0,0,0,0.239234449760766,0,0,0,0,0.15311004784689,0,,0,,
BC15,margo,0.9475,41.95,5.93,0,,0,0,0,0.0857142857142857,0,0,,0,0,0,0.102857142857143,0,0,0,0,,0.445714285714286,0,0,0,0.0114285714285714,0,0,0,0,0,0,0,0.297142857142857,0,0,0,0,0.0571428571428571,0,,0,,
BC15,margo,1.0925,41.95,5.93,0,,0,0,0,0.0919540229885057,0.00383141762452107,0,,0,0.00766283524904215,0,0.0613026819923372,0,0,0,0,,0.386973180076628,0,0,0,0.00766283524904215,0,0,0,0,0,0,0,0.32183908045977,0,0,0,0,0.114942528735632,0,,0,,
T87/2/20G,margo,0.405,34.97,23.75,0,,0,0,0,0.100502512562814,0,0,,0,0,0,0.296482412060302,0,0,0,0,,0.130653266331658,0,0,0,0.266331658291457,0,0,0,0,0,0,0,0.0351758793969849,0,0.0050251256281407,0,0,0.0954773869346734,0,,0,,
T87/2/20G,margo,0.455,34.97,23.75,0,,0,0,0,0.0956521739130435,0,0,,0,0.00434782608695652,0,0.247826086956522,0,0,0,0,,0.143478260869565,0,0,0,0.308695652173913,0,0,0,0,0,0,0,0.0260869565217391,0,0,0,0,0.143478260869565,0,,0,,
T87/2/20G,margo,0.505,34.97,23.75,0,,0,0,0,0.0740740740740741,0,0,,0,0,0,0.328703703703704,0,0,0,0,,0.087962962962963,0,0,0.00462962962962963,0.333333333333333,0,0,0,0,0.00925925925925926,0,0,0.037037037037037,0,0,0,0,0.0972222222222222,0,,0,,
MD 95-2043,margo,8.3,36.143,-2.621,0,,0,0,0,0.0151057401812689,0,0,,0,0,0,0.743202416918429,0.0211480362537764,0,0,0,,0.123867069486405,0,0,0,0.0151057401812689,0,0,0.00604229607250755,0,0,0,0,0.0332326283987915,0,0,0,0,0.0422960725075529,0,,0,,
MD 95-2043,margo,8.4,36.143,-2.621,0,,0,0,0,0.00759493670886076,0,0,,0,0.00506329113924051,0,0.754430379746836,0.00759493670886076,0,0,0,,0.113924050632911,0,0,0,0.0278481012658228,0,0,0,0,0,0,0,0.0405063291139241,0,0,0,0,0.0430379746835443,0,,0,,
MD 95-2043,margo,8.5,36.143,-2.621,0,,0,0,0,0.0169491525423729,0,0,,0,0.00726392251815981,0,0.777239709443099,0.0169491525423729,0,0,0,,0.0847457627118644,0,0,0,0,0,0,0.00242130750605327,0,0,0.00242130750605327,0,0.0460048426150121,0,0,0,0,0.0460048426150121,0,,0,,
MD 95-2043,margo,8.6,36.143,-2.621,0,,0,0,0,0.0147783251231527,0,0,,0,0.00492610837438424,0,0.679802955665025,0.00738916256157635,0,0,0,,0.179802955665025,0,0,0,0.0320197044334975,0,0,0,0,0,0,0,0.0591133004926108,0,0,0,0,0.0221674876847291,0,,0,,
MD 95-2043,margo,8.7,36.143,-2.621,0,,0,0,0,0.0099009900990099,0,0,,0,0.0099009900990099,0,0.597359735973597,0.0066006600660066,0,0,0,,0.231023102310231,0,0,0,0.0099009900990099,0,0,0.0033003300330033,0,0,0.0033003300330033,0,0.0792079207920792,0,0,0,0,0.0495049504950495,0,,0,,
MD 95-2043,margo,8.8,36.143,-2.621,0,,0,0,0,0.0169753086419753,0,0,,0,0.0123456790123457,0,0.680555555555556,0.00925925925925926,0,0,0,,0.185185185185185,0.00154320987654321,0,0,0.00771604938271605,0,0,0.00154320987654321,0,0,0,0,0.037037037037037,0,0,0,0,0.0478395061728395,0,,0,,
MD 95-2043,margo,8.9,36.143,-2.621,0,,0,0,0,0.00934579439252336,0,0,,0,0.0116822429906542,0,0.679906542056075,0.014018691588785,0,0,0,,0.214953271028037,0,0,0,0.0163551401869159,0,0,0,0,0,0,0,0.0163551401869159,0,0,0,0,0.0373831775700935,0,,0,,
DED8707,margo,1.095,39.41,13.34,0,,0,0,0,0.0641711229946524,0,0,,0,0.0053475935828877,0.0106951871657754,0.197860962566845,0.0106951871657754,0,0,0,,0.368983957219251,0,0,0,0.128342245989305,0,0,0,0,0,0,0,0.0481283422459893,0,0,0,0,0.165775401069519,0,,0,,
DED8707,margo,1.215,39.41,13.34,0,,0,0,0,0.0226537216828479,0,0,,0,0.00323624595469256,0.00647249190938512,0.27831715210356,0.00970873786407767,0,0,0,,0.427184466019417,0,0,0,0.0906148867313916,0,0,0,0,0,0,0,0.0194174757281553,0,0,0,0,0.142394822006473,0,,0,,
KET8003,margo,1.91,38.49,14.3,0,,0,0,0,0.11491935483871,0,0,,0,0,0.00806451612903226,0.314516129032258,0.0100806451612903,0,0,0,,0.221774193548387,0,0.00201612903225806,0,0,0,0.00201612903225806,0,0,0,0.00201612903225806,0,0.0584677419354839,0,0.00201612903225806,0,0,0.11491935483871,0,,0,,
KET8003,margo,1.95,38.49,14.3,0,,0,0,0,0.0523917995444191,0,0,,0,0.00455580865603645,0,0.302961275626424,0.00683371298405467,0,0,0,,0.302961275626424,0,0.00455580865603645,0,0,0,0,0,0,0,0,0,0.0478359908883827,0,0.00455580865603645,0,0,0.109339407744875,0,,0,,
KET8003,margo,2.01,38.49,14.3,0,,0,0,0,0.0826558265582656,0,0,,0,0,0.0040650406504065,0.230352303523035,0.00948509485094851,0,0,0,,0.25609756097561,0,0.00948509485094851,0,0,0,0,0,0,0,0,0,0.0758807588075881,0,0,0,0,0.193766937669377,0,,0,,
KET8003,margo,2.05,38.49,14.3,0,,0,0,0,0.0527272727272727,0,0,,0,0,0,0.238181818181818,0.00727272727272727,0,0,0,,0.283636363636364,0,0.00181818181818182,0,0,0,0,0.00181818181818182,0,0,0.00181818181818182,0,0.0290909090909091,0,0.00727272727272727,0,0,0.210909090909091,0,,0,,
KET8003,margo,2.11,38.49,14.3,0,,0,0,0,0.129699248120301,0,0,,0,0.0018796992481203,0.0018796992481203,0.178571428571429,0.0150375939849624,0,0,0,,0.231203007518797,0,0.0131578947368421,0,0,0,0,0,0,0,0,0,0.0413533834586466,0,0,0,0,0.229323308270677,0,,0,,
KET8003,margo,2.15,38.49,14.3,0,,0,0,0,0.0725,0,0,,0,0.0025,0,0.205,0.0025,0,0,0,,0.2525,0,0.005,0,0,0,0,0,0,0,0.0025,0,0.0575,0,0.0025,0,0,0.175,0,,0,,
KET8003,margo,2.21,38.49,14.3,0,,0,0,0,0.0494505494505495,0,0,,0,0,0.00366300366300366,0.269230769230769,0.0128205128205128,0,0,0,,0.302197802197802,0,0.00732600732600733,0,0,0,0,0,0,0,0,0,0.0494505494505495,0,0,0,0,0.201465201465201,0,,0,,
KET8003,margo,2.25,38.49,14.3,0,,0,0,0,0.0184254606365159,0,0,,0,0.0033500837520938,0,0.358458961474037,0.00837520938023451,0,0,0,,0.350083752093802,0,0.00837520938023451,0,0,0,0,0,0,0,0,0,0.0268006700167504,0,0,0,0,0.144053601340034,0,,0,,
KET8019,margo,2.71,40.33,13.21,0,,0,0,0,0.0749414519906323,0,0,,0,0.00234192037470726,0.00234192037470726,0.243559718969555,0.0210772833723653,0,0,0,,0.187353629976581,0,0.00234192037470726,0,0.19672131147541,0,0.00702576112412178,0,0,0,0,0,0.0515222482435597,0,0,0,0,0.210772833723653,0,,0,,
KET8019,margo,2.81,40.33,13.21,0,,0,0,0,0.0231660231660232,0,0,,0,0.00386100386100386,0,0.250965250965251,0.0193050193050193,0,0,0,,0.250965250965251,0,0.00386100386100386,0,0.212355212355212,0,0.00386100386100386,0,0,0,0,0,0.0694980694980695,0,0,0,0,0.162162162162162,0,,0,,
KET8019,margo,2.98,40.33,13.21,0,,0,0,0,0.0134529147982063,0,0,,0,0.00448430493273543,0,0.443946188340807,0.0112107623318386,0,0,0,,0.168161434977579,0,0.00224215246636771,0,0.170403587443946,0,0,0,0,0,0.00224215246636771,0,0.0358744394618834,0,0,0,0,0.147982062780269,0,,0,,
KET8019,margo,3.01,40.33,13.21,0,,0,0,0,0,0.00303951367781155,0,,0,0.0060790273556231,0,0.516717325227964,0.0182370820668693,0,0,0,,0.194528875379939,0,0,0,0.106382978723404,0,0,0,0,0,0,0,0.0243161094224924,0,0,0,0,0.130699088145897,0,,0,,
KET8019,margo,3.14,40.33,13.21,0,,0,0,0,0.0200573065902579,0,0,,0,0.00286532951289398,0,0.269340974212034,0.0114613180515759,0,0,0,,0.429799426934097,0,0,0,0.0859598853868195,0,0,0.00286532951289398,0,0,0,0,0.0372492836676218,0,0,0,0,0.140401146131805,0,,0,,
KET8019,margo,3.21,40.33,13.21,0,,0,0,0,0.224358974358974,0,0,,0,0.00213675213675214,0,0.352564102564103,0.0192307692307692,0,0,0,,0.155982905982906,0,0,0,0.0106837606837607,0,0,0,0,0,0,0,0.0705128205128205,0,0,0,0,0.164529914529915,0,,0,,
KET8039,margo,2.7125,36.32,11.41,0,,0,0.00218818380743982,0,0.0087527352297593,0,0,,0,0.0109409190371991,0.0350109409190372,0.266958424507659,0.00656455142231947,0,0,0,,0.153172866520788,0,0,0,0.282275711159737,0,0,0,0,0,0.00437636761487965,0,0.0940919037199125,0,0,0,0,0.135667396061269,0,,0,,
KET8039,margo,2.8125,36.32,11.41,0,,0,0.00289017341040462,0,0,0,0,,0,0.0404624277456647,0.0289017341040462,0.260115606936416,0,0,0,0,,0.254335260115607,0,0,0,0.19364161849711,0.00289017341040462,0.00289017341040462,0,0,0,0,0,0.153179190751445,0,0,0,0,0.0606936416184971,0,,0,,
KET8039,margo,2.9125,36.32,11.41,0,,0,0,0,0.00785340314136126,0,0,,0,0.0157068062827225,0.049738219895288,0.274869109947644,0.00523560209424084,0,0,0,,0.167539267015707,0,0.00785340314136126,0,0.290575916230367,0,0,0,0,0,0,0,0.0994764397905759,0,0,0,0,0.081151832460733,0,,0,,
KET8039,margo,3.0125,36.32,11.41,0,,0,0,0,0,0,0,,0,0.0241691842900302,0.027190332326284,0.220543806646526,0,0,0,0,,0.314199395770393,0,0.00302114803625378,0,0.217522658610272,0.00302114803625378,0,0,0,0,0.00906344410876133,0,0.123867069486405,0,0,0,0,0.0574018126888218,0,,0,,
KET8039,margo,3.1125,36.32,11.41,0,,0,0.0031055900621118,0,0.0031055900621118,0,0,,0,0.0279503105590062,0.015527950310559,0.267080745341615,0.0031055900621118,0,0,0,,0.183229813664596,0,0.0093167701863354,0,0.288819875776398,0,0,0,0,0,0,0,0.133540372670807,0,0,0,0,0.0652173913043478,0,,0,,
KET8039,margo,3.2125,36.32,11.41,0,,0,0.00209643605870021,0,0,0,0,,0,0.0209643605870021,0.0356394129979036,0.30398322851153,0.00628930817610063,0,0,0,,0.155136268343816,0,0.00628930817610063,0,0.29769392033543,0,0.00209643605870021,0.00209643605870021,0,0,0,0,0.115303983228512,0,0,0,0,0.0524109014675052,0,,0,,
KET8039,margo,3.3125,36.32,11.41,0,,0,0,0,0.0066006600660066,0,0,,0,0.0033003300330033,0.0231023102310231,0.326732673267327,0.0033003300330033,0,0,0,,0.145214521452145,0,0.0066006600660066,0,0.273927392739274,0,0,0,0,0,0,0,0.0891089108910891,0,0,0,0,0.122112211221122,0,,0,,
KET8039,margo,3.4125,36.32,11.41,0,,0,0,0,0.00613496932515337,0,0,,0,0.0122699386503067,0.0143149284253579,0.292433537832311,0.00613496932515337,0,0,0,,0.157464212678937,0,0.0204498977505112,0,0.226993865030675,0,0,0,0,0,0,0,0.122699386503067,0,0.00204498977505112,0,0,0.139059304703477,0,,0,,
KET8039,margo,3.5125,36.32,11.41,0,,0,0,0,0,0,0,,0,0.0310077519379845,0.0258397932816537,0.299741602067184,0.00258397932816538,0,0,0,,0.170542635658915,0,0.00775193798449612,0,0.237726098191214,0,0.00775193798449612,0.00258397932816538,0,0,0.00516795865633075,0,0.126614987080103,0,0,0,0,0.082687338501292,0,,0,,
KET8039,margo,3.6125,36.32,11.41,0,,0,0,0,0.00542005420054201,0,0,,0,0.013550135501355,0.032520325203252,0.308943089430894,0.010840108401084,0,0,0,,0.18970189701897,0,0.016260162601626,0,0.257452574525745,0,0,0,0,0,0,0,0.0948509485094851,0,0.002710027100271,0,0,0.0677506775067751,0,,0,,
KET8039,margo,3.7125,36.32,11.41,0,,0,0.00593471810089021,0,0,0,0,,0,0.0148367952522255,0.0207715133531157,0.456973293768546,0,0,0,0,,0.163204747774481,0,0.00890207715133531,0,0.13946587537092,0,0,0.0029673590504451,0,0,0.0029673590504451,0,0.106824925816024,0,0,0,0,0.0771513353115727,0,,0,,
KET8039,margo,3.8125,36.32,11.41,0,,0,0,0,0.00207900207900208,0,0,,0,0.0103950103950104,0.0103950103950104,0.465696465696466,0.00623700623700624,0,0,0,,0.151767151767152,0,0.00207900207900208,0,0.164241164241164,0,0.00623700623700624,0,0,0,0,0,0.0893970893970894,0,0,0,0,0.0914760914760915,0,,0,,
KET8039,margo,3.9125,36.32,11.41,0,,0,0,0,0.00214132762312634,0,0,,0,0.00214132762312634,0.0321199143468951,0.507494646680942,0,0,0,0,,0.154175588865096,0,0.00428265524625268,0,0.194860813704497,0,0,0,0,0,0,0,0.0471092077087794,0,0.00214132762312634,0,0,0.0535331905781585,0,,0,,
KET8039,margo,4.0125,36.32,11.41,0,,0,0,0,0.00714285714285714,0,0,,0,0.0119047619047619,0.0214285714285714,0.440476190476191,0.00952380952380953,0,0,0,,0.169047619047619,0,0.0119047619047619,0,0.161904761904762,0,0,0.00476190476190476,0,0,0,0,0.0690476190476191,0,0,0,0,0.0928571428571429,0,,0,,
KET8039,margo,4.1125,36.32,11.41,0,,0,0.00920245398773006,0,0,0,0,,0,0.0122699386503067,0.0368098159509202,0.457055214723926,0,0,0,0,,0.282208588957055,0,0.00306748466257669,0,0.0184049079754601,0,0,0.00613496932515337,0,0,0.00306748466257669,0,0.0705521472392638,0,0,0,0,0.101226993865031,0,,0,,
MD84-632,margo,1.58,32.47,34.23,0,,0,0,0,0.0598930481283423,0,0,,0,0,0,0.206417112299465,0,0,0,0,,0.0171122994652406,0,0.00320855614973262,0,0.610695187165775,0,0.00641711229946524,0,0,0,0.0502673796791444,0,0.00320855614973262,0,0.00320855614973262,0,0,0.0374331550802139,0,,0,,
MD84-632,margo,1.6,32.47,34.23,0,,0,0,0,0.0477611940298508,0,0,,0,0,0,0.159203980099502,0,0,0,0,,0.0298507462686567,0,0.00298507462686567,0,0.697512437810945,0,0,0,0,0,0.0388059701492537,0,0,0,0.00099502487562189,0,0,0.0298507462686567,0,,0,,
MD84-632,margo,1.62,32.47,34.23,0,,0,0,0,0.0370722433460076,0,0,,0,0,0,0.145437262357414,0,0,0,0,,0.0161596958174905,0.00095057034220532,0.00760456273764259,0,0.725285171102662,0,0.00285171102661597,0,0,0,0.032319391634981,0,0.00095057034220532,0,0,0,0,0.0285171102661597,0,,0,,
MD84-632,margo,1.64,32.47,34.23,0,,0,0,0,0.0457244655581948,0,0,,0,0,0,0.159144893111639,0,0,0,0,,0.0314726840855107,0.0005938242280285,0.00296912114014252,0.00118764845605701,0.697149643705463,0.0005938242280285,0.00475059382422803,0,0,0,0.0267220902612827,0,0,0,0.0005938242280285,0,0,0.0267220902612827,0,,0,,
MD84-632,margo,1.66,32.47,34.23,0,,0,0,0,0.0556930693069307,0,0,,0,0,0,0.100247524752475,0,0,0,0,,0.0445544554455446,0.00123762376237624,0.00123762376237624,0,0.733910891089109,0,0.00247524752475248,0,0,0,0.0309405940594059,0,0,0,0,0,0,0.0297029702970297,0,,0,,
MD84-632,margo,1.68,32.47,34.23,0,,0,0,0,0.0365612648221344,0,0,,0,0,0,0.206521739130435,0,0,0,0,,0.033596837944664,0,0.00296442687747036,0,0.645256916996048,0,0.00197628458498024,0.00098814229249011,0,0,0.0266798418972332,0,0.00098814229249011,0,0.00296442687747036,0,0,0.0345849802371542,0,,0,,
MD84-632,margo,1.7,32.47,34.23,0,,0,0,0,0.037125748502994,0,0,,0,0,0,0.18622754491018,0,0,0,0,,0.0353293413173653,0,0.00538922155688623,0,0.652694610778443,0,0.00479041916167665,0,0,0,0.0365269461077844,0,0,0,0.00059880239520958,0,0,0.0341317365269461,0,,0,,
MD84-632,margo,1.72,32.47,34.23,0,,0,0,0,0.0488798370672098,0,0,,0,0,0,0.162932790224033,0,0,0,0,,0.0339443312966735,0,0.00339443312966735,0,0.678886625933469,0,0.00543109300746775,0,0,0,0.0325865580448065,0,0,0,0.00203665987780041,0,0,0.0257976917854718,0,,0,,
MD84-632,margo,1.74,32.47,34.23,0,,0,0,0,0.0385395537525355,0,0,,0,0,0,0.153144016227181,0,0,0,0,,0.0172413793103448,0,0.00608519269776876,0,0.723123732251521,0,0.00811359026369168,0,0,0,0.0334685598377282,0,0.00101419878296146,0,0.00304259634888438,0,0,0.0141987829614604,0,,0,,
MD84-632,margo,1.76,32.47,34.23,0,,0,0,0,0.0323014804845222,0,0,,0,0,0,0.169582772543742,0,0,0,0,,0.018842530282638,0,0.00672947510094213,0,0.699865410497981,0,0.0134589502018843,0,0,0,0.0269179004037685,0,0,0,0.00134589502018843,0,0,0.0242261103633917,0,,0,,
MD84-632,margo,1.78,32.47,34.23,0,,0,0,0,0.0256410256410256,0,0,,0,0,0,0.161538461538462,0,0,0,0,,0.0102564102564103,0.00085470085470085,0.00341880341880342,0,0.744444444444445,0.00085470085470085,0.00341880341880342,0,0,0,0.0222222222222222,0,0,0,0.00256410256410256,0,0,0.0222222222222222,0,,0,,
MD84-632,margo,1.8,32.47,34.23,0,,0,0,0,0.0483135824977211,0,0,,0,0,0,0.169553327256153,0,0,0,0,,0.00820419325432999,0,0.00364630811303555,0.00091157702825888,0.698268003646308,0,0.00273473108477666,0.00091157702825888,0,0,0.0300820419325433,0,0,0,0.00546946216955333,0,0,0.0309936189608022,0,,0,,
MD84-632,margo,1.82,32.47,34.23,0,,0,0,0,0.0531453362255965,0,0,,0,0,0,0.17353579175705,0,0,0,0,,0.0119305856832972,0,0.00650759219088937,0,0.672451193058568,0,0.00542299349240781,0,0,0,0.0216919739696312,0,0.00108459869848156,0,0.0086767895878525,0,0,0.0412147505422994,0,,0,,
MD84-632,margo,1.84,32.47,34.23,0,,0,0,0,0.0767263427109975,0,0,,0,0,0,0.203324808184143,0,0,0,0,,0.020460358056266,0.00127877237851662,0.00255754475703325,0,0.611253196930946,0,0.00127877237851662,0,0,0,0.0153452685421995,0,0,0,0.0179028132992327,0,0,0.0473145780051151,0,,0,,
MD84-632,margo,1.86,32.47,34.23,0,,0,0,0,0.0562162162162162,0,0,,0,0,0,0.20972972972973,0,0,0,0,,0.012972972972973,0.00108108108108108,0.0432432432432432,0,0.606486486486487,0,0.00324324324324324,0,0,0,0.00756756756756757,0,0,0,0.0140540540540541,0,0,0.0443243243243243,0,,0,,
MD84-632,margo,1.88,32.47,34.23,0,,0,0,0,0.0598194130925508,0,0,,0,0,0,0.187358916478555,0,0,0,0,,0.0112866817155756,0,0.00112866817155756,0,0.686230248306998,0,0.00225733634311512,0,0,0,0.00451467268623025,0,0,0,0.00677200902934537,0,0,0.0395033860045147,0,,0,,
MD84-632,margo,1.9,32.47,34.23,0,,0,0,0,0.0852769679300292,0,0,,0,0,0,0.12463556851312,0,0,0,0,,0.00801749271137026,0,0.00145772594752187,0.00072886297376093,0.737609329446064,0.00072886297376093,0.00072886297376093,0,0,0,0.0043731778425656,0,0.00072886297376093,0,0.00364431486880466,0,0,0.0262390670553936,0,,0,,
MD84-632,margo,1.92,32.47,34.23,0,,0,0,0,0.0625449317038102,0,0,,0,0,0,0.120057512580877,0,0,0,0,,0.0409777138749101,0,0.00287562904385334,0,0.729690869877786,0,0.00143781452192667,0,0,0,0.00503235082674335,0,0.00790797987059669,0,0.00071890726096333,0,0,0.0265995686556434,0,,0,,
MD84-632,margo,1.96,32.47,34.23,0,,0,0,0,0.0457596095179988,0,0,,0,0,0,0.172666259914582,0.00183038438071995,0,0,0,,0.162904209884076,0,0.00732153752287981,0,0.571690054911532,0,0.0012202562538133,0,0.00061012812690665,0,0.00549115314215985,0,0.0103721781574131,0,0,0,0,0.012202562538133,0,,0,,
MD992346,margo,6.195,42.044,4.151,0,,0,0,0,0.0735009671179884,0,0,,0,0,0,0.0522243713733075,0.00386847195357834,0,0,0,,0.553191489361702,0,0,0,0.00386847195357834,0,0,0,0,0,0.00386847195357834,0,0.206963249516441,0,0,0,0,0.102514506769826,0,,0,,
MD992346,margo,6.295,42.044,4.151,0,,0,0,0,0.097977784107092,0,0,,0,0,0,0.0683565935630875,0.00227855311876958,0,0,0,,0.462261463970379,0,0,0,0.00455710623753916,0,0,0,0,0,0.00455710623753916,0,0.200512674451723,0,0,0,0,0.159498718313871,0,,0,,
MD992346,margo,6.385,42.044,4.151,0,,0,0,0,0.0645994832041344,0,0,,0,0,0,0.103359173126615,0,0,0,0,,0.540051679586563,0,0,0,0.0155038759689923,0,0,0,0,0,0.00516795865633075,0,0.170542635658915,0,0,0,0,0.10077519379845,0,,0,,
MD992346,margo,6.525,42.044,4.151,0,,0,0,0,0.0296127562642369,0,0,,0,0,0,0.118451025056948,0,0,0,0,,0.451025056947608,0,0.00227790432801822,0,0.0182232346241458,0,0,0,0,0,0.00455580865603645,0,0.252847380410023,0,0,0,0,0.123006833712984,0,,0,,
MD992346,margo,6.625,42.044,4.151,0,,0,0,0,0.0325865580448065,0,0,,0,0,0,0.00977596741344196,0,0,0,0,,0.654582484725051,0,0,0,0,0,0,0,0,0,0,0,0.205295315682281,0,0,0,0,0.0977596741344195,0,,0,,
MD992346,margo,6.725,42.044,4.151,0,,0,0,0,0.114503816793893,0,0,,0,0,0,0.0203562340966921,0,0,0,0,,0.648854961832061,0,0,0,0.0101781170483461,0,0,0,0,0,0,0,0.10941475826972,0,0,0,0,0.0966921119592875,0,,0,,
MD992346,margo,6.915,42.044,4.151,0,,0,0,0,0.108001317089233,0,0,,0,0,0,0.0263417846559104,0,0,0,0,,0.710240368784985,0,0,0,0,0,0,0,0,0,0,0,0.057951926243003,0,0,0,0,0.0974646032268686,0,,0,,
MD992346,margo,7.115,42.044,4.151,0,,0,0,0,0.0167441860465116,0,0,,0,0,0,0.027906976744186,0,0,0,0,,0.607441860465116,0.00186046511627907,0,0,0.00558139534883721,0,0,0,0,0,0.00558139534883721,0,0.21953488372093,0,0,0,0,0.115348837209302,0,,0,,
MD992346,margo,7.285,42.044,4.151,0,,0,0,0,0.0425531914893617,0,0,,0,0,0,0.00851063829787234,0.00425531914893617,0,0,0,,0.629787234042553,0,0,0,0.00851063829787234,0,0,0,0,0,0,0,0.157446808510638,0,0,0,0,0.148936170212766,0,,0,,
MD992346,margo,7.485,42.044,4.151,0,,0,0,0,0.041025641025641,0,0,,0,0,0,0.0322344322344322,0,0,0,0,,0.604395604395604,0,0,0,0,0,0,0,0,0,0,0,0.216849816849817,0,0,0,0,0.105494505494506,0,,0,,
MD992346,margo,7.59,42.044,4.151,0,,0,0,0,0.00910470409711684,0,0,,0,0,0,0.0758725341426404,0,0,0,0,,0.769347496206373,0,0,0,0.00303490136570562,0,0,0,0,0,0.00303490136570562,0,0.100151745068285,0,0,0,0,0.039453717754173,0,,0,,
MD992346,margo,7.685,42.044,4.151,0,,0,0,0,0.013437849944009,0,0,,0,0,0,0.051511758118701,0,0,0,0,,0.668533034714446,0,0,0,0,0,0,0,0,0,0.00447928331466965,0,0.116461366181411,0,0,0,0,0.145576707726764,0,,0,,
MD992346,margo,7.79,42.044,4.151,0,,0,0,0,0.00966183574879227,0,0,,0,0,0,0.0966183574879227,0.00483091787439614,0,0,0,,0.596618357487923,0,0,0,0.00241545893719807,0,0,0,0,0,0.00483091787439614,0,0.0990338164251208,0,0,0,0,0.185990338164251,0,,0,,
MD992346,margo,7.885,42.044,4.151,0,,0,0,0,0.0177909562638992,0,0,,0,0,0,0.192735359525575,0,0,0,0,,0.528539659006672,0,0,0,0.00296515937731653,0,0,0,0,0,0,0,0.0474425500370645,0,0,0,0,0.210526315789474,0,,0,,
MD992346,margo,8,42.044,4.151,0,,0,0,0,0.00591715976331361,0,0,,0,0,0,0.258382642998028,0.00788954635108481,0,0,0,,0.534516765285996,0,0,0,0.0019723865877712,0,0,0,0,0,0.00394477317554241,0,0.0414201183431953,0,0,0,0,0.145956607495069,0,,0,,
MD992346,margo,8.04,42.044,4.151,0,,0,0,0,0.0182186234817814,0,0,,0,0,0,0.248987854251012,0.01417004048583,0,0,0,,0.605263157894737,0,0,0,0,0,0,0,0,0,0,0,0.0222672064777328,0,0,0,0,0.0910931174089069,0,,0,,
MD992346,margo,8.07,42.044,4.151,0,,0,0,0,0.00209863588667366,0,0,,0,0,0,0.279118572927597,0.0146904512067156,0,0,0,,0.573976915005247,0,0,0,0,0,0,0,0,0,0.00209863588667366,0,0.0335781741867786,0,0,0,0,0.0944386149003148,0,,0,,
MD992346,margo,8.08,42.044,4.151,0,,0,0,0,0.0096696212731668,0,0,,0,0,0,0.344883158742949,0.0032232070910556,0,0,0,,0.574536663980661,0,0,0,0.0032232070910556,0,0,0,0,0,0,0,0.0064464141821112,0,0,0,0,0.0580177276390008,0,,0,,
MD992346,margo,8.085,42.044,4.151,0,,0,0,0,0.0108813928182807,0,0,,0,0,0,0.317736670293798,0.00652883569096844,0,0,0,,0.56474428726877,0,0,0,0,0,0,0,0,0,0,0,0.015233949945593,0,0,0,0,0.0848748639825898,0,,0,,
MD992346,margo,8.1,42.044,4.151,0,,0,0,0,0.0113960113960114,0,0,,0,0,0,0.270655270655271,0.0113960113960114,0,0,0,,0.586894586894587,0,0,0,0,0,0,0,0,0,0,0,0.0142450142450142,0,0,0,0,0.105413105413105,0,,0,,
MD992346,margo,8.15,42.044,4.151,0,,0,0,0,0.00225733634311512,0,0,,0,0,0,0.221218961625282,0.00677200902934537,0,0,0,,0.699774266365689,0,0,0,0,0,0,0,0,0,0,0,0.0090293453724605,0,0,0,0,0.0609480812641084,0,,0,,
MD992346,margo,8.2,42.044,4.151,0,,0,0,0,0.00402414486921529,0,0,,0,0.00402414486921529,0,0.148893360160966,0.0140845070422535,0,0,0,,0.714285714285714,0,0,0,0.0140845070422535,0,0,0,0,0,0.00603621730382294,0,0.00603621730382294,0,0,0,0,0.0885311871227364,0,,0,,
MD992346,margo,8.255,42.044,4.151,0,,0,0,0,0.00404858299595142,0,0,,0,0.00809716599190283,0,0.257085020242915,0.00202429149797571,0,0,0,,0.388663967611336,0,0,0,0.0647773279352227,0,0.00404858299595142,0,0,0,0.00809716599190283,0,0.0121457489878543,0,0,0,0,0.251012145748988,0,,0,,
KET8216,margo,1.81,41.31,17.59,0,,0,0,0,0.0634920634920635,0,0,,0,0,0,0.400793650793651,0.0198412698412698,0,0,0,,0.369047619047619,0,0,0,0,0,0,0,0,0,0,0,0.0436507936507936,0,0,0,0,0.0753968253968254,0,,0,,
KET8216,margo,1.91,41.31,17.59,0,,0,0,0,0.25503355704698,0,0,,0,0,0,0.268456375838926,0.0134228187919463,0,0,0,,0.228187919463087,0,0,0,0,0,0.0134228187919463,0,0,0,0,0,0.0671140939597315,0,0,0,0,0.114093959731544,0,,0,,
KET8216,margo,2.01,41.31,17.59,0,,0,0,0,0.132947976878613,0,0,,0,0.00578034682080925,0,0.346820809248555,0.0289017341040462,0,0,0,,0.300578034682081,0,0,0,0,0,0,0.0115606936416185,0,0,0,0,0.0809248554913295,0,0,0,0,0.069364161849711,0,,0,,
KET8216,margo,2.09,41.31,17.59,0,,0,0,0,0.0739644970414201,0,0,,0,0.0029585798816568,0,0.198224852071006,0.0236686390532544,0,0,0,,0.402366863905326,0,0,0,0,0,0,0,0,0,0,0,0.144970414201183,0,0,0,0,0.0769230769230769,0,,0,,
MD90901,margo,4.2,39.947,1.591,0,,0,0,0,0.130536130536131,0,0,,0,0.0163170163170163,0,0.181818181818182,0.00466200466200466,0,0,0,,0.428904428904429,0,0,0,0.0932400932400932,0,0,0.00233100233100233,0,0,0.00466200466200466,0,0.0582750582750583,0,0,0,0,0.0792540792540793,0,,0,,
MD90901,margo,4.3,39.947,1.591,0,,0,0,0,0.0726643598615917,0,0,,0,0.00346020761245675,0,0.186851211072664,0,0,0,0,,0.363321799307958,0,0,0,0.13840830449827,0,0,0.0069204152249135,0,0,0,0,0.145328719723183,0,0,0,0,0.0830449826989619,0,,0,,
MD90901,margo,4.4,39.947,1.591,0,,0,0,0,0.0523560209424084,0,0,,0,0.00261780104712042,0,0.18848167539267,0.00523560209424084,0,0,0,,0.405759162303665,0,0,0,0.151832460732984,0,0,0.00523560209424084,0,0.00261780104712042,0.00261780104712042,0,0.117801047120419,0,0,0,0,0.0654450261780105,0,,0,,
MD90901,margo,4.5,39.947,1.591,0,,0,0,0,0.0372881355932203,0,0,,0,0.00677966101694915,0,0.210169491525424,0.00338983050847458,0,0,0,,0.416949152542373,0,0,0,0.149152542372881,0,0,0,0,0,0,0,0.122033898305085,0,0,0,0,0.0542372881355932,0,,0,,
MD90901,margo,4.6,39.947,1.591,0,,0,0,0,0.0580645161290323,0,0,,0,0,0,0.316129032258065,0.00645161290322581,0,0,0,,0.361290322580645,0,0.0032258064516129,0,0.116129032258065,0,0,0,0,0,0,0,0.0741935483870968,0,0,0,0,0.0645161290322581,0,,0,,
MD90901,margo,4.7,39.947,1.591,0,,0,0,0,0.159029649595687,0,0,,0,0,0,0.091644204851752,0,0,0,0,,0.566037735849057,0,0,0,0.0700808625336927,0,0,0,0,0,0,0,0.0646900269541779,0,0,0,0,0.0485175202156334,0,,0,,
MD90901,margo,4.8,39.947,1.591,0,,0,0,0,0.0546075085324232,0,0,,0,0.00341296928327645,0.00341296928327645,0.126279863481229,0,0,0,0,,0.491467576791809,0.00341296928327645,0.0068259385665529,0,0.187713310580205,0,0,0,0,0,0.00341296928327645,0,0.0307167235494881,0,0,0,0,0.0887372013651877,0,,0,,
MD90901,margo,4.9,39.947,1.591,0,,0,0,0,0.0872274143302181,0,0,,0,0.00311526479750779,0,0.146417445482866,0.00311526479750779,0,0,0,,0.429906542056075,0,0.00311526479750779,0,0.124610591900312,0,0.00311526479750779,0,0,0.00311526479750779,0,0,0.118380062305296,0,0,0,0,0.0778816199376947,0,,0,,
MD90901,margo,5,39.947,1.591,0,,0,0,0,0.103535353535354,0,0,,0,0,0,0.154040404040404,0.00252525252525253,0,0,0,,0.441919191919192,0,0.00505050505050505,0,0.0454545454545455,0,0,0,0,0,0,0,0.191919191919192,0,0,0,0,0.0555555555555556,0,,0,,
MD90901,margo,5.1,39.947,1.591,0,,0,0,0,0.0935483870967742,0,0,,0,0.0161290322580645,0,0.103225806451613,0,0,0,0,,0.3,0,0,0,0.112903225806452,0,0,0,0,0.0032258064516129,0,0,0.145161290322581,0,0,0,0,0.225806451612903,0,,0,,
MD90901,margo,5.2,39.947,1.591,0,,0,0,0,0.0178041543026706,0,0,,0,0.00593471810089021,0,0.169139465875371,0.0029673590504451,0,0,0,,0.379821958456973,0,0.0029673590504451,0,0.240356083086053,0,0,0,0,0,0,0,0.0682492581602374,0,0,0,0,0.112759643916914,0,,0,,
MD90901,margo,5.3,39.947,1.591,0,,0,0,0,0.0281124497991968,0,0,,0,0.00200803212851406,0,0.104417670682731,0,0,0,0,,0.493975903614458,0,0.00200803212851406,0,0.130522088353414,0,0,0,0,0,0,0,0.0943775100401606,0,0,0,0,0.144578313253012,0,,0,,
MD90901,margo,5.4,39.947,1.591,0,,0,0,0,0.0532994923857868,0,0,,0,0.00761421319796954,0,0.121827411167513,0.0050761421319797,0,0,0,,0.517766497461929,0,0,0,0.106598984771574,0,0,0,0,0,0,0,0.0786802030456853,0,0,0,0,0.109137055837563,0,,0,,
MD90901,margo,5.5,39.947,1.591,0,,0,0,0,0.0976430976430976,0,0,,0,0.0101010101010101,0,0.228956228956229,0.00673400673400673,0,0,0,,0.346801346801347,0,0,0,0.101010101010101,0,0,0,0,0,0,0,0.107744107744108,0,0,0,0,0.101010101010101,0,,0,,
MD90901,margo,5.6,39.947,1.591,0,,0,0,0,0.0434782608695652,0,0,,0,0,0,0.191304347826087,0.00434782608695652,0,0,0,,0.41304347826087,0,0,0,0.0826086956521739,0,0,0.00434782608695652,0,0,0,0,0.173913043478261,0,0,0,0,0.0869565217391304,0,,0,,
MD90901,margo,5.7,39.947,1.591,0,,0,0,0,0.0291777188328912,0,0,,0,0.013262599469496,0,0.108753315649867,0,0,0,0,,0.389920424403183,0,0,0,0.0344827586206897,0,0.0026525198938992,0,0,0,0,0,0.257294429708223,0,0,0,0,0.164456233421751,0,,0,,
MD90-917,margo,5.45,41.298,17.613,0,,0,0,0,0.218009478672986,0,0,,0,0,0,0.443127962085308,0.004739336492891,0,0,0,,0.151658767772512,0.0165876777251185,0.00710900473933649,0,0.0260663507109005,0,0,0,0,0,0,0,0.023696682464455,0,0.0023696682464455,0,0,0.0995260663507109,0,,0,,
MD90-917,margo,5.5,41.298,17.613,0,,0,0,0,0.320574162679426,0,0,,0,0,0.00239234449760766,0.253588516746412,0.00239234449760766,0,0,0,,0.143540669856459,0.00239234449760766,0,0,0.0358851674641148,0,0,0,0,0,0,0,0.107655502392344,0,0,0,0,0.12200956937799,0,,0.00239234449760766,,
MD90-917,margo,5.55,41.298,17.613,0,,0,0,0,0.10997442455243,0,0,,0,0,0,0.360613810741688,0.0051150895140665,0,0,0,,0.363171355498721,0.0127877237851662,0.00255754475703325,0,0.0664961636828645,0,0,0,0,0,0,0,0.0255754475703325,0,0,0,0,0.0460358056265985,0,,0,,
MD90-917,margo,5.6,41.298,17.613,0,,0,0,0,0.163101604278075,0,0,,0,0,0,0.352941176470588,0,0,0,0,,0.288770053475936,0.00267379679144385,0.00267379679144385,0,0.0320855614973262,0,0.0053475935828877,0,0,0,0,0,0.0294117647058824,0,0,0,0,0.112299465240642,0,,0,,
MD90-917,margo,5.65,41.298,17.613,0,,0,0,0,0.322981366459627,0,0,,0,0,0,0.201863354037267,0.0031055900621118,0,0,0,,0.239130434782609,0.0217391304347826,0.0062111801242236,0,0.015527950310559,0,0,0,0,0,0,0,0.0372670807453416,0,0.0031055900621118,0,0,0.136645962732919,0,,0,,
MD90-917,margo,5.7,41.298,17.613,0,,0,0,0,0.229813664596273,0,0,,0,0,0.0031055900621118,0.31055900621118,0.0062111801242236,0,0,0,,0.322981366459627,0.0093167701863354,0.0031055900621118,0,0.015527950310559,0,0,0,0,0,0,0,0.031055900621118,0,0,0,0,0.0590062111801242,0,,0,,
MD90-917,margo,5.75,41.298,17.613,0,,0,0,0,0.189409368635438,0,0,,0,0,0,0.287169042769857,0,0,0,0,,0.313645621181263,0.0224032586558045,0.010183299389002,0,0.0570264765784114,0,0,0,0,0,0,0,0.0529531568228106,0,0,0,0,0.065173116089613,0,,0,,
MD90-917,margo,5.8,41.298,17.613,0,,0,0,0,0.208823529411765,0,0,,0,0,0,0.244117647058824,0.00294117647058824,0,0,0,,0.347058823529412,0.00588235294117647,0.00294117647058824,0,0.00588235294117647,0,0,0,0,0,0,0,0.05,0,0,0,0,0.120588235294118,0,,0,,
MD90-917,margo,5.85,41.298,17.613,0,,0,0,0,0.181538461538462,0,0,,0,0,0,0.224615384615385,0,0,0,0,,0.316923076923077,0.0184615384615385,0.00307692307692308,0,0.0184615384615385,0,0,0,0,0,0,0,0.04,0,0,0,0,0.187692307692308,0,,0,,
MD90-917,margo,5.9,41.298,17.613,0,,0,0,0,0.431506849315069,0,0,,0,0,0,0.175799086757991,0,0,0,0,,0.194063926940639,0.00684931506849315,0,0,0.0045662100456621,0,0,0,0,0,0,0,0.0616438356164384,0,0.00228310502283105,0,0,0.114155251141553,0,,0,,
MD90-917,margo,5.95,41.298,17.613,0,,0,0,0,0.322222222222222,0,0,,0,0,0,0.217777777777778,0,0,0,0,,0.302222222222222,0.02,0.00222222222222222,0,0.0177777777777778,0,0,0,0,0,0,0,0.0222222222222222,0,0,0,0,0.0955555555555556,0,,0,,
MD90-917,margo,6,41.298,17.613,0,,0,0,0,0.0445859872611465,0,0,,0,0,0.00318471337579618,0.273885350318471,0.00318471337579618,0,0,0,,0.359872611464968,0.0191082802547771,0,0,0.0477707006369427,0,0,0,0,0,0,0,0.171974522292994,0,0.00318471337579618,0,0,0.0636942675159236,0,,0,,
MD90-917,margo,6.05,41.298,17.613,0,,0,0,0,0.0489913544668588,0,0,,0,0.00576368876080692,0,0.239193083573487,0,0,0,0,,0.39193083573487,0.0288184438040346,0.00288184438040346,0,0.0230547550432277,0,0,0,0,0,0,0,0.14985590778098,0,0.00288184438040346,0,0,0.0979827089337176,0,,0,,
MD90-917,margo,6.1,41.298,17.613,0,,0,0,0,0.0476190476190476,0,0,,0,0.00595238095238095,0.00297619047619048,0.217261904761905,0.00892857142857143,0,0,0,,0.392857142857143,0.0208333333333333,0,0,0.0327380952380952,0.00297619047619048,0,0,0,0,0,0,0.157738095238095,0,0.00297619047619048,0,0,0.0863095238095238,0,,0,,
MD90-917,margo,6.15,41.298,17.613,0,,0,0,0,0.0382165605095541,0,0,,0,0.00318471337579618,0,0.264331210191083,0,0,0,0,,0.423566878980892,0.0286624203821656,0,0,0.0159235668789809,0,0,0,0,0,0,0,0.133757961783439,0,0,0,0,0.0764331210191083,0,,0,,
MD90-917,margo,6.2,41.298,17.613,0,,0,0,0,0.0686274509803922,0,0,,0,0.0228758169934641,0,0.117647058823529,0.0065359477124183,0,0,0,,0.303921568627451,0.0196078431372549,0,0,0.0065359477124183,0,0,0,0,0,0,0,0.313725490196078,0,0,0,0,0.107843137254902,0,,0,,
MD90-917,margo,6.25,41.298,17.613,0,,0,0,0,0.0323624595469256,0,0,,0,0.00970873786407767,0,0.13915857605178,0,0,0,0,,0.488673139158576,0.0453074433656958,0.00323624595469256,0,0.0226537216828479,0,0,0,0,0,0,0,0.135922330097087,0,0,0,0,0.0970873786407767,0,,0,,
SU8107,margo,2.5,35.57,-3.48,0,,0,0,0,0.0158730158730159,0,0,,0,0.00226757369614512,0.0113378684807256,0.560090702947846,0.0113378684807256,0,0,0,,0.0975056689342404,0,0,0,0,0,0,0.00226757369614512,0,0,0.00226757369614512,0,0.263038548752834,0,0,0,0,0.0340136054421769,0,,0,,
SU8107,margo,2.6,35.57,-3.48,0,,0,0,0,0.00835073068893528,0,0,,0,0.0104384133611691,0.0292275574112735,0.668058455114823,0.0146137787056367,0,0,0,,0.0960334029227557,0,0,0,0,0,0,0.00208768267223382,0,0,0,0,0.135699373695198,0,0.00208768267223382,0,0,0.0292275574112735,0,,0,,
SU8107,margo,2.7,35.57,-3.48,0,,0,0,0,0.0215982721382289,0,0,,0,0.00863930885529158,0.019438444924406,0.667386609071274,0.0280777537796976,0,0,0,,0.0626349892008639,0,0,0,0,0,0,0,0,0,0.00431965442764579,0,0.144708423326134,0,0,0,0,0.0345572354211663,0,,0,,
SU8107,margo,2.8,35.57,-3.48,0,,0,0,0,0.0181818181818182,0,0,,0,0.00727272727272727,0.0109090909090909,0.654545454545455,0.0218181818181818,0,0,0,,0.109090909090909,0,0.00363636363636364,0,0,0,0,0.0109090909090909,0,0,0,0,0.127272727272727,0,0,0,0,0.0327272727272727,0,,0,,
SU8107,margo,2.9,35.57,-3.48,0,,0,0,0,0.00516795865633075,0,0,,0,0.0103359173126615,0.00516795865633075,0.671834625322997,0.00775193798449612,0,0,0,,0.0852713178294574,0,0,0,0,0,0,0,0,0,0.00516795865633075,0,0.162790697674419,0,0,0,0,0.0335917312661499,0,,0,,
SU8107,margo,3,35.57,-3.48,0,,0,0,0,0.0244648318042813,0,0,,0,0.00305810397553517,0.00611620795107034,0.718654434250765,0.0091743119266055,0,0,0,,0.0978593272171254,0,0,0,0,0,0,0,0,0,0.00305810397553517,0,0.116207951070336,0,0,0,0,0.0214067278287462,0,,0,,
SU8107,margo,3.1,35.57,-3.48,0,,0,0,0,0.0230769230769231,0,0,,0,0.0128205128205128,0.00512820512820513,0.587179487179487,0.0128205128205128,0,0,0,,0.117948717948718,0,0,0,0,0,0,0,0,0,0,0,0.192307692307692,0,0,0,0,0.0461538461538462,0,,0,,
MD84627,margo,0.6,32.14,33.45,0,,0,0,0,0.0294117647058824,0,0,,0,0,0,0.375816993464052,0,0,0,0,,0.0228758169934641,0,0,0,0.526143790849673,0,0.00326797385620915,0,0,0,0,0,0.00326797385620915,0,0,0,0,0.0392156862745098,0,,0,,
MD84627,margo,0.7,32.14,33.45,0,,0,0,0,0.0307692307692308,0,0,,0,0,0,0.251282051282051,0.00256410256410256,0,0,0,,0.0153846153846154,0,0,0,0.674358974358975,0,0,0,0,0,0,0,0,0,0,0,0,0.0256410256410256,0,,0,,
MD84627,margo,0.8,32.14,33.45,0,,0,0,0,0.0133079847908745,0,0,,0,0,0,0.241444866920152,0,0,0,0,,0.0228136882129278,0,0,0,0.709125475285171,0,0,0,0,0,0,0,0,0,0,0,0,0.0133079847908745,0,,0,,
MD84629,margo,1.6,32.04,34.21,0,,0,0,0,0.00583090379008746,0,0,,0,0.00291545189504373,0,0.19533527696793,0,0,0,0,,0.0204081632653061,0,0.0262390670553936,0,0,0,0.00583090379008746,0,0.00291545189504373,0,0.00291545189504373,0,0,0,0.0174927113702624,0,0,0.0291545189504373,0,,0,,
MD84629,margo,1.65,32.04,34.21,0,,0,0,0,0.0025062656641604,0,0,,0,0.0050125313283208,0,0.218045112781955,0.0050125313283208,0,0,0,,0.0275689223057644,0,0,0,0,0,0.0025062656641604,0.0100250626566416,0,0,0,0,0.0075187969924812,0,0,0,0,0.0025062656641604,0,,0,,
MD84629,margo,1.7,32.04,34.21,0,,0,0,0,0.0120845921450151,0,0,,0,0,0,0.11178247734139,0.00604229607250755,0,0,0,,0.0453172205438067,0,0.0453172205438067,0,0,0,0,0,0,0,0,0,0.00302114803625378,0,0.0151057401812689,0,0,0.0120845921450151,0,,0,,
MD84629,margo,1.75,32.04,34.21,0,,0,0,0,0.00699300699300699,0,0,,0,0.0034965034965035,0,0.248251748251748,0,0,0,0,,0.034965034965035,0,0,0,0,0.0034965034965035,0,0,0,0,0,0,0.0034965034965035,0,0,0,0,0.0174825174825175,0,,0,,
MD84629,margo,1.8,32.04,34.21,0,,0,0,0,0.0125,0,0,,0,0,0,0.217857142857143,0.00178571428571429,0,0,0,,0.296428571428571,0.00178571428571429,0.0160714285714286,0,0,0,0.00178571428571429,0,0,0.00178571428571429,0,0,0.00178571428571429,0,0.0196428571428571,0,0,0.00892857142857143,0,,0,,
MD84629,margo,1.85,32.04,34.21,0,,0,0,0,0,0,0,,0,0,0,0.188010899182561,0,0,0,0,,0.196185286103542,0.00272479564032698,0,0,0,0,0.00272479564032698,0,0,0,0,0,0.00544959128065395,0,0,0,0,0,0,,0,,
MD84629,margo,1.9,32.04,34.21,0,,0,0,0,0.00689655172413793,0,0,,0,0,0,0.0758620689655172,0.00689655172413793,0,0,0,,0.301149425287356,0,0.0114942528735632,0,0,0,0,0,0,0,0,0,0.0137931034482759,0,0.0275862068965517,0,0,0.00689655172413793,0,,0,,
MD84629,margo,1.95,32.04,34.21,0,,0,0,0,0,0,0,,0,0.00435729847494553,0,0.111111111111111,0.0065359477124183,0,0,0,,0.350762527233115,0,0,0,0,0.0065359477124183,0,0,0,0,0.00217864923747277,0,0,0,0,0,0,0.00871459694989107,0,,0,,
MD84629,margo,2,32.04,34.21,0,,0,0,0,0.0120772946859903,0,0,,0,0.00241545893719807,0,0.263285024154589,0.0072463768115942,0,0,0,,0.480676328502416,0,0,0,0,0,0,0,0,0,0,0,0.0966183574879227,0,0.00241545893719807,0,0,0.0410628019323672,0,,0,,
MD84641,margo,0.83,33.02,32.38,0,,0,0,0,0.00677966101694915,0,0,,0,0,0,0.213559322033898,0.00338983050847458,0,0,0,,0.0135593220338983,0,0.00338983050847458,0,0,0,0,0,0,0,0,0,0,0,0,0,0,0.0101694915254237,0,,0,,
MD84641,margo,0.87,33.02,32.38,0,,0,0,0,0.0199430199430199,0,0,,0,0,0,0.182336182336182,0,0,0,0,,0.0227920227920228,0,0,0,0,0,0,0.0056980056980057,0,0,0,0,0,0,0.00284900284900285,0,0,0.0227920227920228,0,,0,,
MD84641,margo,0.9,33.02,32.38,0,,0,0,0,0.0158415841584158,0,0,,0,0,0,0.217821782178218,0.00198019801980198,0,0,0,,0.0336633663366337,0,0,0,0,0,0,0,0,0,0,0,0,0,0,0,0,0.0118811881188119,0,,0,,
MD84641,margo,0.93,33.02,32.38,0,,0,0,0,0.0276381909547739,0,0,,0,0,0,0.248743718592965,0.00251256281407035,0,0,0,,0.0175879396984925,0,0,0,0,0,0,0.00251256281407035,0,0,0,0,0,0,0,0,0,0.0226130653266332,0,,0,,
MD84641,margo,0.97,33.02,32.38,0,,0,0,0,0.0387243735763098,0,0,,0,0,0,0.177676537585421,0,0,0,0,,0.0455580865603645,0,0,0,0,0,0,0.00683371298405467,0,0,0,0,0,0,0.0136674259681093,0,0,0.0250569476082005,0,,0,,
MD84641,margo,1,33.02,32.38,0,,0,0,0,0.0315985130111524,0,0,,0,0,0,0.184014869888476,0.00929368029739777,0,0,0,,0.107806691449814,0,0,0,0,0.00185873605947955,0,0,0,0,0,0,0.00557620817843866,0,0.00185873605947955,0,0,0.0130111524163569,0,,0,,
RC9191,margo,1.28,38.2,18.033,0,,0,0,0,0.0591397849462366,0,0,,0,0.00268817204301075,0,0.395161290322581,0.00537634408602151,0,0,0,,0.241935483870968,0,0,0,0,0,0.00537634408602151,0,0,0,0,0,0.00268817204301075,0,0,0,0,0.0967741935483871,0,,0,,
RC9191,margo,1.36,38.2,18.033,0,,0,0,0,0.0465116279069768,0,0,,0,0.00258397932816538,0,0.366925064599483,0.0129198966408269,0,0,0,,0.27906976744186,0,0,0,0,0,0,0,0,0,0,0,0.0155038759689923,0,0,0,0,0.108527131782946,0,,0,,
RC9191,margo,1.46,38.2,18.033,0,,0,0,0,0.151111111111111,0,0,,0,0,0,0.408888888888889,0.00222222222222222,0,0,0,,0.162222222222222,0,0,0,0,0,0,0,0,0,0.00222222222222222,0,0.02,0,0.00222222222222222,0,0,0.0888888888888889,0,,0,,
RC9191,margo,1.56,38.2,18.033,0,,0,0,0,0.0743639921722114,0,0,,0,0,0,0.389432485322896,0.00978473581213307,0,0,0,,0.176125244618395,0,0.00195694716242661,0,0,0,0,0,0,0,0,0,0.0273972602739726,0,0.00195694716242661,0,0,0.0978473581213307,0,,0,,
RC9191,margo,1.65,38.2,18.033,0,,0,0,0,0.10082304526749,0,0,,0,0,0,0.292181069958848,0.00617283950617284,0,0,0,,0.226337448559671,0.00205761316872428,0,0,0,0,0,0,0,0,0,0,0.00823045267489712,0,0,0,0,0.164609053497942,0,,0,,
V10-49,margo,1.17,36.083,26.833,0,,0,0,0,0.054945054945055,0,0,,0,0.00183150183150183,0,0.353479853479854,0.00732600732600733,0,0,0,,0.0586080586080586,0,0,0,0,0,0,0,0,0,0.00366300366300366,0,0.00732600732600733,0,0.00183150183150183,0,0,0.148351648351648,0,,0,,
V10-51,margo,1.31,35.917,27.3,0,,0,0,0,0.0384615384615385,0,0,,0,0,0,0.334134615384615,0.00480769230769231,0,0,0,,0.0408653846153846,0,0,0,0,0,0,0.00721153846153846,0,0,0,0,0.0120192307692308,0,0,0,0,0.0721153846153846,0,,0,,
V10-51,margo,1.41,35.917,27.3,0,,0,0,0,0.0533707865168539,0,0,,0,0,0,0.308988764044944,0,0,0,0,,0.0758426966292135,0,0.00280898876404494,0,0,0,0,0,0,0,0,0,0.00842696629213483,0,0,0,0,0.126404494382022,0,,0,,
V10-51,margo,1.51,35.917,27.3,0,,0,0,0,0.0734767025089606,0,0,,0,0.003584229390681,0,0.363799283154122,0.00896057347670251,0,0,0,,0.146953405017921,0,0.0017921146953405,0,0,0,0,0.0017921146953405,0,0,0,0,0.025089605734767,0,0.0017921146953405,0,0,0.0878136200716846,0,,0,,
80KB11,margo,0.89,36.5,24.3,0,,0,0,0,0.0231788079470199,0,0,,0,0.0165562913907285,0,0.443708609271523,0.0132450331125828,0,0,0,,0.19205298013245,0,0,0,0,0,0,0.00662251655629139,0,0,0,0,0.102649006622517,0,0,0,0,0.0860927152317881,0,,0,,
ODP 977,margo,3.56,36.19,-1.573,0,,0,0,0,0,0,0,,0,0.00476190476190476,0,0.878571428571429,0.00952380952380953,0,0,0,,0.0523809523809524,0,0,0,0.00476190476190476,0,0,0,0,0.00476190476190476,0,0,0.030952380952381,0,0.00238095238095238,0,0,0.0119047619047619,0,,0,,
ODP 977,margo,3.66,36.19,-1.573,0,,0,0,0,0,0,0,,0,0.00199600798403194,0,0.904191616766467,0.00798403193612774,0,0,0,,0.0339321357285429,0,0,0,0.00798403193612774,0,0,0.00199600798403194,0,0,0,0,0.0199600798403194,0,0,0,0,0.0219560878243513,0,,0,,
ODP 977,margo,3.76,36.19,-1.573,0,,0,0,0,0,0,0,,0,0.00886917960088692,0,0.858093126385809,0.0110864745011086,0,0,0,,0.0798226164079823,0,0,0,0.00665188470066519,0,0,0,0,0,0,0,0.0133037694013304,0,0.00221729490022173,0,0,0.0199556541019956,0,,0,,
ODP 977,margo,3.96,36.19,-1.573,0,,0,0,0,0,0,0,,0,0.00196463654223969,0,0.81335952848723,0.00589390962671906,0,0,0,,0.129666011787819,0,0,0,0.00785854616895874,0,0,0.00196463654223969,0,0,0,0,0.0117878192534381,0,0.00196463654223969,0,0,0.0255402750491159,0,,0,,
ODP 977,margo,4.02,36.19,-1.573,0,,0,0,0,0,0,0,,0,0.0106382978723404,0,0.726063829787234,0.00531914893617021,0,0,0,,0.178191489361702,0,0,0,0.00797872340425532,0,0,0,0,0,0,0,0.0398936170212766,0,0.00265957446808511,0,0,0.0292553191489362,0,,0,,
BS79-22,margo,2.85,38.231,14.23,0,,0,0,0,0.121739130434783,0,0,,0,0,0,0.291304347826087,0,0,0,0,,0.0521739130434783,0.0347826086956522,0,0,0.0869565217391304,0,0.0130434782608696,0,0,0,0,0,0.143478260869565,0,0,0,0,0.256521739130435,0,,0,,
BS79-22,margo,2.88,38.231,14.23,0,,0,0,0,0.100263852242744,0,0,,0,0,0,0.255936675461741,0,0,0,0,,0.079155672823219,0.0395778364116095,0,0,0.0686015831134565,0,0.00527704485488127,0,0,0,0,0,0.176781002638522,0,0,0,0,0.274406332453826,0,,0,,
BS79-22,margo,2.91,38.231,14.23,0,,0,0,0,0.101633393829401,0,0,,0,0.00181488203266788,0.00362976406533575,0.255898366606171,0,0,0,0,,0.128856624319419,0.0544464609800363,0,0,0.105263157894737,0,0.00181488203266788,0,0,0,0,0,0.136116152450091,0,0,0,0,0.210526315789474,0,,0,,
BS79-22,margo,2.94,38.231,14.23,0,,0,0,0,0.0833333333333333,0,0,,0,0.00925925925925926,0,0.291666666666667,0,0,0,0,,0.101851851851852,0.0509259259259259,0,0,0.12037037037037,0,0,0,0,0,0,0,0.162037037037037,0,0,0,0,0.180555555555556,0,,0,,
BS79-22,margo,2.97,38.231,14.23,0,,0,0,0,0.101694915254237,0,0,,0,0,0.00423728813559322,0.207627118644068,0,0,0,0,,0.122881355932203,0.0720338983050848,0,0,0.127118644067797,0,0,0,0,0,0,0,0.135593220338983,0,0,0,0,0.228813559322034,0,,0,,
BS79-22,margo,3,38.231,14.23,0,,0,0,0,0.072992700729927,0,0,,0,0,0,0.277372262773723,0,0,0,0,,0.105839416058394,0.0510948905109489,0,0,0.131386861313869,0,0,0,0,0.00364963503649635,0,0,0.142335766423358,0,0,0,0,0.215328467153285,0,,0,,
BS79-22,margo,3.03,38.231,14.23,0,,0,0,0,0.0911062906724512,0,0,,0,0,0.0086767895878525,0.27765726681128,0,0,0,0,,0.127982646420824,0.0607375271149675,0,0,0.0954446854663774,0,0,0,0,0,0,0,0.123644251626898,0,0,0,0,0.214750542299349,0,,0,,
BS79-22,margo,3.06,38.231,14.23,0,,0,0,0,0.0978260869565217,0,0,,0,0.00543478260869565,0,0.239130434782609,0,0,0,0,,0.168478260869565,0.0978260869565217,0,0,0.0978260869565217,0,0,0,0,0,0,0,0.0869565217391304,0,0,0,0,0.206521739130435,0,,0,,
BS79-22,margo,3.09,38.231,14.23,0,,0,0,0,0.0934256055363322,0,0,,0,0,0.00346020761245675,0.245674740484429,0,0,0,0,,0.166089965397924,0.0761245674740485,0,0,0.145328719723183,0,0,0,0,0,0,0,0.0588235294117647,0,0,0,0,0.211072664359862,0,,0,,
BS79-22,margo,3.12,38.231,14.23,0,,0,0,0,0.152,0,0,,0,0,0,0.213333333333333,0,0,0,0,,0.101333333333333,0.064,0,0,0.141333333333333,0,0,0,0,0,0,0,0.0853333333333333,0,0,0,0,0.242666666666667,0,,0,,
BS79-22,margo,3.15,38.231,14.23,0,,0,0,0,0.0942928039702233,0,0,,0,0,0,0.213399503722084,0,0,0,0,,0.129032258064516,0.0918114143920596,0,0,0.158808933002481,0,0,0,0,0,0,0,0.109181141439206,0,0,0,0,0.203473945409429,0,,0,,
BS79-22,margo,3.18,38.231,14.23,0,,0,0,0,0.0957943925233645,0,0,,0,0.00467289719626168,0,0.228971962616822,0,0,0,0,,0.123831775700935,0.0724299065420561,0,0,0.0724299065420561,0,0.00467289719626168,0,0,0,0,0,0.13785046728972,0,0,0,0,0.259345794392523,0,,0,,
BS79-22,margo,3.21,38.231,14.23,0,,0,0,0,0.0843881856540084,0,0,,0,0,0,0.227848101265823,0,0,0,0,,0.126582278481013,0.0464135021097046,0,0,0.113924050632911,0,0,0,0,0,0,0,0.118143459915612,0,0,0,0,0.282700421940928,0,,0,,
BS79-22,margo,3.24,38.231,14.23,0,,0,0,0,0.123222748815166,0,0,,0,0,0,0.218009478672986,0,0,0,0,,0.161137440758294,0.0616113744075829,0,0,0.0663507109004739,0,0,0,0,0,0,0,0.0995260663507109,0,0,0,0,0.270142180094787,0,,0,,
BS79-22,margo,3.27,38.231,14.23,0,,0,0,0,0.135761589403974,0,0,,0,0,0,0.211920529801325,0,0,0,0,,0.109271523178808,0.0695364238410596,0,0,0.112582781456954,0,0.0033112582781457,0,0,0,0,0,0.0960264900662252,0,0,0,0,0.26158940397351,0,,0,,
BS79-22,margo,3.3,38.231,14.23,0,,0,0,0,0.0752351097178683,0,0,,0,0,0,0.188087774294671,0,0,0,0,,0.166144200626959,0.0626959247648903,0,0,0.128526645768025,0,0,0.00313479623824451,0,0,0,0,0.0846394984326019,0,0,0,0,0.29153605015674,0,,0,,
BS79-22,margo,3.33,38.231,14.23,0,,0,0,0,0.0439882697947214,0,0,,0,0,0,0.214076246334311,0,0,0,0,,0.111436950146628,0.0557184750733138,0,0,0.131964809384164,0,0.00293255131964809,0,0,0,0,0,0.134897360703812,0,0,0,0,0.304985337243402,0,,0,,
BS79-22,margo,3.36,38.231,14.23,0,,0,0,0,0.0634146341463415,0,0,,0,0,0,0.234146341463415,0,0,0,0,,0.117073170731707,0.0682926829268293,0,0,0.175609756097561,0,0,0,0,0,0,0,0.0878048780487805,0,0,0,0,0.253658536585366,0,,0,,
BS79-22,margo,3.39,38.231,14.23,0,,0,0,0,0.11864406779661,0,0,,0,0,0,0.203389830508475,0,0,0,0,,0.135593220338983,0.0779661016949153,0,0,0.135593220338983,0,0,0,0,0,0,0,0.0813559322033898,0,0,0,0,0.247457627118644,0,,0,,
BS79-22,margo,3.42,38.231,14.23,0,,0,0,0,0.16504854368932,0,0,,0,0,0,0.155339805825243,0,0,0,0,,0.116504854368932,0.0388349514563107,0,0,0.184466019417476,0,0,0,0,0,0,0,0.135922330097087,0,0,0,0,0.203883495145631,0,,0,,
BS79-22,margo,3.45,38.231,14.23,0,,0,0,0,0.141592920353982,0,0,,0,0.00442477876106195,0,0.265486725663717,0,0,0,0,,0.079646017699115,0.0309734513274336,0,0,0.132743362831858,0,0.0132743362831858,0,0,0,0,0,0.0973451327433628,0,0,0,0,0.234513274336283,0,,0,,
BS79-33,margo,3.25,38.157,14.018,0,,0,0,0,0.115702479338843,0,0,,0,0,0.0192837465564738,0.264462809917355,0,0,0,0,,0.112947658402204,0.0385674931129477,0,0,0.107438016528926,0,0,0,0,0.00275482093663912,0,0,0.132231404958678,0,0,0,0,0.206611570247934,0,,0,,
BS79-33,margo,3.3,38.157,14.018,0,,0,0,0,0.124629080118694,0,0,,0,0.0029673590504451,0.0207715133531157,0.237388724035608,0,0,0,0,,0.160237388724036,0.0504451038575668,0,0,0.0593471810089021,0,0,0,0,0,0,0,0.157270029673591,0,0,0,0,0.186943620178042,0,,0,,
BS79-33,margo,3.35,38.157,14.018,0,,0,0,0,0.0993975903614458,0,0,,0,0.00301204819277108,0.0271084337349398,0.234939759036145,0,0,0,0,,0.192771084337349,0.0662650602409639,0,0,0.135542168674699,0,0,0,0,0,0,0,0.123493975903614,0,0,0,0,0.117469879518072,0,,0,,
BS79-33,margo,3.4,38.157,14.018,0,,0,0,0,0.1875,0,0,,0,0,0,0.203125,0,0,0,0,,0.23125,0.04375,0,0,0.090625,0,0,0,0,0,0,0,0.084375,0,0,0,0,0.159375,0,,0,,
BS79-33,margo,3.45,38.157,14.018,0,,0,0,0,0.0801282051282051,0,0,,0,0,0.0128205128205128,0.262820512820513,0,0,0,0,,0.237179487179487,0.0608974358974359,0,0,0.108974358974359,0,0,0,0,0,0,0,0.112179487179487,0,0,0,0,0.125,0,,0,,
BS79-33,margo,3.5,38.157,14.018,0,,0,0,0,0.0903790087463557,0,0,,0,0.00291545189504373,0,0.212827988338192,0,0,0,0,,0.192419825072886,0.107871720116618,0,0,0.163265306122449,0,0,0,0,0,0,0,0.087463556851312,0,0,0,0,0.142857142857143,0,,0,,
BS79-33,margo,3.55,38.157,14.018,0,,0,0,0,0.145348837209302,0,0,,0,0,0.00290697674418605,0.156976744186047,0,0,0,0,,0.194767441860465,0.0523255813953488,0,0,0.107558139534884,0,0,0,0,0,0,0,0.15406976744186,0,0,0,0,0.186046511627907,0,,0,,
BS79-33,margo,3.6,38.157,14.018,0,,0,0,0,0.107438016528926,0,0,,0,0,0.0110192837465565,0.223140495867769,0,0,0,0,,0.151515151515152,0.0523415977961433,0,0,0.170798898071625,0,0,0,0,0,0,0,0.0909090909090909,0,0,0,0,0.192837465564738,0,,0,,
BS79-33,margo,3.65,38.157,14.018,0,,0,0,0,0.0890207715133531,0,0,,0,0,0.00593471810089021,0.231454005934718,0,0,0,0,,0.178041543026706,0.0593471810089021,0,0,0.136498516320475,0,0,0.0029673590504451,0,0,0,0,0.115727002967359,0,0,0,0,0.181008902077151,0,,0,,
BS79-33,margo,3.7,38.157,14.018,0,,0,0,0,0.0935672514619883,0,0,,0,0.00584795321637427,0.0087719298245614,0.239766081871345,0,0,0,0,,0.207602339181287,0.0789473684210526,0,0,0.140350877192982,0,0,0,0,0,0,0,0.0818713450292398,0,0,0,0,0.14327485380117,0,,0,,
BS79-33,margo,3.75,38.157,14.018,0,,0,0,0,0.122448979591837,0,0,,0,0.00291545189504373,0.00291545189504373,0.221574344023324,0,0,0,0,,0.14868804664723,0.0728862973760933,0,0,0.0903790087463557,0,0,0,0,0.00291545189504373,0,0,0.116618075801749,0,0,0,0,0.21865889212828,0,,0,,
BS79-33,margo,3.8,38.157,14.018,0,,0,0,0,0.122923588039867,0,0,,0,0,0,0.199335548172757,0,0,0,0,,0.172757475083056,0.053156146179402,0,0,0.13953488372093,0,0,0,0,0,0,0,0.0963455149501661,0,0,0,0,0.215946843853821,0,,0,,
BS79-33,margo,3.85,38.157,14.018,0,,0,0,0,0.115727002967359,0,0,,0,0.0029673590504451,0.00890207715133531,0.160237388724036,0,0,0,0,,0.210682492581602,0.0593471810089021,0.00593471810089021,0.00593471810089021,0.0623145400593472,0,0,0,0,0,0,0,0.118694362017804,0,0,0,0,0.255192878338279,0,,0,,
BS79-37,margo,2.4,38.215,13.269,0,,0,0,0,0.0360934182590234,0,0,,0,0,0,0.35031847133758,0.00849256900212314,0,0,0,,0.303609341825902,0.0764331210191083,0,0,0.0148619957537155,0,0.00424628450106157,0,0,0,0,0,0.0530785562632697,0,0,0,0,0.152866242038217,0,,0,,
BS79-37,margo,2.44,38.215,13.269,0,,0,0,0,0.0595533498759305,0,0,,0,0.00248138957816377,0,0.233250620347395,0.00248138957816377,0,0,0,,0.218362282878412,0.106699751861042,0,0,0,0,0,0,0,0,0,0,0.0645161290322581,0,0,0,0,0.312655086848635,0,,0,,
BS79-37,margo,2.48,38.215,13.269,0,,0,0,0,0.107843137254902,0,0,,0,0.00245098039215686,0,0.178921568627451,0.0122549019607843,0,0,0,,0.196078431372549,0.0661764705882353,0,0,0,0,0,0,0,0,0,0,0.112745098039216,0,0,0,0,0.323529411764706,0,,0,,
BS79-38,margo,3.975,38.247,13.346,0,,0,0,0,0.179166666666667,0,0,,0,0,0,0,0,0,0,0,,0.25,0.116666666666667,0,0,0,0,0,0,0,0,0,0,0.125,0,0,0,0,0.329166666666667,0,,0,,
BS79-38,margo,4.025,38.247,13.346,0,,0,0,0,0.227467811158798,0,0,,0,0.00429184549356223,0,0,0,0,0,0,,0.201716738197425,0.103004291845494,0,0,0,0,0.00429184549356223,0,0,0,0,0,0.15450643776824,0,0,0,0,0.304721030042918,0,,0,,
BS79-38,margo,4.05,38.247,13.346,0,,0,0,0,0.228070175438597,0,0,,0,0,0,0,0,0,0,0,,0.126315789473684,0.0807017543859649,0,0,0,0,0,0,0,0,0,0,0.231578947368421,0,0,0,0,0.333333333333333,0,,0,,
BS79-38,margo,4.075,38.247,13.346,0,,0,0,0,0.229357798165138,0,0,,0,0,0,0,0,0,0,0,,0.192660550458716,0.0642201834862385,0.0091743119266055,0,0.018348623853211,0,0,0,0,0,0,0,0.142201834862385,0,0,0,0,0.344036697247706,0,,0,,
BS79-38,margo,4.125,38.247,13.346,0,,0,0,0,0.232067510548523,0,0,,0,0,0.00421940928270042,0,0,0,0,0,,0.160337552742616,0.0886075949367089,0,0,0.029535864978903,0,0,0,0,0,0,0,0.156118143459916,0,0,0,0,0.329113924050633,0,,0,,
BS79-38,margo,4.175,38.247,13.346,0,,0,0,0,0.167364016736402,0,0,,0,0.0125523012552301,0,0,0,0,0,0,,0.184100418410042,0.0627615062761506,0,0,0,0,0.00836820083682008,0,0,0,0,0,0.158995815899582,0,0,0,0,0.405857740585774,0,,0,,
BS79-38,margo,4.2,38.247,13.346,0,,0,0,0,0.0422535211267606,0.0140845070422535,0,,0,0.0563380281690141,0,0.154929577464789,0,0,0,0,,0.28169014084507,0.183098591549296,0,0.0140845070422535,0.0140845070422535,0,0,0,0,0.0140845070422535,0,0,0.0845070422535211,0,0,0,0,0.140845070422535,0,,0,,
BS79-38,margo,4.225,38.247,13.346,0,,0,0,0,0.0838323353293413,0.00598802395209581,0,,0,0.0269461077844311,0,0,0,0,0,0,,0.31437125748503,0.140718562874252,0,0.00598802395209581,0.00898203592814371,0,0.0029940119760479,0,0,0.0209580838323353,0,0,0.110778443113772,0,0,0,0,0.278443113772455,0,,0,,
BS79-38,margo,4.275,38.247,13.346,0,,0,0,0,0.149797570850202,0.00809716599190283,0,,0,0.0688259109311741,0,0,0,0,0,0,,0.206477732793522,0.105263157894737,0,0,0,0,0,0,0,0.0121457489878543,0,0,0.165991902834008,0,0,0,0,0.283400809716599,0,,0,,
BS79-38,margo,4.325,38.247,13.346,0,,0,0,0,0.15884476534296,0,0,,0,0.0685920577617329,0,0,0,0,0,0,,0.184115523465704,0.101083032490975,0,0,0.0108303249097473,0,0,0,0,0,0,0,0.216606498194946,0,0,0,0,0.259927797833935,0,,0,,
BS79-38,margo,4.35,38.247,13.346,0,,0,0,0,0.139072847682119,0,0,,0,0.0794701986754967,0,0,0.00993377483443709,0,0,0,,0.0298013245033113,0.0794701986754967,0.0033112582781457,0,0.0264900662251656,0.0033112582781457,0,0,0,0.00662251655629139,0,0,0.354304635761589,0,0,0,0,0.268211920529801,0,,0,,
BS79-38,margo,4.375,38.247,13.346,0,,0,0,0,0.160583941605839,0,0,,0,0.0510948905109489,0,0,0,0,0,0,,0.14963503649635,0.113138686131387,0,0,0.0401459854014599,0,0,0,0,0.0109489051094891,0,0,0.215328467153285,0,0,0,0,0.259124087591241,0,,0,,
BS79-38,margo,4.4,38.247,13.346,0,,0,0,0,0.179401993355482,0,0,,0,0.00332225913621262,0.00332225913621262,0.275747508305648,0,0,0,0,,0.12624584717608,0.12624584717608,0,0,0.0166112956810631,0,0,0,0,0,0,0,0.132890365448505,0,0,0,0,0.136212624584718,0,,0,,
BS79-38,margo,4.425,38.247,13.346,0,,0,0,0,0.25668449197861,0,0,,0,0.0106951871657754,0,0,0,0,0,0,,0.171122994652406,0.160427807486631,0,0,0.0106951871657754,0,0,0.0053475935828877,0,0,0,0,0.197860962566845,0,0,0,0,0.18716577540107,0,,0,,
BS79-38,margo,4.45,38.247,13.346,0,,0,0,0,0.24802110817942,0,0,,0,0,0,0.129287598944591,0,0,0,0,,0.153034300791557,0.131926121372032,0,0,0.00263852242744063,0,0.00263852242744063,0,0,0,0,0,0.174142480211082,0,0,0,0,0.158311345646438,0,,0,,
BS79-38,margo,4.475,38.247,13.346,0,,0,0,0,0.261194029850746,0,0,,0,0.00746268656716418,0.00373134328358209,0,0,0,0,0,,0.212686567164179,0.123134328358209,0,0,0.0149253731343284,0,0.00373134328358209,0.00373134328358209,0,0,0,0,0.16044776119403,0,0,0,0,0.208955223880597,0,,0,,
BS79-38,margo,4.525,38.247,13.346,0,,0,0,0,0.233463035019455,0,0,,0,0.00389105058365759,0,0,0,0,0,0,,0.260700389105058,0.0972762645914397,0,0,0.0155642023346304,0,0,0,0,0.00389105058365759,0,0,0.159533073929961,0,0,0,0,0.22568093385214,0,,0,,
BS79-38,margo,4.55,38.247,13.346,0,,0,0,0,0.179669030732861,0,0,,0,0,0,0.066193853427896,0,0,0,0,,0.141843971631206,0.0756501182033097,0,0,0.00709219858156028,0,0,0,0,0,0,0,0.309692671394799,0,0,0,0,0.219858156028369,0,,0,,
BS79-38,margo,4.575,38.247,13.346,0,,0,0,0,0.209401709401709,0,0,,0,0.00854700854700855,0,0,0,0,0,0,,0.222222222222222,0.102564102564103,0,0,0.0170940170940171,0,0,0,0,0,0,0,0.183760683760684,0,0,0,0,0.256410256410256,0,,0,,
BS79-38,margo,4.6,38.247,13.346,0,,0,0,0,0.193181818181818,0,0,,0,0.00909090909090909,0.00454545454545455,0.170454545454545,0,0,0,0,,0.0909090909090909,0.0477272727272727,0,0,0.0568181818181818,0,0,0,0,0,0,0,0.245454545454546,0,0,0,0,0.181818181818182,0,,0,,
BS79-38,margo,4.625,38.247,13.346,0,,0,0,0,0.168539325842697,0,0,,0,0.0149812734082397,0,0,0.00374531835205993,0,0,0,,0.104868913857678,0.0599250936329588,0.00374531835205993,0,0.0599250936329588,0,0.00749063670411985,0,0,0,0,0,0.340823970037453,0,0,0,0,0.235955056179775,0,,0,,
BS79-38,margo,4.65,38.247,13.346,0,,0,0,0,0.193846153846154,0,0,,0,0.00307692307692308,0.00615384615384615,0,0,0,0,0,,0.0923076923076923,0.0461538461538462,0,0,0.0307692307692308,0,0,0,0,0,0,0,0.384615384615385,0,0,0,0,0.243076923076923,0,,0,,
BS79-38,margo,4.675,38.247,13.346,0,,0,0,0,0.167910447761194,0,0,,0,0.0111940298507463,0,0,0,0,0,0,,0.141791044776119,0.0597014925373134,0,0,0.0335820895522388,0,0,0,0,0,0,0,0.343283582089552,0,0,0,0,0.242537313432836,0,,0,,
BS79-38,margo,4.7,38.247,13.346,0,,0,0,0,0.174721189591078,0,0,,0,0,0,0,0,0,0,0,,0.133828996282528,0.0669144981412639,0,0,0.122676579925651,0,0,0.00371747211895911,0,0,0,0,0.237918215613383,0,0,0,0,0.260223048327138,0,,0,,
RC9-178,margo,0.5,33.733,27.917,0,,0,0,0,0.123348017621145,0,0,,0,0,0,0.303964757709251,0.00881057268722467,0,0,0,,0.127753303964758,0,0,0,0.348017621145375,0,0,0,0,0,0,0,0,0,0,0,0,0.0881057268722467,0,,0,,
RC9-178,margo,0.61,33.733,27.917,0,,0,0,0,0.0916905444126074,0,0,,0,0,0,0.36676217765043,0.00859598853868195,0,0,0,,0.169054441260745,0,0,0,0.257879656160458,0,0,0,0,0,0,0,0.0429799426934097,0,0,0,0,0.0630372492836676,0,,0,,
RC9-178,margo,0.665,33.733,27.917,0,,0,0,0,0.0788643533123028,0,0,,0,0,0,0.318611987381704,0.0189274447949527,0,0,0,,0.22397476340694,0,0.00315457413249211,0,0.214511041009464,0,0,0,0,0,0,0,0.0473186119873817,0,0,0,0,0.0946372239747634,0,,0,,
MD992344,margo,2.47,41.997,4.836,0,,0,0,0,0.0299785867237687,0,0,,0,0,0,0.00642398286937902,0,0,0,0,,0.535331905781585,0,0,0,0,0,0,0,0,0,0,0,0.36830835117773,0,0,0,0,0.0599571734475375,0,,0,,
MD992344,margo,2.53,41.997,4.836,0,,0,0,0,0,0,0,,0,0,0,0.041025641025641,0,0,0,0,,0.57948717948718,0,0,0,0.00512820512820513,0,0,0.00512820512820513,0,0,0.00512820512820513,0,0.353846153846154,0,0,0,0,0.0102564102564103,0,,0,,
MD992344,margo,2.63,41.997,4.836,0,,0,0,0,0.016551724137931,0,0,,0,0.0386206896551724,0,0.172413793103448,0.0096551724137931,0,0,0,,0.51448275862069,0,0,0,0.0151724137931034,0,0,0,0,0,0.00275862068965517,0,0.179310344827586,0,0,0,0,0.0510344827586207,0,,0,,
MD992344,margo,2.69,41.997,4.836,0,,0,0,0,0.0661157024793388,0,0,,0,0,0,0.0165289256198347,0,0,0,0,,0.504132231404959,0,0,0,0,0,0,0,0,0,0,0,0.347107438016529,0,0,0,0,0.0661157024793388,0,,0,,
LC21,margo,275.5,35.66,26.58,0,,0,0,0,0.0598802395209581,0,0,,0,0,0,0.383233532934132,0,0,0,0,,0.107784431137725,0,0,0,0.215568862275449,0,0,0,0,0.00598802395209581,0,0,0.029940119760479,0,0.0119760479041916,0,0,0.18562874251497,0,,0,,
LC21,margo,281.5,35.66,26.58,0,,0,0,0,0.0751445086705202,0,0,,0,0,0,0.38150289017341,0,0,0,0,,0.144508670520231,0,0,0,0.329479768786127,0,0,0,0,0,0,0,0,0,0.0115606936416185,0,0,0.0578034682080925,0,,0,,
LC21,margo,289.5,35.66,26.58,0,,0,0,0,0.0743243243243243,0,0,,0,0,0,0.304054054054054,0.0101351351351351,0,0,0,,0.070945945945946,0,0,0,0.185810810810811,0,0,0,0,0,0,0,0.0337837837837838,0,0.0135135135135135,0,0,0.307432432432432,0,,0,,
LC21,margo,296,35.66,26.58,0,,0,0,0,0.11,0,0,,0,0,0,0.37,0,0,0,0,,0.07,0,0,0,0.15,0,0,0,0,0,0,0,0.05,0,0.02,0,0,0.23,0,,0,,
LC21,margo,303.5,35.66,26.58,0,,0,0,0,0.0277777777777778,0,0,,0,0,0,0.327777777777778,0.00555555555555556,0,0,0,,0.155555555555556,0,0,0,0.238888888888889,0.00555555555555556,0,0,0,0,0,0,0.0388888888888889,0,0.0111111111111111,0,0,0.188888888888889,0,,0,,
LC21,margo,310.5,35.66,26.58,0,,0,0,0,0.0739130434782609,0,0,,0,0,0,0.278260869565217,0.00869565217391304,0,0,0,,0.1,0,0,0,0.195652173913043,0,0,0,0,0,0,0,0.134782608695652,0,0.0173913043478261,0,0,0.191304347826087,0,,0,,
LC21,margo,317,35.66,26.58,0,,0,0,0,0.119318181818182,0,0,,0,0,0,0.460227272727273,0,0,0,0,,0.0738636363636364,0,0,0,0.227272727272727,0,0,0,0,0,0,0,0.00568181818181818,0,0.0113636363636364,0,0,0.102272727272727,0,,0,,
LC21,margo,324.5,35.66,26.58,0,,0,0,0,0.11038961038961,0,0,,0,0,0,0.324675324675325,0,0,0,0,,0.162337662337662,0,0,0,0.142857142857143,0,0,0,0,0,0,0,0.12987012987013,0,0.025974025974026,0,0,0.103896103896104,0,,0,,
LC07,margo,0.685,38.14,10.07,0,,0,0,0,0.0593607305936073,0,0,,0,0.0091324200913242,0,0.200913242009132,0.0045662100456621,0,0,0,,0.273972602739726,0,0,0,0.0365296803652968,0,0,0,0,0,0,0,0.237442922374429,0,0.0045662100456621,0,0,0.17351598173516,0,,0,,
LC07,margo,0.805,38.14,10.07,0,,0,0,0,0.0839160839160839,0,0,,0,0.0699300699300699,0,0.125874125874126,0,0,0,0,,0.244755244755245,0,0,0,0.0559440559440559,0,0,0,0,0,0,0,0.27972027972028,0,0,0,0,0.13986013986014,0,,0,,
LC07,margo,0.865,38.14,10.07,0,,0,0,0,0.024390243902439,0,0,,0,0.040650406504065,0,0.227642276422764,0,0,0,0,,0.292682926829268,0,0,0,0.0569105691056911,0,0,0,0,0,0,0,0.252032520325203,0,0,0,0,0.105691056910569,0,,0,,
ODP 975,margo,1.13,38.89,4.5,0,,0,0,0,0.0677966101694915,0,0,,0,0,0,0.227118644067797,0.00169491525423729,0,0,0,,0.374576271186441,0,0,0,0,0.00169491525423729,0,0,0,0.00169491525423729,0,0,0.127118644067797,0,0,0,0,0.198305084745763,0,,0,,
ODP 975,margo,1.165,38.89,4.5,0,,0,0,0,0.101736972704715,0,0,,0,0.00496277915632754,0,0.11166253101737,0.00992555831265509,0,0,0,,0.344913151364764,0,0,0,0.00496277915632754,0,0,0,0,0,0,0,0.198511166253102,0,0,0,0,0.223325062034739,0,,0,,
ODP 975,margo,1.225,38.89,4.5,0,,0,0,0,0.201369863013699,0.00410958904109589,0,,0,0.00547945205479452,0,0.0657534246575342,0.00273972602739726,0,0,0,,0.413698630136986,0,0,0,0.00684931506849315,0,0,0,0,0,0,0,0.172602739726027,0,0,0,0,0.127397260273973,0,,0,,
ODP 975,margo,1.285,38.89,4.5,0,,0,0,0,0.146993318485523,0,0,,0,0.0022271714922049,0,0.0757238307349666,0,0,0,0,,0.356347438752784,0,0,0.0022271714922049,0.0868596881959911,0,0,0.0022271714922049,0,0.0022271714922049,0,0,0.202672605790646,0,0,0,0,0.12249443207127,0,,0,,
ODP 975,margo,1.325,38.89,4.5,0,,0,0,0,0.198905109489051,0,0,,0,0,0,0.111313868613139,0,0,0,0,,0.244525547445256,0,0,0,0.0583941605839416,0,0,0,0,0,0,0,0.262773722627737,0,0,0,0,0.124087591240876,0,,0,,
LC01,margo,0.682,40.26,6.887,0,,0,0,0,0.191983122362869,0,0,,0,0,0,0.0654008438818566,0,0,0,0,,0.280590717299578,0,0,0,0.0759493670886076,0,0,0.00421940928270042,0,0.00210970464135021,0,0,0.289029535864979,0,0,0,0,0.0907172995780591,0,,0,,
LC01,margo,0.71,40.26,6.887,0,,0,0,0,0.15,0,0,,0,0.00277777777777778,0,0.0861111111111111,0.00277777777777778,0,0,0,,0.425,0,0,0,0.152777777777778,0,0,0,0,0,0,0,0.0972222222222222,0,0,0,0,0.0833333333333333,0,,0,,
LC01,margo,0.757,40.26,6.887,0,,0,0,0,0.168115942028986,0,0,,0,0,0,0.0927536231884058,0,0,0,0,,0.272463768115942,0,0,0,0.121739130434783,0,0,0,0,0.00579710144927536,0,0,0.220289855072464,0,0.00289855072463768,0,0,0.115942028985507,0,,0,,
LC01,margo,0.787,40.26,6.887,0,,0,0,0,0.117147707979626,0,0,,0,0,0,0.0814940577249576,0,0,0,0,,0.286926994906621,0,0,0,0.033955857385399,0,0,0,0,0.00169779286926995,0,0,0.382003395585739,0,0,0,0,0.0967741935483871,0,,0,,
LC04,margo,0.832,38.65,6.11,0,,0,0,0,0.0948275862068965,0,0,,0,0,0,0.181034482758621,0.00862068965517241,0,0,0,,0.383620689655172,0,0,0,0.0862068965517242,0,0,0,0,0.0172413793103448,0,0,0.0905172413793103,0,0,0,0,0.137931034482759,0,,0,,
LC04,margo,0.912,38.65,6.11,0,,0,0,0,0.151982378854626,0,0,,0,0,0,0.187224669603524,0,0,0,0,,0.237885462555066,0,0,0,0.118942731277533,0,0,0,0,0.00440528634361234,0,0,0.116740088105727,0,0.00220264317180617,0,0,0.180616740088106,0,,0,,
LC04,margo,0.997,38.65,6.11,0,,0,0,0,0.127596439169139,0,0,,0,0,0,0.216617210682493,0,0,0,0,,0.246290801186944,0,0,0,0.166172106824926,0,0,0,0,0.0029673590504451,0,0,0.0741839762611276,0,0.0118694362017804,0,0,0.154302670623145,0,,0,,
ODP 969,margo,0.605,33.839,24.884,0,,0,0,0,0.172307692307692,0,0,,0,0,0,0.289230769230769,0.00615384615384615,0,0,0,,0.150769230769231,0,0.00307692307692308,0,0.227692307692308,0,0,0,0,0.00307692307692308,0,0,0.0492307692307692,0,0,0,0,0.0984615384615385,0,,0,,
ODP 969,margo,0.625,33.839,24.884,0,,0,0,0,0.108870967741935,0,0,,0,0,0,0.330645161290323,0.00403225806451613,0,0,0,,0.112903225806452,0,0.00403225806451613,0,0.298387096774194,0,0,0,0,0,0,0,0.0443548387096774,0,0,0,0,0.0967741935483871,0,,0,,
ODP 969,margo,0.645,33.839,24.884,0,,0,0,0,0.105882352941176,0,0,,0,0,0,0.303529411764706,0,0,0,0,,0.115294117647059,0,0,0,0.327058823529412,0,0,0,0,0,0,0,0.0188235294117647,0,0.00235294117647059,0,0,0.127058823529412,0,,0,,
ODP 969,margo,0.665,33.839,24.884,0,,0,0,0,0.116417910447761,0,0,,0,0,0,0.292537313432836,0,0,0,0,,0.134328358208955,0,0,0,0.292537313432836,0,0,0,0,0,0,0,0.0358208955223881,0,0.00298507462686567,0,0,0.125373134328358,0,,0,,
ODP 969,margo,0.685,33.839,24.884,0,,0,0,0,0.104166666666667,0,0,,0,0,0,0.25,0,0,0,0,,0.107142857142857,0.00297619047619048,0,0,0.354166666666667,0,0,0,0,0,0,0,0.0208333333333333,0,0,0,0,0.160714285714286,0,,0,,
ODP 973,margo,0.945,35.78,18.948,0,,0,0,0,0.368965517241379,0,0,,0,0,0,0.113793103448276,0,0,0,0,,0.151724137931034,0,0,0,0.096551724137931,0,0.00344827586206897,0,0,0.00689655172413793,0,0,0.0413793103448276,0,0,0.00344827586206897,0,0.213793103448276,0,,0,,
ODP 973,margo,0.985,35.78,18.948,0,,0,0,0,0.164383561643836,0,0,,0,0.00273972602739726,0,0.246575342465753,0.00547945205479452,0,0,0,,0.16986301369863,0,0,0,0.249315068493151,0,0,0,0,0.00821917808219178,0,0,0.0164383561643836,0,0.00821917808219178,0,0,0.128767123287671,0,,0,,
KL96,margo,0.455,32.77,19.19,0,,0,0,0,0.0922509225092251,0,0,,0,0,0,0.154981549815498,0.00738007380073801,0,0,0,,0.0553505535055351,0,0,0,0.66789667896679,0,0,0,0,0,0,0,0.00738007380073801,0,0.011070110701107,0,0,0.003690036900369,0,,0,,
KL96,margo,0.505,32.77,19.19,0,,0,0,0,0.125506072874494,0,0,,0,0,0,0.174089068825911,0.00809716599190283,0,0,0,,0.0647773279352227,0,0,0,0.587044534412955,0,0,0.00404858299595142,0,0,0,0,0.0121457489878543,0,0.00809716599190283,0,0,0.0161943319838057,0,,0,,
