Core,Coring device,Latitude,Longitude,Water depth (m),Ocean,Sample depth - upper (m),Symbiosis,Spine,Absolute Abundance
181-1123,drilling/drill rig,-41.786,-171.499,3290,Pacific,,symbiont-barren,non-spinose,298
181-1123,drilling/drill rig,-41.786,-171.499,3290,Pacific,,symbiont-barren,spinose,228
181-1123,drilling/drill rig,-41.786,-171.499,3290,Pacific,,symbiont-bearing,non-spinose,0
181-1123,drilling/drill rig,-41.786,-171.499,3290,Pacific,,symbiont-bearing,spinose,0
181-1123,drilling/drill rig,-41.786,-171.499,3290,Pacific,,symbiont-facultative,non-spinose,160
181-1123,drilling/drill rig,-41.786,-171.499,3290,Pacific,,symbiont-facultative,spinose,0
181-1123,drilling/drill rig,-41.786,-171.499,3290,Pacific,,symbiont-obligate,spinose,3
181-1123,drilling/drill rig,-41.786,-171.499,3290,Pacific,,undetermined,non-spinose,0
80KB11,Piston,36.5,24.3,795,Mediterranean,,symbiont-barren,non-spinose,146
80KB11,Piston,36.5,24.3,795,Mediterranean,,symbiont-barren,spinose,89
80KB11,Piston,36.5,24.3,795,Mediterranean,,symbiont-bearing,non-spinose,0
80KB11,Piston,36.5,24.3,795,Mediterranean,,symbiont-bearing,spinose,0
80KB11,Piston,36.5,24.3,795,Mediterranean,,symbiont-facultative,non-spinose,31
80KB11,Piston,36.5,24.3,795,Mediterranean,,symbiont-facultative,spinose,0
80KB11,Piston,36.5,24.3,795,Mediterranean,,symbiont-obligate,spinose,2
80KB11,Piston,36.5,24.3,795,Mediterranean,,undetermined,non-spinose,0
A015558,,8.983333333,51.73333333,3985,Indian,0.58,symbiont-barren,non-spinose,93
A015558,,8.983333333,51.73333333,3985,Indian,0.58,symbiont-barren,spinose,41
A015558,,8.983333333,51.73333333,3985,Indian,0.58,symbiont-bearing,non-spinose,0
A015558,,8.983333333,51.73333333,3985,Indian,0.58,symbiont-bearing,spinose,13
A015558,,8.983333333,51.73333333,3985,Indian,0.58,symbiont-facultative,non-spinose,130
A015558,,8.983333333,51.73333333,3985,Indian,0.58,symbiont-facultative,spinose,0
A015558,,8.983333333,51.73333333,3985,Indian,0.58,symbiont-obligate,spinose,24
A015558,,8.983333333,51.73333333,3985,Indian,0.58,undetermined,non-spinose,0
A156-04,,34.817,-74.683,3100,North Atlantic,750,symbiont-barren,non-spinose,20
A156-04,,34.817,-74.683,3100,North Atlantic,750,symbiont-barren,spinose,36
A156-04,,34.817,-74.683,3100,North Atlantic,750,symbiont-bearing,non-spinose,0
A156-04,,34.817,-74.683,3100,North Atlantic,750,symbiont-bearing,spinose,20
A156-04,,34.817,-74.683,3100,North Atlantic,750,symbiont-facultative,non-spinose,98
A156-04,,34.817,-74.683,3100,North Atlantic,750,symbiont-facultative,spinose,0
A156-04,,34.817,-74.683,3100,North Atlantic,750,symbiont-obligate,spinose,149
A156-04,,34.817,-74.683,3100,North Atlantic,750,undetermined,non-spinose,0
A164-05,,37.767,-71.235,3330,North Atlantic,171,symbiont-barren,non-spinose,118
A164-05,,37.767,-71.235,3330,North Atlantic,171,symbiont-barren,spinose,34
A164-05,,37.767,-71.235,3330,North Atlantic,171,symbiont-bearing,non-spinose,0
A164-05,,37.767,-71.235,3330,North Atlantic,171,symbiont-bearing,spinose,8
A164-05,,37.767,-71.235,3330,North Atlantic,171,symbiont-facultative,non-spinose,155
A164-05,,37.767,-71.235,3330,North Atlantic,171,symbiont-facultative,spinose,0
A164-05,,37.767,-71.235,3330,North Atlantic,171,symbiont-obligate,spinose,36
A164-05,,37.767,-71.235,3330,North Atlantic,171,undetermined,non-spinose,0
A164-06,,38.133,-69.851,3675,North Atlantic,109,symbiont-barren,non-spinose,96
A164-06,,38.133,-69.851,3675,North Atlantic,109,symbiont-barren,spinose,29
A164-06,,38.133,-69.851,3675,North Atlantic,109,symbiont-bearing,non-spinose,0
A164-06,,38.133,-69.851,3675,North Atlantic,109,symbiont-bearing,spinose,0
A164-06,,38.133,-69.851,3675,North Atlantic,109,symbiont-facultative,non-spinose,47
A164-06,,38.133,-69.851,3675,North Atlantic,109,symbiont-facultative,spinose,1
A164-06,,38.133,-69.851,3675,North Atlantic,109,symbiont-obligate,spinose,13
A164-06,,38.133,-69.851,3675,North Atlantic,109,undetermined,non-spinose,0
A164-24,,36.483,-69,4390,North Atlantic,75,symbiont-barren,non-spinose,26
A164-24,,36.483,-69,4390,North Atlantic,75,symbiont-barren,spinose,7
A164-24,,36.483,-69,4390,North Atlantic,75,symbiont-bearing,non-spinose,0
A164-24,,36.483,-69,4390,North Atlantic,75,symbiont-bearing,spinose,1
A164-24,,36.483,-69,4390,North Atlantic,75,symbiont-facultative,non-spinose,85
A164-24,,36.483,-69,4390,North Atlantic,75,symbiont-facultative,spinose,0
A164-24,,36.483,-69,4390,North Atlantic,75,symbiont-obligate,spinose,37
A164-24,,36.483,-69,4390,North Atlantic,75,undetermined,non-spinose,0
A164-61,,39.535,-68.783,2650,North Atlantic,100,symbiont-barren,non-spinose,127
A164-61,,39.535,-68.783,2650,North Atlantic,100,symbiont-barren,spinose,69
A164-61,,39.535,-68.783,2650,North Atlantic,100,symbiont-bearing,non-spinose,0
A164-61,,39.535,-68.783,2650,North Atlantic,100,symbiont-bearing,spinose,9
A164-61,,39.535,-68.783,2650,North Atlantic,100,symbiont-facultative,non-spinose,151
A164-61,,39.535,-68.783,2650,North Atlantic,100,symbiont-facultative,spinose,0
A164-61,,39.535,-68.783,2650,North Atlantic,100,symbiont-obligate,spinose,36
A164-61,,39.535,-68.783,2650,North Atlantic,100,undetermined,non-spinose,0
A167-13,,31.65,-75.35,2871,North Atlantic,140,symbiont-barren,non-spinose,52
A167-13,,31.65,-75.35,2871,North Atlantic,140,symbiont-barren,spinose,15
A167-13,,31.65,-75.35,2871,North Atlantic,140,symbiont-bearing,non-spinose,0
A167-13,,31.65,-75.35,2871,North Atlantic,140,symbiont-bearing,spinose,11
A167-13,,31.65,-75.35,2871,North Atlantic,140,symbiont-facultative,non-spinose,120
A167-13,,31.65,-75.35,2871,North Atlantic,140,symbiont-facultative,spinose,0
A167-13,,31.65,-75.35,2871,North Atlantic,140,symbiont-obligate,spinose,116
A167-13,,31.65,-75.35,2871,North Atlantic,140,undetermined,non-spinose,0
A167-14,,31.467,-76.467,2635,North Atlantic,100,symbiont-barren,non-spinose,49
A167-14,,31.467,-76.467,2635,North Atlantic,100,symbiont-barren,spinose,13
A167-14,,31.467,-76.467,2635,North Atlantic,100,symbiont-bearing,non-spinose,0
A167-14,,31.467,-76.467,2635,North Atlantic,100,symbiont-bearing,spinose,18
A167-14,,31.467,-76.467,2635,North Atlantic,100,symbiont-facultative,non-spinose,116
A167-14,,31.467,-76.467,2635,North Atlantic,100,symbiont-facultative,spinose,0
A167-14,,31.467,-76.467,2635,North Atlantic,100,symbiont-obligate,spinose,127
A167-14,,31.467,-76.467,2635,North Atlantic,100,undetermined,non-spinose,0
A172-01,,17.233,-73.467,4150,North Atlantic,40,symbiont-barren,non-spinose,26
A172-01,,17.233,-73.467,4150,North Atlantic,40,symbiont-barren,spinose,11
A172-01,,17.233,-73.467,4150,North Atlantic,40,symbiont-bearing,non-spinose,0
A172-01,,17.233,-73.467,4150,North Atlantic,40,symbiont-bearing,spinose,15
A172-01,,17.233,-73.467,4150,North Atlantic,40,symbiont-facultative,non-spinose,99
A172-01,,17.233,-73.467,4150,North Atlantic,40,symbiont-facultative,spinose,0
A172-01,,17.233,-73.467,4150,North Atlantic,40,symbiont-obligate,spinose,326
A172-01,,17.233,-73.467,4150,North Atlantic,40,undetermined,non-spinose,0
A172-02,,16.2,-72.317,3070,North Atlantic,60,symbiont-barren,non-spinose,18
A172-02,,16.2,-72.317,3070,North Atlantic,60,symbiont-barren,spinose,9
A172-02,,16.2,-72.317,3070,North Atlantic,60,symbiont-bearing,non-spinose,0
A172-02,,16.2,-72.317,3070,North Atlantic,60,symbiont-bearing,spinose,26
A172-02,,16.2,-72.317,3070,North Atlantic,60,symbiont-facultative,non-spinose,124
A172-02,,16.2,-72.317,3070,North Atlantic,60,symbiont-facultative,spinose,1
A172-02,,16.2,-72.317,3070,North Atlantic,60,symbiont-obligate,spinose,247
A172-02,,16.2,-72.317,3070,North Atlantic,60,undetermined,non-spinose,0
A173-04,,33.867,-62.533,3932,North Atlantic,72,symbiont-barren,non-spinose,80
A173-04,,33.867,-62.533,3932,North Atlantic,72,symbiont-barren,spinose,16
A173-04,,33.867,-62.533,3932,North Atlantic,72,symbiont-bearing,non-spinose,0
A173-04,,33.867,-62.533,3932,North Atlantic,72,symbiont-bearing,spinose,1
A173-04,,33.867,-62.533,3932,North Atlantic,72,symbiont-facultative,non-spinose,192
A173-04,,33.867,-62.533,3932,North Atlantic,72,symbiont-facultative,spinose,0
A173-04,,33.867,-62.533,3932,North Atlantic,72,symbiont-obligate,spinose,50
A173-04,,33.867,-62.533,3932,North Atlantic,72,undetermined,non-spinose,0
A179-15,,24.8,-75.933,3110,North Atlantic,149,symbiont-barren,non-spinose,22
A179-15,,24.8,-75.933,3110,North Atlantic,149,symbiont-barren,spinose,3
A179-15,,24.8,-75.933,3110,North Atlantic,149,symbiont-bearing,non-spinose,0
A179-15,,24.8,-75.933,3110,North Atlantic,149,symbiont-bearing,spinose,66
A179-15,,24.8,-75.933,3110,North Atlantic,149,symbiont-facultative,non-spinose,65
A179-15,,24.8,-75.933,3110,North Atlantic,149,symbiont-facultative,spinose,0
A179-15,,24.8,-75.933,3110,North Atlantic,149,symbiont-obligate,spinose,274
A179-15,,24.8,-75.933,3110,North Atlantic,149,undetermined,non-spinose,0
A179-15,,24.8,-75.933,3110,North Atlantic,162,symbiont-barren,non-spinose,34
A179-15,,24.8,-75.933,3110,North Atlantic,162,symbiont-barren,spinose,3
A179-15,,24.8,-75.933,3110,North Atlantic,162,symbiont-bearing,non-spinose,0
A179-15,,24.8,-75.933,3110,North Atlantic,162,symbiont-bearing,spinose,83
A179-15,,24.8,-75.933,3110,North Atlantic,162,symbiont-facultative,non-spinose,116
A179-15,,24.8,-75.933,3110,North Atlantic,162,symbiont-facultative,spinose,0
A179-15,,24.8,-75.933,3110,North Atlantic,162,symbiont-obligate,spinose,426
A179-15,,24.8,-75.933,3110,North Atlantic,162,undetermined,non-spinose,0
A180-09,,39.45,-45.95,4060,North Atlantic,60,symbiont-barren,non-spinose,209
A180-09,,39.45,-45.95,4060,North Atlantic,60,symbiont-barren,spinose,63
A180-09,,39.45,-45.95,4060,North Atlantic,60,symbiont-bearing,non-spinose,0
A180-09,,39.45,-45.95,4060,North Atlantic,60,symbiont-bearing,spinose,0
A180-09,,39.45,-45.95,4060,North Atlantic,60,symbiont-facultative,non-spinose,100
A180-09,,39.45,-45.95,4060,North Atlantic,60,symbiont-facultative,spinose,0
A180-09,,39.45,-45.95,4060,North Atlantic,60,symbiont-obligate,spinose,20
A180-09,,39.45,-45.95,4060,North Atlantic,60,undetermined,non-spinose,0
A180-15,,39.267,-36.7,4610,North Atlantic,60,symbiont-barren,non-spinose,240
A180-15,,39.267,-36.7,4610,North Atlantic,60,symbiont-barren,spinose,69
A180-15,,39.267,-36.7,4610,North Atlantic,60,symbiont-bearing,non-spinose,0
A180-15,,39.267,-36.7,4610,North Atlantic,60,symbiont-bearing,spinose,2
A180-15,,39.267,-36.7,4610,North Atlantic,60,symbiont-facultative,non-spinose,270
A180-15,,39.267,-36.7,4610,North Atlantic,60,symbiont-facultative,spinose,0
A180-15,,39.267,-36.7,4610,North Atlantic,60,symbiont-obligate,spinose,86
A180-15,,39.267,-36.7,4610,North Atlantic,60,undetermined,non-spinose,0
A180-16,,38.35,-32.483,2270,North Atlantic,70,symbiont-barren,non-spinose,96
A180-16,,38.35,-32.483,2270,North Atlantic,70,symbiont-barren,spinose,88
A180-16,,38.35,-32.483,2270,North Atlantic,70,symbiont-bearing,non-spinose,0
A180-16,,38.35,-32.483,2270,North Atlantic,70,symbiont-bearing,spinose,4
A180-16,,38.35,-32.483,2270,North Atlantic,70,symbiont-facultative,non-spinose,100
A180-16,,38.35,-32.483,2270,North Atlantic,70,symbiont-facultative,spinose,0
A180-16,,38.35,-32.483,2270,North Atlantic,70,symbiont-obligate,spinose,31
A180-16,,38.35,-32.483,2270,North Atlantic,70,undetermined,non-spinose,0
A180-32,,29.117,-26.25,5030,North Atlantic,60,symbiont-barren,non-spinose,67
A180-32,,29.117,-26.25,5030,North Atlantic,60,symbiont-barren,spinose,8
A180-32,,29.117,-26.25,5030,North Atlantic,60,symbiont-bearing,non-spinose,0
A180-32,,29.117,-26.25,5030,North Atlantic,60,symbiont-bearing,spinose,8
A180-32,,29.117,-26.25,5030,North Atlantic,60,symbiont-facultative,non-spinose,80
A180-32,,29.117,-26.25,5030,North Atlantic,60,symbiont-facultative,spinose,0
A180-32,,29.117,-26.25,5030,North Atlantic,60,symbiont-obligate,spinose,175
A180-32,,29.117,-26.25,5030,North Atlantic,60,undetermined,non-spinose,0
A180-39,,25.833,-19.3,3470,North Atlantic,30,symbiont-barren,non-spinose,205
A180-39,,25.833,-19.3,3470,North Atlantic,30,symbiont-barren,spinose,90
A180-39,,25.833,-19.3,3470,North Atlantic,30,symbiont-bearing,non-spinose,0
A180-39,,25.833,-19.3,3470,North Atlantic,30,symbiont-bearing,spinose,2
A180-39,,25.833,-19.3,3470,North Atlantic,30,symbiont-facultative,non-spinose,74
A180-39,,25.833,-19.3,3470,North Atlantic,30,symbiont-facultative,spinose,0
A180-39,,25.833,-19.3,3470,North Atlantic,30,symbiont-obligate,spinose,89
A180-39,,25.833,-19.3,3470,North Atlantic,30,undetermined,non-spinose,0
A180-47,,15.318,-17.918,2195,North Atlantic,350,symbiont-barren,non-spinose,17
A180-47,,15.318,-17.918,2195,North Atlantic,350,symbiont-barren,spinose,226
A180-47,,15.318,-17.918,2195,North Atlantic,350,symbiont-bearing,non-spinose,0
A180-47,,15.318,-17.918,2195,North Atlantic,350,symbiont-bearing,spinose,13
A180-47,,15.318,-17.918,2195,North Atlantic,350,symbiont-facultative,non-spinose,69
A180-47,,15.318,-17.918,2195,North Atlantic,350,symbiont-facultative,spinose,0
A180-47,,15.318,-17.918,2195,North Atlantic,350,symbiont-obligate,spinose,68
A180-47,,15.318,-17.918,2195,North Atlantic,350,undetermined,non-spinose,0
A180-48,,15.317,-18.1,1450,North Atlantic,529,symbiont-barren,non-spinose,11
A180-48,,15.317,-18.1,1450,North Atlantic,529,symbiont-barren,spinose,108
A180-48,,15.317,-18.1,1450,North Atlantic,529,symbiont-bearing,non-spinose,0
A180-48,,15.317,-18.1,1450,North Atlantic,529,symbiont-bearing,spinose,6
A180-48,,15.317,-18.1,1450,North Atlantic,529,symbiont-facultative,non-spinose,69
A180-48,,15.317,-18.1,1450,North Atlantic,529,symbiont-facultative,spinose,0
A180-48,,15.317,-18.1,1450,North Atlantic,529,symbiont-obligate,spinose,162
A180-48,,15.317,-18.1,1450,North Atlantic,529,undetermined,non-spinose,0
A180-56,,12.235,-17.767,2595,North Atlantic,100,symbiont-barren,non-spinose,73
A180-56,,12.235,-17.767,2595,North Atlantic,100,symbiont-barren,spinose,203
A180-56,,12.235,-17.767,2595,North Atlantic,100,symbiont-bearing,non-spinose,0
A180-56,,12.235,-17.767,2595,North Atlantic,100,symbiont-bearing,spinose,7
A180-56,,12.235,-17.767,2595,North Atlantic,100,symbiont-facultative,non-spinose,53
A180-56,,12.235,-17.767,2595,North Atlantic,100,symbiont-facultative,spinose,0
A180-56,,12.235,-17.767,2595,North Atlantic,100,symbiont-obligate,spinose,120
A180-56,,12.235,-17.767,2595,North Atlantic,100,undetermined,non-spinose,0
A180-72,,0.585,-21.783,3840,North Atlantic,46,symbiont-barren,non-spinose,143
A180-72,,0.585,-21.783,3840,North Atlantic,46,symbiont-barren,spinose,10
A180-72,,0.585,-21.783,3840,North Atlantic,46,symbiont-bearing,non-spinose,0
A180-72,,0.585,-21.783,3840,North Atlantic,46,symbiont-bearing,spinose,1
A180-72,,0.585,-21.783,3840,North Atlantic,46,symbiont-facultative,non-spinose,161
A180-72,,0.585,-21.783,3840,North Atlantic,46,symbiont-facultative,spinose,0
A180-72,,0.585,-21.783,3840,North Atlantic,46,symbiont-obligate,spinose,45
A180-72,,0.585,-21.783,3840,North Atlantic,46,undetermined,non-spinose,0
A180-73,,0.167,-23,3750,North Atlantic,60,symbiont-barren,non-spinose,213
A180-73,,0.167,-23,3750,North Atlantic,60,symbiont-barren,spinose,8
A180-73,,0.167,-23,3750,North Atlantic,60,symbiont-bearing,non-spinose,0
A180-73,,0.167,-23,3750,North Atlantic,60,symbiont-bearing,spinose,11
A180-73,,0.167,-23,3750,North Atlantic,60,symbiont-facultative,non-spinose,309
A180-73,,0.167,-23,3750,North Atlantic,60,symbiont-facultative,spinose,0
A180-73,,0.167,-23,3750,North Atlantic,60,symbiont-obligate,spinose,179
A180-73,,0.167,-23,3750,North Atlantic,60,undetermined,non-spinose,0
A180-74,,-0.05,-24.167,3330,South Atlantic,50,symbiont-barren,non-spinose,136
A180-74,,-0.05,-24.167,3330,South Atlantic,50,symbiont-barren,spinose,19
A180-74,,-0.05,-24.167,3330,South Atlantic,50,symbiont-bearing,non-spinose,0
A180-74,,-0.05,-24.167,3330,South Atlantic,50,symbiont-bearing,spinose,1
A180-74,,-0.05,-24.167,3330,South Atlantic,50,symbiont-facultative,non-spinose,116
A180-74,,-0.05,-24.167,3330,South Atlantic,50,symbiont-facultative,spinose,0
A180-74,,-0.05,-24.167,3330,South Atlantic,50,symbiont-obligate,spinose,79
A180-74,,-0.05,-24.167,3330,South Atlantic,50,undetermined,non-spinose,0
A180-76,,-0.767,-26.033,2840,South Atlantic,60,symbiont-barren,non-spinose,62
A180-76,,-0.767,-26.033,2840,South Atlantic,60,symbiont-barren,spinose,2
A180-76,,-0.767,-26.033,2840,South Atlantic,60,symbiont-bearing,non-spinose,0
A180-76,,-0.767,-26.033,2840,South Atlantic,60,symbiont-bearing,spinose,1
A180-76,,-0.767,-26.033,2840,South Atlantic,60,symbiont-facultative,non-spinose,117
A180-76,,-0.767,-26.033,2840,South Atlantic,60,symbiont-facultative,spinose,1
A180-76,,-0.767,-26.033,2840,South Atlantic,60,symbiont-obligate,spinose,63
A180-76,,-0.767,-26.033,2840,South Atlantic,60,undetermined,non-spinose,0
AII 125-8 JPC 20,,26.03816667,-110.9301667,845,Pacific,,symbiont-barren,non-spinose,1626
AII 125-8 JPC 20,,26.03816667,-110.9301667,845,Pacific,,symbiont-barren,spinose,918
AII 125-8 JPC 20,,26.03816667,-110.9301667,845,Pacific,,symbiont-bearing,non-spinose,0
AII 125-8 JPC 20,,26.03816667,-110.9301667,845,Pacific,,symbiont-bearing,spinose,0
AII 125-8 JPC 20,,26.03816667,-110.9301667,845,Pacific,,symbiont-facultative,non-spinose,337
AII 125-8 JPC 20,,26.03816667,-110.9301667,845,Pacific,,symbiont-facultative,spinose,0
AII 125-8 JPC 20,,26.03816667,-110.9301667,845,Pacific,,symbiont-obligate,spinose,212
AII 125-8 JPC 20,,26.03816667,-110.9301667,845,Pacific,,undetermined,non-spinose,0
BC15,Piston,41.95,5.93,2500,Mediterranean,,symbiont-barren,non-spinose,102
BC15,Piston,41.95,5.93,2500,Mediterranean,,symbiont-barren,spinose,461
BC15,Piston,41.95,5.93,2500,Mediterranean,,symbiont-bearing,non-spinose,0
BC15,Piston,41.95,5.93,2500,Mediterranean,,symbiont-bearing,spinose,0
BC15,Piston,41.95,5.93,2500,Mediterranean,,symbiont-facultative,non-spinose,74
BC15,Piston,41.95,5.93,2500,Mediterranean,,symbiont-facultative,spinose,0
BC15,Piston,41.95,5.93,2500,Mediterranean,,symbiont-obligate,spinose,4
BC15,Piston,41.95,5.93,2500,Mediterranean,,undetermined,non-spinose,0
BS79-22,Gravity,38.231,14.23,1449,Mediterranean,,symbiont-barren,non-spinose,2144
BS79-22,Gravity,38.231,14.23,1449,Mediterranean,,symbiont-barren,spinose,1517
BS79-22,Gravity,38.231,14.23,1449,Mediterranean,,symbiont-bearing,non-spinose,0
BS79-22,Gravity,38.231,14.23,1449,Mediterranean,,symbiont-bearing,spinose,13
BS79-22,Gravity,38.231,14.23,1449,Mediterranean,,symbiont-facultative,non-spinose,1548
BS79-22,Gravity,38.231,14.23,1449,Mediterranean,,symbiont-facultative,spinose,0
BS79-22,Gravity,38.231,14.23,1449,Mediterranean,,symbiont-obligate,spinose,1146
BS79-22,Gravity,38.231,14.23,1449,Mediterranean,,undetermined,non-spinose,0
BS79-33,Gravity,38.157,14.018,1282,Mediterranean,,symbiont-barren,non-spinose,1461
BS79-33,Gravity,38.157,14.018,1282,Mediterranean,,symbiont-barren,spinose,1296
BS79-33,Gravity,38.157,14.018,1282,Mediterranean,,symbiont-bearing,non-spinose,0
BS79-33,Gravity,38.157,14.018,1282,Mediterranean,,symbiont-bearing,spinose,0
BS79-33,Gravity,38.157,14.018,1282,Mediterranean,,symbiont-facultative,non-spinose,834
BS79-33,Gravity,38.157,14.018,1282,Mediterranean,,symbiont-facultative,spinose,0
BS79-33,Gravity,38.157,14.018,1282,Mediterranean,,symbiont-obligate,spinose,785
BS79-33,Gravity,38.157,14.018,1282,Mediterranean,,undetermined,non-spinose,0
BS79-37,Gravity,38.215,13.269,1458,Mediterranean,,symbiont-barren,non-spinose,427
BS79-37,Gravity,38.215,13.269,1458,Mediterranean,,symbiont-barren,spinose,408
BS79-37,Gravity,38.215,13.269,1458,Mediterranean,,symbiont-bearing,non-spinose,0
BS79-37,Gravity,38.215,13.269,1458,Mediterranean,,symbiont-bearing,spinose,2
BS79-37,Gravity,38.215,13.269,1458,Mediterranean,,symbiont-facultative,non-spinose,332
BS79-37,Gravity,38.215,13.269,1458,Mediterranean,,symbiont-facultative,spinose,0
BS79-37,Gravity,38.215,13.269,1458,Mediterranean,,symbiont-obligate,spinose,113
BS79-37,Gravity,38.215,13.269,1458,Mediterranean,,undetermined,non-spinose,0
BS79-38,Gravity,38.247,13.346,1489,Mediterranean,,symbiont-barren,non-spinose,1495
BS79-38,Gravity,38.247,13.346,1489,Mediterranean,,symbiont-barren,spinose,2509
BS79-38,Gravity,38.247,13.346,1489,Mediterranean,,symbiont-bearing,non-spinose,0
BS79-38,Gravity,38.247,13.346,1489,Mediterranean,,symbiont-bearing,spinose,8
BS79-38,Gravity,38.247,13.346,1489,Mediterranean,,symbiont-facultative,non-spinose,1770
BS79-38,Gravity,38.247,13.346,1489,Mediterranean,,symbiont-facultative,spinose,0
BS79-38,Gravity,38.247,13.346,1489,Mediterranean,,symbiont-obligate,spinose,793
BS79-38,Gravity,38.247,13.346,1489,Mediterranean,,undetermined,non-spinose,0
DED8707,Piston,39.41,13.34,2970,Mediterranean,,symbiont-barren,non-spinose,147
DED8707,Piston,39.41,13.34,2970,Mediterranean,,symbiont-barren,spinose,216
DED8707,Piston,39.41,13.34,2970,Mediterranean,,symbiont-bearing,non-spinose,0
DED8707,Piston,39.41,13.34,2970,Mediterranean,,symbiont-bearing,spinose,0
DED8707,Piston,39.41,13.34,2970,Mediterranean,,symbiont-facultative,non-spinose,81
DED8707,Piston,39.41,13.34,2970,Mediterranean,,symbiont-facultative,spinose,0
DED8707,Piston,39.41,13.34,2970,Mediterranean,,symbiont-obligate,spinose,52
DED8707,Piston,39.41,13.34,2970,Mediterranean,,undetermined,non-spinose,0
DSDP site 594,,-45.5235,174.948,1204,Pacific,2.52,symbiont-barren,non-spinose,510
DSDP site 594,,-45.5235,174.948,1204,Pacific,2.52,symbiont-barren,spinose,7
DSDP site 594,,-45.5235,174.948,1204,Pacific,2.52,symbiont-bearing,non-spinose,0
DSDP site 594,,-45.5235,174.948,1204,Pacific,2.52,symbiont-bearing,spinose,0
DSDP site 594,,-45.5235,174.948,1204,Pacific,2.52,symbiont-facultative,non-spinose,17
DSDP site 594,,-45.5235,174.948,1204,Pacific,2.52,symbiont-facultative,spinose,0
DSDP site 594,,-45.5235,174.948,1204,Pacific,2.52,symbiont-obligate,spinose,0
DSDP site 594,,-45.5235,174.948,1204,Pacific,2.52,undetermined,non-spinose,0
E-34,,19.26883333,-94.5115,1280,North Atlantic,,symbiont-barren,non-spinose,299
E-34,,19.26883333,-94.5115,1280,North Atlantic,,symbiont-barren,spinose,200
E-34,,19.26883333,-94.5115,1280,North Atlantic,,symbiont-bearing,non-spinose,2
E-34,,19.26883333,-94.5115,1280,North Atlantic,,symbiont-bearing,spinose,0
E-34,,19.26883333,-94.5115,1280,North Atlantic,,symbiont-facultative,non-spinose,439
E-34,,19.26883333,-94.5115,1280,North Atlantic,,symbiont-facultative,spinose,0
E-34,,19.26883333,-94.5115,1280,North Atlantic,,symbiont-obligate,spinose,1603
E-34,,19.26883333,-94.5115,1280,North Atlantic,,undetermined,non-spinose,0
E-35,,19.16266667,-94.535,1182,North Atlantic,,symbiont-barren,non-spinose,177
E-35,,19.16266667,-94.535,1182,North Atlantic,,symbiont-barren,spinose,72
E-35,,19.16266667,-94.535,1182,North Atlantic,,symbiont-bearing,non-spinose,5
E-35,,19.16266667,-94.535,1182,North Atlantic,,symbiont-bearing,spinose,4
E-35,,19.16266667,-94.535,1182,North Atlantic,,symbiont-facultative,non-spinose,318
E-35,,19.16266667,-94.535,1182,North Atlantic,,symbiont-facultative,spinose,0
E-35,,19.16266667,-94.535,1182,North Atlantic,,symbiont-obligate,spinose,1296
E-35,,19.16266667,-94.535,1182,North Atlantic,,undetermined,non-spinose,5
E-37,,18.961,-94.50916667,786,North Atlantic,,symbiont-barren,non-spinose,195
E-37,,18.961,-94.50916667,786,North Atlantic,,symbiont-barren,spinose,56
E-37,,18.961,-94.50916667,786,North Atlantic,,symbiont-bearing,non-spinose,1
E-37,,18.961,-94.50916667,786,North Atlantic,,symbiont-bearing,spinose,1
E-37,,18.961,-94.50916667,786,North Atlantic,,symbiont-facultative,non-spinose,26
E-37,,18.961,-94.50916667,786,North Atlantic,,symbiont-facultative,spinose,0
E-37,,18.961,-94.50916667,786,North Atlantic,,symbiont-obligate,spinose,536
E-37,,18.961,-94.50916667,786,North Atlantic,,undetermined,non-spinose,1
E26-001,,-40.28333333,168.34,914,Pacific,0.61,symbiont-barren,non-spinose,104
E26-001,,-40.28333333,168.34,914,Pacific,0.61,symbiont-barren,spinose,142
E26-001,,-40.28333333,168.34,914,Pacific,0.61,symbiont-bearing,non-spinose,0
E26-001,,-40.28333333,168.34,914,Pacific,0.61,symbiont-bearing,spinose,0
E26-001,,-40.28333333,168.34,914,Pacific,0.61,symbiont-facultative,non-spinose,69
E26-001,,-40.28333333,168.34,914,Pacific,0.61,symbiont-facultative,spinose,0
E26-001,,-40.28333333,168.34,914,Pacific,0.61,symbiont-obligate,spinose,3
E26-001,,-40.28333333,168.34,914,Pacific,0.61,undetermined,non-spinose,0
E27-030,,-45.0667,147.2283,3552,Pacific,0.6,symbiont-barren,non-spinose,103
E27-030,,-45.0667,147.2283,3552,Pacific,0.6,symbiont-barren,spinose,137
E27-030,,-45.0667,147.2283,3552,Pacific,0.6,symbiont-bearing,non-spinose,0
E27-030,,-45.0667,147.2283,3552,Pacific,0.6,symbiont-bearing,spinose,0
E27-030,,-45.0667,147.2283,3552,Pacific,0.6,symbiont-facultative,non-spinose,71
E27-030,,-45.0667,147.2283,3552,Pacific,0.6,symbiont-facultative,spinose,0
E27-030,,-45.0667,147.2283,3552,Pacific,0.6,symbiont-obligate,spinose,5
E27-030,,-45.0667,147.2283,3552,Pacific,0.6,undetermined,non-spinose,0
E45-027,,-43.23333333,105.5833333,3779,Indian,0.3,symbiont-barren,non-spinose,81
E45-027,,-43.23333333,105.5833333,3779,Indian,0.3,symbiont-barren,spinose,170
E45-027,,-43.23333333,105.5833333,3779,Indian,0.3,symbiont-bearing,non-spinose,0
E45-027,,-43.23333333,105.5833333,3779,Indian,0.3,symbiont-bearing,spinose,0
E45-027,,-43.23333333,105.5833333,3779,Indian,0.3,symbiont-facultative,non-spinose,49
E45-027,,-43.23333333,105.5833333,3779,Indian,0.3,symbiont-facultative,spinose,0
E45-027,,-43.23333333,105.5833333,3779,Indian,0.3,symbiont-obligate,spinose,0
E45-027,,-43.23333333,105.5833333,3779,Indian,0.3,undetermined,non-spinose,0
E45-078,,-45.037,114.348,4031,Indian,0.31,symbiont-barren,non-spinose,63
E45-078,,-45.037,114.348,4031,Indian,0.31,symbiont-barren,spinose,172
E45-078,,-45.037,114.348,4031,Indian,0.31,symbiont-bearing,non-spinose,0
E45-078,,-45.037,114.348,4031,Indian,0.31,symbiont-bearing,spinose,0
E45-078,,-45.037,114.348,4031,Indian,0.31,symbiont-facultative,non-spinose,63
E45-078,,-45.037,114.348,4031,Indian,0.31,symbiont-facultative,spinose,1
E45-078,,-45.037,114.348,4031,Indian,0.31,symbiont-obligate,spinose,1
E45-078,,-45.037,114.348,4031,Indian,0.31,undetermined,non-spinose,0
E45-102,,-33.61666667,113.5833333,1980,Indian,0.24,symbiont-barren,non-spinose,37
E45-102,,-33.61666667,113.5833333,1980,Indian,0.24,symbiont-barren,spinose,37
E45-102,,-33.61666667,113.5833333,1980,Indian,0.24,symbiont-bearing,non-spinose,0
E45-102,,-33.61666667,113.5833333,1980,Indian,0.24,symbiont-bearing,spinose,4
E45-102,,-33.61666667,113.5833333,1980,Indian,0.24,symbiont-facultative,non-spinose,198
E45-102,,-33.61666667,113.5833333,1980,Indian,0.24,symbiont-facultative,spinose,0
E45-102,,-33.61666667,113.5833333,1980,Indian,0.24,symbiont-obligate,spinose,38
E45-102,,-33.61666667,113.5833333,1980,Indian,0.24,undetermined,non-spinose,0
E48-011,,-29.7,97.58333333,3462,Indian,0.22,symbiont-barren,non-spinose,64
E48-011,,-29.7,97.58333333,3462,Indian,0.22,symbiont-barren,spinose,27
E48-011,,-29.7,97.58333333,3462,Indian,0.22,symbiont-bearing,non-spinose,0
E48-011,,-29.7,97.58333333,3462,Indian,0.22,symbiont-bearing,spinose,0
E48-011,,-29.7,97.58333333,3462,Indian,0.22,symbiont-facultative,non-spinose,144
E48-011,,-29.7,97.58333333,3462,Indian,0.22,symbiont-facultative,spinose,1
E48-011,,-29.7,97.58333333,3462,Indian,0.22,symbiont-obligate,spinose,65
E48-011,,-29.7,97.58333333,3462,Indian,0.22,undetermined,non-spinose,0
E48-035,,-30.35333333,86.485,1800,Indian,0.355,symbiont-barren,non-spinose,74
E48-035,,-30.35333333,86.485,1800,Indian,0.355,symbiont-barren,spinose,50
E48-035,,-30.35333333,86.485,1800,Indian,0.355,symbiont-bearing,non-spinose,0
E48-035,,-30.35333333,86.485,1800,Indian,0.355,symbiont-bearing,spinose,0
E48-035,,-30.35333333,86.485,1800,Indian,0.355,symbiont-facultative,non-spinose,96
E48-035,,-30.35333333,86.485,1800,Indian,0.355,symbiont-facultative,spinose,0
E48-035,,-30.35333333,86.485,1800,Indian,0.355,symbiont-obligate,spinose,90
E48-035,,-30.35333333,86.485,1800,Indian,0.355,undetermined,non-spinose,0
E55-006,,-38.8533,141.0633,2346,Indian,0.4,symbiont-barren,non-spinose,69
E55-006,,-38.8533,141.0633,2346,Indian,0.4,symbiont-barren,spinose,133
E55-006,,-38.8533,141.0633,2346,Indian,0.4,symbiont-bearing,non-spinose,0
E55-006,,-38.8533,141.0633,2346,Indian,0.4,symbiont-bearing,spinose,18
E55-006,,-38.8533,141.0633,2346,Indian,0.4,symbiont-facultative,non-spinose,97
E55-006,,-38.8533,141.0633,2346,Indian,0.4,symbiont-facultative,spinose,0
E55-006,,-38.8533,141.0633,2346,Indian,0.4,symbiont-obligate,spinose,2
E55-006,,-38.8533,141.0633,2346,Indian,0.4,undetermined,non-spinose,0
EN6601-10,,6.65,-21.9,3527,North Atlantic,30.5,symbiont-barren,non-spinose,54
EN6601-10,,6.65,-21.9,3527,North Atlantic,30.5,symbiont-barren,spinose,17
EN6601-10,,6.65,-21.9,3527,North Atlantic,30.5,symbiont-bearing,non-spinose,0
EN6601-10,,6.65,-21.9,3527,North Atlantic,30.5,symbiont-bearing,spinose,8
EN6601-10,,6.65,-21.9,3527,North Atlantic,30.5,symbiont-facultative,non-spinose,73
EN6601-10,,6.65,-21.9,3527,North Atlantic,30.5,symbiont-facultative,spinose,0
EN6601-10,,6.65,-21.9,3527,North Atlantic,30.5,symbiont-obligate,spinose,214
EN6601-10,,6.65,-21.9,3527,North Atlantic,30.5,undetermined,non-spinose,0
FR1/94-GC03,,-44.2606,149.9963889,2667,Pacific,0.3,symbiont-barren,non-spinose,135
FR1/94-GC03,,-44.2606,149.9963889,2667,Pacific,0.3,symbiont-barren,spinose,201
FR1/94-GC03,,-44.2606,149.9963889,2667,Pacific,0.3,symbiont-bearing,non-spinose,0
FR1/94-GC03,,-44.2606,149.9963889,2667,Pacific,0.3,symbiont-bearing,spinose,0
FR1/94-GC03,,-44.2606,149.9963889,2667,Pacific,0.3,symbiont-facultative,non-spinose,53
FR1/94-GC03,,-44.2606,149.9963889,2667,Pacific,0.3,symbiont-facultative,spinose,0
FR1/94-GC03,,-44.2606,149.9963889,2667,Pacific,0.3,symbiont-obligate,spinose,4
FR1/94-GC03,,-44.2606,149.9963889,2667,Pacific,0.3,undetermined,non-spinose,0
GIK23354-6,,70.3315,-10.6288,1747,North Atlantic,0.8,symbiont-barren,non-spinose,100
GIK23354-6,,70.3315,-10.6288,1747,North Atlantic,0.8,symbiont-barren,spinose,0
GIK23354-6,,70.3315,-10.6288,1747,North Atlantic,0.8,symbiont-bearing,non-spinose,0
GIK23354-6,,70.3315,-10.6288,1747,North Atlantic,0.8,symbiont-bearing,spinose,0
GIK23354-6,,70.3315,-10.6288,1747,North Atlantic,0.8,symbiont-facultative,non-spinose,0
GIK23354-6,,70.3315,-10.6288,1747,North Atlantic,0.8,symbiont-facultative,spinose,0
GIK23354-6,,70.3315,-10.6288,1747,North Atlantic,0.8,symbiont-obligate,spinose,0
GIK23354-6,,70.3315,-10.6288,1747,North Atlantic,0.8,undetermined,non-spinose,0
GL-77,gravity corer,-21.20611,-40.04722,1287,South Atlantic,,symbiont-barren,non-spinose,31
GL-77,gravity corer,-21.20611,-40.04722,1287,South Atlantic,,symbiont-barren,spinose,20
GL-77,gravity corer,-21.20611,-40.04722,1287,South Atlantic,,symbiont-bearing,non-spinose,0
GL-77,gravity corer,-21.20611,-40.04722,1287,South Atlantic,,symbiont-bearing,spinose,25
GL-77,gravity corer,-21.20611,-40.04722,1287,South Atlantic,,symbiont-facultative,non-spinose,202
GL-77,gravity corer,-21.20611,-40.04722,1287,South Atlantic,,symbiont-facultative,spinose,0
GL-77,gravity corer,-21.20611,-40.04722,1287,South Atlantic,,symbiont-obligate,spinose,359
GL-77,gravity corer,-21.20611,-40.04722,1287,South Atlantic,,undetermined,non-spinose,0
GeoB 3302-1,,-33.218333,-72.09,1498,Pacific,,symbiont-barren,non-spinose,99408
GeoB 3302-1,,-33.218333,-72.09,1498,Pacific,,symbiont-barren,spinose,33080
GeoB 3302-1,,-33.218333,-72.09,1498,Pacific,,symbiont-bearing,non-spinose,0
GeoB 3302-1,,-33.218333,-72.09,1498,Pacific,,symbiont-bearing,spinose,0
GeoB 3302-1,,-33.218333,-72.09,1498,Pacific,,symbiont-facultative,non-spinose,30656
GeoB 3302-1,,-33.218333,-72.09,1498,Pacific,,symbiont-facultative,spinose,0
GeoB 3302-1,,-33.218333,-72.09,1498,Pacific,,symbiont-obligate,spinose,688
GeoB 3302-1,,-33.218333,-72.09,1498,Pacific,,undetermined,non-spinose,0
GeoB10029-4,,-1.4945,100.128,964,Indian,,symbiont-barren,non-spinose,80
GeoB10029-4,,-1.4945,100.128,964,Indian,,symbiont-barren,spinose,24
GeoB10029-4,,-1.4945,100.128,964,Indian,,symbiont-bearing,non-spinose,0
GeoB10029-4,,-1.4945,100.128,964,Indian,,symbiont-bearing,spinose,39
GeoB10029-4,,-1.4945,100.128,964,Indian,,symbiont-facultative,non-spinose,268
GeoB10029-4,,-1.4945,100.128,964,Indian,,symbiont-facultative,spinose,0
GeoB10029-4,,-1.4945,100.128,964,Indian,,symbiont-obligate,spinose,253
GeoB10029-4,,-1.4945,100.128,964,Indian,,undetermined,non-spinose,7
GeoB10038-4,,-5.9375,103.246,1891,Indian,,symbiont-barren,non-spinose,87
GeoB10038-4,,-5.9375,103.246,1891,Indian,,symbiont-barren,spinose,82
GeoB10038-4,,-5.9375,103.246,1891,Indian,,symbiont-bearing,non-spinose,1
GeoB10038-4,,-5.9375,103.246,1891,Indian,,symbiont-bearing,spinose,31
GeoB10038-4,,-5.9375,103.246,1891,Indian,,symbiont-facultative,non-spinose,256
GeoB10038-4,,-5.9375,103.246,1891,Indian,,symbiont-facultative,spinose,1
GeoB10038-4,,-5.9375,103.246,1891,Indian,,symbiont-obligate,spinose,193
GeoB10038-4,,-5.9375,103.246,1891,Indian,,undetermined,non-spinose,22
GeoB10042-1,,-7.1135,104.6425,2460,Indian,,symbiont-barren,non-spinose,107
GeoB10042-1,,-7.1135,104.6425,2460,Indian,,symbiont-barren,spinose,60
GeoB10042-1,,-7.1135,104.6425,2460,Indian,,symbiont-bearing,non-spinose,0
GeoB10042-1,,-7.1135,104.6425,2460,Indian,,symbiont-bearing,spinose,14
GeoB10042-1,,-7.1135,104.6425,2460,Indian,,symbiont-facultative,non-spinose,323
GeoB10042-1,,-7.1135,104.6425,2460,Indian,,symbiont-facultative,spinose,0
GeoB10042-1,,-7.1135,104.6425,2460,Indian,,symbiont-obligate,spinose,100
GeoB10042-1,,-7.1135,104.6425,2460,Indian,,undetermined,non-spinose,10
GeoB10043-3,,-7.30917,105.05867,2172,Indian,,symbiont-barren,non-spinose,134
GeoB10043-3,,-7.30917,105.05867,2172,Indian,,symbiont-barren,spinose,144
GeoB10043-3,,-7.30917,105.05867,2172,Indian,,symbiont-bearing,non-spinose,0
GeoB10043-3,,-7.30917,105.05867,2172,Indian,,symbiont-bearing,spinose,23
GeoB10043-3,,-7.30917,105.05867,2172,Indian,,symbiont-facultative,non-spinose,439
GeoB10043-3,,-7.30917,105.05867,2172,Indian,,symbiont-facultative,spinose,0
GeoB10043-3,,-7.30917,105.05867,2172,Indian,,symbiont-obligate,spinose,169
GeoB10043-3,,-7.30917,105.05867,2172,Indian,,undetermined,non-spinose,24
GeoB10053-7,,-8.6765,112.8725,1372,Indian,,symbiont-barren,non-spinose,162
GeoB10053-7,,-8.6765,112.8725,1372,Indian,,symbiont-barren,spinose,178
GeoB10053-7,,-8.6765,112.8725,1372,Indian,,symbiont-bearing,non-spinose,1
GeoB10053-7,,-8.6765,112.8725,1372,Indian,,symbiont-bearing,spinose,41
GeoB10053-7,,-8.6765,112.8725,1372,Indian,,symbiont-facultative,non-spinose,191
GeoB10053-7,,-8.6765,112.8725,1372,Indian,,symbiont-facultative,spinose,0
GeoB10053-7,,-8.6765,112.8725,1372,Indian,,symbiont-obligate,spinose,143
GeoB10053-7,,-8.6765,112.8725,1372,Indian,,undetermined,non-spinose,15
GeoB10069-3,,-9.59483,120.917,1250,Indian,,symbiont-barren,non-spinose,318
GeoB10069-3,,-9.59483,120.917,1250,Indian,,symbiont-barren,spinose,473
GeoB10069-3,,-9.59483,120.917,1250,Indian,,symbiont-bearing,non-spinose,3
GeoB10069-3,,-9.59483,120.917,1250,Indian,,symbiont-bearing,spinose,248
GeoB10069-3,,-9.59483,120.917,1250,Indian,,symbiont-facultative,non-spinose,695
GeoB10069-3,,-9.59483,120.917,1250,Indian,,symbiont-facultative,spinose,0
GeoB10069-3,,-9.59483,120.917,1250,Indian,,symbiont-obligate,spinose,509
GeoB10069-3,,-9.59483,120.917,1250,Indian,,undetermined,non-spinose,76
GeoB12615-4,,-7.138333,39.840833,446,Indian,,symbiont-barren,non-spinose,64
GeoB12615-4,,-7.138333,39.840833,446,Indian,,symbiont-barren,spinose,51
GeoB12615-4,,-7.138333,39.840833,446,Indian,,symbiont-bearing,non-spinose,2
GeoB12615-4,,-7.138333,39.840833,446,Indian,,symbiont-bearing,spinose,38
GeoB12615-4,,-7.138333,39.840833,446,Indian,,symbiont-facultative,non-spinose,168
GeoB12615-4,,-7.138333,39.840833,446,Indian,,symbiont-facultative,spinose,1
GeoB12615-4,,-7.138333,39.840833,446,Indian,,symbiont-obligate,spinose,317
GeoB12615-4,,-7.138333,39.840833,446,Indian,,undetermined,non-spinose,26
GeoB16224-1,,6.656333,-52.083167,2510,North Atlantic,,symbiont-barren,non-spinose,112
GeoB16224-1,,6.656333,-52.083167,2510,North Atlantic,,symbiont-barren,spinose,64
GeoB16224-1,,6.656333,-52.083167,2510,North Atlantic,,symbiont-bearing,non-spinose,0
GeoB16224-1,,6.656333,-52.083167,2510,North Atlantic,,symbiont-bearing,spinose,16
GeoB16224-1,,6.656333,-52.083167,2510,North Atlantic,,symbiont-facultative,non-spinose,148
GeoB16224-1,,6.656333,-52.083167,2510,North Atlantic,,symbiont-facultative,spinose,0
GeoB16224-1,,6.656333,-52.083167,2510,North Atlantic,,symbiont-obligate,spinose,342
GeoB16224-1,,6.656333,-52.083167,2510,North Atlantic,,undetermined,non-spinose,3
GeoB18530-1,,42.8395,-49.23483333,1888,North Atlantic,,symbiont-barren,non-spinose,530
GeoB18530-1,,42.8395,-49.23483333,1888,North Atlantic,,symbiont-barren,spinose,174
GeoB18530-1,,42.8395,-49.23483333,1888,North Atlantic,,symbiont-bearing,non-spinose,0
GeoB18530-1,,42.8395,-49.23483333,1888,North Atlantic,,symbiont-bearing,spinose,0
GeoB18530-1,,42.8395,-49.23483333,1888,North Atlantic,,symbiont-facultative,non-spinose,44
GeoB18530-1,,42.8395,-49.23483333,1888,North Atlantic,,symbiont-facultative,spinose,0
GeoB18530-1,,42.8395,-49.23483333,1888,North Atlantic,,symbiont-obligate,spinose,0
GeoB18530-1,,42.8395,-49.23483333,1888,North Atlantic,,undetermined,non-spinose,0
GeoB20616-1,,-25.589,33.334,460,Indian,,symbiont-barren,non-spinose,73
GeoB20616-1,,-25.589,33.334,460,Indian,,symbiont-barren,spinose,40
GeoB20616-1,,-25.589,33.334,460,Indian,,symbiont-bearing,non-spinose,0
GeoB20616-1,,-25.589,33.334,460,Indian,,symbiont-bearing,spinose,20
GeoB20616-1,,-25.589,33.334,460,Indian,,symbiont-facultative,non-spinose,240
GeoB20616-1,,-25.589,33.334,460,Indian,,symbiont-facultative,spinose,0
GeoB20616-1,,-25.589,33.334,460,Indian,,symbiont-obligate,spinose,206
GeoB20616-1,,-25.589,33.334,460,Indian,,undetermined,non-spinose,8
GeoB2104-3,,-27.285,-46.373333,1503,South Atlantic,,symbiont-barren,non-spinose,111
GeoB2104-3,,-27.285,-46.373333,1503,South Atlantic,,symbiont-barren,spinose,57
GeoB2104-3,,-27.285,-46.373333,1503,South Atlantic,,symbiont-bearing,non-spinose,1
GeoB2104-3,,-27.285,-46.373333,1503,South Atlantic,,symbiont-bearing,spinose,54
GeoB2104-3,,-27.285,-46.373333,1503,South Atlantic,,symbiont-facultative,non-spinose,245
GeoB2104-3,,-27.285,-46.373333,1503,South Atlantic,,symbiont-facultative,spinose,0
GeoB2104-3,,-27.285,-46.373333,1503,South Atlantic,,symbiont-obligate,spinose,468
GeoB2104-3,,-27.285,-46.373333,1503,South Atlantic,,undetermined,non-spinose,0
GeoB7010-2,,8.57,-53.205,2549,North Atlantic,,symbiont-barren,non-spinose,55
GeoB7010-2,,8.57,-53.205,2549,North Atlantic,,symbiont-barren,spinose,94
GeoB7010-2,,8.57,-53.205,2549,North Atlantic,,symbiont-bearing,non-spinose,0
GeoB7010-2,,8.57,-53.205,2549,North Atlantic,,symbiont-bearing,spinose,21
GeoB7010-2,,8.57,-53.205,2549,North Atlantic,,symbiont-facultative,non-spinose,139
GeoB7010-2,,8.57,-53.205,2549,North Atlantic,,symbiont-facultative,spinose,2
GeoB7010-2,,8.57,-53.205,2549,North Atlantic,,symbiont-obligate,spinose,348
GeoB7010-2,,8.57,-53.205,2549,North Atlantic,,undetermined,non-spinose,1
K708-4,,49.984,-25.018,3346,North Atlantic,58,symbiont-barren,non-spinose,415
K708-4,,49.984,-25.018,3346,North Atlantic,58,symbiont-barren,spinose,8
K708-4,,49.984,-25.018,3346,North Atlantic,58,symbiont-bearing,non-spinose,0
K708-4,,49.984,-25.018,3346,North Atlantic,58,symbiont-bearing,spinose,0
K708-4,,49.984,-25.018,3346,North Atlantic,58,symbiont-facultative,non-spinose,2
K708-4,,49.984,-25.018,3346,North Atlantic,58,symbiont-facultative,spinose,0
K708-4,,49.984,-25.018,3346,North Atlantic,58,symbiont-obligate,spinose,0
K708-4,,49.984,-25.018,3346,North Atlantic,58,undetermined,non-spinose,0
K708-6,,51.552,-29.567,2469,North Atlantic,60,symbiont-barren,non-spinose,935
K708-6,,51.552,-29.567,2469,North Atlantic,60,symbiont-barren,spinose,65
K708-6,,51.552,-29.567,2469,North Atlantic,60,symbiont-bearing,non-spinose,0
K708-6,,51.552,-29.567,2469,North Atlantic,60,symbiont-bearing,spinose,0
K708-6,,51.552,-29.567,2469,North Atlantic,60,symbiont-facultative,non-spinose,0
K708-6,,51.552,-29.567,2469,North Atlantic,60,symbiont-facultative,spinose,0
K708-6,,51.552,-29.567,2469,North Atlantic,60,symbiont-obligate,spinose,0
K708-6,,51.552,-29.567,2469,North Atlantic,60,undetermined,non-spinose,0
K708-7,,53.933,-24.083,3502,North Atlantic,53,symbiont-barren,non-spinose,244
K708-7,,53.933,-24.083,3502,North Atlantic,53,symbiont-barren,spinose,9
K708-7,,53.933,-24.083,3502,North Atlantic,53,symbiont-bearing,non-spinose,0
K708-7,,53.933,-24.083,3502,North Atlantic,53,symbiont-bearing,spinose,0
K708-7,,53.933,-24.083,3502,North Atlantic,53,symbiont-facultative,non-spinose,6
K708-7,,53.933,-24.083,3502,North Atlantic,53,symbiont-facultative,spinose,0
K708-7,,53.933,-24.083,3502,North Atlantic,53,symbiont-obligate,spinose,0
K708-7,,53.933,-24.083,3502,North Atlantic,53,undetermined,non-spinose,0
K708-8,,52.736,-22.55,4009,North Atlantic,83,symbiont-barren,non-spinose,588
K708-8,,52.736,-22.55,4009,North Atlantic,83,symbiont-barren,spinose,25
K708-8,,52.736,-22.55,4009,North Atlantic,83,symbiont-bearing,non-spinose,0
K708-8,,52.736,-22.55,4009,North Atlantic,83,symbiont-bearing,spinose,0
K708-8,,52.736,-22.55,4009,North Atlantic,83,symbiont-facultative,non-spinose,19
K708-8,,52.736,-22.55,4009,North Atlantic,83,symbiont-facultative,spinose,0
K708-8,,52.736,-22.55,4009,North Atlantic,83,symbiont-obligate,spinose,0
K708-8,,52.736,-22.55,4009,North Atlantic,83,undetermined,non-spinose,0
K714-3,,57.486,-27.519,1978,North Atlantic,82,symbiont-barren,non-spinose,457
K714-3,,57.486,-27.519,1978,North Atlantic,82,symbiont-barren,spinose,35
K714-3,,57.486,-27.519,1978,North Atlantic,82,symbiont-bearing,non-spinose,0
K714-3,,57.486,-27.519,1978,North Atlantic,82,symbiont-bearing,spinose,0
K714-3,,57.486,-27.519,1978,North Atlantic,82,symbiont-facultative,non-spinose,5
K714-3,,57.486,-27.519,1978,North Atlantic,82,symbiont-facultative,spinose,0
K714-3,,57.486,-27.519,1978,North Atlantic,82,symbiont-obligate,spinose,0
K714-3,,57.486,-27.519,1978,North Atlantic,82,undetermined,non-spinose,0
KC24-19,,42.14966667,-10.48766667,2765,North Atlantic,,symbiont-barren,non-spinose,1829
KC24-19,,42.14966667,-10.48766667,2765,North Atlantic,,symbiont-barren,spinose,925
KC24-19,,42.14966667,-10.48766667,2765,North Atlantic,,symbiont-bearing,non-spinose,0
KC24-19,,42.14966667,-10.48766667,2765,North Atlantic,,symbiont-bearing,spinose,3
KC24-19,,42.14966667,-10.48766667,2765,North Atlantic,,symbiont-facultative,non-spinose,907
KC24-19,,42.14966667,-10.48766667,2765,North Atlantic,,symbiont-facultative,spinose,0
KC24-19,,42.14966667,-10.48766667,2765,North Atlantic,,symbiont-obligate,spinose,167
KC24-19,,42.14966667,-10.48766667,2765,North Atlantic,,undetermined,non-spinose,2
KET8003,Piston,38.49,14.3,1900,Mediterranean,,symbiont-barren,non-spinose,1474
KET8003,Piston,38.49,14.3,1900,Mediterranean,,symbiont-barren,spinose,1396
KET8003,Piston,38.49,14.3,1900,Mediterranean,,symbiont-bearing,non-spinose,0
KET8003,Piston,38.49,14.3,1900,Mediterranean,,symbiont-bearing,spinose,9
KET8003,Piston,38.49,14.3,1900,Mediterranean,,symbiont-facultative,non-spinose,768
KET8003,Piston,38.49,14.3,1900,Mediterranean,,symbiont-facultative,spinose,0
KET8003,Piston,38.49,14.3,1900,Mediterranean,,symbiont-obligate,spinose,33
KET8003,Piston,38.49,14.3,1900,Mediterranean,,undetermined,non-spinose,0
KET8019,Piston,40.33,13.21,1920,Mediterranean,,symbiont-barren,non-spinose,991
KET8019,Piston,40.33,13.21,1920,Mediterranean,,symbiont-barren,spinose,617
KET8019,Piston,40.33,13.21,1920,Mediterranean,,symbiont-bearing,non-spinose,0
KET8019,Piston,40.33,13.21,1920,Mediterranean,,symbiont-bearing,spinose,4
KET8019,Piston,40.33,13.21,1920,Mediterranean,,symbiont-facultative,non-spinose,376
KET8019,Piston,40.33,13.21,1920,Mediterranean,,symbiont-facultative,spinose,0
KET8019,Piston,40.33,13.21,1920,Mediterranean,,symbiont-obligate,spinose,290
KET8019,Piston,40.33,13.21,1920,Mediterranean,,undetermined,non-spinose,0
KET8022,Piston,40.35,11.43,2430,Mediterranean,,symbiont-barren,non-spinose,86
KET8022,Piston,40.35,11.43,2430,Mediterranean,,symbiont-barren,spinose,110
KET8022,Piston,40.35,11.43,2430,Mediterranean,,symbiont-bearing,non-spinose,0
KET8022,Piston,40.35,11.43,2430,Mediterranean,,symbiont-bearing,spinose,0
KET8022,Piston,40.35,11.43,2430,Mediterranean,,symbiont-facultative,non-spinose,73
KET8022,Piston,40.35,11.43,2430,Mediterranean,,symbiont-facultative,spinose,0
KET8022,Piston,40.35,11.43,2430,Mediterranean,,symbiont-obligate,spinose,0
KET8022,Piston,40.35,11.43,2430,Mediterranean,,undetermined,non-spinose,0
KET8039,Piston,36.32,11.41,290,Mediterranean,,symbiont-barren,non-spinose,2096
KET8039,Piston,36.32,11.41,290,Mediterranean,,symbiont-barren,spinose,1676
KET8039,Piston,36.32,11.41,290,Mediterranean,,symbiont-bearing,non-spinose,0
KET8039,Piston,36.32,11.41,290,Mediterranean,,symbiont-bearing,spinose,11
KET8039,Piston,36.32,11.41,290,Mediterranean,,symbiont-facultative,non-spinose,764
KET8039,Piston,36.32,11.41,290,Mediterranean,,symbiont-facultative,spinose,0
KET8039,Piston,36.32,11.41,290,Mediterranean,,symbiont-obligate,spinose,1347
KET8039,Piston,36.32,11.41,290,Mediterranean,,undetermined,non-spinose,0
KET8216,Piston,41.31,17.59,1166,Mediterranean,,symbiont-barren,non-spinose,390
KET8216,Piston,41.31,17.59,1166,Mediterranean,,symbiont-barren,spinose,399
KET8216,Piston,41.31,17.59,1166,Mediterranean,,symbiont-bearing,non-spinose,0
KET8216,Piston,41.31,17.59,1166,Mediterranean,,symbiont-bearing,spinose,2
KET8216,Piston,41.31,17.59,1166,Mediterranean,,symbiont-facultative,non-spinose,76
KET8216,Piston,41.31,17.59,1166,Mediterranean,,symbiont-facultative,spinose,0
KET8216,Piston,41.31,17.59,1166,Mediterranean,,symbiont-obligate,spinose,2
KET8216,Piston,41.31,17.59,1166,Mediterranean,,undetermined,non-spinose,0
KL96,Piston,32.77,19.19,1390,Mediterranean,,symbiont-barren,non-spinose,145
KL96,Piston,32.77,19.19,1390,Mediterranean,,symbiont-barren,spinose,36
KL96,Piston,32.77,19.19,1390,Mediterranean,,symbiont-bearing,non-spinose,0
KL96,Piston,32.77,19.19,1390,Mediterranean,,symbiont-bearing,spinose,5
KL96,Piston,32.77,19.19,1390,Mediterranean,,symbiont-facultative,non-spinose,5
KL96,Piston,32.77,19.19,1390,Mediterranean,,symbiont-facultative,spinose,0
KL96,Piston,32.77,19.19,1390,Mediterranean,,symbiont-obligate,spinose,327
KL96,Piston,32.77,19.19,1390,Mediterranean,,undetermined,non-spinose,0
LC01,Piston,40.26,6.887,2845,Mediterranean,,symbiont-barren,non-spinose,415
LC01,Piston,40.26,6.887,2845,Mediterranean,,symbiont-barren,spinose,1022
LC01,Piston,40.26,6.887,2845,Mediterranean,,symbiont-bearing,non-spinose,0
LC01,Piston,40.26,6.887,2845,Mediterranean,,symbiont-bearing,spinose,1
LC01,Piston,40.26,6.887,2845,Mediterranean,,symbiont-facultative,non-spinose,171
LC01,Piston,40.26,6.887,2845,Mediterranean,,symbiont-facultative,spinose,0
LC01,Piston,40.26,6.887,2845,Mediterranean,,symbiont-obligate,spinose,159
LC01,Piston,40.26,6.887,2845,Mediterranean,,undetermined,non-spinose,0
LC04,Piston,38.65,6.11,2855,Mediterranean,,symbiont-barren,non-spinose,336
LC04,Piston,38.65,6.11,2855,Mediterranean,,symbiont-barren,spinose,379
LC04,Piston,38.65,6.11,2855,Mediterranean,,symbiont-bearing,non-spinose,0
LC04,Piston,38.65,6.11,2855,Mediterranean,,symbiont-bearing,spinose,5
LC04,Piston,38.65,6.11,2855,Mediterranean,,symbiont-facultative,non-spinose,166
LC04,Piston,38.65,6.11,2855,Mediterranean,,symbiont-facultative,spinose,0
LC04,Piston,38.65,6.11,2855,Mediterranean,,symbiont-obligate,spinose,137
LC04,Piston,38.65,6.11,2855,Mediterranean,,undetermined,non-spinose,0
LC07,Piston,38.14,10.07,488,Mediterranean,,symbiont-barren,non-spinose,119
LC07,Piston,38.14,10.07,488,Mediterranean,,symbiont-barren,spinose,254
LC07,Piston,38.14,10.07,488,Mediterranean,,symbiont-bearing,non-spinose,0
LC07,Piston,38.14,10.07,488,Mediterranean,,symbiont-bearing,spinose,1
LC07,Piston,38.14,10.07,488,Mediterranean,,symbiont-facultative,non-spinose,88
LC07,Piston,38.14,10.07,488,Mediterranean,,symbiont-facultative,spinose,0
LC07,Piston,38.14,10.07,488,Mediterranean,,symbiont-obligate,spinose,23
LC07,Piston,38.14,10.07,488,Mediterranean,,undetermined,non-spinose,0
LC21,Piston,35.66,26.58,1522,Mediterranean,,symbiont-barren,non-spinose,633
LC21,Piston,35.66,26.58,1522,Mediterranean,,symbiont-barren,spinose,239
LC21,Piston,35.66,26.58,1522,Mediterranean,,symbiont-bearing,non-spinose,0
LC21,Piston,35.66,26.58,1522,Mediterranean,,symbiont-bearing,spinose,22
LC21,Piston,35.66,26.58,1522,Mediterranean,,symbiont-facultative,non-spinose,267
LC21,Piston,35.66,26.58,1522,Mediterranean,,symbiont-facultative,spinose,0
LC21,Piston,35.66,26.58,1522,Mediterranean,,symbiont-obligate,spinose,315
LC21,Piston,35.66,26.58,1522,Mediterranean,,undetermined,non-spinose,0
LV29-114-3,,49.375667,152.877933,1762,Pacific,4.05,symbiont-barren,non-spinose,173
LV29-114-3,,49.375667,152.877933,1762,Pacific,4.05,symbiont-barren,spinose,32
LV29-114-3,,49.375667,152.877933,1762,Pacific,4.05,symbiont-bearing,non-spinose,0
LV29-114-3,,49.375667,152.877933,1762,Pacific,4.05,symbiont-bearing,spinose,0
LV29-114-3,,49.375667,152.877933,1762,Pacific,4.05,symbiont-facultative,non-spinose,1
LV29-114-3,,49.375667,152.877933,1762,Pacific,4.05,symbiont-facultative,spinose,0
LV29-114-3,,49.375667,152.877933,1762,Pacific,4.05,symbiont-obligate,spinose,0
LV29-114-3,,49.375667,152.877933,1762,Pacific,4.05,undetermined,non-spinose,0
M12392,,25.167,-16.85,2575,North Atlantic,172.5,symbiont-barren,non-spinose,417
M12392,,25.167,-16.85,2575,North Atlantic,172.5,symbiont-barren,spinose,365
M12392,,25.167,-16.85,2575,North Atlantic,172.5,symbiont-bearing,non-spinose,0
M12392,,25.167,-16.85,2575,North Atlantic,172.5,symbiont-bearing,spinose,5
M12392,,25.167,-16.85,2575,North Atlantic,172.5,symbiont-facultative,non-spinose,220
M12392,,25.167,-16.85,2575,North Atlantic,172.5,symbiont-facultative,spinose,0
M12392,,25.167,-16.85,2575,North Atlantic,172.5,symbiont-obligate,spinose,29
M12392,,25.167,-16.85,2575,North Atlantic,172.5,undetermined,non-spinose,1
MD 95-2043,Piston,36.143,-2.621,1841,Mediterranean,,symbiont-barren,non-spinose,2127
MD 95-2043,Piston,36.143,-2.621,1841,Mediterranean,,symbiont-barren,spinose,601
MD 95-2043,Piston,36.143,-2.621,1841,Mediterranean,,symbiont-bearing,non-spinose,0
MD 95-2043,Piston,36.143,-2.621,1841,Mediterranean,,symbiont-bearing,spinose,0
MD 95-2043,Piston,36.143,-2.621,1841,Mediterranean,,symbiont-facultative,non-spinose,144
MD 95-2043,Piston,36.143,-2.621,1841,Mediterranean,,symbiont-facultative,spinose,0
MD 95-2043,Piston,36.143,-2.621,1841,Mediterranean,,symbiont-obligate,spinose,52
MD 95-2043,Piston,36.143,-2.621,1841,Mediterranean,,undetermined,non-spinose,0
MD01-2390,Calypso Corer,6.6353,113.409,1545,Pacific,,symbiont-barren,non-spinose,300
MD01-2390,Calypso Corer,6.6353,113.409,1545,Pacific,,symbiont-barren,spinose,86
MD01-2390,Calypso Corer,6.6353,113.409,1545,Pacific,,symbiont-bearing,non-spinose,0
MD01-2390,Calypso Corer,6.6353,113.409,1545,Pacific,,symbiont-bearing,spinose,31
MD01-2390,Calypso Corer,6.6353,113.409,1545,Pacific,,symbiont-facultative,non-spinose,826
MD01-2390,Calypso Corer,6.6353,113.409,1545,Pacific,,symbiont-facultative,spinose,0
MD01-2390,Calypso Corer,6.6353,113.409,1545,Pacific,,symbiont-obligate,spinose,870
MD01-2390,Calypso Corer,6.6353,113.409,1545,Pacific,,undetermined,non-spinose,0
MD01-2398,Calypso Corer,23.9918,124.413,2146.3,Pacific,,symbiont-barren,non-spinose,141
MD01-2398,Calypso Corer,23.9918,124.413,2146.3,Pacific,,symbiont-barren,spinose,247
MD01-2398,Calypso Corer,23.9918,124.413,2146.3,Pacific,,symbiont-bearing,non-spinose,1
MD01-2398,Calypso Corer,23.9918,124.413,2146.3,Pacific,,symbiont-bearing,spinose,85
MD01-2398,Calypso Corer,23.9918,124.413,2146.3,Pacific,,symbiont-facultative,non-spinose,510
MD01-2398,Calypso Corer,23.9918,124.413,2146.3,Pacific,,symbiont-facultative,spinose,0
MD01-2398,Calypso Corer,23.9918,124.413,2146.3,Pacific,,symbiont-obligate,spinose,661
MD01-2398,Calypso Corer,23.9918,124.413,2146.3,Pacific,,undetermined,non-spinose,1
MD01-2409,Calypso Corer,41.5608,141.868,975,Pacific,,symbiont-barren,non-spinose,582590
MD01-2409,Calypso Corer,41.5608,141.868,975,Pacific,,symbiont-barren,spinose,163300
MD01-2409,Calypso Corer,41.5608,141.868,975,Pacific,,symbiont-bearing,non-spinose,450
MD01-2409,Calypso Corer,41.5608,141.868,975,Pacific,,symbiont-bearing,spinose,0
MD01-2409,Calypso Corer,41.5608,141.868,975,Pacific,,symbiont-facultative,non-spinose,42420
MD01-2409,Calypso Corer,41.5608,141.868,975,Pacific,,symbiont-facultative,spinose,0
MD01-2409,Calypso Corer,41.5608,141.868,975,Pacific,,symbiont-obligate,spinose,380
MD01-2409,Calypso Corer,41.5608,141.868,975,Pacific,,undetermined,non-spinose,0
MD02-2520,Calypso Corer,15.669,-95.3,712,Pacific,,symbiont-barren,non-spinose,86
MD02-2520,Calypso Corer,15.669,-95.3,712,Pacific,,symbiont-barren,spinose,590
MD02-2520,Calypso Corer,15.669,-95.3,712,Pacific,,symbiont-bearing,non-spinose,9
MD02-2520,Calypso Corer,15.669,-95.3,712,Pacific,,symbiont-bearing,spinose,31
MD02-2520,Calypso Corer,15.669,-95.3,712,Pacific,,symbiont-facultative,non-spinose,1025
MD02-2520,Calypso Corer,15.669,-95.3,712,Pacific,,symbiont-facultative,spinose,0
MD02-2520,Calypso Corer,15.669,-95.3,712,Pacific,,symbiont-obligate,spinose,368
MD02-2520,Calypso Corer,15.669,-95.3,712,Pacific,,undetermined,non-spinose,0
MD02-2523,Calypso Corer,15.429,-94.2388,202,Pacific,,symbiont-barren,non-spinose,14
MD02-2523,Calypso Corer,15.429,-94.2388,202,Pacific,,symbiont-barren,spinose,179
MD02-2523,Calypso Corer,15.429,-94.2388,202,Pacific,,symbiont-bearing,non-spinose,5
MD02-2523,Calypso Corer,15.429,-94.2388,202,Pacific,,symbiont-bearing,spinose,14
MD02-2523,Calypso Corer,15.429,-94.2388,202,Pacific,,symbiont-facultative,non-spinose,900
MD02-2523,Calypso Corer,15.429,-94.2388,202,Pacific,,symbiont-facultative,spinose,0
MD02-2523,Calypso Corer,15.429,-94.2388,202,Pacific,,symbiont-obligate,spinose,188
MD02-2523,Calypso Corer,15.429,-94.2388,202,Pacific,,undetermined,non-spinose,0
MD03-2607,Calypso Corer,-36.9607,137.4065,865,Indian,,symbiont-barren,non-spinose,510
MD03-2607,Calypso Corer,-36.9607,137.4065,865,Indian,,symbiont-barren,spinose,792
MD03-2607,Calypso Corer,-36.9607,137.4065,865,Indian,,symbiont-bearing,non-spinose,0
MD03-2607,Calypso Corer,-36.9607,137.4065,865,Indian,,symbiont-bearing,spinose,40
MD03-2607,Calypso Corer,-36.9607,137.4065,865,Indian,,symbiont-facultative,non-spinose,419
MD03-2607,Calypso Corer,-36.9607,137.4065,865,Indian,,symbiont-facultative,spinose,0
MD03-2607,Calypso Corer,-36.9607,137.4065,865,Indian,,symbiont-obligate,spinose,253
MD03-2607,Calypso Corer,-36.9607,137.4065,865,Indian,,undetermined,non-spinose,0
MD04-2797CQ,Calypso Corer,36.95,11.67,771,Mediterranean,,symbiont-barren,non-spinose,1905
MD04-2797CQ,Calypso Corer,36.95,11.67,771,Mediterranean,,symbiont-barren,spinose,2033
MD04-2797CQ,Calypso Corer,36.95,11.67,771,Mediterranean,,symbiont-bearing,non-spinose,0
MD04-2797CQ,Calypso Corer,36.95,11.67,771,Mediterranean,,symbiont-bearing,spinose,36
MD04-2797CQ,Calypso Corer,36.95,11.67,771,Mediterranean,,symbiont-facultative,non-spinose,1004
MD04-2797CQ,Calypso Corer,36.95,11.67,771,Mediterranean,,symbiont-facultative,spinose,0
MD04-2797CQ,Calypso Corer,36.95,11.67,771,Mediterranean,,symbiont-obligate,spinose,713
MD04-2797CQ,Calypso Corer,36.95,11.67,771,Mediterranean,,undetermined,non-spinose,0
MD04-2805,Calypso Corer,34.5165,-7.0165,859,North Atlantic,,symbiont-barren,non-spinose,1598
MD04-2805,Calypso Corer,34.5165,-7.0165,859,North Atlantic,,symbiont-barren,spinose,1383
MD04-2805,Calypso Corer,34.5165,-7.0165,859,North Atlantic,,symbiont-bearing,non-spinose,0
MD04-2805,Calypso Corer,34.5165,-7.0165,859,North Atlantic,,symbiont-bearing,spinose,41
MD04-2805,Calypso Corer,34.5165,-7.0165,859,North Atlantic,,symbiont-facultative,non-spinose,734
MD04-2805,Calypso Corer,34.5165,-7.0165,859,North Atlantic,,symbiont-facultative,spinose,0
MD04-2805,Calypso Corer,34.5165,-7.0165,859,North Atlantic,,symbiont-obligate,spinose,484
MD04-2805,Calypso Corer,34.5165,-7.0165,859,North Atlantic,,undetermined,non-spinose,0
MD04-2861,,24.13,63.91,2046,Indian,,symbiont-barren,non-spinose,246
MD04-2861,,24.13,63.91,2046,Indian,,symbiont-barren,spinose,926
MD04-2861,,24.13,63.91,2046,Indian,,symbiont-bearing,non-spinose,0
MD04-2861,,24.13,63.91,2046,Indian,,symbiont-bearing,spinose,117
MD04-2861,,24.13,63.91,2046,Indian,,symbiont-facultative,non-spinose,113
MD04-2861,,24.13,63.91,2046,Indian,,symbiont-facultative,spinose,0
MD04-2861,,24.13,63.91,2046,Indian,,symbiont-obligate,spinose,2367
MD04-2861,,24.13,63.91,2046,Indian,,undetermined,non-spinose,1
MD06-2986,Calypso Corer,-43.4985,167.9,1477,Pacific,1.98,symbiont-barren,non-spinose,157
MD06-2986,Calypso Corer,-43.4985,167.9,1477,Pacific,1.98,symbiont-barren,spinose,195
MD06-2986,Calypso Corer,-43.4985,167.9,1477,Pacific,1.98,symbiont-bearing,non-spinose,0
MD06-2986,Calypso Corer,-43.4985,167.9,1477,Pacific,1.98,symbiont-bearing,spinose,0
MD06-2986,Calypso Corer,-43.4985,167.9,1477,Pacific,1.98,symbiont-facultative,non-spinose,102
MD06-2986,Calypso Corer,-43.4985,167.9,1477,Pacific,1.98,symbiont-facultative,spinose,0
MD06-2986,Calypso Corer,-43.4985,167.9,1477,Pacific,1.98,symbiont-obligate,spinose,1
MD06-2986,Calypso Corer,-43.4985,167.9,1477,Pacific,1.98,undetermined,non-spinose,0
MD06-2986,Calypso Corer,-43.4985,167.9,1477,Pacific,2.3,symbiont-barren,non-spinose,109
MD06-2986,Calypso Corer,-43.4985,167.9,1477,Pacific,2.3,symbiont-barren,spinose,181
MD06-2986,Calypso Corer,-43.4985,167.9,1477,Pacific,2.3,symbiont-bearing,non-spinose,0
MD06-2986,Calypso Corer,-43.4985,167.9,1477,Pacific,2.3,symbiont-bearing,spinose,0
MD06-2986,Calypso Corer,-43.4985,167.9,1477,Pacific,2.3,symbiont-facultative,non-spinose,67
MD06-2986,Calypso Corer,-43.4985,167.9,1477,Pacific,2.3,symbiont-facultative,spinose,0
MD06-2986,Calypso Corer,-43.4985,167.9,1477,Pacific,2.3,symbiont-obligate,spinose,0
MD06-2986,Calypso Corer,-43.4985,167.9,1477,Pacific,2.3,undetermined,non-spinose,0
MD84-632,Piston,32.47,34.23,1425,Mediterranean,,symbiont-barren,non-spinose,4644
MD84-632,Piston,32.47,34.23,1425,Mediterranean,,symbiont-barren,spinose,768
MD84-632,Piston,32.47,34.23,1425,Mediterranean,,symbiont-bearing,non-spinose,0
MD84-632,Piston,32.47,34.23,1425,Mediterranean,,symbiont-bearing,spinose,150
MD84-632,Piston,32.47,34.23,1425,Mediterranean,,symbiont-facultative,non-spinose,630
MD84-632,Piston,32.47,34.23,1425,Mediterranean,,symbiont-facultative,spinose,0
MD84-632,Piston,32.47,34.23,1425,Mediterranean,,symbiont-obligate,spinose,15287
MD84-632,Piston,32.47,34.23,1425,Mediterranean,,undetermined,non-spinose,0
MD84627,Piston,32.14,33.45,1185,Mediterranean,,symbiont-barren,non-spinose,369
MD84627,Piston,32.14,33.45,1185,Mediterranean,,symbiont-barren,spinose,26
MD84627,Piston,32.14,33.45,1185,Mediterranean,,symbiont-bearing,non-spinose,0
MD84627,Piston,32.14,33.45,1185,Mediterranean,,symbiont-bearing,spinose,1
MD84627,Piston,32.14,33.45,1185,Mediterranean,,symbiont-facultative,non-spinose,29
MD84627,Piston,32.14,33.45,1185,Mediterranean,,symbiont-facultative,spinose,0
MD84627,Piston,32.14,33.45,1185,Mediterranean,,symbiont-obligate,spinose,797
MD84627,Piston,32.14,33.45,1185,Mediterranean,,undetermined,non-spinose,0
MD84629,Piston,32.04,34.21,745,Mediterranean,,symbiont-barren,non-spinose,684
MD84629,Piston,32.04,34.21,745,Mediterranean,,symbiont-barren,spinose,827
MD84629,Piston,32.04,34.21,745,Mediterranean,,symbiont-bearing,non-spinose,0
MD84629,Piston,32.04,34.21,745,Mediterranean,,symbiont-bearing,spinose,40
MD84629,Piston,32.04,34.21,745,Mediterranean,,symbiont-facultative,non-spinose,56
MD84629,Piston,32.04,34.21,745,Mediterranean,,symbiont-facultative,spinose,0
MD84629,Piston,32.04,34.21,745,Mediterranean,,symbiont-obligate,spinose,51
MD84629,Piston,32.04,34.21,745,Mediterranean,,undetermined,non-spinose,0
MD84641,Piston,33.02,32.38,1375,Mediterranean,,symbiont-barren,non-spinose,583
MD84641,Piston,33.02,32.38,1375,Mediterranean,,symbiont-barren,spinose,117
MD84641,Piston,33.02,32.38,1375,Mediterranean,,symbiont-bearing,non-spinose,0
MD84641,Piston,33.02,32.38,1375,Mediterranean,,symbiont-bearing,spinose,8
MD84641,Piston,33.02,32.38,1375,Mediterranean,,symbiont-facultative,non-spinose,44
MD84641,Piston,33.02,32.38,1375,Mediterranean,,symbiont-facultative,spinose,0
MD84641,Piston,33.02,32.38,1375,Mediterranean,,symbiont-obligate,spinose,8
MD84641,Piston,33.02,32.38,1375,Mediterranean,,undetermined,non-spinose,0
MD88-770,,-46.01666667,96.46666667,3290,Indian,1.12,symbiont-barren,non-spinose,209
MD88-770,,-46.01666667,96.46666667,3290,Indian,1.12,symbiont-barren,spinose,7
MD88-770,,-46.01666667,96.46666667,3290,Indian,1.12,symbiont-bearing,non-spinose,0
MD88-770,,-46.01666667,96.46666667,3290,Indian,1.12,symbiont-bearing,spinose,0
MD88-770,,-46.01666667,96.46666667,3290,Indian,1.12,symbiont-facultative,non-spinose,1
MD88-770,,-46.01666667,96.46666667,3290,Indian,1.12,symbiont-facultative,spinose,0
MD88-770,,-46.01666667,96.46666667,3290,Indian,1.12,symbiont-obligate,spinose,0
MD88-770,,-46.01666667,96.46666667,3290,Indian,1.12,undetermined,non-spinose,0
MD90-917,Piston,41.298,17.613,1010,Mediterranean,,symbiont-barren,non-spinose,2777
MD90-917,Piston,41.298,17.613,1010,Mediterranean,,symbiont-barren,spinose,2439
MD90-917,Piston,41.298,17.613,1010,Mediterranean,,symbiont-bearing,non-spinose,0
MD90-917,Piston,41.298,17.613,1010,Mediterranean,,symbiont-bearing,spinose,8
MD90-917,Piston,41.298,17.613,1010,Mediterranean,,symbiont-facultative,non-spinose,632
MD90-917,Piston,41.298,17.613,1010,Mediterranean,,symbiont-facultative,spinose,0
MD90-917,Piston,41.298,17.613,1010,Mediterranean,,symbiont-obligate,spinose,294
MD90-917,Piston,41.298,17.613,1010,Mediterranean,,undetermined,non-spinose,1
MD90901,Piston,39.947,1.591,1560,Mediterranean,,symbiont-barren,non-spinose,1290
MD90901,Piston,39.947,1.591,1560,Mediterranean,,symbiont-barren,spinose,2995
MD90901,Piston,39.947,1.591,1560,Mediterranean,,symbiont-bearing,non-spinose,0
MD90901,Piston,39.947,1.591,1560,Mediterranean,,symbiont-bearing,spinose,2
MD90901,Piston,39.947,1.591,1560,Mediterranean,,symbiont-facultative,non-spinose,578
MD90901,Piston,39.947,1.591,1560,Mediterranean,,symbiont-facultative,spinose,0
MD90901,Piston,39.947,1.591,1560,Mediterranean,,symbiont-obligate,spinose,664
MD90901,Piston,39.947,1.591,1560,Mediterranean,,undetermined,non-spinose,0
MD95-2010,Calypso,66.6842,4.5662,1226,North Atlantic,3.1,symbiont-barren,non-spinose,296
MD95-2010,Calypso,66.6842,4.5662,1226,North Atlantic,3.1,symbiont-barren,spinose,0
MD95-2010,Calypso,66.6842,4.5662,1226,North Atlantic,3.1,symbiont-bearing,non-spinose,0
MD95-2010,Calypso,66.6842,4.5662,1226,North Atlantic,3.1,symbiont-bearing,spinose,0
MD95-2010,Calypso,66.6842,4.5662,1226,North Atlantic,3.1,symbiont-facultative,non-spinose,0
MD95-2010,Calypso,66.6842,4.5662,1226,North Atlantic,3.1,symbiont-facultative,spinose,0
MD95-2010,Calypso,66.6842,4.5662,1226,North Atlantic,3.1,symbiont-obligate,spinose,0
MD95-2010,Calypso,66.6842,4.5662,1226,North Atlantic,3.1,undetermined,non-spinose,0
MD95-2010,Calypso,66.6842,4.5662,1226,North Atlantic,3.12,symbiont-barren,non-spinose,216
MD95-2010,Calypso,66.6842,4.5662,1226,North Atlantic,3.12,symbiont-barren,spinose,7
MD95-2010,Calypso,66.6842,4.5662,1226,North Atlantic,3.12,symbiont-bearing,non-spinose,0
MD95-2010,Calypso,66.6842,4.5662,1226,North Atlantic,3.12,symbiont-bearing,spinose,0
MD95-2010,Calypso,66.6842,4.5662,1226,North Atlantic,3.12,symbiont-facultative,non-spinose,0
MD95-2010,Calypso,66.6842,4.5662,1226,North Atlantic,3.12,symbiont-facultative,spinose,0
MD95-2010,Calypso,66.6842,4.5662,1226,North Atlantic,3.12,symbiont-obligate,spinose,0
MD95-2010,Calypso,66.6842,4.5662,1226,North Atlantic,3.12,undetermined,non-spinose,0
MD95-2010,Calypso,66.6842,4.5662,1226,North Atlantic,3.17,symbiont-barren,non-spinose,237
MD95-2010,Calypso,66.6842,4.5662,1226,North Atlantic,3.17,symbiont-barren,spinose,6
MD95-2010,Calypso,66.6842,4.5662,1226,North Atlantic,3.17,symbiont-bearing,non-spinose,0
MD95-2010,Calypso,66.6842,4.5662,1226,North Atlantic,3.17,symbiont-bearing,spinose,0
MD95-2010,Calypso,66.6842,4.5662,1226,North Atlantic,3.17,symbiont-facultative,non-spinose,0
MD95-2010,Calypso,66.6842,4.5662,1226,North Atlantic,3.17,symbiont-facultative,spinose,0
MD95-2010,Calypso,66.6842,4.5662,1226,North Atlantic,3.17,symbiont-obligate,spinose,0
MD95-2010,Calypso,66.6842,4.5662,1226,North Atlantic,3.17,undetermined,non-spinose,0
MD95-2010,Calypso,66.6842,4.5662,1226,North Atlantic,3.2,symbiont-barren,non-spinose,327
MD95-2010,Calypso,66.6842,4.5662,1226,North Atlantic,3.2,symbiont-barren,spinose,1
MD95-2010,Calypso,66.6842,4.5662,1226,North Atlantic,3.2,symbiont-bearing,non-spinose,0
MD95-2010,Calypso,66.6842,4.5662,1226,North Atlantic,3.2,symbiont-bearing,spinose,0
MD95-2010,Calypso,66.6842,4.5662,1226,North Atlantic,3.2,symbiont-facultative,non-spinose,0
MD95-2010,Calypso,66.6842,4.5662,1226,North Atlantic,3.2,symbiont-facultative,spinose,0
MD95-2010,Calypso,66.6842,4.5662,1226,North Atlantic,3.2,symbiont-obligate,spinose,0
MD95-2010,Calypso,66.6842,4.5662,1226,North Atlantic,3.2,undetermined,non-spinose,0
MD95-2010,Calypso,66.6842,4.5662,1226,North Atlantic,3.3,symbiont-barren,non-spinose,294
MD95-2010,Calypso,66.6842,4.5662,1226,North Atlantic,3.3,symbiont-barren,spinose,0
MD95-2010,Calypso,66.6842,4.5662,1226,North Atlantic,3.3,symbiont-bearing,non-spinose,0
MD95-2010,Calypso,66.6842,4.5662,1226,North Atlantic,3.3,symbiont-bearing,spinose,0
MD95-2010,Calypso,66.6842,4.5662,1226,North Atlantic,3.3,symbiont-facultative,non-spinose,0
MD95-2010,Calypso,66.6842,4.5662,1226,North Atlantic,3.3,symbiont-facultative,spinose,0
MD95-2010,Calypso,66.6842,4.5662,1226,North Atlantic,3.3,symbiont-obligate,spinose,0
MD95-2010,Calypso,66.6842,4.5662,1226,North Atlantic,3.3,undetermined,non-spinose,0
MD95-2010,Calypso,66.6842,4.5662,1226,North Atlantic,3.33,symbiont-barren,non-spinose,192
MD95-2010,Calypso,66.6842,4.5662,1226,North Atlantic,3.33,symbiont-barren,spinose,14
MD95-2010,Calypso,66.6842,4.5662,1226,North Atlantic,3.33,symbiont-bearing,non-spinose,0
MD95-2010,Calypso,66.6842,4.5662,1226,North Atlantic,3.33,symbiont-bearing,spinose,0
MD95-2010,Calypso,66.6842,4.5662,1226,North Atlantic,3.33,symbiont-facultative,non-spinose,0
MD95-2010,Calypso,66.6842,4.5662,1226,North Atlantic,3.33,symbiont-facultative,spinose,0
MD95-2010,Calypso,66.6842,4.5662,1226,North Atlantic,3.33,symbiont-obligate,spinose,0
MD95-2010,Calypso,66.6842,4.5662,1226,North Atlantic,3.33,undetermined,non-spinose,0
MD95-2010,Calypso,66.6842,4.5662,1226,North Atlantic,3.37,symbiont-barren,non-spinose,202
MD95-2010,Calypso,66.6842,4.5662,1226,North Atlantic,3.37,symbiont-barren,spinose,11
MD95-2010,Calypso,66.6842,4.5662,1226,North Atlantic,3.37,symbiont-bearing,non-spinose,0
MD95-2010,Calypso,66.6842,4.5662,1226,North Atlantic,3.37,symbiont-bearing,spinose,0
MD95-2010,Calypso,66.6842,4.5662,1226,North Atlantic,3.37,symbiont-facultative,non-spinose,0
MD95-2010,Calypso,66.6842,4.5662,1226,North Atlantic,3.37,symbiont-facultative,spinose,0
MD95-2010,Calypso,66.6842,4.5662,1226,North Atlantic,3.37,symbiont-obligate,spinose,0
MD95-2010,Calypso,66.6842,4.5662,1226,North Atlantic,3.37,undetermined,non-spinose,0
MD95-2010,Calypso,66.6842,4.5662,1226,North Atlantic,3.4,symbiont-barren,non-spinose,303
MD95-2010,Calypso,66.6842,4.5662,1226,North Atlantic,3.4,symbiont-barren,spinose,0
MD95-2010,Calypso,66.6842,4.5662,1226,North Atlantic,3.4,symbiont-bearing,non-spinose,0
MD95-2010,Calypso,66.6842,4.5662,1226,North Atlantic,3.4,symbiont-bearing,spinose,0
MD95-2010,Calypso,66.6842,4.5662,1226,North Atlantic,3.4,symbiont-facultative,non-spinose,0
MD95-2010,Calypso,66.6842,4.5662,1226,North Atlantic,3.4,symbiont-facultative,spinose,0
MD95-2010,Calypso,66.6842,4.5662,1226,North Atlantic,3.4,symbiont-obligate,spinose,0
MD95-2010,Calypso,66.6842,4.5662,1226,North Atlantic,3.4,undetermined,non-spinose,0
MD95-2010,Calypso,66.6842,4.5662,1226,North Atlantic,3.43,symbiont-barren,non-spinose,200
MD95-2010,Calypso,66.6842,4.5662,1226,North Atlantic,3.43,symbiont-barren,spinose,9
MD95-2010,Calypso,66.6842,4.5662,1226,North Atlantic,3.43,symbiont-bearing,non-spinose,0
MD95-2010,Calypso,66.6842,4.5662,1226,North Atlantic,3.43,symbiont-bearing,spinose,0
MD95-2010,Calypso,66.6842,4.5662,1226,North Atlantic,3.43,symbiont-facultative,non-spinose,0
MD95-2010,Calypso,66.6842,4.5662,1226,North Atlantic,3.43,symbiont-facultative,spinose,0
MD95-2010,Calypso,66.6842,4.5662,1226,North Atlantic,3.43,symbiont-obligate,spinose,0
MD95-2010,Calypso,66.6842,4.5662,1226,North Atlantic,3.43,undetermined,non-spinose,0
MD95-2010,Calypso,66.6842,4.5662,1226,North Atlantic,3.47,symbiont-barren,non-spinose,201
MD95-2010,Calypso,66.6842,4.5662,1226,North Atlantic,3.47,symbiont-barren,spinose,7
MD95-2010,Calypso,66.6842,4.5662,1226,North Atlantic,3.47,symbiont-bearing,non-spinose,0
MD95-2010,Calypso,66.6842,4.5662,1226,North Atlantic,3.47,symbiont-bearing,spinose,0
MD95-2010,Calypso,66.6842,4.5662,1226,North Atlantic,3.47,symbiont-facultative,non-spinose,0
MD95-2010,Calypso,66.6842,4.5662,1226,North Atlantic,3.47,symbiont-facultative,spinose,0
MD95-2010,Calypso,66.6842,4.5662,1226,North Atlantic,3.47,symbiont-obligate,spinose,0
MD95-2010,Calypso,66.6842,4.5662,1226,North Atlantic,3.47,undetermined,non-spinose,0
MD95-2010,Calypso,66.6842,4.5662,1226,North Atlantic,3.5,symbiont-barren,non-spinose,299
MD95-2010,Calypso,66.6842,4.5662,1226,North Atlantic,3.5,symbiont-barren,spinose,0
MD95-2010,Calypso,66.6842,4.5662,1226,North Atlantic,3.5,symbiont-bearing,non-spinose,0
MD95-2010,Calypso,66.6842,4.5662,1226,North Atlantic,3.5,symbiont-bearing,spinose,0
MD95-2010,Calypso,66.6842,4.5662,1226,North Atlantic,3.5,symbiont-facultative,non-spinose,0
MD95-2010,Calypso,66.6842,4.5662,1226,North Atlantic,3.5,symbiont-facultative,spinose,0
MD95-2010,Calypso,66.6842,4.5662,1226,North Atlantic,3.5,symbiont-obligate,spinose,0
MD95-2010,Calypso,66.6842,4.5662,1226,North Atlantic,3.5,undetermined,non-spinose,0
MD95-2010,Calypso,66.6842,4.5662,1226,North Atlantic,3.52,symbiont-barren,non-spinose,212
MD95-2010,Calypso,66.6842,4.5662,1226,North Atlantic,3.52,symbiont-barren,spinose,10
MD95-2010,Calypso,66.6842,4.5662,1226,North Atlantic,3.52,symbiont-bearing,non-spinose,0
MD95-2010,Calypso,66.6842,4.5662,1226,North Atlantic,3.52,symbiont-bearing,spinose,0
MD95-2010,Calypso,66.6842,4.5662,1226,North Atlantic,3.52,symbiont-facultative,non-spinose,0
MD95-2010,Calypso,66.6842,4.5662,1226,North Atlantic,3.52,symbiont-facultative,spinose,0
MD95-2010,Calypso,66.6842,4.5662,1226,North Atlantic,3.52,symbiont-obligate,spinose,0
MD95-2010,Calypso,66.6842,4.5662,1226,North Atlantic,3.52,undetermined,non-spinose,0
MD95-2010,Calypso,66.6842,4.5662,1226,North Atlantic,3.54,symbiont-barren,non-spinose,195
MD95-2010,Calypso,66.6842,4.5662,1226,North Atlantic,3.54,symbiont-barren,spinose,9
MD95-2010,Calypso,66.6842,4.5662,1226,North Atlantic,3.54,symbiont-bearing,non-spinose,0
MD95-2010,Calypso,66.6842,4.5662,1226,North Atlantic,3.54,symbiont-bearing,spinose,0
MD95-2010,Calypso,66.6842,4.5662,1226,North Atlantic,3.54,symbiont-facultative,non-spinose,0
MD95-2010,Calypso,66.6842,4.5662,1226,North Atlantic,3.54,symbiont-facultative,spinose,0
MD95-2010,Calypso,66.6842,4.5662,1226,North Atlantic,3.54,symbiont-obligate,spinose,0
MD95-2010,Calypso,66.6842,4.5662,1226,North Atlantic,3.54,undetermined,non-spinose,0
MD95-2010,Calypso,66.6842,4.5662,1226,North Atlantic,3.56,symbiont-barren,non-spinose,235
MD95-2010,Calypso,66.6842,4.5662,1226,North Atlantic,3.56,symbiont-barren,spinose,11
MD95-2010,Calypso,66.6842,4.5662,1226,North Atlantic,3.56,symbiont-bearing,non-spinose,0
MD95-2010,Calypso,66.6842,4.5662,1226,North Atlantic,3.56,symbiont-bearing,spinose,0
MD95-2010,Calypso,66.6842,4.5662,1226,North Atlantic,3.56,symbiont-facultative,non-spinose,0
MD95-2010,Calypso,66.6842,4.5662,1226,North Atlantic,3.56,symbiont-facultative,spinose,0
MD95-2010,Calypso,66.6842,4.5662,1226,North Atlantic,3.56,symbiont-obligate,spinose,0
MD95-2010,Calypso,66.6842,4.5662,1226,North Atlantic,3.56,undetermined,non-spinose,0
MD95-2010,Calypso,66.6842,4.5662,1226,North Atlantic,3.6,symbiont-barren,non-spinose,292
MD95-2010,Calypso,66.6842,4.5662,1226,North Atlantic,3.6,symbiont-barren,spinose,0
MD95-2010,Calypso,66.6842,4.5662,1226,North Atlantic,3.6,symbiont-bearing,non-spinose,0
MD95-2010,Calypso,66.6842,4.5662,1226,North Atlantic,3.6,symbiont-bearing,spinose,0
MD95-2010,Calypso,66.6842,4.5662,1226,North Atlantic,3.6,symbiont-facultative,non-spinose,0
MD95-2010,Calypso,66.6842,4.5662,1226,North Atlantic,3.6,symbiont-facultative,spinose,0
MD95-2010,Calypso,66.6842,4.5662,1226,North Atlantic,3.6,symbiont-obligate,spinose,0
MD95-2010,Calypso,66.6842,4.5662,1226,North Atlantic,3.6,undetermined,non-spinose,0
MD95-2010,Calypso,66.6842,4.5662,1226,North Atlantic,3.62,symbiont-barren,non-spinose,199
MD95-2010,Calypso,66.6842,4.5662,1226,North Atlantic,3.62,symbiont-barren,spinose,15
MD95-2010,Calypso,66.6842,4.5662,1226,North Atlantic,3.62,symbiont-bearing,non-spinose,0
MD95-2010,Calypso,66.6842,4.5662,1226,North Atlantic,3.62,symbiont-bearing,spinose,0
MD95-2010,Calypso,66.6842,4.5662,1226,North Atlantic,3.62,symbiont-facultative,non-spinose,0
MD95-2010,Calypso,66.6842,4.5662,1226,North Atlantic,3.62,symbiont-facultative,spinose,0
MD95-2010,Calypso,66.6842,4.5662,1226,North Atlantic,3.62,symbiont-obligate,spinose,0
MD95-2010,Calypso,66.6842,4.5662,1226,North Atlantic,3.62,undetermined,non-spinose,0
MD95-2010,Calypso,66.6842,4.5662,1226,North Atlantic,3.66,symbiont-barren,non-spinose,204
MD95-2010,Calypso,66.6842,4.5662,1226,North Atlantic,3.66,symbiont-barren,spinose,9
MD95-2010,Calypso,66.6842,4.5662,1226,North Atlantic,3.66,symbiont-bearing,non-spinose,0
MD95-2010,Calypso,66.6842,4.5662,1226,North Atlantic,3.66,symbiont-bearing,spinose,0
MD95-2010,Calypso,66.6842,4.5662,1226,North Atlantic,3.66,symbiont-facultative,non-spinose,0
MD95-2010,Calypso,66.6842,4.5662,1226,North Atlantic,3.66,symbiont-facultative,spinose,0
MD95-2010,Calypso,66.6842,4.5662,1226,North Atlantic,3.66,symbiont-obligate,spinose,0
MD95-2010,Calypso,66.6842,4.5662,1226,North Atlantic,3.66,undetermined,non-spinose,0
MD95-2010,Calypso,66.6842,4.5662,1226,North Atlantic,3.68,symbiont-barren,non-spinose,202
MD95-2010,Calypso,66.6842,4.5662,1226,North Atlantic,3.68,symbiont-barren,spinose,8
MD95-2010,Calypso,66.6842,4.5662,1226,North Atlantic,3.68,symbiont-bearing,non-spinose,0
MD95-2010,Calypso,66.6842,4.5662,1226,North Atlantic,3.68,symbiont-bearing,spinose,0
MD95-2010,Calypso,66.6842,4.5662,1226,North Atlantic,3.68,symbiont-facultative,non-spinose,0
MD95-2010,Calypso,66.6842,4.5662,1226,North Atlantic,3.68,symbiont-facultative,spinose,0
MD95-2010,Calypso,66.6842,4.5662,1226,North Atlantic,3.68,symbiont-obligate,spinose,0
MD95-2010,Calypso,66.6842,4.5662,1226,North Atlantic,3.68,undetermined,non-spinose,0
MD95-2010,Calypso,66.6842,4.5662,1226,North Atlantic,3.7,symbiont-barren,non-spinose,316
MD95-2010,Calypso,66.6842,4.5662,1226,North Atlantic,3.7,symbiont-barren,spinose,0
MD95-2010,Calypso,66.6842,4.5662,1226,North Atlantic,3.7,symbiont-bearing,non-spinose,0
MD95-2010,Calypso,66.6842,4.5662,1226,North Atlantic,3.7,symbiont-bearing,spinose,0
MD95-2010,Calypso,66.6842,4.5662,1226,North Atlantic,3.7,symbiont-facultative,non-spinose,0
MD95-2010,Calypso,66.6842,4.5662,1226,North Atlantic,3.7,symbiont-facultative,spinose,0
MD95-2010,Calypso,66.6842,4.5662,1226,North Atlantic,3.7,symbiont-obligate,spinose,0
MD95-2010,Calypso,66.6842,4.5662,1226,North Atlantic,3.7,undetermined,non-spinose,0
MD95-2010,Calypso,66.6842,4.5662,1226,North Atlantic,3.72,symbiont-barren,non-spinose,214
MD95-2010,Calypso,66.6842,4.5662,1226,North Atlantic,3.72,symbiont-barren,spinose,10
MD95-2010,Calypso,66.6842,4.5662,1226,North Atlantic,3.72,symbiont-bearing,non-spinose,0
MD95-2010,Calypso,66.6842,4.5662,1226,North Atlantic,3.72,symbiont-bearing,spinose,0
MD95-2010,Calypso,66.6842,4.5662,1226,North Atlantic,3.72,symbiont-facultative,non-spinose,0
MD95-2010,Calypso,66.6842,4.5662,1226,North Atlantic,3.72,symbiont-facultative,spinose,0
MD95-2010,Calypso,66.6842,4.5662,1226,North Atlantic,3.72,symbiont-obligate,spinose,0
MD95-2010,Calypso,66.6842,4.5662,1226,North Atlantic,3.72,undetermined,non-spinose,0
MD95-2010,Calypso,66.6842,4.5662,1226,North Atlantic,3.76,symbiont-barren,non-spinose,196
MD95-2010,Calypso,66.6842,4.5662,1226,North Atlantic,3.76,symbiont-barren,spinose,13
MD95-2010,Calypso,66.6842,4.5662,1226,North Atlantic,3.76,symbiont-bearing,non-spinose,0
MD95-2010,Calypso,66.6842,4.5662,1226,North Atlantic,3.76,symbiont-bearing,spinose,0
MD95-2010,Calypso,66.6842,4.5662,1226,North Atlantic,3.76,symbiont-facultative,non-spinose,0
MD95-2010,Calypso,66.6842,4.5662,1226,North Atlantic,3.76,symbiont-facultative,spinose,0
MD95-2010,Calypso,66.6842,4.5662,1226,North Atlantic,3.76,symbiont-obligate,spinose,0
MD95-2010,Calypso,66.6842,4.5662,1226,North Atlantic,3.76,undetermined,non-spinose,0
MD95-2010,Calypso,66.6842,4.5662,1226,North Atlantic,3.8,symbiont-barren,non-spinose,295
MD95-2010,Calypso,66.6842,4.5662,1226,North Atlantic,3.8,symbiont-barren,spinose,4
MD95-2010,Calypso,66.6842,4.5662,1226,North Atlantic,3.8,symbiont-bearing,non-spinose,0
MD95-2010,Calypso,66.6842,4.5662,1226,North Atlantic,3.8,symbiont-bearing,spinose,0
MD95-2010,Calypso,66.6842,4.5662,1226,North Atlantic,3.8,symbiont-facultative,non-spinose,0
MD95-2010,Calypso,66.6842,4.5662,1226,North Atlantic,3.8,symbiont-facultative,spinose,0
MD95-2010,Calypso,66.6842,4.5662,1226,North Atlantic,3.8,symbiont-obligate,spinose,0
MD95-2010,Calypso,66.6842,4.5662,1226,North Atlantic,3.8,undetermined,non-spinose,0
MD95-2010,Calypso,66.6842,4.5662,1226,North Atlantic,3.83,symbiont-barren,non-spinose,236
MD95-2010,Calypso,66.6842,4.5662,1226,North Atlantic,3.83,symbiont-barren,spinose,13
MD95-2010,Calypso,66.6842,4.5662,1226,North Atlantic,3.83,symbiont-bearing,non-spinose,0
MD95-2010,Calypso,66.6842,4.5662,1226,North Atlantic,3.83,symbiont-bearing,spinose,0
MD95-2010,Calypso,66.6842,4.5662,1226,North Atlantic,3.83,symbiont-facultative,non-spinose,0
MD95-2010,Calypso,66.6842,4.5662,1226,North Atlantic,3.83,symbiont-facultative,spinose,0
MD95-2010,Calypso,66.6842,4.5662,1226,North Atlantic,3.83,symbiont-obligate,spinose,0
MD95-2010,Calypso,66.6842,4.5662,1226,North Atlantic,3.83,undetermined,non-spinose,0
MD95-2010,Calypso,66.6842,4.5662,1226,North Atlantic,3.85,symbiont-barren,non-spinose,199
MD95-2010,Calypso,66.6842,4.5662,1226,North Atlantic,3.85,symbiont-barren,spinose,6
MD95-2010,Calypso,66.6842,4.5662,1226,North Atlantic,3.85,symbiont-bearing,non-spinose,0
MD95-2010,Calypso,66.6842,4.5662,1226,North Atlantic,3.85,symbiont-bearing,spinose,0
MD95-2010,Calypso,66.6842,4.5662,1226,North Atlantic,3.85,symbiont-facultative,non-spinose,0
MD95-2010,Calypso,66.6842,4.5662,1226,North Atlantic,3.85,symbiont-facultative,spinose,0
MD95-2010,Calypso,66.6842,4.5662,1226,North Atlantic,3.85,symbiont-obligate,spinose,0
MD95-2010,Calypso,66.6842,4.5662,1226,North Atlantic,3.85,undetermined,non-spinose,0
MD95-2010,Calypso,66.6842,4.5662,1226,North Atlantic,3.88,symbiont-barren,non-spinose,213
MD95-2010,Calypso,66.6842,4.5662,1226,North Atlantic,3.88,symbiont-barren,spinose,8
MD95-2010,Calypso,66.6842,4.5662,1226,North Atlantic,3.88,symbiont-bearing,non-spinose,0
MD95-2010,Calypso,66.6842,4.5662,1226,North Atlantic,3.88,symbiont-bearing,spinose,0
MD95-2010,Calypso,66.6842,4.5662,1226,North Atlantic,3.88,symbiont-facultative,non-spinose,0
MD95-2010,Calypso,66.6842,4.5662,1226,North Atlantic,3.88,symbiont-facultative,spinose,0
MD95-2010,Calypso,66.6842,4.5662,1226,North Atlantic,3.88,symbiont-obligate,spinose,0
MD95-2010,Calypso,66.6842,4.5662,1226,North Atlantic,3.88,undetermined,non-spinose,0
MD95-2010,Calypso,66.6842,4.5662,1226,North Atlantic,3.9,symbiont-barren,non-spinose,307
MD95-2010,Calypso,66.6842,4.5662,1226,North Atlantic,3.9,symbiont-barren,spinose,0
MD95-2010,Calypso,66.6842,4.5662,1226,North Atlantic,3.9,symbiont-bearing,non-spinose,0
MD95-2010,Calypso,66.6842,4.5662,1226,North Atlantic,3.9,symbiont-bearing,spinose,0
MD95-2010,Calypso,66.6842,4.5662,1226,North Atlantic,3.9,symbiont-facultative,non-spinose,0
MD95-2010,Calypso,66.6842,4.5662,1226,North Atlantic,3.9,symbiont-facultative,spinose,0
MD95-2010,Calypso,66.6842,4.5662,1226,North Atlantic,3.9,symbiont-obligate,spinose,0
MD95-2010,Calypso,66.6842,4.5662,1226,North Atlantic,3.9,undetermined,non-spinose,0
MD95-2010,Calypso,66.6842,4.5662,1226,North Atlantic,3.93,symbiont-barren,non-spinose,230
MD95-2010,Calypso,66.6842,4.5662,1226,North Atlantic,3.93,symbiont-barren,spinose,12
MD95-2010,Calypso,66.6842,4.5662,1226,North Atlantic,3.93,symbiont-bearing,non-spinose,0
MD95-2010,Calypso,66.6842,4.5662,1226,North Atlantic,3.93,symbiont-bearing,spinose,0
MD95-2010,Calypso,66.6842,4.5662,1226,North Atlantic,3.93,symbiont-facultative,non-spinose,0
MD95-2010,Calypso,66.6842,4.5662,1226,North Atlantic,3.93,symbiont-facultative,spinose,0
MD95-2010,Calypso,66.6842,4.5662,1226,North Atlantic,3.93,symbiont-obligate,spinose,0
MD95-2010,Calypso,66.6842,4.5662,1226,North Atlantic,3.93,undetermined,non-spinose,0
MD95-2010,Calypso,66.6842,4.5662,1226,North Atlantic,3.96,symbiont-barren,non-spinose,323
MD95-2010,Calypso,66.6842,4.5662,1226,North Atlantic,3.96,symbiont-barren,spinose,19
MD95-2010,Calypso,66.6842,4.5662,1226,North Atlantic,3.96,symbiont-bearing,non-spinose,0
MD95-2010,Calypso,66.6842,4.5662,1226,North Atlantic,3.96,symbiont-bearing,spinose,0
MD95-2010,Calypso,66.6842,4.5662,1226,North Atlantic,3.96,symbiont-facultative,non-spinose,0
MD95-2010,Calypso,66.6842,4.5662,1226,North Atlantic,3.96,symbiont-facultative,spinose,0
MD95-2010,Calypso,66.6842,4.5662,1226,North Atlantic,3.96,symbiont-obligate,spinose,0
MD95-2010,Calypso,66.6842,4.5662,1226,North Atlantic,3.96,undetermined,non-spinose,0
MD95-2010,Calypso,66.6842,4.5662,1226,North Atlantic,4,symbiont-barren,non-spinose,289
MD95-2010,Calypso,66.6842,4.5662,1226,North Atlantic,4,symbiont-barren,spinose,1
MD95-2010,Calypso,66.6842,4.5662,1226,North Atlantic,4,symbiont-bearing,non-spinose,0
MD95-2010,Calypso,66.6842,4.5662,1226,North Atlantic,4,symbiont-bearing,spinose,0
MD95-2010,Calypso,66.6842,4.5662,1226,North Atlantic,4,symbiont-facultative,non-spinose,0
MD95-2010,Calypso,66.6842,4.5662,1226,North Atlantic,4,symbiont-facultative,spinose,0
MD95-2010,Calypso,66.6842,4.5662,1226,North Atlantic,4,symbiont-obligate,spinose,0
MD95-2010,Calypso,66.6842,4.5662,1226,North Atlantic,4,undetermined,non-spinose,0
MD95-2010,Calypso,66.6842,4.5662,1226,North Atlantic,4.04,symbiont-barren,non-spinose,217
MD95-2010,Calypso,66.6842,4.5662,1226,North Atlantic,4.04,symbiont-barren,spinose,6
MD95-2010,Calypso,66.6842,4.5662,1226,North Atlantic,4.04,symbiont-bearing,non-spinose,0
MD95-2010,Calypso,66.6842,4.5662,1226,North Atlantic,4.04,symbiont-bearing,spinose,0
MD95-2010,Calypso,66.6842,4.5662,1226,North Atlantic,4.04,symbiont-facultative,non-spinose,0
MD95-2010,Calypso,66.6842,4.5662,1226,North Atlantic,4.04,symbiont-facultative,spinose,0
MD95-2010,Calypso,66.6842,4.5662,1226,North Atlantic,4.04,symbiont-obligate,spinose,0
MD95-2010,Calypso,66.6842,4.5662,1226,North Atlantic,4.04,undetermined,non-spinose,0
MD95-2010,Calypso,66.6842,4.5662,1226,North Atlantic,4.1,symbiont-barren,non-spinose,298
MD95-2010,Calypso,66.6842,4.5662,1226,North Atlantic,4.1,symbiont-barren,spinose,1
MD95-2010,Calypso,66.6842,4.5662,1226,North Atlantic,4.1,symbiont-bearing,non-spinose,0
MD95-2010,Calypso,66.6842,4.5662,1226,North Atlantic,4.1,symbiont-bearing,spinose,0
MD95-2010,Calypso,66.6842,4.5662,1226,North Atlantic,4.1,symbiont-facultative,non-spinose,0
MD95-2010,Calypso,66.6842,4.5662,1226,North Atlantic,4.1,symbiont-facultative,spinose,0
MD95-2010,Calypso,66.6842,4.5662,1226,North Atlantic,4.1,symbiont-obligate,spinose,0
MD95-2010,Calypso,66.6842,4.5662,1226,North Atlantic,4.1,undetermined,non-spinose,0
MD95-2010,Calypso,66.6842,4.5662,1226,North Atlantic,4.13,symbiont-barren,non-spinose,239
MD95-2010,Calypso,66.6842,4.5662,1226,North Atlantic,4.13,symbiont-barren,spinose,7
MD95-2010,Calypso,66.6842,4.5662,1226,North Atlantic,4.13,symbiont-bearing,non-spinose,0
MD95-2010,Calypso,66.6842,4.5662,1226,North Atlantic,4.13,symbiont-bearing,spinose,0
MD95-2010,Calypso,66.6842,4.5662,1226,North Atlantic,4.13,symbiont-facultative,non-spinose,0
MD95-2010,Calypso,66.6842,4.5662,1226,North Atlantic,4.13,symbiont-facultative,spinose,0
MD95-2010,Calypso,66.6842,4.5662,1226,North Atlantic,4.13,symbiont-obligate,spinose,0
MD95-2010,Calypso,66.6842,4.5662,1226,North Atlantic,4.13,undetermined,non-spinose,0
MD95-2010,Calypso,66.6842,4.5662,1226,North Atlantic,4.16,symbiont-barren,non-spinose,203
MD95-2010,Calypso,66.6842,4.5662,1226,North Atlantic,4.16,symbiont-barren,spinose,12
MD95-2010,Calypso,66.6842,4.5662,1226,North Atlantic,4.16,symbiont-bearing,non-spinose,0
MD95-2010,Calypso,66.6842,4.5662,1226,North Atlantic,4.16,symbiont-bearing,spinose,0
MD95-2010,Calypso,66.6842,4.5662,1226,North Atlantic,4.16,symbiont-facultative,non-spinose,0
MD95-2010,Calypso,66.6842,4.5662,1226,North Atlantic,4.16,symbiont-facultative,spinose,0
MD95-2010,Calypso,66.6842,4.5662,1226,North Atlantic,4.16,symbiont-obligate,spinose,0
MD95-2010,Calypso,66.6842,4.5662,1226,North Atlantic,4.16,undetermined,non-spinose,0
MD95-2010,Calypso,66.6842,4.5662,1226,North Atlantic,4.2,symbiont-barren,non-spinose,305
MD95-2010,Calypso,66.6842,4.5662,1226,North Atlantic,4.2,symbiont-barren,spinose,0
MD95-2010,Calypso,66.6842,4.5662,1226,North Atlantic,4.2,symbiont-bearing,non-spinose,0
MD95-2010,Calypso,66.6842,4.5662,1226,North Atlantic,4.2,symbiont-bearing,spinose,0
MD95-2010,Calypso,66.6842,4.5662,1226,North Atlantic,4.2,symbiont-facultative,non-spinose,0
MD95-2010,Calypso,66.6842,4.5662,1226,North Atlantic,4.2,symbiont-facultative,spinose,0
MD95-2010,Calypso,66.6842,4.5662,1226,North Atlantic,4.2,symbiont-obligate,spinose,0
MD95-2010,Calypso,66.6842,4.5662,1226,North Atlantic,4.2,undetermined,non-spinose,0
MD95-2010,Calypso,66.6842,4.5662,1226,North Atlantic,4.27,symbiont-barren,non-spinose,209
MD95-2010,Calypso,66.6842,4.5662,1226,North Atlantic,4.27,symbiont-barren,spinose,4
MD95-2010,Calypso,66.6842,4.5662,1226,North Atlantic,4.27,symbiont-bearing,non-spinose,0
MD95-2010,Calypso,66.6842,4.5662,1226,North Atlantic,4.27,symbiont-bearing,spinose,0
MD95-2010,Calypso,66.6842,4.5662,1226,North Atlantic,4.27,symbiont-facultative,non-spinose,0
MD95-2010,Calypso,66.6842,4.5662,1226,North Atlantic,4.27,symbiont-facultative,spinose,0
MD95-2010,Calypso,66.6842,4.5662,1226,North Atlantic,4.27,symbiont-obligate,spinose,0
MD95-2010,Calypso,66.6842,4.5662,1226,North Atlantic,4.27,undetermined,non-spinose,0
MD95-2010,Calypso,66.6842,4.5662,1226,North Atlantic,4.3,symbiont-barren,non-spinose,300
MD95-2010,Calypso,66.6842,4.5662,1226,North Atlantic,4.3,symbiont-barren,spinose,0
MD95-2010,Calypso,66.6842,4.5662,1226,North Atlantic,4.3,symbiont-bearing,non-spinose,0
MD95-2010,Calypso,66.6842,4.5662,1226,North Atlantic,4.3,symbiont-bearing,spinose,0
MD95-2010,Calypso,66.6842,4.5662,1226,North Atlantic,4.3,symbiont-facultative,non-spinose,0
MD95-2010,Calypso,66.6842,4.5662,1226,North Atlantic,4.3,symbiont-facultative,spinose,0
MD95-2010,Calypso,66.6842,4.5662,1226,North Atlantic,4.3,symbiont-obligate,spinose,0
MD95-2010,Calypso,66.6842,4.5662,1226,North Atlantic,4.3,undetermined,non-spinose,0
MD95-2010,Calypso,66.6842,4.5662,1226,North Atlantic,4.36,symbiont-barren,non-spinose,197
MD95-2010,Calypso,66.6842,4.5662,1226,North Atlantic,4.36,symbiont-barren,spinose,15
MD95-2010,Calypso,66.6842,4.5662,1226,North Atlantic,4.36,symbiont-bearing,non-spinose,0
MD95-2010,Calypso,66.6842,4.5662,1226,North Atlantic,4.36,symbiont-bearing,spinose,0
MD95-2010,Calypso,66.6842,4.5662,1226,North Atlantic,4.36,symbiont-facultative,non-spinose,0
MD95-2010,Calypso,66.6842,4.5662,1226,North Atlantic,4.36,symbiont-facultative,spinose,0
MD95-2010,Calypso,66.6842,4.5662,1226,North Atlantic,4.36,symbiont-obligate,spinose,0
MD95-2010,Calypso,66.6842,4.5662,1226,North Atlantic,4.36,undetermined,non-spinose,0
MD95-2010,Calypso,66.6842,4.5662,1226,North Atlantic,4.4,symbiont-barren,non-spinose,303
MD95-2010,Calypso,66.6842,4.5662,1226,North Atlantic,4.4,symbiont-barren,spinose,0
MD95-2010,Calypso,66.6842,4.5662,1226,North Atlantic,4.4,symbiont-bearing,non-spinose,0
MD95-2010,Calypso,66.6842,4.5662,1226,North Atlantic,4.4,symbiont-bearing,spinose,0
MD95-2010,Calypso,66.6842,4.5662,1226,North Atlantic,4.4,symbiont-facultative,non-spinose,0
MD95-2010,Calypso,66.6842,4.5662,1226,North Atlantic,4.4,symbiont-facultative,spinose,0
MD95-2010,Calypso,66.6842,4.5662,1226,North Atlantic,4.4,symbiont-obligate,spinose,0
MD95-2010,Calypso,66.6842,4.5662,1226,North Atlantic,4.4,undetermined,non-spinose,0
MD95-2010,Calypso,66.6842,4.5662,1226,North Atlantic,4.43,symbiont-barren,non-spinose,205
MD95-2010,Calypso,66.6842,4.5662,1226,North Atlantic,4.43,symbiont-barren,spinose,5
MD95-2010,Calypso,66.6842,4.5662,1226,North Atlantic,4.43,symbiont-bearing,non-spinose,0
MD95-2010,Calypso,66.6842,4.5662,1226,North Atlantic,4.43,symbiont-bearing,spinose,0
MD95-2010,Calypso,66.6842,4.5662,1226,North Atlantic,4.43,symbiont-facultative,non-spinose,0
MD95-2010,Calypso,66.6842,4.5662,1226,North Atlantic,4.43,symbiont-facultative,spinose,0
MD95-2010,Calypso,66.6842,4.5662,1226,North Atlantic,4.43,symbiont-obligate,spinose,0
MD95-2010,Calypso,66.6842,4.5662,1226,North Atlantic,4.43,undetermined,non-spinose,0
MD95-2010,Calypso,66.6842,4.5662,1226,North Atlantic,4.47,symbiont-barren,non-spinose,214
MD95-2010,Calypso,66.6842,4.5662,1226,North Atlantic,4.47,symbiont-barren,spinose,8
MD95-2010,Calypso,66.6842,4.5662,1226,North Atlantic,4.47,symbiont-bearing,non-spinose,0
MD95-2010,Calypso,66.6842,4.5662,1226,North Atlantic,4.47,symbiont-bearing,spinose,0
MD95-2010,Calypso,66.6842,4.5662,1226,North Atlantic,4.47,symbiont-facultative,non-spinose,0
MD95-2010,Calypso,66.6842,4.5662,1226,North Atlantic,4.47,symbiont-facultative,spinose,0
MD95-2010,Calypso,66.6842,4.5662,1226,North Atlantic,4.47,symbiont-obligate,spinose,0
MD95-2010,Calypso,66.6842,4.5662,1226,North Atlantic,4.47,undetermined,non-spinose,0
MD95-2010,Calypso,66.6842,4.5662,1226,North Atlantic,4.49,symbiont-barren,non-spinose,208
MD95-2010,Calypso,66.6842,4.5662,1226,North Atlantic,4.49,symbiont-barren,spinose,2
MD95-2010,Calypso,66.6842,4.5662,1226,North Atlantic,4.49,symbiont-bearing,non-spinose,0
MD95-2010,Calypso,66.6842,4.5662,1226,North Atlantic,4.49,symbiont-bearing,spinose,0
MD95-2010,Calypso,66.6842,4.5662,1226,North Atlantic,4.49,symbiont-facultative,non-spinose,0
MD95-2010,Calypso,66.6842,4.5662,1226,North Atlantic,4.49,symbiont-facultative,spinose,0
MD95-2010,Calypso,66.6842,4.5662,1226,North Atlantic,4.49,symbiont-obligate,spinose,0
MD95-2010,Calypso,66.6842,4.5662,1226,North Atlantic,4.49,undetermined,non-spinose,0
MD95-2010,Calypso,66.6842,4.5662,1226,North Atlantic,4.54,symbiont-barren,non-spinose,206
MD95-2010,Calypso,66.6842,4.5662,1226,North Atlantic,4.54,symbiont-barren,spinose,5
MD95-2010,Calypso,66.6842,4.5662,1226,North Atlantic,4.54,symbiont-bearing,non-spinose,0
MD95-2010,Calypso,66.6842,4.5662,1226,North Atlantic,4.54,symbiont-bearing,spinose,0
MD95-2010,Calypso,66.6842,4.5662,1226,North Atlantic,4.54,symbiont-facultative,non-spinose,0
MD95-2010,Calypso,66.6842,4.5662,1226,North Atlantic,4.54,symbiont-facultative,spinose,0
MD95-2010,Calypso,66.6842,4.5662,1226,North Atlantic,4.54,symbiont-obligate,spinose,0
MD95-2010,Calypso,66.6842,4.5662,1226,North Atlantic,4.54,undetermined,non-spinose,0
MD95-2010,Calypso,66.6842,4.5662,1226,North Atlantic,4.59,symbiont-barren,non-spinose,198
MD95-2010,Calypso,66.6842,4.5662,1226,North Atlantic,4.59,symbiont-barren,spinose,2
MD95-2010,Calypso,66.6842,4.5662,1226,North Atlantic,4.59,symbiont-bearing,non-spinose,0
MD95-2010,Calypso,66.6842,4.5662,1226,North Atlantic,4.59,symbiont-bearing,spinose,0
MD95-2010,Calypso,66.6842,4.5662,1226,North Atlantic,4.59,symbiont-facultative,non-spinose,0
MD95-2010,Calypso,66.6842,4.5662,1226,North Atlantic,4.59,symbiont-facultative,spinose,0
MD95-2010,Calypso,66.6842,4.5662,1226,North Atlantic,4.59,symbiont-obligate,spinose,0
MD95-2010,Calypso,66.6842,4.5662,1226,North Atlantic,4.59,undetermined,non-spinose,0
MD95-2010,Calypso,66.6842,4.5662,1226,North Atlantic,4.6,symbiont-barren,non-spinose,305
MD95-2010,Calypso,66.6842,4.5662,1226,North Atlantic,4.6,symbiont-barren,spinose,0
MD95-2010,Calypso,66.6842,4.5662,1226,North Atlantic,4.6,symbiont-bearing,non-spinose,0
MD95-2010,Calypso,66.6842,4.5662,1226,North Atlantic,4.6,symbiont-bearing,spinose,0
MD95-2010,Calypso,66.6842,4.5662,1226,North Atlantic,4.6,symbiont-facultative,non-spinose,0
MD95-2010,Calypso,66.6842,4.5662,1226,North Atlantic,4.6,symbiont-facultative,spinose,0
MD95-2010,Calypso,66.6842,4.5662,1226,North Atlantic,4.6,symbiont-obligate,spinose,0
MD95-2010,Calypso,66.6842,4.5662,1226,North Atlantic,4.6,undetermined,non-spinose,0
MD95-2042,Calypso Corer,37.799833,-10.1665,3146,North Atlantic,,symbiont-barren,non-spinose,3864
MD95-2042,Calypso Corer,37.799833,-10.1665,3146,North Atlantic,,symbiont-barren,spinose,2279
MD95-2042,Calypso Corer,37.799833,-10.1665,3146,North Atlantic,,symbiont-bearing,non-spinose,0
MD95-2042,Calypso Corer,37.799833,-10.1665,3146,North Atlantic,,symbiont-bearing,spinose,30
MD95-2042,Calypso Corer,37.799833,-10.1665,3146,North Atlantic,,symbiont-facultative,non-spinose,1914
MD95-2042,Calypso Corer,37.799833,-10.1665,3146,North Atlantic,,symbiont-facultative,spinose,0
MD95-2042,Calypso Corer,37.799833,-10.1665,3146,North Atlantic,,symbiont-obligate,spinose,817
MD95-2042,Calypso Corer,37.799833,-10.1665,3146,North Atlantic,,undetermined,non-spinose,0
MD96-2048,Calypso Corer,-26.1667,34.0167,660,Indian,,symbiont-barren,non-spinose,186
MD96-2048,Calypso Corer,-26.1667,34.0167,660,Indian,,symbiont-barren,spinose,92
MD96-2048,Calypso Corer,-26.1667,34.0167,660,Indian,,symbiont-bearing,non-spinose,0
MD96-2048,Calypso Corer,-26.1667,34.0167,660,Indian,,symbiont-bearing,spinose,35
MD96-2048,Calypso Corer,-26.1667,34.0167,660,Indian,,symbiont-facultative,non-spinose,397
MD96-2048,Calypso Corer,-26.1667,34.0167,660,Indian,,symbiont-facultative,spinose,0
MD96-2048,Calypso Corer,-26.1667,34.0167,660,Indian,,symbiont-obligate,spinose,495
MD96-2048,Calypso Corer,-26.1667,34.0167,660,Indian,,undetermined,non-spinose,0
MD97-2138,Calypso Corer,1.42,146.236,1960,Pacific,,symbiont-barren,non-spinose,83
MD97-2138,Calypso Corer,1.42,146.236,1960,Pacific,,symbiont-barren,spinose,484
MD97-2138,Calypso Corer,1.42,146.236,1960,Pacific,,symbiont-bearing,non-spinose,0
MD97-2138,Calypso Corer,1.42,146.236,1960,Pacific,,symbiont-bearing,spinose,111
MD97-2138,Calypso Corer,1.42,146.236,1960,Pacific,,symbiont-facultative,non-spinose,1197
MD97-2138,Calypso Corer,1.42,146.236,1960,Pacific,,symbiont-facultative,spinose,0
MD97-2138,Calypso Corer,1.42,146.236,1960,Pacific,,symbiont-obligate,spinose,968
MD97-2138,Calypso Corer,1.42,146.236,1960,Pacific,,undetermined,non-spinose,4
MD98-2195,Calypso Corer,31.64,128.94,746,Pacific,,symbiont-barren,non-spinose,6400
MD98-2195,Calypso Corer,31.64,128.94,746,Pacific,,symbiont-barren,spinose,7383
MD98-2195,Calypso Corer,31.64,128.94,746,Pacific,,symbiont-bearing,non-spinose,0
MD98-2195,Calypso Corer,31.64,128.94,746,Pacific,,symbiont-bearing,spinose,414
MD98-2195,Calypso Corer,31.64,128.94,746,Pacific,,symbiont-facultative,non-spinose,9021
MD98-2195,Calypso Corer,31.64,128.94,746,Pacific,,symbiont-facultative,spinose,0
MD98-2195,Calypso Corer,31.64,128.94,746,Pacific,,symbiont-obligate,spinose,4791
MD98-2195,Calypso Corer,31.64,128.94,746,Pacific,,undetermined,non-spinose,0
MD98-2196,Calypso Corer,29.88,128.61,951,Pacific,,symbiont-barren,non-spinose,148
MD98-2196,Calypso Corer,29.88,128.61,951,Pacific,,symbiont-barren,spinose,430
MD98-2196,Calypso Corer,29.88,128.61,951,Pacific,,symbiont-bearing,non-spinose,1
MD98-2196,Calypso Corer,29.88,128.61,951,Pacific,,symbiont-bearing,spinose,52
MD98-2196,Calypso Corer,29.88,128.61,951,Pacific,,symbiont-facultative,non-spinose,645
MD98-2196,Calypso Corer,29.88,128.61,951,Pacific,,symbiont-facultative,spinose,2
MD98-2196,Calypso Corer,29.88,128.61,951,Pacific,,symbiont-obligate,spinose,520
MD98-2196,Calypso Corer,29.88,128.61,951,Pacific,,undetermined,non-spinose,10
MD99-2281,Calypso Corer,60.341833,-9.455667,1197,North Atlantic,,symbiont-barren,non-spinose,6920
MD99-2281,Calypso Corer,60.341833,-9.455667,1197,North Atlantic,,symbiont-barren,spinose,1190
MD99-2281,Calypso Corer,60.341833,-9.455667,1197,North Atlantic,,symbiont-bearing,non-spinose,0
MD99-2281,Calypso Corer,60.341833,-9.455667,1197,North Atlantic,,symbiont-bearing,spinose,0
MD99-2281,Calypso Corer,60.341833,-9.455667,1197,North Atlantic,,symbiont-facultative,non-spinose,1036
MD99-2281,Calypso Corer,60.341833,-9.455667,1197,North Atlantic,,symbiont-facultative,spinose,0
MD99-2281,Calypso Corer,60.341833,-9.455667,1197,North Atlantic,,symbiont-obligate,spinose,0
MD99-2281,Calypso Corer,60.341833,-9.455667,1197,North Atlantic,,undetermined,non-spinose,0
MD99-2303,Calypso core,77.519667,8.399667,2325,North Atlantic,2.1,symbiont-barren,non-spinose,307
MD99-2303,Calypso core,77.519667,8.399667,2325,North Atlantic,2.1,symbiont-barren,spinose,17
MD99-2303,Calypso core,77.519667,8.399667,2325,North Atlantic,2.1,symbiont-bearing,non-spinose,0
MD99-2303,Calypso core,77.519667,8.399667,2325,North Atlantic,2.1,symbiont-bearing,spinose,0
MD99-2303,Calypso core,77.519667,8.399667,2325,North Atlantic,2.1,symbiont-facultative,non-spinose,0
MD99-2303,Calypso core,77.519667,8.399667,2325,North Atlantic,2.1,symbiont-facultative,spinose,0
MD99-2303,Calypso core,77.519667,8.399667,2325,North Atlantic,2.1,symbiont-obligate,spinose,0
MD99-2303,Calypso core,77.519667,8.399667,2325,North Atlantic,2.1,undetermined,non-spinose,0
MD99-2303,Calypso core,77.519667,8.399667,2325,North Atlantic,2.2,symbiont-barren,non-spinose,309
MD99-2303,Calypso core,77.519667,8.399667,2325,North Atlantic,2.2,symbiont-barren,spinose,16
MD99-2303,Calypso core,77.519667,8.399667,2325,North Atlantic,2.2,symbiont-bearing,non-spinose,0
MD99-2303,Calypso core,77.519667,8.399667,2325,North Atlantic,2.2,symbiont-bearing,spinose,0
MD99-2303,Calypso core,77.519667,8.399667,2325,North Atlantic,2.2,symbiont-facultative,non-spinose,0
MD99-2303,Calypso core,77.519667,8.399667,2325,North Atlantic,2.2,symbiont-facultative,spinose,0
MD99-2303,Calypso core,77.519667,8.399667,2325,North Atlantic,2.2,symbiont-obligate,spinose,0
MD99-2303,Calypso core,77.519667,8.399667,2325,North Atlantic,2.2,undetermined,non-spinose,0
MD99-2303,Calypso core,77.519667,8.399667,2325,North Atlantic,2.3,symbiont-barren,non-spinose,337
MD99-2303,Calypso core,77.519667,8.399667,2325,North Atlantic,2.3,symbiont-barren,spinose,20
MD99-2303,Calypso core,77.519667,8.399667,2325,North Atlantic,2.3,symbiont-bearing,non-spinose,0
MD99-2303,Calypso core,77.519667,8.399667,2325,North Atlantic,2.3,symbiont-bearing,spinose,0
MD99-2303,Calypso core,77.519667,8.399667,2325,North Atlantic,2.3,symbiont-facultative,non-spinose,0
MD99-2303,Calypso core,77.519667,8.399667,2325,North Atlantic,2.3,symbiont-facultative,spinose,0
MD99-2303,Calypso core,77.519667,8.399667,2325,North Atlantic,2.3,symbiont-obligate,spinose,0
MD99-2303,Calypso core,77.519667,8.399667,2325,North Atlantic,2.3,undetermined,non-spinose,0
MD99-2303,Calypso core,77.519667,8.399667,2325,North Atlantic,2.4,symbiont-barren,non-spinose,310
MD99-2303,Calypso core,77.519667,8.399667,2325,North Atlantic,2.4,symbiont-barren,spinose,17
MD99-2303,Calypso core,77.519667,8.399667,2325,North Atlantic,2.4,symbiont-bearing,non-spinose,0
MD99-2303,Calypso core,77.519667,8.399667,2325,North Atlantic,2.4,symbiont-bearing,spinose,0
MD99-2303,Calypso core,77.519667,8.399667,2325,North Atlantic,2.4,symbiont-facultative,non-spinose,0
MD99-2303,Calypso core,77.519667,8.399667,2325,North Atlantic,2.4,symbiont-facultative,spinose,0
MD99-2303,Calypso core,77.519667,8.399667,2325,North Atlantic,2.4,symbiont-obligate,spinose,0
MD99-2303,Calypso core,77.519667,8.399667,2325,North Atlantic,2.4,undetermined,non-spinose,0
MD99-2303,Calypso core,77.519667,8.399667,2325,North Atlantic,2.5,symbiont-barren,non-spinose,319
MD99-2303,Calypso core,77.519667,8.399667,2325,North Atlantic,2.5,symbiont-barren,spinose,20
MD99-2303,Calypso core,77.519667,8.399667,2325,North Atlantic,2.5,symbiont-bearing,non-spinose,0
MD99-2303,Calypso core,77.519667,8.399667,2325,North Atlantic,2.5,symbiont-bearing,spinose,0
MD99-2303,Calypso core,77.519667,8.399667,2325,North Atlantic,2.5,symbiont-facultative,non-spinose,0
MD99-2303,Calypso core,77.519667,8.399667,2325,North Atlantic,2.5,symbiont-facultative,spinose,0
MD99-2303,Calypso core,77.519667,8.399667,2325,North Atlantic,2.5,symbiont-obligate,spinose,0
MD99-2303,Calypso core,77.519667,8.399667,2325,North Atlantic,2.5,undetermined,non-spinose,0
MD99-2303,Calypso core,77.519667,8.399667,2325,North Atlantic,2.6,symbiont-barren,non-spinose,312
MD99-2303,Calypso core,77.519667,8.399667,2325,North Atlantic,2.6,symbiont-barren,spinose,10
MD99-2303,Calypso core,77.519667,8.399667,2325,North Atlantic,2.6,symbiont-bearing,non-spinose,0
MD99-2303,Calypso core,77.519667,8.399667,2325,North Atlantic,2.6,symbiont-bearing,spinose,0
MD99-2303,Calypso core,77.519667,8.399667,2325,North Atlantic,2.6,symbiont-facultative,non-spinose,0
MD99-2303,Calypso core,77.519667,8.399667,2325,North Atlantic,2.6,symbiont-facultative,spinose,0
MD99-2303,Calypso core,77.519667,8.399667,2325,North Atlantic,2.6,symbiont-obligate,spinose,0
MD99-2303,Calypso core,77.519667,8.399667,2325,North Atlantic,2.6,undetermined,non-spinose,0
MD99-2303,Calypso core,77.519667,8.399667,2325,North Atlantic,2.7,symbiont-barren,non-spinose,301
MD99-2303,Calypso core,77.519667,8.399667,2325,North Atlantic,2.7,symbiont-barren,spinose,4
MD99-2303,Calypso core,77.519667,8.399667,2325,North Atlantic,2.7,symbiont-bearing,non-spinose,0
MD99-2303,Calypso core,77.519667,8.399667,2325,North Atlantic,2.7,symbiont-bearing,spinose,0
MD99-2303,Calypso core,77.519667,8.399667,2325,North Atlantic,2.7,symbiont-facultative,non-spinose,0
MD99-2303,Calypso core,77.519667,8.399667,2325,North Atlantic,2.7,symbiont-facultative,spinose,0
MD99-2303,Calypso core,77.519667,8.399667,2325,North Atlantic,2.7,symbiont-obligate,spinose,0
MD99-2303,Calypso core,77.519667,8.399667,2325,North Atlantic,2.7,undetermined,non-spinose,0
MD99-2303,Calypso core,77.519667,8.399667,2325,North Atlantic,2.8,symbiont-barren,non-spinose,289
MD99-2303,Calypso core,77.519667,8.399667,2325,North Atlantic,2.8,symbiont-barren,spinose,13
MD99-2303,Calypso core,77.519667,8.399667,2325,North Atlantic,2.8,symbiont-bearing,non-spinose,0
MD99-2303,Calypso core,77.519667,8.399667,2325,North Atlantic,2.8,symbiont-bearing,spinose,0
MD99-2303,Calypso core,77.519667,8.399667,2325,North Atlantic,2.8,symbiont-facultative,non-spinose,0
MD99-2303,Calypso core,77.519667,8.399667,2325,North Atlantic,2.8,symbiont-facultative,spinose,0
MD99-2303,Calypso core,77.519667,8.399667,2325,North Atlantic,2.8,symbiont-obligate,spinose,0
MD99-2303,Calypso core,77.519667,8.399667,2325,North Atlantic,2.8,undetermined,non-spinose,0
MD99-2331,Calypso Corer,42.15,-9.68333,2120,North Atlantic,,symbiont-barren,non-spinose,4178
MD99-2331,Calypso Corer,42.15,-9.68333,2120,North Atlantic,,symbiont-barren,spinose,2552
MD99-2331,Calypso Corer,42.15,-9.68333,2120,North Atlantic,,symbiont-bearing,non-spinose,0
MD99-2331,Calypso Corer,42.15,-9.68333,2120,North Atlantic,,symbiont-bearing,spinose,1
MD99-2331,Calypso Corer,42.15,-9.68333,2120,North Atlantic,,symbiont-facultative,non-spinose,1912
MD99-2331,Calypso Corer,42.15,-9.68333,2120,North Atlantic,,symbiont-facultative,spinose,0
MD99-2331,Calypso Corer,42.15,-9.68333,2120,North Atlantic,,symbiont-obligate,spinose,364
MD99-2331,Calypso Corer,42.15,-9.68333,2120,North Atlantic,,undetermined,non-spinose,0
MD992344,Piston,41.997,4.836,2326,Mediterranean,,symbiont-barren,non-spinose,183
MD992344,Piston,41.997,4.836,2326,Mediterranean,,symbiont-barren,spinose,1210
MD992344,Piston,41.997,4.836,2326,Mediterranean,,symbiont-bearing,non-spinose,0
MD992344,Piston,41.997,4.836,2326,Mediterranean,,symbiont-bearing,spinose,0
MD992344,Piston,41.997,4.836,2326,Mediterranean,,symbiont-facultative,non-spinose,103
MD992344,Piston,41.997,4.836,2326,Mediterranean,,symbiont-facultative,spinose,0
MD992344,Piston,41.997,4.836,2326,Mediterranean,,symbiont-obligate,spinose,16
MD992344,Piston,41.997,4.836,2326,Mediterranean,,undetermined,non-spinose,0
MD992346,Piston,42.044,4.151,2089,Mediterranean,,symbiont-barren,non-spinose,1004
MD992346,Piston,42.044,4.151,2089,Mediterranean,,symbiont-barren,spinose,3431
MD992346,Piston,42.044,4.151,2089,Mediterranean,,symbiont-bearing,non-spinose,0
MD992346,Piston,42.044,4.151,2089,Mediterranean,,symbiont-bearing,spinose,2
MD992346,Piston,42.044,4.151,2089,Mediterranean,,symbiont-facultative,non-spinose,653
MD992346,Piston,42.044,4.151,2089,Mediterranean,,symbiont-facultative,spinose,0
MD992346,Piston,42.044,4.151,2089,Mediterranean,,symbiont-obligate,spinose,81
MD992346,Piston,42.044,4.151,2089,Mediterranean,,undetermined,non-spinose,0
ME0005A-3JC,piston core,15.65666667,-95.2805,740,Pacific,,symbiont-barren,non-spinose,209
ME0005A-3JC,piston core,15.65666667,-95.2805,740,Pacific,,symbiont-barren,spinose,490
ME0005A-3JC,piston core,15.65666667,-95.2805,740,Pacific,,symbiont-bearing,non-spinose,28
ME0005A-3JC,piston core,15.65666667,-95.2805,740,Pacific,,symbiont-bearing,spinose,35
ME0005A-3JC,piston core,15.65666667,-95.2805,740,Pacific,,symbiont-facultative,non-spinose,1875
ME0005A-3JC,piston core,15.65666667,-95.2805,740,Pacific,,symbiont-facultative,spinose,0
ME0005A-3JC,piston core,15.65666667,-95.2805,740,Pacific,,symbiont-obligate,spinose,190
ME0005A-3JC,piston core,15.65666667,-95.2805,740,Pacific,,undetermined,non-spinose,2
NS07-25,gravity core,6.66575,113.5489333,2006,Pacific,,symbiont-barren,non-spinose,304
NS07-25,gravity core,6.66575,113.5489333,2006,Pacific,,symbiont-barren,spinose,177
NS07-25,gravity core,6.66575,113.5489333,2006,Pacific,,symbiont-bearing,non-spinose,0
NS07-25,gravity core,6.66575,113.5489333,2006,Pacific,,symbiont-bearing,spinose,29
NS07-25,gravity core,6.66575,113.5489333,2006,Pacific,,symbiont-facultative,non-spinose,2986
NS07-25,gravity core,6.66575,113.5489333,2006,Pacific,,symbiont-facultative,spinose,0
NS07-25,gravity core,6.66575,113.5489333,2006,Pacific,,symbiont-obligate,spinose,2946
NS07-25,gravity core,6.66575,113.5489333,2006,Pacific,,undetermined,non-spinose,22
ODP 658C,Drilling/drill rig,20.7492,-18.5808,2273,North Atlantic,,symbiont-barren,non-spinose,785
ODP 658C,Drilling/drill rig,20.7492,-18.5808,2273,North Atlantic,,symbiont-barren,spinose,995
ODP 658C,Drilling/drill rig,20.7492,-18.5808,2273,North Atlantic,,symbiont-bearing,non-spinose,0
ODP 658C,Drilling/drill rig,20.7492,-18.5808,2273,North Atlantic,,symbiont-bearing,spinose,7
ODP 658C,Drilling/drill rig,20.7492,-18.5808,2273,North Atlantic,,symbiont-facultative,non-spinose,277
ODP 658C,Drilling/drill rig,20.7492,-18.5808,2273,North Atlantic,,symbiont-facultative,spinose,0
ODP 658C,Drilling/drill rig,20.7492,-18.5808,2273,North Atlantic,,symbiont-obligate,spinose,51
ODP 658C,Drilling/drill rig,20.7492,-18.5808,2273,North Atlantic,,undetermined,non-spinose,0
ODP 969,Piston,33.839,24.884,2200,Mediterranean,,symbiont-barren,non-spinose,692
ODP 969,Piston,33.839,24.884,2200,Mediterranean,,symbiont-barren,spinose,261
ODP 969,Piston,33.839,24.884,2200,Mediterranean,,symbiont-bearing,non-spinose,0
ODP 969,Piston,33.839,24.884,2200,Mediterranean,,symbiont-bearing,spinose,2
ODP 969,Piston,33.839,24.884,2200,Mediterranean,,symbiont-facultative,non-spinose,206
ODP 969,Piston,33.839,24.884,2200,Mediterranean,,symbiont-facultative,spinose,0
ODP 969,Piston,33.839,24.884,2200,Mediterranean,,symbiont-obligate,spinose,508
ODP 969,Piston,33.839,24.884,2200,Mediterranean,,undetermined,non-spinose,0
ODP 973,Piston,35.78,18.948,3695,Mediterranean,,symbiont-barren,non-spinose,292
ODP 973,Piston,35.78,18.948,3695,Mediterranean,,symbiont-barren,spinose,124
ODP 973,Piston,35.78,18.948,3695,Mediterranean,,symbiont-bearing,non-spinose,0
ODP 973,Piston,35.78,18.948,3695,Mediterranean,,symbiont-bearing,spinose,5
ODP 973,Piston,35.78,18.948,3695,Mediterranean,,symbiont-facultative,non-spinose,110
ODP 973,Piston,35.78,18.948,3695,Mediterranean,,symbiont-facultative,spinose,0
ODP 973,Piston,35.78,18.948,3695,Mediterranean,,symbiont-obligate,spinose,124
ODP 973,Piston,35.78,18.948,3695,Mediterranean,,undetermined,non-spinose,0
ODP 975,Piston,38.89,4.5,2426,Mediterranean,,symbiont-barren,non-spinose,735
ODP 975,Piston,38.89,4.5,2426,Mediterranean,,symbiont-barren,spinose,1472
ODP 975,Piston,38.89,4.5,2426,Mediterranean,,symbiont-bearing,non-spinose,0
ODP 975,Piston,38.89,4.5,2426,Mediterranean,,symbiont-bearing,spinose,0
ODP 975,Piston,38.89,4.5,2426,Mediterranean,,symbiont-facultative,non-spinose,430
ODP 975,Piston,38.89,4.5,2426,Mediterranean,,symbiont-facultative,spinose,0
ODP 975,Piston,38.89,4.5,2426,Mediterranean,,symbiont-obligate,spinose,83
ODP 975,Piston,38.89,4.5,2426,Mediterranean,,undetermined,non-spinose,0
ODP 977,Piston,36.0317,-1.95528,1984,Mediterranean,,symbiont-barren,non-spinose,1914
ODP 977,Piston,36.0317,-1.95528,1984,Mediterranean,,symbiont-barren,spinose,258
ODP 977,Piston,36.0317,-1.95528,1984,Mediterranean,,symbiont-bearing,non-spinose,0
ODP 977,Piston,36.0317,-1.95528,1984,Mediterranean,,symbiont-bearing,spinose,4
ODP 977,Piston,36.0317,-1.95528,1984,Mediterranean,,symbiont-facultative,non-spinose,61
ODP 977,Piston,36.0317,-1.95528,1984,Mediterranean,,symbiont-facultative,spinose,0
ODP 977,Piston,36.0317,-1.95528,1984,Mediterranean,,symbiont-obligate,spinose,20
ODP 977,Piston,36.0317,-1.95528,1984,Mediterranean,,undetermined,non-spinose,0
ODP122-760A,,-16.922,115.5413333,1970,Indian,0.39,symbiont-barren,non-spinose,27
ODP122-760A,,-16.922,115.5413333,1970,Indian,0.39,symbiont-barren,spinose,2
ODP122-760A,,-16.922,115.5413333,1970,Indian,0.39,symbiont-bearing,non-spinose,0
ODP122-760A,,-16.922,115.5413333,1970,Indian,0.39,symbiont-bearing,spinose,7
ODP122-760A,,-16.922,115.5413333,1970,Indian,0.39,symbiont-facultative,non-spinose,136
ODP122-760A,,-16.922,115.5413333,1970,Indian,0.39,symbiont-facultative,spinose,0
ODP122-760A,,-16.922,115.5413333,1970,Indian,0.39,symbiont-obligate,spinose,154
ODP122-760A,,-16.922,115.5413333,1970,Indian,0.39,undetermined,non-spinose,0
ODP122-762B,,-19.88733333,112.254,1360,Indian,0.8,symbiont-barren,non-spinose,19
ODP122-762B,,-19.88733333,112.254,1360,Indian,0.8,symbiont-barren,spinose,7
ODP122-762B,,-19.88733333,112.254,1360,Indian,0.8,symbiont-bearing,non-spinose,0
ODP122-762B,,-19.88733333,112.254,1360,Indian,0.8,symbiont-bearing,spinose,6
ODP122-762B,,-19.88733333,112.254,1360,Indian,0.8,symbiont-facultative,non-spinose,115
ODP122-762B,,-19.88733333,112.254,1360,Indian,0.8,symbiont-facultative,spinose,0
ODP122-762B,,-19.88733333,112.254,1360,Indian,0.8,symbiont-obligate,spinose,116
ODP122-762B,,-19.88733333,112.254,1360,Indian,0.8,undetermined,non-spinose,3
OMEXII-9K,,42.33233333,-9.698666667,1833,North Atlantic,,symbiont-barren,non-spinose,3860
OMEXII-9K,,42.33233333,-9.698666667,1833,North Atlantic,,symbiont-barren,spinose,2721
OMEXII-9K,,42.33233333,-9.698666667,1833,North Atlantic,,symbiont-bearing,non-spinose,0
OMEXII-9K,,42.33233333,-9.698666667,1833,North Atlantic,,symbiont-bearing,spinose,2
OMEXII-9K,,42.33233333,-9.698666667,1833,North Atlantic,,symbiont-facultative,non-spinose,1369
OMEXII-9K,,42.33233333,-9.698666667,1833,North Atlantic,,symbiont-facultative,spinose,0
OMEXII-9K,,42.33233333,-9.698666667,1833,North Atlantic,,symbiont-obligate,spinose,336
OMEXII-9K,,42.33233333,-9.698666667,1833,North Atlantic,,undetermined,non-spinose,0
P69,,-40.39666667,177.9966667,2195,Pacific,3.9,symbiont-barren,non-spinose,154
P69,,-40.39666667,177.9966667,2195,Pacific,3.9,symbiont-barren,spinose,68
P69,,-40.39666667,177.9966667,2195,Pacific,3.9,symbiont-bearing,non-spinose,0
P69,,-40.39666667,177.9966667,2195,Pacific,3.9,symbiont-bearing,spinose,0
P69,,-40.39666667,177.9966667,2195,Pacific,3.9,symbiont-facultative,non-spinose,90
P69,,-40.39666667,177.9966667,2195,Pacific,3.9,symbiont-facultative,spinose,0
P69,,-40.39666667,177.9966667,2195,Pacific,3.9,symbiont-obligate,spinose,7
P69,,-40.39666667,177.9966667,2195,Pacific,3.9,undetermined,non-spinose,0
PE109-13,,42.572,-9.69,2000,North Atlantic,,symbiont-barren,non-spinose,700
PE109-13,,42.572,-9.69,2000,North Atlantic,,symbiont-barren,spinose,1151
PE109-13,,42.572,-9.69,2000,North Atlantic,,symbiont-bearing,non-spinose,0
PE109-13,,42.572,-9.69,2000,North Atlantic,,symbiont-bearing,spinose,0
PE109-13,,42.572,-9.69,2000,North Atlantic,,symbiont-facultative,non-spinose,1300
PE109-13,,42.572,-9.69,2000,North Atlantic,,symbiont-facultative,spinose,1
PE109-13,,42.572,-9.69,2000,North Atlantic,,symbiont-obligate,spinose,419
PE109-13,,42.572,-9.69,2000,North Atlantic,,undetermined,non-spinose,0
Q200,,-45.995,172.025,1370,Pacific,0.59,symbiont-barren,non-spinose,253
Q200,,-45.995,172.025,1370,Pacific,0.59,symbiont-barren,spinose,23
Q200,,-45.995,172.025,1370,Pacific,0.59,symbiont-bearing,non-spinose,0
Q200,,-45.995,172.025,1370,Pacific,0.59,symbiont-bearing,spinose,0
Q200,,-45.995,172.025,1370,Pacific,0.59,symbiont-facultative,non-spinose,2
Q200,,-45.995,172.025,1370,Pacific,0.59,symbiont-facultative,spinose,0
Q200,,-45.995,172.025,1370,Pacific,0.59,symbiont-obligate,spinose,0
Q200,,-45.995,172.025,1370,Pacific,0.59,undetermined,non-spinose,0
Q585,,-49.70333333,-177.99,4354,Pacific,0.73,symbiont-barren,non-spinose,326
Q585,,-49.70333333,-177.99,4354,Pacific,0.73,symbiont-barren,spinose,15
Q585,,-49.70333333,-177.99,4354,Pacific,0.73,symbiont-bearing,non-spinose,0
Q585,,-49.70333333,-177.99,4354,Pacific,0.73,symbiont-bearing,spinose,0
Q585,,-49.70333333,-177.99,4354,Pacific,0.73,symbiont-facultative,non-spinose,3
Q585,,-49.70333333,-177.99,4354,Pacific,0.73,symbiont-facultative,spinose,0
Q585,,-49.70333333,-177.99,4354,Pacific,0.73,symbiont-obligate,spinose,0
Q585,,-49.70333333,-177.99,4354,Pacific,0.73,undetermined,non-spinose,0
R657 (S),,-42.53333333,-178.4916667,1408,Pacific,0.5,symbiont-barren,non-spinose,180
R657 (S),,-42.53333333,-178.4916667,1408,Pacific,0.5,symbiont-barren,spinose,111
R657 (S),,-42.53333333,-178.4916667,1408,Pacific,0.5,symbiont-bearing,non-spinose,0
R657 (S),,-42.53333333,-178.4916667,1408,Pacific,0.5,symbiont-bearing,spinose,0
R657 (S),,-42.53333333,-178.4916667,1408,Pacific,0.5,symbiont-facultative,non-spinose,158
R657 (S),,-42.53333333,-178.4916667,1408,Pacific,0.5,symbiont-facultative,spinose,0
R657 (S),,-42.53333333,-178.4916667,1408,Pacific,0.5,symbiont-obligate,spinose,2
R657 (S),,-42.53333333,-178.4916667,1408,Pacific,0.5,undetermined,non-spinose,0
R657 (W),,-42.53333333,-178.4916667,1408,Pacific,0.5,symbiont-barren,non-spinose,136
R657 (W),,-42.53333333,-178.4916667,1408,Pacific,0.5,symbiont-barren,spinose,80
R657 (W),,-42.53333333,-178.4916667,1408,Pacific,0.5,symbiont-bearing,non-spinose,0
R657 (W),,-42.53333333,-178.4916667,1408,Pacific,0.5,symbiont-bearing,spinose,0
R657 (W),,-42.53333333,-178.4916667,1408,Pacific,0.5,symbiont-facultative,non-spinose,98
R657 (W),,-42.53333333,-178.4916667,1408,Pacific,0.5,symbiont-facultative,spinose,0
R657 (W),,-42.53333333,-178.4916667,1408,Pacific,0.5,symbiont-obligate,spinose,1
R657 (W),,-42.53333333,-178.4916667,1408,Pacific,0.5,undetermined,non-spinose,0
RC08-018,,-24.067,-15.117,3977,South Atlantic,20,symbiont-barren,non-spinose,33
RC08-018,,-24.067,-15.117,3977,South Atlantic,20,symbiont-barren,spinose,14
RC08-018,,-24.067,-15.117,3977,South Atlantic,20,symbiont-bearing,non-spinose,0
RC08-018,,-24.067,-15.117,3977,South Atlantic,20,symbiont-bearing,spinose,43
RC08-018,,-24.067,-15.117,3977,South Atlantic,20,symbiont-facultative,non-spinose,93
RC08-018,,-24.067,-15.117,3977,South Atlantic,20,symbiont-facultative,spinose,0
RC08-018,,-24.067,-15.117,3977,South Atlantic,20,symbiont-obligate,spinose,213
RC08-018,,-24.067,-15.117,3977,South Atlantic,20,undetermined,non-spinose,0
RC08-039,,-42.88333333,42.35,4330,Indian,0.7,symbiont-barren,non-spinose,261
RC08-039,,-42.88333333,42.35,4330,Indian,0.7,symbiont-barren,spinose,29
RC08-039,,-42.88333333,42.35,4330,Indian,0.7,symbiont-bearing,non-spinose,0
RC08-039,,-42.88333333,42.35,4330,Indian,0.7,symbiont-bearing,spinose,0
RC08-039,,-42.88333333,42.35,4330,Indian,0.7,symbiont-facultative,non-spinose,10
RC08-039,,-42.88333333,42.35,4330,Indian,0.7,symbiont-facultative,spinose,0
RC08-039,,-42.88333333,42.35,4330,Indian,0.7,symbiont-obligate,spinose,0
RC08-039,,-42.88333333,42.35,4330,Indian,0.7,undetermined,non-spinose,0
RC08-078,,-44.78333333,-175.7666667,1756,Pacific,0.5,symbiont-barren,non-spinose,69
RC08-078,,-44.78333333,-175.7666667,1756,Pacific,0.5,symbiont-barren,spinose,94
RC08-078,,-44.78333333,-175.7666667,1756,Pacific,0.5,symbiont-bearing,non-spinose,0
RC08-078,,-44.78333333,-175.7666667,1756,Pacific,0.5,symbiont-bearing,spinose,0
RC08-078,,-44.78333333,-175.7666667,1756,Pacific,0.5,symbiont-facultative,non-spinose,106
RC08-078,,-44.78333333,-175.7666667,1756,Pacific,0.5,symbiont-facultative,spinose,0
RC08-078,,-44.78333333,-175.7666667,1756,Pacific,0.5,symbiont-obligate,spinose,12
RC08-078,,-44.78333333,-175.7666667,1756,Pacific,0.5,undetermined,non-spinose,0
RC08-145,,33.569,-62.383,2743,North Atlantic,35,symbiont-barren,non-spinose,96
RC08-145,,33.569,-62.383,2743,North Atlantic,35,symbiont-barren,spinose,86
RC08-145,,33.569,-62.383,2743,North Atlantic,35,symbiont-bearing,non-spinose,0
RC08-145,,33.569,-62.383,2743,North Atlantic,35,symbiont-bearing,spinose,8
RC08-145,,33.569,-62.383,2743,North Atlantic,35,symbiont-facultative,non-spinose,102
RC08-145,,33.569,-62.383,2743,North Atlantic,35,symbiont-facultative,spinose,0
RC08-145,,33.569,-62.383,2743,North Atlantic,35,symbiont-obligate,spinose,84
RC08-145,,33.569,-62.383,2743,North Atlantic,35,undetermined,non-spinose,1
RC09-049,,11.184,-58.585,1851,North Atlantic,70,symbiont-barren,non-spinose,33
RC09-049,,11.184,-58.585,1851,North Atlantic,70,symbiont-barren,spinose,21
RC09-049,,11.184,-58.585,1851,North Atlantic,70,symbiont-bearing,non-spinose,0
RC09-049,,11.184,-58.585,1851,North Atlantic,70,symbiont-bearing,spinose,17
RC09-049,,11.184,-58.585,1851,North Atlantic,70,symbiont-facultative,non-spinose,66
RC09-049,,11.184,-58.585,1851,North Atlantic,70,symbiont-facultative,spinose,0
RC09-049,,11.184,-58.585,1851,North Atlantic,70,symbiont-obligate,spinose,300
RC09-049,,11.184,-58.585,1851,North Atlantic,70,undetermined,non-spinose,0
RC09-049,,11.184,-58.585,1851,North Atlantic,85,symbiont-barren,non-spinose,24
RC09-049,,11.184,-58.585,1851,North Atlantic,85,symbiont-barren,spinose,23
RC09-049,,11.184,-58.585,1851,North Atlantic,85,symbiont-bearing,non-spinose,0
RC09-049,,11.184,-58.585,1851,North Atlantic,85,symbiont-bearing,spinose,12
RC09-049,,11.184,-58.585,1851,North Atlantic,85,symbiont-facultative,non-spinose,50
RC09-049,,11.184,-58.585,1851,North Atlantic,85,symbiont-facultative,spinose,0
RC09-049,,11.184,-58.585,1851,North Atlantic,85,symbiont-obligate,spinose,184
RC09-049,,11.184,-58.585,1851,North Atlantic,85,undetermined,non-spinose,3
RC09-148,,-29.68,113.7,2056,Indian,0.19,symbiont-barren,non-spinose,8
RC09-148,,-29.68,113.7,2056,Indian,0.19,symbiont-barren,spinose,14
RC09-148,,-29.68,113.7,2056,Indian,0.19,symbiont-bearing,non-spinose,0
RC09-148,,-29.68,113.7,2056,Indian,0.19,symbiont-bearing,spinose,1
RC09-148,,-29.68,113.7,2056,Indian,0.19,symbiont-facultative,non-spinose,209
RC09-148,,-29.68,113.7,2056,Indian,0.19,symbiont-facultative,spinose,0
RC09-148,,-29.68,113.7,2056,Indian,0.19,symbiont-obligate,spinose,116
RC09-148,,-29.68,113.7,2056,Indian,0.19,undetermined,non-spinose,0
RC09-150 (P),,-31.28333333,114.5516667,2703,Indian,0.8,symbiont-barren,non-spinose,35
RC09-150 (P),,-31.28333333,114.5516667,2703,Indian,0.8,symbiont-barren,spinose,28
RC09-150 (P),,-31.28333333,114.5516667,2703,Indian,0.8,symbiont-bearing,non-spinose,0
RC09-150 (P),,-31.28333333,114.5516667,2703,Indian,0.8,symbiont-bearing,spinose,11
RC09-150 (P),,-31.28333333,114.5516667,2703,Indian,0.8,symbiont-facultative,non-spinose,181
RC09-150 (P),,-31.28333333,114.5516667,2703,Indian,0.8,symbiont-facultative,spinose,0
RC09-150 (P),,-31.28333333,114.5516667,2703,Indian,0.8,symbiont-obligate,spinose,46
RC09-150 (P),,-31.28333333,114.5516667,2703,Indian,0.8,undetermined,non-spinose,0
RC09-150 (W),,-31.28333333,114.5516667,2703,Indian,0.9,symbiont-barren,non-spinose,19
RC09-150 (W),,-31.28333333,114.5516667,2703,Indian,0.9,symbiont-barren,spinose,29
RC09-150 (W),,-31.28333333,114.5516667,2703,Indian,0.9,symbiont-bearing,non-spinose,0
RC09-150 (W),,-31.28333333,114.5516667,2703,Indian,0.9,symbiont-bearing,spinose,0
RC09-150 (W),,-31.28333333,114.5516667,2703,Indian,0.9,symbiont-facultative,non-spinose,218
RC09-150 (W),,-31.28333333,114.5516667,2703,Indian,0.9,symbiont-facultative,spinose,0
RC09-150 (W),,-31.28333333,114.5516667,2703,Indian,0.9,symbiont-obligate,spinose,23
RC09-150 (W),,-31.28333333,114.5516667,2703,Indian,0.9,undetermined,non-spinose,0
RC09-161,,19.56833333,59.595,3332,Indian,1.6,symbiont-barren,non-spinose,12
RC09-161,,19.56833333,59.595,3332,Indian,1.6,symbiont-barren,spinose,89
RC09-161,,19.56833333,59.595,3332,Indian,1.6,symbiont-bearing,non-spinose,0
RC09-161,,19.56833333,59.595,3332,Indian,1.6,symbiont-bearing,spinose,8
RC09-161,,19.56833333,59.595,3332,Indian,1.6,symbiont-facultative,non-spinose,105
RC09-161,,19.56833333,59.595,3332,Indian,1.6,symbiont-facultative,spinose,1
RC09-161,,19.56833333,59.595,3332,Indian,1.6,symbiont-obligate,spinose,85
RC09-161,,19.56833333,59.595,3332,Indian,1.6,undetermined,non-spinose,0
RC09-162,,19.07666667,60.42166667,3092,Indian,0.5,symbiont-barren,non-spinose,10
RC09-162,,19.07666667,60.42166667,3092,Indian,0.5,symbiont-barren,spinose,66
RC09-162,,19.07666667,60.42166667,3092,Indian,0.5,symbiont-bearing,non-spinose,0
RC09-162,,19.07666667,60.42166667,3092,Indian,0.5,symbiont-bearing,spinose,9
RC09-162,,19.07666667,60.42166667,3092,Indian,0.5,symbiont-facultative,non-spinose,122
RC09-162,,19.07666667,60.42166667,3092,Indian,0.5,symbiont-facultative,spinose,0
RC09-162,,19.07666667,60.42166667,3092,Indian,0.5,symbiont-obligate,spinose,95
RC09-162,,19.07666667,60.42166667,3092,Indian,0.5,undetermined,non-spinose,0
RC09-225,,54.968,-15.385,2334,North Atlantic,135,symbiont-barren,non-spinose,965
RC09-225,,54.968,-15.385,2334,North Atlantic,135,symbiont-barren,spinose,15
RC09-225,,54.968,-15.385,2334,North Atlantic,135,symbiont-bearing,non-spinose,0
RC09-225,,54.968,-15.385,2334,North Atlantic,135,symbiont-bearing,spinose,0
RC09-225,,54.968,-15.385,2334,North Atlantic,135,symbiont-facultative,non-spinose,20
RC09-225,,54.968,-15.385,2334,North Atlantic,135,symbiont-facultative,spinose,0
RC09-225,,54.968,-15.385,2334,North Atlantic,135,symbiont-obligate,spinose,0
RC09-225,,54.968,-15.385,2334,North Atlantic,135,undetermined,non-spinose,0
RC10-050,,11.767,-81.086,2072,North Atlantic,100,symbiont-barren,non-spinose,22
RC10-050,,11.767,-81.086,2072,North Atlantic,100,symbiont-barren,spinose,2
RC10-050,,11.767,-81.086,2072,North Atlantic,100,symbiont-bearing,non-spinose,0
RC10-050,,11.767,-81.086,2072,North Atlantic,100,symbiont-bearing,spinose,6
RC10-050,,11.767,-81.086,2072,North Atlantic,100,symbiont-facultative,non-spinose,67
RC10-050,,11.767,-81.086,2072,North Atlantic,100,symbiont-facultative,spinose,0
RC10-050,,11.767,-81.086,2072,North Atlantic,100,symbiont-obligate,spinose,216
RC10-050,,11.767,-81.086,2072,North Atlantic,100,undetermined,non-spinose,0
RC10-11,,-11.183,-162.917,,Pacific,20,symbiont-barren,non-spinose,4
RC10-11,,-11.183,-162.917,,Pacific,20,symbiont-barren,spinose,10
RC10-11,,-11.183,-162.917,,Pacific,20,symbiont-bearing,non-spinose,0
RC10-11,,-11.183,-162.917,,Pacific,20,symbiont-bearing,spinose,64
RC10-11,,-11.183,-162.917,,Pacific,20,symbiont-facultative,non-spinose,341
RC10-11,,-11.183,-162.917,,Pacific,20,symbiont-facultative,spinose,0
RC10-11,,-11.183,-162.917,,Pacific,20,symbiont-obligate,spinose,549
RC10-11,,-11.183,-162.917,,Pacific,20,undetermined,non-spinose,0
RC10-131,,-14.53,157.97,2933,Pacific,0.3,symbiont-barren,non-spinose,2
RC10-131,,-14.53,157.97,2933,Pacific,0.3,symbiont-barren,spinose,17
RC10-131,,-14.53,157.97,2933,Pacific,0.3,symbiont-bearing,non-spinose,0
RC10-131,,-14.53,157.97,2933,Pacific,0.3,symbiont-bearing,spinose,13
RC10-131,,-14.53,157.97,2933,Pacific,0.3,symbiont-facultative,non-spinose,95
RC10-131,,-14.53,157.97,2933,Pacific,0.3,symbiont-facultative,spinose,0
RC10-131,,-14.53,157.97,2933,Pacific,0.3,symbiont-obligate,spinose,152
RC10-131,,-14.53,157.97,2933,Pacific,0.3,undetermined,non-spinose,0
RC10-16,,33.083,158,,Pacific,9,symbiont-barren,non-spinose,83
RC10-16,,33.083,158,,Pacific,9,symbiont-barren,spinose,50
RC10-16,,33.083,158,,Pacific,9,symbiont-bearing,non-spinose,0
RC10-16,,33.083,158,,Pacific,9,symbiont-bearing,spinose,0
RC10-16,,33.083,158,,Pacific,9,symbiont-facultative,non-spinose,259
RC10-16,,33.083,158,,Pacific,9,symbiont-facultative,spinose,0
RC10-16,,33.083,158,,Pacific,9,symbiont-obligate,spinose,22
RC10-16,,33.083,158,,Pacific,9,undetermined,non-spinose,1
RC10-62,,3.333,-101.717,,Pacific,51,symbiont-barren,non-spinose,13
RC10-62,,3.333,-101.717,,Pacific,51,symbiont-barren,spinose,10
RC10-62,,3.333,-101.717,,Pacific,51,symbiont-bearing,non-spinose,0
RC10-62,,3.333,-101.717,,Pacific,51,symbiont-bearing,spinose,3
RC10-62,,3.333,-101.717,,Pacific,51,symbiont-facultative,non-spinose,175
RC10-62,,3.333,-101.717,,Pacific,51,symbiont-facultative,spinose,0
RC10-62,,3.333,-101.717,,Pacific,51,symbiont-obligate,spinose,29
RC10-62,,3.333,-101.717,,Pacific,51,undetermined,non-spinose,0
RC10-97,,0.917,-134.317,,Pacific,44,symbiont-barren,non-spinose,228
RC10-97,,0.917,-134.317,,Pacific,44,symbiont-barren,spinose,23
RC10-97,,0.917,-134.317,,Pacific,44,symbiont-bearing,non-spinose,0
RC10-97,,0.917,-134.317,,Pacific,44,symbiont-bearing,spinose,0
RC10-97,,0.917,-134.317,,Pacific,44,symbiont-facultative,non-spinose,496
RC10-97,,0.917,-134.317,,Pacific,44,symbiont-facultative,spinose,0
RC10-97,,0.917,-134.317,,Pacific,44,symbiont-obligate,spinose,31
RC10-97,,0.917,-134.317,,Pacific,44,undetermined,non-spinose,17
RC11-021,,-17.252,-35.967,4021,South Atlantic,30,symbiont-barren,non-spinose,9
RC11-021,,-17.252,-35.967,4021,South Atlantic,30,symbiont-barren,spinose,3
RC11-021,,-17.252,-35.967,4021,South Atlantic,30,symbiont-bearing,non-spinose,0
RC11-021,,-17.252,-35.967,4021,South Atlantic,30,symbiont-bearing,spinose,11
RC11-021,,-17.252,-35.967,4021,South Atlantic,30,symbiont-facultative,non-spinose,66
RC11-021,,-17.252,-35.967,4021,South Atlantic,30,symbiont-facultative,spinose,0
RC11-021,,-17.252,-35.967,4021,South Atlantic,30,symbiont-obligate,spinose,288
RC11-021,,-17.252,-35.967,4021,South Atlantic,30,undetermined,non-spinose,0
RC11-026,,-28.583,-30.051,2349,South Atlantic,30,symbiont-barren,non-spinose,71
RC11-026,,-28.583,-30.051,2349,South Atlantic,30,symbiont-barren,spinose,15
RC11-026,,-28.583,-30.051,2349,South Atlantic,30,symbiont-bearing,non-spinose,0
RC11-026,,-28.583,-30.051,2349,South Atlantic,30,symbiont-bearing,spinose,14
RC11-026,,-28.583,-30.051,2349,South Atlantic,30,symbiont-facultative,non-spinose,62
RC11-026,,-28.583,-30.051,2349,South Atlantic,30,symbiont-facultative,spinose,0
RC11-026,,-28.583,-30.051,2349,South Atlantic,30,symbiont-obligate,spinose,241
RC11-026,,-28.583,-30.051,2349,South Atlantic,30,undetermined,non-spinose,0
RC11-086,,-35.78,18.45,2829,South Atlantic,45,symbiont-barren,non-spinose,224
RC11-086,,-35.78,18.45,2829,South Atlantic,45,symbiont-barren,spinose,34
RC11-086,,-35.78,18.45,2829,South Atlantic,45,symbiont-bearing,non-spinose,0
RC11-086,,-35.78,18.45,2829,South Atlantic,45,symbiont-bearing,spinose,2
RC11-086,,-35.78,18.45,2829,South Atlantic,45,symbiont-facultative,non-spinose,103
RC11-086,,-35.78,18.45,2829,South Atlantic,45,symbiont-facultative,spinose,0
RC11-086,,-35.78,18.45,2829,South Atlantic,45,symbiont-obligate,spinose,40
RC11-086,,-35.78,18.45,2829,South Atlantic,45,undetermined,non-spinose,0
RC11-120,,-43.51666667,79.86666667,3193,Indian,0.74,symbiont-barren,non-spinose,210
RC11-120,,-43.51666667,79.86666667,3193,Indian,0.74,symbiont-barren,spinose,81
RC11-120,,-43.51666667,79.86666667,3193,Indian,0.74,symbiont-bearing,non-spinose,0
RC11-120,,-43.51666667,79.86666667,3193,Indian,0.74,symbiont-bearing,spinose,0
RC11-120,,-43.51666667,79.86666667,3193,Indian,0.74,symbiont-facultative,non-spinose,8
RC11-120,,-43.51666667,79.86666667,3193,Indian,0.74,symbiont-facultative,spinose,0
RC11-120,,-43.51666667,79.86666667,3193,Indian,0.74,symbiont-obligate,spinose,1
RC11-120,,-43.51666667,79.86666667,3193,Indian,0.74,undetermined,non-spinose,0
RC11-121,,-39.71666667,82.25,3426,Indian,0.4,symbiont-barren,non-spinose,94
RC11-121,,-39.71666667,82.25,3426,Indian,0.4,symbiont-barren,spinose,124
RC11-121,,-39.71666667,82.25,3426,Indian,0.4,symbiont-bearing,non-spinose,0
RC11-121,,-39.71666667,82.25,3426,Indian,0.4,symbiont-bearing,spinose,0
RC11-121,,-39.71666667,82.25,3426,Indian,0.4,symbiont-facultative,non-spinose,44
RC11-121,,-39.71666667,82.25,3426,Indian,0.4,symbiont-facultative,spinose,0
RC11-121,,-39.71666667,82.25,3426,Indian,0.4,symbiont-obligate,spinose,39
RC11-121,,-39.71666667,82.25,3426,Indian,0.4,undetermined,non-spinose,0
RC11-126,,-30.06666667,94.41666667,2336,Indian,0.2,symbiont-barren,non-spinose,73
RC11-126,,-30.06666667,94.41666667,2336,Indian,0.2,symbiont-barren,spinose,86
RC11-126,,-30.06666667,94.41666667,2336,Indian,0.2,symbiont-bearing,non-spinose,0
RC11-126,,-30.06666667,94.41666667,2336,Indian,0.2,symbiont-bearing,spinose,8
RC11-126,,-30.06666667,94.41666667,2336,Indian,0.2,symbiont-facultative,non-spinose,64
RC11-126,,-30.06666667,94.41666667,2336,Indian,0.2,symbiont-facultative,spinose,0
RC11-126,,-30.06666667,94.41666667,2336,Indian,0.2,symbiont-obligate,spinose,68
RC11-126,,-30.06666667,94.41666667,2336,Indian,0.2,undetermined,non-spinose,0
RC11-134,,-33.06666667,110.55,2345,Indian,0.1,symbiont-barren,non-spinose,47
RC11-134,,-33.06666667,110.55,2345,Indian,0.1,symbiont-barren,spinose,88
RC11-134,,-33.06666667,110.55,2345,Indian,0.1,symbiont-bearing,non-spinose,0
RC11-134,,-33.06666667,110.55,2345,Indian,0.1,symbiont-bearing,spinose,3
RC11-134,,-33.06666667,110.55,2345,Indian,0.1,symbiont-facultative,non-spinose,106
RC11-134,,-33.06666667,110.55,2345,Indian,0.1,symbiont-facultative,spinose,1
RC11-134,,-33.06666667,110.55,2345,Indian,0.1,symbiont-obligate,spinose,57
RC11-134,,-33.06666667,110.55,2345,Indian,0.1,undetermined,non-spinose,0
RC11-145,,-25.48333333,110.0166667,3911,Indian,0.29,symbiont-barren,non-spinose,10
RC11-145,,-25.48333333,110.0166667,3911,Indian,0.29,symbiont-barren,spinose,6
RC11-145,,-25.48333333,110.0166667,3911,Indian,0.29,symbiont-bearing,non-spinose,0
RC11-145,,-25.48333333,110.0166667,3911,Indian,0.29,symbiont-bearing,spinose,1
RC11-145,,-25.48333333,110.0166667,3911,Indian,0.29,symbiont-facultative,non-spinose,234
RC11-145,,-25.48333333,110.0166667,3911,Indian,0.29,symbiont-facultative,spinose,0
RC11-145,,-25.48333333,110.0166667,3911,Indian,0.29,symbiont-obligate,spinose,84
RC11-145,,-25.48333333,110.0166667,3911,Indian,0.29,undetermined,non-spinose,0
RC11-147,,-19.05833333,112.75,1953,Indian,0.6,symbiont-barren,non-spinose,27
RC11-147,,-19.05833333,112.75,1953,Indian,0.6,symbiont-barren,spinose,14
RC11-147,,-19.05833333,112.75,1953,Indian,0.6,symbiont-bearing,non-spinose,0
RC11-147,,-19.05833333,112.75,1953,Indian,0.6,symbiont-bearing,spinose,35
RC11-147,,-19.05833333,112.75,1953,Indian,0.6,symbiont-facultative,non-spinose,119
RC11-147,,-19.05833333,112.75,1953,Indian,0.6,symbiont-facultative,spinose,0
RC11-147,,-19.05833333,112.75,1953,Indian,0.6,symbiont-obligate,spinose,106
RC11-147,,-19.05833333,112.75,1953,Indian,0.6,undetermined,non-spinose,0
RC11-210,,1.817,-140.05,,Pacific,40,symbiont-barren,non-spinose,108
RC11-210,,1.817,-140.05,,Pacific,40,symbiont-barren,spinose,10
RC11-210,,1.817,-140.05,,Pacific,40,symbiont-bearing,non-spinose,0
RC11-210,,1.817,-140.05,,Pacific,40,symbiont-bearing,spinose,4
RC11-210,,1.817,-140.05,,Pacific,40,symbiont-facultative,non-spinose,135
RC11-210,,1.817,-140.05,,Pacific,40,symbiont-facultative,spinose,0
RC11-210,,1.817,-140.05,,Pacific,40,symbiont-obligate,spinose,19
RC11-210,,1.817,-140.05,,Pacific,40,undetermined,non-spinose,4
RC11-213,,-6.133,-140.85,,Pacific,15,symbiont-barren,non-spinose,38
RC11-213,,-6.133,-140.85,,Pacific,15,symbiont-barren,spinose,60
RC11-213,,-6.133,-140.85,,Pacific,15,symbiont-bearing,non-spinose,0
RC11-213,,-6.133,-140.85,,Pacific,15,symbiont-bearing,spinose,45
RC11-213,,-6.133,-140.85,,Pacific,15,symbiont-facultative,non-spinose,289
RC11-213,,-6.133,-140.85,,Pacific,15,symbiont-facultative,spinose,1
RC11-213,,-6.133,-140.85,,Pacific,15,symbiont-obligate,spinose,199
RC11-213,,-6.133,-140.85,,Pacific,15,undetermined,non-spinose,51
RC11-22,,-14.817,-139.967,,Pacific,30,symbiont-barren,non-spinose,22
RC11-22,,-14.817,-139.967,,Pacific,30,symbiont-barren,spinose,17
RC11-22,,-14.817,-139.967,,Pacific,30,symbiont-bearing,non-spinose,0
RC11-22,,-14.817,-139.967,,Pacific,30,symbiont-bearing,spinose,94
RC11-22,,-14.817,-139.967,,Pacific,30,symbiont-facultative,non-spinose,290
RC11-22,,-14.817,-139.967,,Pacific,30,symbiont-facultative,spinose,2
RC11-22,,-14.817,-139.967,,Pacific,30,symbiont-obligate,spinose,553
RC11-22,,-14.817,-139.967,,Pacific,30,undetermined,non-spinose,15
RC11-23,,-8.8,-110.8,,Pacific,45,symbiont-barren,non-spinose,110
RC11-23,,-8.8,-110.8,,Pacific,45,symbiont-barren,spinose,52
RC11-23,,-8.8,-110.8,,Pacific,45,symbiont-bearing,non-spinose,0
RC11-23,,-8.8,-110.8,,Pacific,45,symbiont-bearing,spinose,4
RC11-23,,-8.8,-110.8,,Pacific,45,symbiont-facultative,non-spinose,342
RC11-23,,-8.8,-110.8,,Pacific,45,symbiont-facultative,spinose,3
RC11-23,,-8.8,-110.8,,Pacific,45,symbiont-obligate,spinose,171
RC11-23,,-8.8,-110.8,,Pacific,45,undetermined,non-spinose,22
RC12-10,,-26,169.2,,Pacific,40,symbiont-barren,non-spinose,142
RC12-10,,-26,169.2,,Pacific,40,symbiont-barren,spinose,106
RC12-10,,-26,169.2,,Pacific,40,symbiont-bearing,non-spinose,0
RC12-10,,-26,169.2,,Pacific,40,symbiont-bearing,spinose,10
RC12-10,,-26,169.2,,Pacific,40,symbiont-facultative,non-spinose,341
RC12-10,,-26,169.2,,Pacific,40,symbiont-facultative,spinose,0
RC12-10,,-26,169.2,,Pacific,40,symbiont-obligate,spinose,640
RC12-10,,-26,169.2,,Pacific,40,undetermined,non-spinose,0
RC12-109,,-25.88333333,157.8666667,2930,Pacific,0.4,symbiont-barren,non-spinose,18
RC12-109,,-25.88333333,157.8666667,2930,Pacific,0.4,symbiont-barren,spinose,34
RC12-109,,-25.88333333,157.8666667,2930,Pacific,0.4,symbiont-bearing,non-spinose,0
RC12-109,,-25.88333333,157.8666667,2930,Pacific,0.4,symbiont-bearing,spinose,8
RC12-109,,-25.88333333,157.8666667,2930,Pacific,0.4,symbiont-facultative,non-spinose,150
RC12-109,,-25.88333333,157.8666667,2930,Pacific,0.4,symbiont-facultative,spinose,0
RC12-109,,-25.88333333,157.8666667,2930,Pacific,0.4,symbiont-obligate,spinose,235
RC12-109,,-25.88333333,157.8666667,2930,Pacific,0.4,undetermined,non-spinose,0
RC12-113 (A),,-24.88,163.52,2454,Pacific,0.5,symbiont-barren,non-spinose,24
RC12-113 (A),,-24.88,163.52,2454,Pacific,0.5,symbiont-barren,spinose,19
RC12-113 (A),,-24.88,163.52,2454,Pacific,0.5,symbiont-bearing,non-spinose,0
RC12-113 (A),,-24.88,163.52,2454,Pacific,0.5,symbiont-bearing,spinose,16
RC12-113 (A),,-24.88,163.52,2454,Pacific,0.5,symbiont-facultative,non-spinose,69
RC12-113 (A),,-24.88,163.52,2454,Pacific,0.5,symbiont-facultative,spinose,0
RC12-113 (A),,-24.88,163.52,2454,Pacific,0.5,symbiont-obligate,spinose,201
RC12-113 (A),,-24.88,163.52,2454,Pacific,0.5,undetermined,non-spinose,0
RC12-234,,-55.135,-63.985,2027,South Atlantic,70,symbiont-barren,non-spinose,339
RC12-234,,-55.135,-63.985,2027,South Atlantic,70,symbiont-barren,spinose,35
RC12-234,,-55.135,-63.985,2027,South Atlantic,70,symbiont-bearing,non-spinose,0
RC12-234,,-55.135,-63.985,2027,South Atlantic,70,symbiont-bearing,spinose,0
RC12-234,,-55.135,-63.985,2027,South Atlantic,70,symbiont-facultative,non-spinose,5
RC12-234,,-55.135,-63.985,2027,South Atlantic,70,symbiont-facultative,spinose,0
RC12-234,,-55.135,-63.985,2027,South Atlantic,70,symbiont-obligate,spinose,0
RC12-234,,-55.135,-63.985,2027,South Atlantic,70,undetermined,non-spinose,0
RC12-241,,-43.467,-57.651,3499,South Atlantic,70,symbiont-barren,non-spinose,130
RC12-241,,-43.467,-57.651,3499,South Atlantic,70,symbiont-barren,spinose,113
RC12-241,,-43.467,-57.651,3499,South Atlantic,70,symbiont-bearing,non-spinose,0
RC12-241,,-43.467,-57.651,3499,South Atlantic,70,symbiont-bearing,spinose,0
RC12-241,,-43.467,-57.651,3499,South Atlantic,70,symbiont-facultative,non-spinose,89
RC12-241,,-43.467,-57.651,3499,South Atlantic,70,symbiont-facultative,spinose,0
RC12-241,,-43.467,-57.651,3499,South Atlantic,70,symbiont-obligate,spinose,0
RC12-241,,-43.467,-57.651,3499,South Atlantic,70,undetermined,non-spinose,0
RC12-291,,-42.584,-17.8,3508,South Atlantic,80,symbiont-barren,non-spinose,165
RC12-291,,-42.584,-17.8,3508,South Atlantic,80,symbiont-barren,spinose,74
RC12-291,,-42.584,-17.8,3508,South Atlantic,80,symbiont-bearing,non-spinose,0
RC12-291,,-42.584,-17.8,3508,South Atlantic,80,symbiont-bearing,spinose,0
RC12-291,,-42.584,-17.8,3508,South Atlantic,80,symbiont-facultative,non-spinose,73
RC12-291,,-42.584,-17.8,3508,South Atlantic,80,symbiont-facultative,spinose,0
RC12-291,,-42.584,-17.8,3508,South Atlantic,80,symbiont-obligate,spinose,2
RC12-291,,-42.584,-17.8,3508,South Atlantic,80,undetermined,non-spinose,0
RC12-339,,9.133333333,90.03333333,3010,Indian,0.7,symbiont-barren,non-spinose,9
RC12-339,,9.133333333,90.03333333,3010,Indian,0.7,symbiont-barren,spinose,34
RC12-339,,9.133333333,90.03333333,3010,Indian,0.7,symbiont-bearing,non-spinose,0
RC12-339,,9.133333333,90.03333333,3010,Indian,0.7,symbiont-bearing,spinose,9
RC12-339,,9.133333333,90.03333333,3010,Indian,0.7,symbiont-facultative,non-spinose,175
RC12-339,,9.133333333,90.03333333,3010,Indian,0.7,symbiont-facultative,spinose,0
RC12-339,,9.133333333,90.03333333,3010,Indian,0.7,symbiont-obligate,spinose,71
RC12-339,,9.133333333,90.03333333,3010,Indian,0.7,undetermined,non-spinose,0
RC12-36,,15.1,124.133,,Pacific,20,symbiont-barren,non-spinose,8
RC12-36,,15.1,124.133,,Pacific,20,symbiont-barren,spinose,38
RC12-36,,15.1,124.133,,Pacific,20,symbiont-bearing,non-spinose,0
RC12-36,,15.1,124.133,,Pacific,20,symbiont-bearing,spinose,32
RC12-36,,15.1,124.133,,Pacific,20,symbiont-facultative,non-spinose,71
RC12-36,,15.1,124.133,,Pacific,20,symbiont-facultative,spinose,0
RC12-36,,15.1,124.133,,Pacific,20,symbiont-obligate,spinose,491
RC12-36,,15.1,124.133,,Pacific,20,undetermined,non-spinose,0
RC13-038,,-14.51666667,177.1,2867,Pacific,0.4,symbiont-barren,non-spinose,10
RC13-038,,-14.51666667,177.1,2867,Pacific,0.4,symbiont-barren,spinose,19
RC13-038,,-14.51666667,177.1,2867,Pacific,0.4,symbiont-bearing,non-spinose,0
RC13-038,,-14.51666667,177.1,2867,Pacific,0.4,symbiont-bearing,spinose,20
RC13-038,,-14.51666667,177.1,2867,Pacific,0.4,symbiont-facultative,non-spinose,169
RC13-038,,-14.51666667,177.1,2867,Pacific,0.4,symbiont-facultative,spinose,0
RC13-038,,-14.51666667,177.1,2867,Pacific,0.4,symbiont-obligate,spinose,305
RC13-038,,-14.51666667,177.1,2867,Pacific,0.4,undetermined,non-spinose,0
RC13-11,,-1.65,-103.633,,Pacific,50,symbiont-barren,non-spinose,286
RC13-11,,-1.65,-103.633,,Pacific,50,symbiont-barren,spinose,31
RC13-11,,-1.65,-103.633,,Pacific,50,symbiont-bearing,non-spinose,0
RC13-11,,-1.65,-103.633,,Pacific,50,symbiont-bearing,spinose,1
RC13-11,,-1.65,-103.633,,Pacific,50,symbiont-facultative,non-spinose,242
RC13-11,,-1.65,-103.633,,Pacific,50,symbiont-facultative,spinose,0
RC13-11,,-1.65,-103.633,,Pacific,50,symbiont-obligate,spinose,24
RC13-11,,-1.65,-103.633,,Pacific,50,undetermined,non-spinose,2
RC13-151,,15.851,-74.784,2792,North Atlantic,60,symbiont-barren,non-spinose,22
RC13-151,,15.851,-74.784,2792,North Atlantic,60,symbiont-barren,spinose,6
RC13-151,,15.851,-74.784,2792,North Atlantic,60,symbiont-bearing,non-spinose,0
RC13-151,,15.851,-74.784,2792,North Atlantic,60,symbiont-bearing,spinose,8
RC13-151,,15.851,-74.784,2792,North Atlantic,60,symbiont-facultative,non-spinose,89
RC13-151,,15.851,-74.784,2792,North Atlantic,60,symbiont-facultative,spinose,0
RC13-151,,15.851,-74.784,2792,North Atlantic,60,symbiont-obligate,spinose,219
RC13-151,,15.851,-74.784,2792,North Atlantic,60,undetermined,non-spinose,0
RC13-152,,16.701,-75.435,2027,North Atlantic,60,symbiont-barren,non-spinose,9
RC13-152,,16.701,-75.435,2027,North Atlantic,60,symbiont-barren,spinose,3
RC13-152,,16.701,-75.435,2027,North Atlantic,60,symbiont-bearing,non-spinose,0
RC13-152,,16.701,-75.435,2027,North Atlantic,60,symbiont-bearing,spinose,6
RC13-152,,16.701,-75.435,2027,North Atlantic,60,symbiont-facultative,non-spinose,46
RC13-152,,16.701,-75.435,2027,North Atlantic,60,symbiont-facultative,spinose,0
RC13-152,,16.701,-75.435,2027,North Atlantic,60,symbiont-obligate,spinose,235
RC13-152,,16.701,-75.435,2027,North Atlantic,60,undetermined,non-spinose,0
RC13-158,,13.169,-79.818,3016,North Atlantic,80,symbiont-barren,non-spinose,14
RC13-158,,13.169,-79.818,3016,North Atlantic,80,symbiont-barren,spinose,5
RC13-158,,13.169,-79.818,3016,North Atlantic,80,symbiont-bearing,non-spinose,0
RC13-158,,13.169,-79.818,3016,North Atlantic,80,symbiont-bearing,spinose,18
RC13-158,,13.169,-79.818,3016,North Atlantic,80,symbiont-facultative,non-spinose,65
RC13-158,,13.169,-79.818,3016,North Atlantic,80,symbiont-facultative,spinose,0
RC13-158,,13.169,-79.818,3016,North Atlantic,80,symbiont-obligate,spinose,202
RC13-158,,13.169,-79.818,3016,North Atlantic,80,undetermined,non-spinose,0
RC13-159,,14.685,-77.167,4027,North Atlantic,83,symbiont-barren,non-spinose,19
RC13-159,,14.685,-77.167,4027,North Atlantic,83,symbiont-barren,spinose,5
RC13-159,,14.685,-77.167,4027,North Atlantic,83,symbiont-bearing,non-spinose,0
RC13-159,,14.685,-77.167,4027,North Atlantic,83,symbiont-bearing,spinose,15
RC13-159,,14.685,-77.167,4027,North Atlantic,83,symbiont-facultative,non-spinose,97
RC13-159,,14.685,-77.167,4027,North Atlantic,83,symbiont-facultative,spinose,0
RC13-159,,14.685,-77.167,4027,North Atlantic,83,symbiont-obligate,spinose,261
RC13-159,,14.685,-77.167,4027,North Atlantic,83,undetermined,non-spinose,0
RC13-17,,19.083,-170.067,,Pacific,30,symbiont-barren,non-spinose,52
RC13-17,,19.083,-170.067,,Pacific,30,symbiont-barren,spinose,9
RC13-17,,19.083,-170.067,,Pacific,30,symbiont-bearing,non-spinose,0
RC13-17,,19.083,-170.067,,Pacific,30,symbiont-bearing,spinose,40
RC13-17,,19.083,-170.067,,Pacific,30,symbiont-facultative,non-spinose,71
RC13-17,,19.083,-170.067,,Pacific,30,symbiont-facultative,spinose,0
RC13-17,,19.083,-170.067,,Pacific,30,symbiont-obligate,spinose,73
RC13-17,,19.083,-170.067,,Pacific,30,undetermined,non-spinose,1
RC13-184,,3.867,-43.3,3446,North Atlantic,55,symbiont-barren,non-spinose,45
RC13-184,,3.867,-43.3,3446,North Atlantic,55,symbiont-barren,spinose,1
RC13-184,,3.867,-43.3,3446,North Atlantic,55,symbiont-bearing,non-spinose,0
RC13-184,,3.867,-43.3,3446,North Atlantic,55,symbiont-bearing,spinose,0
RC13-184,,3.867,-43.3,3446,North Atlantic,55,symbiont-facultative,non-spinose,52
RC13-184,,3.867,-43.3,3446,North Atlantic,55,symbiont-facultative,spinose,0
RC13-184,,3.867,-43.3,3446,North Atlantic,55,symbiont-obligate,spinose,275
RC13-184,,3.867,-43.3,3446,North Atlantic,55,undetermined,non-spinose,0
RC13-189,,1.867,-30,3233,North Atlantic,67.5,symbiont-barren,non-spinose,93
RC13-189,,1.867,-30,3233,North Atlantic,67.5,symbiont-barren,spinose,11
RC13-189,,1.867,-30,3233,North Atlantic,67.5,symbiont-bearing,non-spinose,0
RC13-189,,1.867,-30,3233,North Atlantic,67.5,symbiont-bearing,spinose,4
RC13-189,,1.867,-30,3233,North Atlantic,67.5,symbiont-facultative,non-spinose,101
RC13-189,,1.867,-30,3233,North Atlantic,67.5,symbiont-facultative,spinose,0
RC13-189,,1.867,-30,3233,North Atlantic,67.5,symbiont-obligate,spinose,127
RC13-189,,1.867,-30,3233,North Atlantic,67.5,undetermined,non-spinose,0
RC13-197,,4.517,-0.718,2904,North Atlantic,110,symbiont-barren,non-spinose,130
RC13-197,,4.517,-0.718,2904,North Atlantic,110,symbiont-barren,spinose,51
RC13-197,,4.517,-0.718,2904,North Atlantic,110,symbiont-bearing,non-spinose,0
RC13-197,,4.517,-0.718,2904,North Atlantic,110,symbiont-bearing,spinose,7
RC13-197,,4.517,-0.718,2904,North Atlantic,110,symbiont-facultative,non-spinose,65
RC13-197,,4.517,-0.718,2904,North Atlantic,110,symbiont-facultative,spinose,0
RC13-197,,4.517,-0.718,2904,North Atlantic,110,symbiont-obligate,spinose,187
RC13-197,,4.517,-0.718,2904,North Atlantic,110,undetermined,non-spinose,0
RC13-205,,-2.284,5.183,3731,South Atlantic,50,symbiont-barren,non-spinose,102
RC13-205,,-2.284,5.183,3731,South Atlantic,50,symbiont-barren,spinose,10
RC13-205,,-2.284,5.183,3731,South Atlantic,50,symbiont-bearing,non-spinose,0
RC13-205,,-2.284,5.183,3731,South Atlantic,50,symbiont-bearing,spinose,8
RC13-205,,-2.284,5.183,3731,South Atlantic,50,symbiont-facultative,non-spinose,111
RC13-205,,-2.284,5.183,3731,South Atlantic,50,symbiont-facultative,spinose,0
RC13-205,,-2.284,5.183,3731,South Atlantic,50,symbiont-obligate,spinose,106
RC13-205,,-2.284,5.183,3731,South Atlantic,50,undetermined,non-spinose,0
RC13-210,,-9.135,-10.601,3658,South Atlantic,40,symbiont-barren,non-spinose,73
RC13-210,,-9.135,-10.601,3658,South Atlantic,40,symbiont-barren,spinose,12
RC13-210,,-9.135,-10.601,3658,South Atlantic,40,symbiont-bearing,non-spinose,0
RC13-210,,-9.135,-10.601,3658,South Atlantic,40,symbiont-bearing,spinose,3
RC13-210,,-9.135,-10.601,3658,South Atlantic,40,symbiont-facultative,non-spinose,112
RC13-210,,-9.135,-10.601,3658,South Atlantic,40,symbiont-facultative,spinose,0
RC13-210,,-9.135,-10.601,3658,South Atlantic,40,symbiont-obligate,spinose,171
RC13-210,,-9.135,-10.601,3658,South Atlantic,40,undetermined,non-spinose,0
RC13-227,,-21.869,8.868,4301,South Atlantic,40,symbiont-barren,non-spinose,235
RC13-227,,-21.869,8.868,4301,South Atlantic,40,symbiont-barren,spinose,49
RC13-227,,-21.869,8.868,4301,South Atlantic,40,symbiont-bearing,non-spinose,0
RC13-227,,-21.869,8.868,4301,South Atlantic,40,symbiont-bearing,spinose,0
RC13-227,,-21.869,8.868,4301,South Atlantic,40,symbiont-facultative,non-spinose,62
RC13-227,,-21.869,8.868,4301,South Atlantic,40,symbiont-facultative,spinose,0
RC13-227,,-21.869,8.868,4301,South Atlantic,40,symbiont-obligate,spinose,20
RC13-227,,-21.869,8.868,4301,South Atlantic,40,undetermined,non-spinose,0
RC13-81,,-19.017,-124.233,,Pacific,10,symbiont-barren,non-spinose,105
RC13-81,,-19.017,-124.233,,Pacific,10,symbiont-barren,spinose,46
RC13-81,,-19.017,-124.233,,Pacific,10,symbiont-bearing,non-spinose,0
RC13-81,,-19.017,-124.233,,Pacific,10,symbiont-bearing,spinose,53
RC13-81,,-19.017,-124.233,,Pacific,10,symbiont-facultative,non-spinose,649
RC13-81,,-19.017,-124.233,,Pacific,10,symbiont-facultative,spinose,3
RC13-81,,-19.017,-124.233,,Pacific,10,symbiont-obligate,spinose,1228
RC13-81,,-19.017,-124.233,,Pacific,10,undetermined,non-spinose,38
RC13110,,0.1,-95.65,,Pacific,54,symbiont-barren,non-spinose,36
RC13110,,0.1,-95.65,,Pacific,54,symbiont-barren,spinose,33
RC13110,,0.1,-95.65,,Pacific,54,symbiont-bearing,non-spinose,0
RC13110,,0.1,-95.65,,Pacific,54,symbiont-bearing,spinose,0
RC13110,,0.1,-95.65,,Pacific,54,symbiont-facultative,non-spinose,249
RC13110,,0.1,-95.65,,Pacific,54,symbiont-facultative,spinose,0
RC13110,,0.1,-95.65,,Pacific,54,symbiont-obligate,spinose,16
RC13110,,0.1,-95.65,,Pacific,54,undetermined,non-spinose,0
RC13115,,-1.633,-104.833,,Pacific,61,symbiont-barren,non-spinose,28
RC13115,,-1.633,-104.833,,Pacific,61,symbiont-barren,spinose,26
RC13115,,-1.633,-104.833,,Pacific,61,symbiont-bearing,non-spinose,0
RC13115,,-1.633,-104.833,,Pacific,61,symbiont-bearing,spinose,0
RC13115,,-1.633,-104.833,,Pacific,61,symbiont-facultative,non-spinose,287
RC13115,,-1.633,-104.833,,Pacific,61,symbiont-facultative,spinose,0
RC13115,,-1.633,-104.833,,Pacific,61,symbiont-obligate,spinose,28
RC13115,,-1.633,-104.833,,Pacific,61,undetermined,non-spinose,2
RC14-007,,-35.51666667,44.75,3288,Indian,0.25,symbiont-barren,non-spinose,85
RC14-007,,-35.51666667,44.75,3288,Indian,0.25,symbiont-barren,spinose,50
RC14-007,,-35.51666667,44.75,3288,Indian,0.25,symbiont-bearing,non-spinose,0
RC14-007,,-35.51666667,44.75,3288,Indian,0.25,symbiont-bearing,spinose,0
RC14-007,,-35.51666667,44.75,3288,Indian,0.25,symbiont-facultative,non-spinose,123
RC14-007,,-35.51666667,44.75,3288,Indian,0.25,symbiont-facultative,spinose,0
RC14-007,,-35.51666667,44.75,3288,Indian,0.25,symbiont-obligate,spinose,44
RC14-007,,-35.51666667,44.75,3288,Indian,0.25,undetermined,non-spinose,0
RC14-009,,-39.01666667,47.88333333,2692,Indian,0.7,symbiont-barren,non-spinose,146
RC14-009,,-39.01666667,47.88333333,2692,Indian,0.7,symbiont-barren,spinose,103
RC14-009,,-39.01666667,47.88333333,2692,Indian,0.7,symbiont-bearing,non-spinose,0
RC14-009,,-39.01666667,47.88333333,2692,Indian,0.7,symbiont-bearing,spinose,1
RC14-009,,-39.01666667,47.88333333,2692,Indian,0.7,symbiont-facultative,non-spinose,44
RC14-009,,-39.01666667,47.88333333,2692,Indian,0.7,symbiont-facultative,spinose,0
RC14-009,,-39.01666667,47.88333333,2692,Indian,0.7,symbiont-obligate,spinose,7
RC14-009,,-39.01666667,47.88333333,2692,Indian,0.7,undetermined,non-spinose,0
RC14-029,,-10.92333333,88.315,2869,Indian,0.2,symbiont-barren,non-spinose,15
RC14-029,,-10.92333333,88.315,2869,Indian,0.2,symbiont-barren,spinose,9
RC14-029,,-10.92333333,88.315,2869,Indian,0.2,symbiont-bearing,non-spinose,0
RC14-029,,-10.92333333,88.315,2869,Indian,0.2,symbiont-bearing,spinose,20
RC14-029,,-10.92333333,88.315,2869,Indian,0.2,symbiont-facultative,non-spinose,125
RC14-029,,-10.92333333,88.315,2869,Indian,0.2,symbiont-facultative,spinose,0
RC14-029,,-10.92333333,88.315,2869,Indian,0.2,symbiont-obligate,spinose,130
RC14-029,,-10.92333333,88.315,2869,Indian,0.2,undetermined,non-spinose,3
RC14-035,,-0.833333333,89.95,3021,Indian,0.4,symbiont-barren,non-spinose,13
RC14-035,,-0.833333333,89.95,3021,Indian,0.4,symbiont-barren,spinose,21
RC14-035,,-0.833333333,89.95,3021,Indian,0.4,symbiont-bearing,non-spinose,0
RC14-035,,-0.833333333,89.95,3021,Indian,0.4,symbiont-bearing,spinose,6
RC14-035,,-0.833333333,89.95,3021,Indian,0.4,symbiont-facultative,non-spinose,126
RC14-035,,-0.833333333,89.95,3021,Indian,0.4,symbiont-facultative,spinose,0
RC14-035,,-0.833333333,89.95,3021,Indian,0.4,symbiont-obligate,spinose,120
RC14-035,,-0.833333333,89.95,3021,Indian,0.4,undetermined,non-spinose,14
RC14-037,,1.466666667,90.16666667,2226,Indian,0.4,symbiont-barren,non-spinose,8
RC14-037,,1.466666667,90.16666667,2226,Indian,0.4,symbiont-barren,spinose,20
RC14-037,,1.466666667,90.16666667,2226,Indian,0.4,symbiont-bearing,non-spinose,0
RC14-037,,1.466666667,90.16666667,2226,Indian,0.4,symbiont-bearing,spinose,14
RC14-037,,1.466666667,90.16666667,2226,Indian,0.4,symbiont-facultative,non-spinose,126
RC14-037,,1.466666667,90.16666667,2226,Indian,0.4,symbiont-facultative,spinose,1
RC14-037,,1.466666667,90.16666667,2226,Indian,0.4,symbiont-obligate,spinose,122
RC14-037,,1.466666667,90.16666667,2226,Indian,0.4,undetermined,non-spinose,10
RC14-039,,5.85,90.517,2952,Indian,70,symbiont-barren,non-spinose,21
RC14-039,,5.85,90.517,2952,Indian,70,symbiont-barren,spinose,52
RC14-039,,5.85,90.517,2952,Indian,70,symbiont-bearing,non-spinose,0
RC14-039,,5.85,90.517,2952,Indian,70,symbiont-bearing,spinose,9
RC14-039,,5.85,90.517,2952,Indian,70,symbiont-facultative,non-spinose,248
RC14-039,,5.85,90.517,2952,Indian,70,symbiont-facultative,spinose,0
RC14-039,,5.85,90.517,2952,Indian,70,symbiont-obligate,spinose,140
RC14-039,,5.85,90.517,2952,Indian,70,undetermined,non-spinose,14
RC15-093,,-46.086,-13.218,2714,South Atlantic,102,symbiont-barren,non-spinose,181
RC15-093,,-46.086,-13.218,2714,South Atlantic,102,symbiont-barren,spinose,111
RC15-093,,-46.086,-13.218,2714,South Atlantic,102,symbiont-bearing,non-spinose,0
RC15-093,,-46.086,-13.218,2714,South Atlantic,102,symbiont-bearing,spinose,0
RC15-093,,-46.086,-13.218,2714,South Atlantic,102,symbiont-facultative,non-spinose,25
RC15-093,,-46.086,-13.218,2714,South Atlantic,102,symbiont-facultative,spinose,0
RC15-093,,-46.086,-13.218,2714,South Atlantic,102,symbiont-obligate,spinose,0
RC15-093,,-46.086,-13.218,2714,South Atlantic,102,undetermined,non-spinose,0
RC15-094,,-42.969,-20.851,3762,South Atlantic,120,symbiont-barren,non-spinose,309
RC15-094,,-42.969,-20.851,3762,South Atlantic,120,symbiont-barren,spinose,26
RC15-094,,-42.969,-20.851,3762,South Atlantic,120,symbiont-bearing,non-spinose,0
RC15-094,,-42.969,-20.851,3762,South Atlantic,120,symbiont-bearing,spinose,0
RC15-094,,-42.969,-20.851,3762,South Atlantic,120,symbiont-facultative,non-spinose,115
RC15-094,,-42.969,-20.851,3762,South Atlantic,120,symbiont-facultative,spinose,0
RC15-094,,-42.969,-20.851,3762,South Atlantic,120,symbiont-obligate,spinose,0
RC15-094,,-42.969,-20.851,3762,South Atlantic,120,undetermined,non-spinose,0
RC17-069,,-31.5,32.6,3380,Indian,0.6,symbiont-barren,non-spinose,24
RC17-069,,-31.5,32.6,3380,Indian,0.6,symbiont-barren,spinose,33
RC17-069,,-31.5,32.6,3380,Indian,0.6,symbiont-bearing,non-spinose,0
RC17-069,,-31.5,32.6,3380,Indian,0.6,symbiont-bearing,spinose,6
RC17-069,,-31.5,32.6,3380,Indian,0.6,symbiont-facultative,non-spinose,161
RC17-069,,-31.5,32.6,3380,Indian,0.6,symbiont-facultative,spinose,0
RC17-069,,-31.5,32.6,3380,Indian,0.6,symbiont-obligate,spinose,78
RC17-069,,-31.5,32.6,3380,Indian,0.6,undetermined,non-spinose,0
RC17-073,,-32.11666667,36.01666667,2021,Indian,0.3,symbiont-barren,non-spinose,34
RC17-073,,-32.11666667,36.01666667,2021,Indian,0.3,symbiont-barren,spinose,45
RC17-073,,-32.11666667,36.01666667,2021,Indian,0.3,symbiont-bearing,non-spinose,0
RC17-073,,-32.11666667,36.01666667,2021,Indian,0.3,symbiont-bearing,spinose,11
RC17-073,,-32.11666667,36.01666667,2021,Indian,0.3,symbiont-facultative,non-spinose,130
RC17-073,,-32.11666667,36.01666667,2021,Indian,0.3,symbiont-facultative,spinose,0
RC17-073,,-32.11666667,36.01666667,2021,Indian,0.3,symbiont-obligate,spinose,81
RC17-073,,-32.11666667,36.01666667,2021,Indian,0.3,undetermined,non-spinose,0
RC17-098,,-13.21666667,65.61666667,3409,Indian,0.53,symbiont-barren,non-spinose,32
RC17-098,,-13.21666667,65.61666667,3409,Indian,0.53,symbiont-barren,spinose,10
RC17-098,,-13.21666667,65.61666667,3409,Indian,0.53,symbiont-bearing,non-spinose,0
RC17-098,,-13.21666667,65.61666667,3409,Indian,0.53,symbiont-bearing,spinose,10
RC17-098,,-13.21666667,65.61666667,3409,Indian,0.53,symbiont-facultative,non-spinose,114
RC17-098,,-13.21666667,65.61666667,3409,Indian,0.53,symbiont-facultative,spinose,0
RC17-098,,-13.21666667,65.61666667,3409,Indian,0.53,symbiont-obligate,spinose,133
RC17-098,,-13.21666667,65.61666667,3409,Indian,0.53,undetermined,non-spinose,1
RC17-108,,-10.508,57.72,4051,Indian,0.4,symbiont-barren,non-spinose,19
RC17-108,,-10.508,57.72,4051,Indian,0.4,symbiont-barren,spinose,51
RC17-108,,-10.508,57.72,4051,Indian,0.4,symbiont-bearing,non-spinose,0
RC17-108,,-10.508,57.72,4051,Indian,0.4,symbiont-bearing,spinose,47
RC17-108,,-10.508,57.72,4051,Indian,0.4,symbiont-facultative,non-spinose,80
RC17-108,,-10.508,57.72,4051,Indian,0.4,symbiont-facultative,spinose,0
RC17-108,,-10.508,57.72,4051,Indian,0.4,symbiont-obligate,spinose,107
RC17-108,,-10.508,57.72,4051,Indian,0.4,undetermined,non-spinose,0
RC17-113,,15.033,66.097,3874,Indian,0.3,symbiont-barren,non-spinose,15
RC17-113,,15.033,66.097,3874,Indian,0.3,symbiont-barren,spinose,17
RC17-113,,15.033,66.097,3874,Indian,0.3,symbiont-bearing,non-spinose,0
RC17-113,,15.033,66.097,3874,Indian,0.3,symbiont-bearing,spinose,3
RC17-113,,15.033,66.097,3874,Indian,0.3,symbiont-facultative,non-spinose,155
RC17-113,,15.033,66.097,3874,Indian,0.3,symbiont-facultative,spinose,0
RC17-113,,15.033,66.097,3874,Indian,0.3,symbiont-obligate,spinose,111
RC17-113,,15.033,66.097,3874,Indian,0.3,undetermined,non-spinose,0
RC24-001,,0.567,-13.35,3837,North Atlantic,72,symbiont-barren,non-spinose,98
RC24-001,,0.567,-13.35,3837,North Atlantic,72,symbiont-barren,spinose,16
RC24-001,,0.567,-13.35,3837,North Atlantic,72,symbiont-bearing,non-spinose,0
RC24-001,,0.567,-13.35,3837,North Atlantic,72,symbiont-bearing,spinose,2
RC24-001,,0.567,-13.35,3837,North Atlantic,72,symbiont-facultative,non-spinose,195
RC24-001,,0.567,-13.35,3837,North Atlantic,72,symbiont-facultative,spinose,0
RC24-001,,0.567,-13.35,3837,North Atlantic,72,symbiont-obligate,spinose,84
RC24-001,,0.567,-13.35,3837,North Atlantic,72,undetermined,non-spinose,0
RC24-008,,-1.35,-11.917,3882,South Atlantic,120,symbiont-barren,non-spinose,106
RC24-008,,-1.35,-11.917,3882,South Atlantic,120,symbiont-barren,spinose,33
RC24-008,,-1.35,-11.917,3882,South Atlantic,120,symbiont-bearing,non-spinose,0
RC24-008,,-1.35,-11.917,3882,South Atlantic,120,symbiont-bearing,spinose,0
RC24-008,,-1.35,-11.917,3882,South Atlantic,120,symbiont-facultative,non-spinose,202
RC24-008,,-1.35,-11.917,3882,South Atlantic,120,symbiont-facultative,spinose,0
RC24-008,,-1.35,-11.917,3882,South Atlantic,120,symbiont-obligate,spinose,29
RC24-008,,-1.35,-11.917,3882,South Atlantic,120,undetermined,non-spinose,0
RC24-027,,-5.417,-0.367,3806,South Atlantic,72,symbiont-barren,non-spinose,36
RC24-027,,-5.417,-0.367,3806,South Atlantic,72,symbiont-barren,spinose,10
RC24-027,,-5.417,-0.367,3806,South Atlantic,72,symbiont-bearing,non-spinose,0
RC24-027,,-5.417,-0.367,3806,South Atlantic,72,symbiont-bearing,spinose,1
RC24-027,,-5.417,-0.367,3806,South Atlantic,72,symbiont-facultative,non-spinose,125
RC24-027,,-5.417,-0.367,3806,South Atlantic,72,symbiont-facultative,spinose,0
RC24-027,,-5.417,-0.367,3806,South Atlantic,72,symbiont-obligate,spinose,162
RC24-027,,-5.417,-0.367,3806,South Atlantic,72,undetermined,non-spinose,0
RC8-94,,-27.283,-102.083,,Pacific,16,symbiont-barren,non-spinose,238
RC8-94,,-27.283,-102.083,,Pacific,16,symbiont-barren,spinose,69
RC8-94,,-27.283,-102.083,,Pacific,16,symbiont-bearing,non-spinose,0
RC8-94,,-27.283,-102.083,,Pacific,16,symbiont-bearing,spinose,145
RC8-94,,-27.283,-102.083,,Pacific,16,symbiont-facultative,non-spinose,329
RC8-94,,-27.283,-102.083,,Pacific,16,symbiont-facultative,spinose,0
RC8-94,,-27.283,-102.083,,Pacific,16,symbiont-obligate,spinose,1128
RC8-94,,-27.283,-102.083,,Pacific,16,undetermined,non-spinose,16
RC9-124,,-28.75,172.6,,Pacific,40,symbiont-barren,non-spinose,260
RC9-124,,-28.75,172.6,,Pacific,40,symbiont-barren,spinose,139
RC9-124,,-28.75,172.6,,Pacific,40,symbiont-bearing,non-spinose,0
RC9-124,,-28.75,172.6,,Pacific,40,symbiont-bearing,spinose,11
RC9-124,,-28.75,172.6,,Pacific,40,symbiont-facultative,non-spinose,251
RC9-124,,-28.75,172.6,,Pacific,40,symbiont-facultative,spinose,0
RC9-124,,-28.75,172.6,,Pacific,40,symbiont-obligate,spinose,444
RC9-124,,-28.75,172.6,,Pacific,40,undetermined,non-spinose,1
RC9-126,,-33.233,168.733,,Pacific,30,symbiont-barren,non-spinose,355
RC9-126,,-33.233,168.733,,Pacific,30,symbiont-barren,spinose,253
RC9-126,,-33.233,168.733,,Pacific,30,symbiont-bearing,non-spinose,0
RC9-126,,-33.233,168.733,,Pacific,30,symbiont-bearing,spinose,4
RC9-126,,-33.233,168.733,,Pacific,30,symbiont-facultative,non-spinose,412
RC9-126,,-33.233,168.733,,Pacific,30,symbiont-facultative,spinose,0
RC9-126,,-33.233,168.733,,Pacific,30,symbiont-obligate,spinose,257
RC9-126,,-33.233,168.733,,Pacific,30,undetermined,non-spinose,0
RC9-178,Piston,33.733,27.917,2628,Mediterranean,,symbiont-barren,non-spinose,394
RC9-178,Piston,33.733,27.917,2628,Mediterranean,,symbiont-barren,spinose,189
RC9-178,Piston,33.733,27.917,2628,Mediterranean,,symbiont-bearing,non-spinose,0
RC9-178,Piston,33.733,27.917,2628,Mediterranean,,symbiont-bearing,spinose,0
RC9-178,Piston,33.733,27.917,2628,Mediterranean,,symbiont-facultative,non-spinose,72
RC9-178,Piston,33.733,27.917,2628,Mediterranean,,symbiont-facultative,spinose,0
RC9-178,Piston,33.733,27.917,2628,Mediterranean,,symbiont-obligate,spinose,238
RC9-178,Piston,33.733,27.917,2628,Mediterranean,,undetermined,non-spinose,0
RC9191,Piston,38.2,18.033,2345,Mediterranean,,symbiont-barren,non-spinose,1025
RC9191,Piston,38.2,18.033,2345,Mediterranean,,symbiont-barren,spinose,505
RC9191,Piston,38.2,18.033,2345,Mediterranean,,symbiont-bearing,non-spinose,0
RC9191,Piston,38.2,18.033,2345,Mediterranean,,symbiont-bearing,spinose,4
RC9191,Piston,38.2,18.033,2345,Mediterranean,,symbiont-facultative,non-spinose,250
RC9191,Piston,38.2,18.033,2345,Mediterranean,,symbiont-facultative,spinose,0
RC9191,Piston,38.2,18.033,2345,Mediterranean,,symbiont-obligate,spinose,3
RC9191,Piston,38.2,18.033,2345,Mediterranean,,undetermined,non-spinose,0
RE05-034,,42.383,-21.967,3750,North Atlantic,40,symbiont-barren,non-spinose,206
RE05-034,,42.383,-21.967,3750,North Atlantic,40,symbiont-barren,spinose,134
RE05-034,,42.383,-21.967,3750,North Atlantic,40,symbiont-bearing,non-spinose,0
RE05-034,,42.383,-21.967,3750,North Atlantic,40,symbiont-bearing,spinose,0
RE05-034,,42.383,-21.967,3750,North Atlantic,40,symbiont-facultative,non-spinose,88
RE05-034,,42.383,-21.967,3750,North Atlantic,40,symbiont-facultative,spinose,0
RE05-034,,42.383,-21.967,3750,North Atlantic,40,symbiont-obligate,spinose,23
RE05-034,,42.383,-21.967,3750,North Atlantic,40,undetermined,non-spinose,0
RE05-036,,46.917,-18.583,4500,North Atlantic,70,symbiont-barren,non-spinose,332
RE05-036,,46.917,-18.583,4500,North Atlantic,70,symbiont-barren,spinose,6
RE05-036,,46.917,-18.583,4500,North Atlantic,70,symbiont-bearing,non-spinose,0
RE05-036,,46.917,-18.583,4500,North Atlantic,70,symbiont-bearing,spinose,0
RE05-036,,46.917,-18.583,4500,North Atlantic,70,symbiont-facultative,non-spinose,1
RE05-036,,46.917,-18.583,4500,North Atlantic,70,symbiont-facultative,spinose,0
RE05-036,,46.917,-18.583,4500,North Atlantic,70,symbiont-obligate,spinose,0
RE05-036,,46.917,-18.583,4500,North Atlantic,70,undetermined,non-spinose,0
RE05-054,,25.868,-19.051,3295,North Atlantic,10,symbiont-barren,non-spinose,171
RE05-054,,25.868,-19.051,3295,North Atlantic,10,symbiont-barren,spinose,70
RE05-054,,25.868,-19.051,3295,North Atlantic,10,symbiont-bearing,non-spinose,0
RE05-054,,25.868,-19.051,3295,North Atlantic,10,symbiont-bearing,spinose,3
RE05-054,,25.868,-19.051,3295,North Atlantic,10,symbiont-facultative,non-spinose,83
RE05-054,,25.868,-19.051,3295,North Atlantic,10,symbiont-facultative,spinose,2
RE05-054,,25.868,-19.051,3295,North Atlantic,10,symbiont-obligate,spinose,39
RE05-054,,25.868,-19.051,3295,North Atlantic,10,undetermined,non-spinose,0
RE05-057,,19.652,-19.1,2954,North Atlantic,100,symbiont-barren,non-spinose,139
RE05-057,,19.652,-19.1,2954,North Atlantic,100,symbiont-barren,spinose,185
RE05-057,,19.652,-19.1,2954,North Atlantic,100,symbiont-bearing,non-spinose,0
RE05-057,,19.652,-19.1,2954,North Atlantic,100,symbiont-bearing,spinose,5
RE05-057,,19.652,-19.1,2954,North Atlantic,100,symbiont-facultative,non-spinose,84
RE05-057,,19.652,-19.1,2954,North Atlantic,100,symbiont-facultative,spinose,0
RE05-057,,19.652,-19.1,2954,North Atlantic,100,symbiont-obligate,spinose,30
RE05-057,,19.652,-19.1,2954,North Atlantic,100,undetermined,non-spinose,0
RE10-002,,56.984,-12.467,2305,North Atlantic,60,symbiont-barren,non-spinose,339
RE10-002,,56.984,-12.467,2305,North Atlantic,60,symbiont-barren,spinose,19
RE10-002,,56.984,-12.467,2305,North Atlantic,60,symbiont-bearing,non-spinose,0
RE10-002,,56.984,-12.467,2305,North Atlantic,60,symbiont-bearing,spinose,0
RE10-002,,56.984,-12.467,2305,North Atlantic,60,symbiont-facultative,non-spinose,0
RE10-002,,56.984,-12.467,2305,North Atlantic,60,symbiont-facultative,spinose,0
RE10-002,,56.984,-12.467,2305,North Atlantic,60,symbiont-obligate,spinose,0
RE10-002,,56.984,-12.467,2305,North Atlantic,60,undetermined,non-spinose,0
RR9702A-63TC,,-18.085,-79.04,,Pacific,16,symbiont-barren,non-spinose,86
RR9702A-63TC,,-18.085,-79.04,,Pacific,16,symbiont-barren,spinose,98
RR9702A-63TC,,-18.085,-79.04,,Pacific,16,symbiont-bearing,non-spinose,0
RR9702A-63TC,,-18.085,-79.04,,Pacific,16,symbiont-bearing,spinose,1
RR9702A-63TC,,-18.085,-79.04,,Pacific,16,symbiont-facultative,non-spinose,274
RR9702A-63TC,,-18.085,-79.04,,Pacific,16,symbiont-facultative,spinose,0
RR9702A-63TC,,-18.085,-79.04,,Pacific,16,symbiont-obligate,spinose,29
RR9702A-63TC,,-18.085,-79.04,,Pacific,16,undetermined,non-spinose,2
RR9702A-69TC,,-16.007,-76.378,,Pacific,70,symbiont-barren,non-spinose,104
RR9702A-69TC,,-16.007,-76.378,,Pacific,70,symbiont-barren,spinose,160
RR9702A-69TC,,-16.007,-76.378,,Pacific,70,symbiont-bearing,non-spinose,0
RR9702A-69TC,,-16.007,-76.378,,Pacific,70,symbiont-bearing,spinose,0
RR9702A-69TC,,-16.007,-76.378,,Pacific,70,symbiont-facultative,non-spinose,127
RR9702A-69TC,,-16.007,-76.378,,Pacific,70,symbiont-facultative,spinose,0
RR9702A-69TC,,-16.007,-76.378,,Pacific,70,symbiont-obligate,spinose,24
RR9702A-69TC,,-16.007,-76.378,,Pacific,70,undetermined,non-spinose,0
RR9702A-69TC,,-16.007,-76.378,,Pacific,80,symbiont-barren,non-spinose,154
RR9702A-69TC,,-16.007,-76.378,,Pacific,80,symbiont-barren,spinose,43
RR9702A-69TC,,-16.007,-76.378,,Pacific,80,symbiont-bearing,non-spinose,0
RR9702A-69TC,,-16.007,-76.378,,Pacific,80,symbiont-bearing,spinose,0
RR9702A-69TC,,-16.007,-76.378,,Pacific,80,symbiont-facultative,non-spinose,144
RR9702A-69TC,,-16.007,-76.378,,Pacific,80,symbiont-facultative,spinose,0
RR9702A-69TC,,-16.007,-76.378,,Pacific,80,symbiont-obligate,spinose,15
RR9702A-69TC,,-16.007,-76.378,,Pacific,80,undetermined,non-spinose,0
RS067-GC10,,-38.86166667,140.1,3332,Indian,0.505,symbiont-barren,non-spinose,112
RS067-GC10,,-38.86166667,140.1,3332,Indian,0.505,symbiont-barren,spinose,159
RS067-GC10,,-38.86166667,140.1,3332,Indian,0.505,symbiont-bearing,non-spinose,0
RS067-GC10,,-38.86166667,140.1,3332,Indian,0.505,symbiont-bearing,spinose,0
RS067-GC10,,-38.86166667,140.1,3332,Indian,0.505,symbiont-facultative,non-spinose,45
RS067-GC10,,-38.86166667,140.1,3332,Indian,0.505,symbiont-facultative,spinose,0
RS067-GC10,,-38.86166667,140.1,3332,Indian,0.505,symbiont-obligate,spinose,1
RS067-GC10,,-38.86166667,140.1,3332,Indian,0.505,undetermined,non-spinose,0
RS096-GC21,,-23.77216667,108.5006667,2100,Indian,0.29,symbiont-barren,non-spinose,14
RS096-GC21,,-23.77216667,108.5006667,2100,Indian,0.29,symbiont-barren,spinose,10
RS096-GC21,,-23.77216667,108.5006667,2100,Indian,0.29,symbiont-bearing,non-spinose,0
RS096-GC21,,-23.77216667,108.5006667,2100,Indian,0.29,symbiont-bearing,spinose,7
RS096-GC21,,-23.77216667,108.5006667,2100,Indian,0.29,symbiont-facultative,non-spinose,127
RS096-GC21,,-23.77216667,108.5006667,2100,Indian,0.29,symbiont-facultative,spinose,0
RS096-GC21,,-23.77216667,108.5006667,2100,Indian,0.29,symbiont-obligate,spinose,85
RS096-GC21,,-23.77216667,108.5006667,2100,Indian,0.29,undetermined,non-spinose,0
RS147-GC07,,-45.15,146.2833333,3300,Pacific,0.85,symbiont-barren,non-spinose,169
RS147-GC07,,-45.15,146.2833333,3300,Pacific,0.85,symbiont-barren,spinose,113
RS147-GC07,,-45.15,146.2833333,3300,Pacific,0.85,symbiont-bearing,non-spinose,0
RS147-GC07,,-45.15,146.2833333,3300,Pacific,0.85,symbiont-bearing,spinose,0
RS147-GC07,,-45.15,146.2833333,3300,Pacific,0.85,symbiont-facultative,non-spinose,65
RS147-GC07,,-45.15,146.2833333,3300,Pacific,0.85,symbiont-facultative,spinose,0
RS147-GC07,,-45.15,146.2833333,3300,Pacific,0.85,symbiont-obligate,spinose,1
RS147-GC07,,-45.15,146.2833333,3300,Pacific,0.85,undetermined,non-spinose,0
RS147-GC07,,-45.15,146.2833333,3300,Pacific,0.87,symbiont-barren,non-spinose,211
RS147-GC07,,-45.15,146.2833333,3300,Pacific,0.87,symbiont-barren,spinose,132
RS147-GC07,,-45.15,146.2833333,3300,Pacific,0.87,symbiont-bearing,non-spinose,0
RS147-GC07,,-45.15,146.2833333,3300,Pacific,0.87,symbiont-bearing,spinose,0
RS147-GC07,,-45.15,146.2833333,3300,Pacific,0.87,symbiont-facultative,non-spinose,73
RS147-GC07,,-45.15,146.2833333,3300,Pacific,0.87,symbiont-facultative,spinose,0
RS147-GC07,,-45.15,146.2833333,3300,Pacific,0.87,symbiont-obligate,spinose,3
RS147-GC07,,-45.15,146.2833333,3300,Pacific,0.87,undetermined,non-spinose,0
RS147-GC07,,-45.15,146.2833333,3300,Pacific,0.88,symbiont-barren,non-spinose,104
RS147-GC07,,-45.15,146.2833333,3300,Pacific,0.88,symbiont-barren,spinose,120
RS147-GC07,,-45.15,146.2833333,3300,Pacific,0.88,symbiont-bearing,non-spinose,0
RS147-GC07,,-45.15,146.2833333,3300,Pacific,0.88,symbiont-bearing,spinose,0
RS147-GC07,,-45.15,146.2833333,3300,Pacific,0.88,symbiont-facultative,non-spinose,50
RS147-GC07,,-45.15,146.2833333,3300,Pacific,0.88,symbiont-facultative,spinose,0
RS147-GC07,,-45.15,146.2833333,3300,Pacific,0.88,symbiont-obligate,spinose,5
RS147-GC07,,-45.15,146.2833333,3300,Pacific,0.88,undetermined,non-spinose,0
RS147-GC07,,-45.15,146.2833333,3300,Pacific,0.91,symbiont-barren,non-spinose,149
RS147-GC07,,-45.15,146.2833333,3300,Pacific,0.91,symbiont-barren,spinose,149
RS147-GC07,,-45.15,146.2833333,3300,Pacific,0.91,symbiont-bearing,non-spinose,0
RS147-GC07,,-45.15,146.2833333,3300,Pacific,0.91,symbiont-bearing,spinose,0
RS147-GC07,,-45.15,146.2833333,3300,Pacific,0.91,symbiont-facultative,non-spinose,50
RS147-GC07,,-45.15,146.2833333,3300,Pacific,0.91,symbiont-facultative,spinose,0
RS147-GC07,,-45.15,146.2833333,3300,Pacific,0.91,symbiont-obligate,spinose,0
RS147-GC07,,-45.15,146.2833333,3300,Pacific,0.91,undetermined,non-spinose,0
RS147-GC07,,-45.15,146.2833333,3300,Pacific,0.935,symbiont-barren,non-spinose,193
RS147-GC07,,-45.15,146.2833333,3300,Pacific,0.935,symbiont-barren,spinose,269
RS147-GC07,,-45.15,146.2833333,3300,Pacific,0.935,symbiont-bearing,non-spinose,0
RS147-GC07,,-45.15,146.2833333,3300,Pacific,0.935,symbiont-bearing,spinose,0
RS147-GC07,,-45.15,146.2833333,3300,Pacific,0.935,symbiont-facultative,non-spinose,94
RS147-GC07,,-45.15,146.2833333,3300,Pacific,0.935,symbiont-facultative,spinose,0
RS147-GC07,,-45.15,146.2833333,3300,Pacific,0.935,symbiont-obligate,spinose,13
RS147-GC07,,-45.15,146.2833333,3300,Pacific,0.935,undetermined,non-spinose,0
RS147-GC07,,-45.15,146.2833333,3300,Pacific,0.985,symbiont-barren,non-spinose,212
RS147-GC07,,-45.15,146.2833333,3300,Pacific,0.985,symbiont-barren,spinose,311
RS147-GC07,,-45.15,146.2833333,3300,Pacific,0.985,symbiont-bearing,non-spinose,0
RS147-GC07,,-45.15,146.2833333,3300,Pacific,0.985,symbiont-bearing,spinose,0
RS147-GC07,,-45.15,146.2833333,3300,Pacific,0.985,symbiont-facultative,non-spinose,85
RS147-GC07,,-45.15,146.2833333,3300,Pacific,0.985,symbiont-facultative,spinose,0
RS147-GC07,,-45.15,146.2833333,3300,Pacific,0.985,symbiont-obligate,spinose,14
RS147-GC07,,-45.15,146.2833333,3300,Pacific,0.985,undetermined,non-spinose,0
RS147-GC14,,-46.45,145.24,3360,Indian,0.25,symbiont-barren,non-spinose,147
RS147-GC14,,-46.45,145.24,3360,Indian,0.25,symbiont-barren,spinose,118
RS147-GC14,,-46.45,145.24,3360,Indian,0.25,symbiont-bearing,non-spinose,0
RS147-GC14,,-46.45,145.24,3360,Indian,0.25,symbiont-bearing,spinose,0
RS147-GC14,,-46.45,145.24,3360,Indian,0.25,symbiont-facultative,non-spinose,45
RS147-GC14,,-46.45,145.24,3360,Indian,0.25,symbiont-facultative,spinose,0
RS147-GC14,,-46.45,145.24,3360,Indian,0.25,symbiont-obligate,spinose,5
RS147-GC14,,-46.45,145.24,3360,Indian,0.25,undetermined,non-spinose,0
RS147-GC31,,-44.53,149.05,3402,Pacific,0.69,symbiont-barren,non-spinose,102
RS147-GC31,,-44.53,149.05,3402,Pacific,0.69,symbiont-barren,spinose,163
RS147-GC31,,-44.53,149.05,3402,Pacific,0.69,symbiont-bearing,non-spinose,0
RS147-GC31,,-44.53,149.05,3402,Pacific,0.69,symbiont-bearing,spinose,0
RS147-GC31,,-44.53,149.05,3402,Pacific,0.69,symbiont-facultative,non-spinose,50
RS147-GC31,,-44.53,149.05,3402,Pacific,0.69,symbiont-facultative,spinose,0
RS147-GC31,,-44.53,149.05,3402,Pacific,0.69,symbiont-obligate,spinose,0
RS147-GC31,,-44.53,149.05,3402,Pacific,0.69,undetermined,non-spinose,0
S794,,-35.31,177.9966667,2195,Pacific,1.39,symbiont-barren,non-spinose,182
S794,,-35.31,177.9966667,2195,Pacific,1.39,symbiont-barren,spinose,74
S794,,-35.31,177.9966667,2195,Pacific,1.39,symbiont-bearing,non-spinose,0
S794,,-35.31,177.9966667,2195,Pacific,1.39,symbiont-bearing,spinose,1
S794,,-35.31,177.9966667,2195,Pacific,1.39,symbiont-facultative,non-spinose,122
S794,,-35.31,177.9966667,2195,Pacific,1.39,symbiont-facultative,spinose,0
S794,,-35.31,177.9966667,2195,Pacific,1.39,symbiont-obligate,spinose,18
S794,,-35.31,177.9966667,2195,Pacific,1.39,undetermined,non-spinose,0
SHI9006,,-4.33223,117.59584,1999,Indian,5.99,symbiont-barren,non-spinose,13
SHI9006,,-4.33223,117.59584,1999,Indian,5.99,symbiont-barren,spinose,53
SHI9006,,-4.33223,117.59584,1999,Indian,5.99,symbiont-bearing,non-spinose,0
SHI9006,,-4.33223,117.59584,1999,Indian,5.99,symbiont-bearing,spinose,14
SHI9006,,-4.33223,117.59584,1999,Indian,5.99,symbiont-facultative,non-spinose,216
SHI9006,,-4.33223,117.59584,1999,Indian,5.99,symbiont-facultative,spinose,0
SHI9006,,-4.33223,117.59584,1999,Indian,5.99,symbiont-obligate,spinose,159
SHI9006,,-4.33223,117.59584,1999,Indian,5.99,undetermined,non-spinose,0
SHI9016,,-8.455833333,128.238,1805,Indian,0.52,symbiont-barren,non-spinose,31
SHI9016,,-8.455833333,128.238,1805,Indian,0.52,symbiont-barren,spinose,24
SHI9016,,-8.455833333,128.238,1805,Indian,0.52,symbiont-bearing,non-spinose,0
SHI9016,,-8.455833333,128.238,1805,Indian,0.52,symbiont-bearing,spinose,29
SHI9016,,-8.455833333,128.238,1805,Indian,0.52,symbiont-facultative,non-spinose,198
SHI9016,,-8.455833333,128.238,1805,Indian,0.52,symbiont-facultative,spinose,0
SHI9016,,-8.455833333,128.238,1805,Indian,0.52,symbiont-obligate,spinose,179
SHI9016,,-8.455833333,128.238,1805,Indian,0.52,undetermined,non-spinose,13
SHI9022,,-11.35444,122.03799,2313,Indian,5.79,symbiont-barren,non-spinose,37
SHI9022,,-11.35444,122.03799,2313,Indian,5.79,symbiont-barren,spinose,14
SHI9022,,-11.35444,122.03799,2313,Indian,5.79,symbiont-bearing,non-spinose,0
SHI9022,,-11.35444,122.03799,2313,Indian,5.79,symbiont-bearing,spinose,21
SHI9022,,-11.35444,122.03799,2313,Indian,5.79,symbiont-facultative,non-spinose,154
SHI9022,,-11.35444,122.03799,2313,Indian,5.79,symbiont-facultative,spinose,0
SHI9022,,-11.35444,122.03799,2313,Indian,5.79,symbiont-obligate,spinose,126
SHI9022,,-11.35444,122.03799,2313,Indian,5.79,undetermined,non-spinose,0
SHI9034,,-9.09764,111.00721,3330,Indian,8.3,symbiont-barren,non-spinose,115
SHI9034,,-9.09764,111.00721,3330,Indian,8.3,symbiont-barren,spinose,61
SHI9034,,-9.09764,111.00721,3330,Indian,8.3,symbiont-bearing,non-spinose,0
SHI9034,,-9.09764,111.00721,3330,Indian,8.3,symbiont-bearing,spinose,12
SHI9034,,-9.09764,111.00721,3330,Indian,8.3,symbiont-facultative,non-spinose,187
SHI9034,,-9.09764,111.00721,3330,Indian,8.3,symbiont-facultative,spinose,0
SHI9034,,-9.09764,111.00721,3330,Indian,8.3,symbiont-obligate,spinose,45
SHI9034,,-9.09764,111.00721,3330,Indian,8.3,undetermined,non-spinose,0
SO189-119KL,,3.5178,96.3145,808,Indian,,symbiont-barren,non-spinose,69
SO189-119KL,,3.5178,96.3145,808,Indian,,symbiont-barren,spinose,33
SO189-119KL,,3.5178,96.3145,808,Indian,,symbiont-bearing,non-spinose,0
SO189-119KL,,3.5178,96.3145,808,Indian,,symbiont-bearing,spinose,34
SO189-119KL,,3.5178,96.3145,808,Indian,,symbiont-facultative,non-spinose,188
SO189-119KL,,3.5178,96.3145,808,Indian,,symbiont-facultative,spinose,1
SO189-119KL,,3.5178,96.3145,808,Indian,,symbiont-obligate,spinose,293
SO189-119KL,,3.5178,96.3145,808,Indian,,undetermined,non-spinose,9
SO189-144KL,,1.155,98.066,481,Indian,,symbiont-barren,non-spinose,56
SO189-144KL,,1.155,98.066,481,Indian,,symbiont-barren,spinose,23
SO189-144KL,,1.155,98.066,481,Indian,,symbiont-bearing,non-spinose,0
SO189-144KL,,1.155,98.066,481,Indian,,symbiont-bearing,spinose,25
SO189-144KL,,1.155,98.066,481,Indian,,symbiont-facultative,non-spinose,154
SO189-144KL,,1.155,98.066,481,Indian,,symbiont-facultative,spinose,0
SO189-144KL,,1.155,98.066,481,Indian,,symbiont-obligate,spinose,163
SO189-144KL,,1.155,98.066,481,Indian,,undetermined,non-spinose,3
SO189-39KL,,-0.79,99.9085,517,Indian,,symbiont-barren,non-spinose,89
SO189-39KL,,-0.79,99.9085,517,Indian,,symbiont-barren,spinose,29
SO189-39KL,,-0.79,99.9085,517,Indian,,symbiont-bearing,non-spinose,0
SO189-39KL,,-0.79,99.9085,517,Indian,,symbiont-bearing,spinose,40
SO189-39KL,,-0.79,99.9085,517,Indian,,symbiont-facultative,non-spinose,272
SO189-39KL,,-0.79,99.9085,517,Indian,,symbiont-facultative,spinose,0
SO189-39KL,,-0.79,99.9085,517,Indian,,symbiont-obligate,spinose,226
SO189-39KL,,-0.79,99.9085,517,Indian,,undetermined,non-spinose,8
SO201-2-77KL,,56.3305,170.7,2135,Pacific,2.54,symbiont-barren,non-spinose,464
SO201-2-77KL,,56.3305,170.7,2135,Pacific,2.54,symbiont-barren,spinose,152
SO201-2-77KL,,56.3305,170.7,2135,Pacific,2.54,symbiont-bearing,non-spinose,2
SO201-2-77KL,,56.3305,170.7,2135,Pacific,2.54,symbiont-bearing,spinose,0
SO201-2-77KL,,56.3305,170.7,2135,Pacific,2.54,symbiont-facultative,non-spinose,0
SO201-2-77KL,,56.3305,170.7,2135,Pacific,2.54,symbiont-facultative,spinose,0
SO201-2-77KL,,56.3305,170.7,2135,Pacific,2.54,symbiont-obligate,spinose,1
SO201-2-77KL,,56.3305,170.7,2135,Pacific,2.54,undetermined,non-spinose,0
SO201-2-77KL,,56.3305,170.7,2135,Pacific,2.74,symbiont-barren,non-spinose,324
SO201-2-77KL,,56.3305,170.7,2135,Pacific,2.74,symbiont-barren,spinose,107
SO201-2-77KL,,56.3305,170.7,2135,Pacific,2.74,symbiont-bearing,non-spinose,0
SO201-2-77KL,,56.3305,170.7,2135,Pacific,2.74,symbiont-bearing,spinose,0
SO201-2-77KL,,56.3305,170.7,2135,Pacific,2.74,symbiont-facultative,non-spinose,0
SO201-2-77KL,,56.3305,170.7,2135,Pacific,2.74,symbiont-facultative,spinose,0
SO201-2-77KL,,56.3305,170.7,2135,Pacific,2.74,symbiont-obligate,spinose,0
SO201-2-77KL,,56.3305,170.7,2135,Pacific,2.74,undetermined,non-spinose,0
SO201-2-85KL,,57.505,170.413167,975,Pacific,1.35,symbiont-barren,non-spinose,373
SO201-2-85KL,,57.505,170.413167,975,Pacific,1.35,symbiont-barren,spinose,111
SO201-2-85KL,,57.505,170.413167,975,Pacific,1.35,symbiont-bearing,non-spinose,0
SO201-2-85KL,,57.505,170.413167,975,Pacific,1.35,symbiont-bearing,spinose,0
SO201-2-85KL,,57.505,170.413167,975,Pacific,1.35,symbiont-facultative,non-spinose,0
SO201-2-85KL,,57.505,170.413167,975,Pacific,1.35,symbiont-facultative,spinose,0
SO201-2-85KL,,57.505,170.413167,975,Pacific,1.35,symbiont-obligate,spinose,0
SO201-2-85KL,,57.505,170.413167,975,Pacific,1.35,undetermined,non-spinose,0
SO36-07,,-42.25,144.75,1085,Indian,0.73,symbiont-barren,non-spinose,162
SO36-07,,-42.25,144.75,1085,Indian,0.73,symbiont-barren,spinose,128
SO36-07,,-42.25,144.75,1085,Indian,0.73,symbiont-bearing,non-spinose,0
SO36-07,,-42.25,144.75,1085,Indian,0.73,symbiont-bearing,spinose,0
SO36-07,,-42.25,144.75,1085,Indian,0.73,symbiont-facultative,non-spinose,63
SO36-07,,-42.25,144.75,1085,Indian,0.73,symbiont-facultative,spinose,0
SO36-07,,-42.25,144.75,1085,Indian,0.73,symbiont-obligate,spinose,19
SO36-07,,-42.25,144.75,1085,Indian,0.73,undetermined,non-spinose,0
SO36-21,,-43.8,145.5,2829,Indian,0.2,symbiont-barren,non-spinose,75
SO36-21,,-43.8,145.5,2829,Indian,0.2,symbiont-barren,spinose,144
SO36-21,,-43.8,145.5,2829,Indian,0.2,symbiont-bearing,non-spinose,0
SO36-21,,-43.8,145.5,2829,Indian,0.2,symbiont-bearing,spinose,0
SO36-21,,-43.8,145.5,2829,Indian,0.2,symbiont-facultative,non-spinose,75
SO36-21,,-43.8,145.5,2829,Indian,0.2,symbiont-facultative,spinose,0
SO36-21,,-43.8,145.5,2829,Indian,0.2,symbiont-obligate,spinose,5
SO36-21,,-43.8,145.5,2829,Indian,0.2,undetermined,non-spinose,0
SO36-39,,-45.87,145.99,2497,Pacific,0.3,symbiont-barren,non-spinose,119
SO36-39,,-45.87,145.99,2497,Pacific,0.3,symbiont-barren,spinose,119
SO36-39,,-45.87,145.99,2497,Pacific,0.3,symbiont-bearing,non-spinose,0
SO36-39,,-45.87,145.99,2497,Pacific,0.3,symbiont-bearing,spinose,0
SO36-39,,-45.87,145.99,2497,Pacific,0.3,symbiont-facultative,non-spinose,55
SO36-39,,-45.87,145.99,2497,Pacific,0.3,symbiont-facultative,spinose,0
SO36-39,,-45.87,145.99,2497,Pacific,0.3,symbiont-obligate,spinose,0
SO36-39,,-45.87,145.99,2497,Pacific,0.3,undetermined,non-spinose,0
SO36-47,,-46.87,145.98,2497,Pacific,0.5,symbiont-barren,non-spinose,115
SO36-47,,-46.87,145.98,2497,Pacific,0.5,symbiont-barren,spinose,130
SO36-47,,-46.87,145.98,2497,Pacific,0.5,symbiont-bearing,non-spinose,0
SO36-47,,-46.87,145.98,2497,Pacific,0.5,symbiont-bearing,spinose,0
SO36-47,,-46.87,145.98,2497,Pacific,0.5,symbiont-facultative,non-spinose,60
SO36-47,,-46.87,145.98,2497,Pacific,0.5,symbiont-facultative,spinose,0
SO36-47,,-46.87,145.98,2497,Pacific,0.5,symbiont-obligate,spinose,0
SO36-47,,-46.87,145.98,2497,Pacific,0.5,undetermined,non-spinose,0
SP08-004,,32.818,-18.518,3365,North Atlantic,30,symbiont-barren,non-spinose,138
SP08-004,,32.818,-18.518,3365,North Atlantic,30,symbiont-barren,spinose,152
SP08-004,,32.818,-18.518,3365,North Atlantic,30,symbiont-bearing,non-spinose,0
SP08-004,,32.818,-18.518,3365,North Atlantic,30,symbiont-bearing,spinose,0
SP08-004,,32.818,-18.518,3365,North Atlantic,30,symbiont-facultative,non-spinose,182
SP08-004,,32.818,-18.518,3365,North Atlantic,30,symbiont-facultative,spinose,3
SP08-004,,32.818,-18.518,3365,North Atlantic,30,symbiont-obligate,spinose,157
SP08-004,,32.818,-18.518,3365,North Atlantic,30,undetermined,non-spinose,0
SU8107,Piston,35.57,-3.48,1375,Mediterranean,,symbiont-barren,non-spinose,1867
SU8107,Piston,35.57,-3.48,1375,Mediterranean,,symbiont-barren,spinose,718
SU8107,Piston,35.57,-3.48,1375,Mediterranean,,symbiont-bearing,non-spinose,0
SU8107,Piston,35.57,-3.48,1375,Mediterranean,,symbiont-bearing,spinose,1
SU8107,Piston,35.57,-3.48,1375,Mediterranean,,symbiont-facultative,non-spinose,151
SU8107,Piston,35.57,-3.48,1375,Mediterranean,,symbiont-facultative,spinose,0
SU8107,Piston,35.57,-3.48,1375,Mediterranean,,symbiont-obligate,spinose,12
SU8107,Piston,35.57,-3.48,1375,Mediterranean,,undetermined,non-spinose,0
SU92-03,,43.196,10.113,3005,North Atlantic,,symbiont-barren,non-spinose,1186
SU92-03,,43.196,10.113,3005,North Atlantic,,symbiont-barren,spinose,804
SU92-03,,43.196,10.113,3005,North Atlantic,,symbiont-bearing,non-spinose,1
SU92-03,,43.196,10.113,3005,North Atlantic,,symbiont-bearing,spinose,27
SU92-03,,43.196,10.113,3005,North Atlantic,,symbiont-facultative,non-spinose,629
SU92-03,,43.196,10.113,3005,North Atlantic,,symbiont-facultative,spinose,0
SU92-03,,43.196,10.113,3005,North Atlantic,,symbiont-obligate,spinose,174
SU92-03,,43.196,10.113,3005,North Atlantic,,undetermined,non-spinose,0
T87/2/20G,Piston,34.97,23.75,707,Mediterranean,,symbiont-barren,non-spinose,245
T87/2/20G,Piston,34.97,23.75,707,Mediterranean,,symbiont-barren,spinose,99
T87/2/20G,Piston,34.97,23.75,707,Mediterranean,,symbiont-bearing,non-spinose,0
T87/2/20G,Piston,34.97,23.75,707,Mediterranean,,symbiont-bearing,spinose,1
T87/2/20G,Piston,34.97,23.75,707,Mediterranean,,symbiont-facultative,non-spinose,74
T87/2/20G,Piston,34.97,23.75,707,Mediterranean,,symbiont-facultative,spinose,0
T87/2/20G,Piston,34.97,23.75,707,Mediterranean,,symbiont-obligate,spinose,199
T87/2/20G,Piston,34.97,23.75,707,Mediterranean,,undetermined,non-spinose,0
T89-40,,-21.6,6.783333333,3073,South Atlantic,,symbiont-barren,non-spinose,101
T89-40,,-21.6,6.783333333,3073,South Atlantic,,symbiont-barren,spinose,80
T89-40,,-21.6,6.783333333,3073,South Atlantic,,symbiont-bearing,non-spinose,0
T89-40,,-21.6,6.783333333,3073,South Atlantic,,symbiont-bearing,spinose,3
T89-40,,-21.6,6.783333333,3073,South Atlantic,,symbiont-facultative,non-spinose,91
T89-40,,-21.6,6.783333333,3073,South Atlantic,,symbiont-facultative,spinose,0
T89-40,,-21.6,6.783333333,3073,South Atlantic,,symbiont-obligate,spinose,37
T89-40,,-21.6,6.783333333,3073,South Atlantic,,undetermined,non-spinose,1
U938,,-45.075,179.4983333,2700,Pacific,1.3,symbiont-barren,non-spinose,182
U938,,-45.075,179.4983333,2700,Pacific,1.3,symbiont-barren,spinose,45
U938,,-45.075,179.4983333,2700,Pacific,1.3,symbiont-bearing,non-spinose,0
U938,,-45.075,179.4983333,2700,Pacific,1.3,symbiont-bearing,spinose,0
U938,,-45.075,179.4983333,2700,Pacific,1.3,symbiont-facultative,non-spinose,100
U938,,-45.075,179.4983333,2700,Pacific,1.3,symbiont-facultative,spinose,0
U938,,-45.075,179.4983333,2700,Pacific,1.3,symbiont-obligate,spinose,0
U938,,-45.075,179.4983333,2700,Pacific,1.3,undetermined,non-spinose,0
V  28294,,28.433,139.967,,Pacific,4,symbiont-barren,non-spinose,519
V  28294,,28.433,139.967,,Pacific,4,symbiont-barren,spinose,280
V  28294,,28.433,139.967,,Pacific,4,symbiont-bearing,non-spinose,0
V  28294,,28.433,139.967,,Pacific,4,symbiont-bearing,spinose,34
V  28294,,28.433,139.967,,Pacific,4,symbiont-facultative,non-spinose,489
V  28294,,28.433,139.967,,Pacific,4,symbiont-facultative,spinose,0
V  28294,,28.433,139.967,,Pacific,4,symbiont-obligate,spinose,886
V  28294,,28.433,139.967,,Pacific,4,undetermined,non-spinose,1
V  28304,,28.533,134.133,,Pacific,45,symbiont-barren,non-spinose,235
V  28304,,28.533,134.133,,Pacific,45,symbiont-barren,spinose,179
V  28304,,28.533,134.133,,Pacific,45,symbiont-bearing,non-spinose,0
V  28304,,28.533,134.133,,Pacific,45,symbiont-bearing,spinose,5
V  28304,,28.533,134.133,,Pacific,45,symbiont-facultative,non-spinose,350
V  28304,,28.533,134.133,,Pacific,45,symbiont-facultative,spinose,0
V  28304,,28.533,134.133,,Pacific,45,symbiont-obligate,spinose,425
V  28304,,28.533,134.133,,Pacific,45,undetermined,non-spinose,2
V  32139,,31.567,151.1,,Pacific,1,symbiont-barren,non-spinose,70
V  32139,,31.567,151.1,,Pacific,1,symbiont-barren,spinose,31
V  32139,,31.567,151.1,,Pacific,1,symbiont-bearing,non-spinose,0
V  32139,,31.567,151.1,,Pacific,1,symbiont-bearing,spinose,0
V  32139,,31.567,151.1,,Pacific,1,symbiont-facultative,non-spinose,260
V  32139,,31.567,151.1,,Pacific,1,symbiont-facultative,spinose,0
V  32139,,31.567,151.1,,Pacific,1,symbiont-obligate,spinose,41
V  32139,,31.567,151.1,,Pacific,1,undetermined,non-spinose,2
V 19-53,,-17.017,-113.517,,Pacific,45,symbiont-barren,non-spinose,191
V 19-53,,-17.017,-113.517,,Pacific,45,symbiont-barren,spinose,3
V 19-53,,-17.017,-113.517,,Pacific,45,symbiont-bearing,non-spinose,0
V 19-53,,-17.017,-113.517,,Pacific,45,symbiont-bearing,spinose,5
V 19-53,,-17.017,-113.517,,Pacific,45,symbiont-facultative,non-spinose,237
V 19-53,,-17.017,-113.517,,Pacific,45,symbiont-facultative,spinose,0
V 19-53,,-17.017,-113.517,,Pacific,45,symbiont-obligate,spinose,67
V 19-53,,-17.017,-113.517,,Pacific,45,undetermined,non-spinose,65
V 19-55,,-17,-114.183,,Pacific,23,symbiont-barren,non-spinose,67
V 19-55,,-17,-114.183,,Pacific,23,symbiont-barren,spinose,72
V 19-55,,-17,-114.183,,Pacific,23,symbiont-bearing,non-spinose,1
V 19-55,,-17,-114.183,,Pacific,23,symbiont-bearing,spinose,58
V 19-55,,-17,-114.183,,Pacific,23,symbiont-facultative,non-spinose,784
V 19-55,,-17,-114.183,,Pacific,23,symbiont-facultative,spinose,5
V 19-55,,-17,-114.183,,Pacific,23,symbiont-obligate,spinose,609
V 19-55,,-17,-114.183,,Pacific,23,undetermined,non-spinose,87
V 19-64,,-16.933,-121.2,,Pacific,15,symbiont-barren,non-spinose,16
V 19-64,,-16.933,-121.2,,Pacific,15,symbiont-barren,spinose,25
V 19-64,,-16.933,-121.2,,Pacific,15,symbiont-bearing,non-spinose,0
V 19-64,,-16.933,-121.2,,Pacific,15,symbiont-bearing,spinose,35
V 19-64,,-16.933,-121.2,,Pacific,15,symbiont-facultative,non-spinose,367
V 19-64,,-16.933,-121.2,,Pacific,15,symbiont-facultative,spinose,1
V 19-64,,-16.933,-121.2,,Pacific,15,symbiont-obligate,spinose,427
V 19-64,,-16.933,-121.2,,Pacific,15,undetermined,non-spinose,20
V 19-65,,-16.65,-124.383,,Pacific,15,symbiont-barren,non-spinose,83
V 19-65,,-16.65,-124.383,,Pacific,15,symbiont-barren,spinose,21
V 19-65,,-16.65,-124.383,,Pacific,15,symbiont-bearing,non-spinose,0
V 19-65,,-16.65,-124.383,,Pacific,15,symbiont-bearing,spinose,22
V 19-65,,-16.65,-124.383,,Pacific,15,symbiont-facultative,non-spinose,595
V 19-65,,-16.65,-124.383,,Pacific,15,symbiont-facultative,spinose,5
V 19-65,,-16.65,-124.383,,Pacific,15,symbiont-obligate,spinose,716
V 19-65,,-16.65,-124.383,,Pacific,15,undetermined,non-spinose,51
V 19-96,,0.867,172,,Pacific,15,symbiont-barren,non-spinose,26
V 19-96,,0.867,172,,Pacific,15,symbiont-barren,spinose,33
V 19-96,,0.867,172,,Pacific,15,symbiont-bearing,non-spinose,0
V 19-96,,0.867,172,,Pacific,15,symbiont-bearing,spinose,1
V 19-96,,0.867,172,,Pacific,15,symbiont-facultative,non-spinose,168
V 19-96,,0.867,172,,Pacific,15,symbiont-facultative,spinose,0
V 19-96,,0.867,172,,Pacific,15,symbiont-obligate,spinose,80
V 19-96,,0.867,172,,Pacific,15,undetermined,non-spinose,2
V 20-11,,47.95,168.783,,Pacific,20,symbiont-barren,non-spinose,387
V 20-11,,47.95,168.783,,Pacific,20,symbiont-barren,spinose,40
V 20-11,,47.95,168.783,,Pacific,20,symbiont-bearing,non-spinose,0
V 20-11,,47.95,168.783,,Pacific,20,symbiont-bearing,spinose,0
V 20-11,,47.95,168.783,,Pacific,20,symbiont-facultative,non-spinose,0
V 20-11,,47.95,168.783,,Pacific,20,symbiont-facultative,spinose,0
V 20-11,,47.95,168.783,,Pacific,20,symbiont-obligate,spinose,1
V 20-11,,47.95,168.783,,Pacific,20,undetermined,non-spinose,0
V 21-14,,37.683,163.033,,Pacific,70,symbiont-barren,non-spinose,96
V 21-14,,37.683,163.033,,Pacific,70,symbiont-barren,spinose,29
V 21-14,,37.683,163.033,,Pacific,70,symbiont-bearing,non-spinose,0
V 21-14,,37.683,163.033,,Pacific,70,symbiont-bearing,spinose,0
V 21-14,,37.683,163.033,,Pacific,70,symbiont-facultative,non-spinose,275
V 21-14,,37.683,163.033,,Pacific,70,symbiont-facultative,spinose,0
V 21-14,,37.683,163.033,,Pacific,70,symbiont-obligate,spinose,3
V 21-14,,37.683,163.033,,Pacific,70,undetermined,non-spinose,0
V 21-30,,-1.217,-89.683,,Pacific,250,symbiont-barren,non-spinose,277
V 21-30,,-1.217,-89.683,,Pacific,250,symbiont-barren,spinose,713
V 21-30,,-1.217,-89.683,,Pacific,250,symbiont-bearing,non-spinose,0
V 21-30,,-1.217,-89.683,,Pacific,250,symbiont-bearing,spinose,7
V 21-30,,-1.217,-89.683,,Pacific,250,symbiont-facultative,non-spinose,500
V 21-30,,-1.217,-89.683,,Pacific,250,symbiont-facultative,spinose,0
V 21-30,,-1.217,-89.683,,Pacific,250,symbiont-obligate,spinose,51
V 21-30,,-1.217,-89.683,,Pacific,250,undetermined,non-spinose,0
V 21-33,,-3.8,-92.083,,Pacific,45,symbiont-barren,non-spinose,130
V 21-33,,-3.8,-92.083,,Pacific,45,symbiont-barren,spinose,74
V 21-33,,-3.8,-92.083,,Pacific,45,symbiont-bearing,non-spinose,0
V 21-33,,-3.8,-92.083,,Pacific,45,symbiont-bearing,spinose,0
V 21-33,,-3.8,-92.083,,Pacific,45,symbiont-facultative,non-spinose,391
V 21-33,,-3.8,-92.083,,Pacific,45,symbiont-facultative,spinose,0
V 21-33,,-3.8,-92.083,,Pacific,45,symbiont-obligate,spinose,6
V 21-33,,-3.8,-92.083,,Pacific,45,undetermined,non-spinose,0
V 28-23,,-5.5,166.75,,Pacific,20,symbiont-barren,non-spinose,14
V 28-23,,-5.5,166.75,,Pacific,20,symbiont-barren,spinose,71
V 28-23,,-5.5,166.75,,Pacific,20,symbiont-bearing,non-spinose,0
V 28-23,,-5.5,166.75,,Pacific,20,symbiont-bearing,spinose,24
V 28-23,,-5.5,166.75,,Pacific,20,symbiont-facultative,non-spinose,318
V 28-23,,-5.5,166.75,,Pacific,20,symbiont-facultative,spinose,0
V 28-23,,-5.5,166.75,,Pacific,20,symbiont-obligate,spinose,472
V 28-23,,-5.5,166.75,,Pacific,20,undetermined,non-spinose,1
V 28-24,,11.067,138.533,,Pacific,20,symbiont-barren,non-spinose,11
V 28-24,,11.067,138.533,,Pacific,20,symbiont-barren,spinose,104
V 28-24,,11.067,138.533,,Pacific,20,symbiont-bearing,non-spinose,0
V 28-24,,11.067,138.533,,Pacific,20,symbiont-bearing,spinose,64
V 28-24,,11.067,138.533,,Pacific,20,symbiont-facultative,non-spinose,214
V 28-24,,11.067,138.533,,Pacific,20,symbiont-facultative,spinose,0
V 28-24,,11.067,138.533,,Pacific,20,symbiont-obligate,spinose,1261
V 28-24,,11.067,138.533,,Pacific,20,undetermined,non-spinose,1
V 32126,,35.317,177.9,,Pacific,25,symbiont-barren,non-spinose,228
V 32126,,35.317,177.9,,Pacific,25,symbiont-barren,spinose,193
V 32126,,35.317,177.9,,Pacific,25,symbiont-bearing,non-spinose,0
V 32126,,35.317,177.9,,Pacific,25,symbiont-bearing,spinose,0
V 32126,,35.317,177.9,,Pacific,25,symbiont-facultative,non-spinose,213
V 32126,,35.317,177.9,,Pacific,25,symbiont-facultative,spinose,0
V 32126,,35.317,177.9,,Pacific,25,symbiont-obligate,spinose,24
V 32126,,35.317,177.9,,Pacific,25,undetermined,non-spinose,3
V04-008,,37.218,-33.134,1697,North Atlantic,50,symbiont-barren,non-spinose,191
V04-008,,37.218,-33.134,1697,North Atlantic,50,symbiont-barren,spinose,154
V04-008,,37.218,-33.134,1697,North Atlantic,50,symbiont-bearing,non-spinose,0
V04-008,,37.218,-33.134,1697,North Atlantic,50,symbiont-bearing,spinose,15
V04-008,,37.218,-33.134,1697,North Atlantic,50,symbiont-facultative,non-spinose,165
V04-008,,37.218,-33.134,1697,North Atlantic,50,symbiont-facultative,spinose,0
V04-008,,37.218,-33.134,1697,North Atlantic,50,symbiont-obligate,spinose,106
V04-008,,37.218,-33.134,1697,North Atlantic,50,undetermined,non-spinose,1
V04-032,,35.05,-11.617,2296,North Atlantic,30,symbiont-barren,non-spinose,134
V04-032,,35.05,-11.617,2296,North Atlantic,30,symbiont-barren,spinose,68
V04-032,,35.05,-11.617,2296,North Atlantic,30,symbiont-bearing,non-spinose,0
V04-032,,35.05,-11.617,2296,North Atlantic,30,symbiont-bearing,spinose,8
V04-032,,35.05,-11.617,2296,North Atlantic,30,symbiont-facultative,non-spinose,93
V04-032,,35.05,-11.617,2296,North Atlantic,30,symbiont-facultative,spinose,1
V04-032,,35.05,-11.617,2296,North Atlantic,30,symbiont-obligate,spinose,117
V04-032,,35.05,-11.617,2296,North Atlantic,30,undetermined,non-spinose,0
V10-49,Piston,36.083,26.833,1170,Mediterranean,,symbiont-barren,non-spinose,227
V10-49,Piston,36.083,26.833,1170,Mediterranean,,symbiont-barren,spinose,36
V10-49,Piston,36.083,26.833,1170,Mediterranean,,symbiont-bearing,non-spinose,0
V10-49,Piston,36.083,26.833,1170,Mediterranean,,symbiont-bearing,spinose,1
V10-49,Piston,36.083,26.833,1170,Mediterranean,,symbiont-facultative,non-spinose,82
V10-49,Piston,36.083,26.833,1170,Mediterranean,,symbiont-facultative,spinose,0
V10-49,Piston,36.083,26.833,1170,Mediterranean,,symbiont-obligate,spinose,2
V10-49,Piston,36.083,26.833,1170,Mediterranean,,undetermined,non-spinose,0
V10-51,Piston,35.917,27.3,791,Mediterranean,,symbiont-barren,non-spinose,535
V10-51,Piston,35.917,27.3,791,Mediterranean,,symbiont-barren,spinose,148
V10-51,Piston,35.917,27.3,791,Mediterranean,,symbiont-bearing,non-spinose,0
V10-51,Piston,35.917,27.3,791,Mediterranean,,symbiont-bearing,spinose,1
V10-51,Piston,35.917,27.3,791,Mediterranean,,symbiont-facultative,non-spinose,126
V10-51,Piston,35.917,27.3,791,Mediterranean,,symbiont-facultative,spinose,0
V10-51,Piston,35.917,27.3,791,Mediterranean,,symbiont-obligate,spinose,6
V10-51,Piston,35.917,27.3,791,Mediterranean,,undetermined,non-spinose,0
V14-077,,-29.64166667,32.85833333,1818,Indian,0.29,symbiont-barren,non-spinose,27
V14-077,,-29.64166667,32.85833333,1818,Indian,0.29,symbiont-barren,spinose,9
V14-077,,-29.64166667,32.85833333,1818,Indian,0.29,symbiont-bearing,non-spinose,0
V14-077,,-29.64166667,32.85833333,1818,Indian,0.29,symbiont-bearing,spinose,9
V14-077,,-29.64166667,32.85833333,1818,Indian,0.29,symbiont-facultative,non-spinose,153
V14-077,,-29.64166667,32.85833333,1818,Indian,0.29,symbiont-facultative,spinose,0
V14-077,,-29.64166667,32.85833333,1818,Indian,0.29,symbiont-obligate,spinose,104
V14-077,,-29.64166667,32.85833333,1818,Indian,0.29,undetermined,non-spinose,0
V14-081,,-28.425,43.78333333,3634,Indian,0.35,symbiont-barren,non-spinose,33
V14-081,,-28.425,43.78333333,3634,Indian,0.35,symbiont-barren,spinose,28
V14-081,,-28.425,43.78333333,3634,Indian,0.35,symbiont-bearing,non-spinose,0
V14-081,,-28.425,43.78333333,3634,Indian,0.35,symbiont-bearing,spinose,25
V14-081,,-28.425,43.78333333,3634,Indian,0.35,symbiont-facultative,non-spinose,115
V14-081,,-28.425,43.78333333,3634,Indian,0.35,symbiont-facultative,spinose,1
V14-081,,-28.425,43.78333333,3634,Indian,0.35,symbiont-obligate,spinose,98
V14-081,,-28.425,43.78333333,3634,Indian,0.35,undetermined,non-spinose,0
V14-101,,8.65,58.56666667,2849,Indian,0.7,symbiont-barren,non-spinose,51
V14-101,,8.65,58.56666667,2849,Indian,0.7,symbiont-barren,spinose,28
V14-101,,8.65,58.56666667,2849,Indian,0.7,symbiont-bearing,non-spinose,0
V14-101,,8.65,58.56666667,2849,Indian,0.7,symbiont-bearing,spinose,7
V14-101,,8.65,58.56666667,2849,Indian,0.7,symbiont-facultative,non-spinose,148
V14-101,,8.65,58.56666667,2849,Indian,0.7,symbiont-facultative,spinose,0
V14-101,,8.65,58.56666667,2849,Indian,0.7,symbiont-obligate,spinose,68
V14-101,,8.65,58.56666667,2849,Indian,0.7,undetermined,non-spinose,0
V14-102,,10.25,57.18333333,3915,Indian,0.4,symbiont-barren,non-spinose,69
V14-102,,10.25,57.18333333,3915,Indian,0.4,symbiont-barren,spinose,30
V14-102,,10.25,57.18333333,3915,Indian,0.4,symbiont-bearing,non-spinose,0
V14-102,,10.25,57.18333333,3915,Indian,0.4,symbiont-bearing,spinose,6
V14-102,,10.25,57.18333333,3915,Indian,0.4,symbiont-facultative,non-spinose,149
V14-102,,10.25,57.18333333,3915,Indian,0.4,symbiont-facultative,spinose,0
V14-102,,10.25,57.18333333,3915,Indian,0.4,symbiont-obligate,spinose,46
V14-102,,10.25,57.18333333,3915,Indian,0.4,undetermined,non-spinose,0
V15-157,,-33.167,-49.783,1123,South Atlantic,50,symbiont-barren,non-spinose,99
V15-157,,-33.167,-49.783,1123,South Atlantic,50,symbiont-barren,spinose,33
V15-157,,-33.167,-49.783,1123,South Atlantic,50,symbiont-bearing,non-spinose,0
V15-157,,-33.167,-49.783,1123,South Atlantic,50,symbiont-bearing,spinose,3
V15-157,,-33.167,-49.783,1123,South Atlantic,50,symbiont-facultative,non-spinose,163
V15-157,,-33.167,-49.783,1123,South Atlantic,50,symbiont-facultative,spinose,0
V15-157,,-33.167,-49.783,1123,South Atlantic,50,symbiont-obligate,spinose,145
V15-157,,-33.167,-49.783,1123,South Atlantic,50,undetermined,non-spinose,0
V15-168,,0.2,-39.9,4219,North Atlantic,142,symbiont-barren,non-spinose,60
V15-168,,0.2,-39.9,4219,North Atlantic,142,symbiont-barren,spinose,4
V15-168,,0.2,-39.9,4219,North Atlantic,142,symbiont-bearing,non-spinose,0
V15-168,,0.2,-39.9,4219,North Atlantic,142,symbiont-bearing,spinose,4
V15-168,,0.2,-39.9,4219,North Atlantic,142,symbiont-facultative,non-spinose,93
V15-168,,0.2,-39.9,4219,North Atlantic,142,symbiont-facultative,spinose,2
V15-168,,0.2,-39.9,4219,North Atlantic,142,symbiont-obligate,spinose,153
V15-168,,0.2,-39.9,4219,North Atlantic,142,undetermined,non-spinose,0
V15-168,,0.2,-39.9,4219,North Atlantic,160,symbiont-barren,non-spinose,62
V15-168,,0.2,-39.9,4219,North Atlantic,160,symbiont-barren,spinose,3
V15-168,,0.2,-39.9,4219,North Atlantic,160,symbiont-bearing,non-spinose,0
V15-168,,0.2,-39.9,4219,North Atlantic,160,symbiont-bearing,spinose,2
V15-168,,0.2,-39.9,4219,North Atlantic,160,symbiont-facultative,non-spinose,133
V15-168,,0.2,-39.9,4219,North Atlantic,160,symbiont-facultative,spinose,0
V15-168,,0.2,-39.9,4219,North Atlantic,160,symbiont-obligate,spinose,225
V15-168,,0.2,-39.9,4219,North Atlantic,160,undetermined,non-spinose,0
V15-168,,0.2,-39.9,4219,North Atlantic,163,symbiont-barren,non-spinose,20
V15-168,,0.2,-39.9,4219,North Atlantic,163,symbiont-barren,spinose,2
V15-168,,0.2,-39.9,4219,North Atlantic,163,symbiont-bearing,non-spinose,0
V15-168,,0.2,-39.9,4219,North Atlantic,163,symbiont-bearing,spinose,3
V15-168,,0.2,-39.9,4219,North Atlantic,163,symbiont-facultative,non-spinose,77
V15-168,,0.2,-39.9,4219,North Atlantic,163,symbiont-facultative,spinose,0
V15-168,,0.2,-39.9,4219,North Atlantic,163,symbiont-obligate,spinose,78
V15-168,,0.2,-39.9,4219,North Atlantic,163,undetermined,non-spinose,0
V16-025,,5.067,-36.8,4254,North Atlantic,53,symbiont-barren,non-spinose,27
V16-025,,5.067,-36.8,4254,North Atlantic,53,symbiont-barren,spinose,2
V16-025,,5.067,-36.8,4254,North Atlantic,53,symbiont-bearing,non-spinose,0
V16-025,,5.067,-36.8,4254,North Atlantic,53,symbiont-bearing,spinose,7
V16-025,,5.067,-36.8,4254,North Atlantic,53,symbiont-facultative,non-spinose,49
V16-025,,5.067,-36.8,4254,North Atlantic,53,symbiont-facultative,spinose,1
V16-025,,5.067,-36.8,4254,North Atlantic,53,symbiont-obligate,spinose,232
V16-025,,5.067,-36.8,4254,North Atlantic,53,undetermined,non-spinose,0
V16-025,,5.067,-36.8,4254,North Atlantic,55,symbiont-barren,non-spinose,18
V16-025,,5.067,-36.8,4254,North Atlantic,55,symbiont-barren,spinose,7
V16-025,,5.067,-36.8,4254,North Atlantic,55,symbiont-bearing,non-spinose,0
V16-025,,5.067,-36.8,4254,North Atlantic,55,symbiont-bearing,spinose,4
V16-025,,5.067,-36.8,4254,North Atlantic,55,symbiont-facultative,non-spinose,57
V16-025,,5.067,-36.8,4254,North Atlantic,55,symbiont-facultative,spinose,0
V16-025,,5.067,-36.8,4254,North Atlantic,55,symbiont-obligate,spinose,270
V16-025,,5.067,-36.8,4254,North Atlantic,55,undetermined,non-spinose,2
V16-036,,-19.368,-11.435,3329,South Atlantic,42,symbiont-barren,non-spinose,67
V16-036,,-19.368,-11.435,3329,South Atlantic,42,symbiont-barren,spinose,11
V16-036,,-19.368,-11.435,3329,South Atlantic,42,symbiont-bearing,non-spinose,0
V16-036,,-19.368,-11.435,3329,South Atlantic,42,symbiont-bearing,spinose,38
V16-036,,-19.368,-11.435,3329,South Atlantic,42,symbiont-facultative,non-spinose,114
V16-036,,-19.368,-11.435,3329,South Atlantic,42,symbiont-facultative,spinose,0
V16-036,,-19.368,-11.435,3329,South Atlantic,42,symbiont-obligate,spinose,264
V16-036,,-19.368,-11.435,3329,South Atlantic,42,undetermined,non-spinose,0
V16-089,,-33.01666667,85.78333333,3416,Indian,0.4,symbiont-barren,non-spinose,91
V16-089,,-33.01666667,85.78333333,3416,Indian,0.4,symbiont-barren,spinose,94
V16-089,,-33.01666667,85.78333333,3416,Indian,0.4,symbiont-bearing,non-spinose,0
V16-089,,-33.01666667,85.78333333,3416,Indian,0.4,symbiont-bearing,spinose,1
V16-089,,-33.01666667,85.78333333,3416,Indian,0.4,symbiont-facultative,non-spinose,92
V16-089,,-33.01666667,85.78333333,3416,Indian,0.4,symbiont-facultative,spinose,1
V16-089,,-33.01666667,85.78333333,3416,Indian,0.4,symbiont-obligate,spinose,20
V16-089,,-33.01666667,85.78333333,3416,Indian,0.4,undetermined,non-spinose,0
V17-039,,11.75,-80.433,3435,North Atlantic,100,symbiont-barren,non-spinose,17
V17-039,,11.75,-80.433,3435,North Atlantic,100,symbiont-barren,spinose,3
V17-039,,11.75,-80.433,3435,North Atlantic,100,symbiont-bearing,non-spinose,0
V17-039,,11.75,-80.433,3435,North Atlantic,100,symbiont-bearing,spinose,12
V17-039,,11.75,-80.433,3435,North Atlantic,100,symbiont-facultative,non-spinose,55
V17-039,,11.75,-80.433,3435,North Atlantic,100,symbiont-facultative,spinose,0
V17-039,,11.75,-80.433,3435,North Atlantic,100,symbiont-obligate,spinose,246
V17-039,,11.75,-80.433,3435,North Atlantic,100,undetermined,non-spinose,0
V17-165,,32.75,-41.9,3924,North Atlantic,50,symbiont-barren,non-spinose,62
V17-165,,32.75,-41.9,3924,North Atlantic,50,symbiont-barren,spinose,15
V17-165,,32.75,-41.9,3924,North Atlantic,50,symbiont-bearing,non-spinose,0
V17-165,,32.75,-41.9,3924,North Atlantic,50,symbiont-bearing,spinose,1
V17-165,,32.75,-41.9,3924,North Atlantic,50,symbiont-facultative,non-spinose,110
V17-165,,32.75,-41.9,3924,North Atlantic,50,symbiont-facultative,spinose,0
V17-165,,32.75,-41.9,3924,North Atlantic,50,symbiont-obligate,spinose,150
V17-165,,32.75,-41.9,3924,North Atlantic,50,undetermined,non-spinose,0
V18-110,,-53.917,-44.7,2610,South Atlantic,30,symbiont-barren,non-spinose,287
V18-110,,-53.917,-44.7,2610,South Atlantic,30,symbiont-barren,spinose,3
V18-110,,-53.917,-44.7,2610,South Atlantic,30,symbiont-bearing,non-spinose,0
V18-110,,-53.917,-44.7,2610,South Atlantic,30,symbiont-bearing,spinose,0
V18-110,,-53.917,-44.7,2610,South Atlantic,30,symbiont-facultative,non-spinose,3
V18-110,,-53.917,-44.7,2610,South Atlantic,30,symbiont-facultative,spinose,0
V18-110,,-53.917,-44.7,2610,South Atlantic,30,symbiont-obligate,spinose,0
V18-110,,-53.917,-44.7,2610,South Atlantic,30,undetermined,non-spinose,0
V18-191,,-32.433,46.567,2946,Indian,0.3,symbiont-barren,non-spinose,79
V18-191,,-32.433,46.567,2946,Indian,0.3,symbiont-barren,spinose,45
V18-191,,-32.433,46.567,2946,Indian,0.3,symbiont-bearing,non-spinose,0
V18-191,,-32.433,46.567,2946,Indian,0.3,symbiont-bearing,spinose,5
V18-191,,-32.433,46.567,2946,Indian,0.3,symbiont-facultative,non-spinose,119
V18-191,,-32.433,46.567,2946,Indian,0.3,symbiont-facultative,spinose,1
V18-191,,-32.433,46.567,2946,Indian,0.3,symbiont-obligate,spinose,53
V18-191,,-32.433,46.567,2946,Indian,0.3,undetermined,non-spinose,0
V18-207,,-25.63333333,87.11666667,2434,Indian,0.4,symbiont-barren,non-spinose,29
V18-207,,-25.63333333,87.11666667,2434,Indian,0.4,symbiont-barren,spinose,8
V18-207,,-25.63333333,87.11666667,2434,Indian,0.4,symbiont-bearing,non-spinose,0
V18-207,,-25.63333333,87.11666667,2434,Indian,0.4,symbiont-bearing,spinose,18
V18-207,,-25.63333333,87.11666667,2434,Indian,0.4,symbiont-facultative,non-spinose,66
V18-207,,-25.63333333,87.11666667,2434,Indian,0.4,symbiont-facultative,spinose,1
V18-207,,-25.63333333,87.11666667,2434,Indian,0.4,symbiont-obligate,spinose,180
V18-207,,-25.63333333,87.11666667,2434,Indian,0.4,undetermined,non-spinose,0
V18-312,,-2.85,-126.2,,Pacific,25,symbiont-barren,non-spinose,76
V18-312,,-2.85,-126.2,,Pacific,25,symbiont-barren,spinose,11
V18-312,,-2.85,-126.2,,Pacific,25,symbiont-bearing,non-spinose,0
V18-312,,-2.85,-126.2,,Pacific,25,symbiont-bearing,spinose,2
V18-312,,-2.85,-126.2,,Pacific,25,symbiont-facultative,non-spinose,164
V18-312,,-2.85,-126.2,,Pacific,25,symbiont-facultative,spinose,0
V18-312,,-2.85,-126.2,,Pacific,25,symbiont-obligate,spinose,20
V18-312,,-2.85,-126.2,,Pacific,25,undetermined,non-spinose,3
V18-318,,3.167,-118.467,,Pacific,15,symbiont-barren,non-spinose,51
V18-318,,3.167,-118.467,,Pacific,15,symbiont-barren,spinose,3
V18-318,,3.167,-118.467,,Pacific,15,symbiont-bearing,non-spinose,0
V18-318,,3.167,-118.467,,Pacific,15,symbiont-bearing,spinose,0
V18-318,,3.167,-118.467,,Pacific,15,symbiont-facultative,non-spinose,225
V18-318,,3.167,-118.467,,Pacific,15,symbiont-facultative,spinose,0
V18-318,,3.167,-118.467,,Pacific,15,symbiont-obligate,spinose,19
V18-318,,3.167,-118.467,,Pacific,15,undetermined,non-spinose,2
V19-019,,13.233,-78.367,3760,North Atlantic,80,symbiont-barren,non-spinose,10
V19-019,,13.233,-78.367,3760,North Atlantic,80,symbiont-barren,spinose,3
V19-019,,13.233,-78.367,3760,North Atlantic,80,symbiont-bearing,non-spinose,2
V19-019,,13.233,-78.367,3760,North Atlantic,80,symbiont-bearing,spinose,10
V19-019,,13.233,-78.367,3760,North Atlantic,80,symbiont-facultative,non-spinose,37
V19-019,,13.233,-78.367,3760,North Atlantic,80,symbiont-facultative,spinose,0
V19-019,,13.233,-78.367,3760,North Atlantic,80,symbiont-obligate,spinose,226
V19-019,,13.233,-78.367,3760,North Atlantic,80,undetermined,non-spinose,0
V19-021,,11.8,-79.35,3168,North Atlantic,60,symbiont-barren,non-spinose,9
V19-021,,11.8,-79.35,3168,North Atlantic,60,symbiont-barren,spinose,3
V19-021,,11.8,-79.35,3168,North Atlantic,60,symbiont-bearing,non-spinose,0
V19-021,,11.8,-79.35,3168,North Atlantic,60,symbiont-bearing,spinose,13
V19-021,,11.8,-79.35,3168,North Atlantic,60,symbiont-facultative,non-spinose,54
V19-021,,11.8,-79.35,3168,North Atlantic,60,symbiont-facultative,spinose,0
V19-021,,11.8,-79.35,3168,North Atlantic,60,symbiont-obligate,spinose,197
V19-021,,11.8,-79.35,3168,North Atlantic,60,undetermined,non-spinose,0
V19-178,,8.116666667,73.25,2188,Indian,0.8,symbiont-barren,non-spinose,11
V19-178,,8.116666667,73.25,2188,Indian,0.8,symbiont-barren,spinose,21
V19-178,,8.116666667,73.25,2188,Indian,0.8,symbiont-bearing,non-spinose,0
V19-178,,8.116666667,73.25,2188,Indian,0.8,symbiont-bearing,spinose,22
V19-178,,8.116666667,73.25,2188,Indian,0.8,symbiont-facultative,non-spinose,130
V19-178,,8.116666667,73.25,2188,Indian,0.8,symbiont-facultative,spinose,0
V19-178,,8.116666667,73.25,2188,Indian,0.8,symbiont-obligate,spinose,107
V19-178,,8.116666667,73.25,2188,Indian,0.8,undetermined,non-spinose,9
V19-185,,6.7,59.33333333,2867,Indian,0.3,symbiont-barren,non-spinose,47
V19-185,,6.7,59.33333333,2867,Indian,0.3,symbiont-barren,spinose,36
V19-185,,6.7,59.33333333,2867,Indian,0.3,symbiont-bearing,non-spinose,0
V19-185,,6.7,59.33333333,2867,Indian,0.3,symbiont-bearing,spinose,8
V19-185,,6.7,59.33333333,2867,Indian,0.3,symbiont-facultative,non-spinose,121
V19-185,,6.7,59.33333333,2867,Indian,0.3,symbiont-facultative,spinose,0
V19-185,,6.7,59.33333333,2867,Indian,0.3,symbiont-obligate,spinose,85
V19-185,,6.7,59.33333333,2867,Indian,0.3,undetermined,non-spinose,4
V19-188,,6.866666667,60.66666667,3356,Indian,0.6,symbiont-barren,non-spinose,54
V19-188,,6.866666667,60.66666667,3356,Indian,0.6,symbiont-barren,spinose,31
V19-188,,6.866666667,60.66666667,3356,Indian,0.6,symbiont-bearing,non-spinose,0
V19-188,,6.866666667,60.66666667,3356,Indian,0.6,symbiont-bearing,spinose,2
V19-188,,6.866666667,60.66666667,3356,Indian,0.6,symbiont-facultative,non-spinose,126
V19-188,,6.866666667,60.66666667,3356,Indian,0.6,symbiont-facultative,spinose,0
V19-188,,6.866666667,60.66666667,3356,Indian,0.6,symbiont-obligate,spinose,81
V19-188,,6.866666667,60.66666667,3356,Indian,0.6,undetermined,non-spinose,4
V19-201,,-5.333333333,40.43333333,1846,Indian,0.7,symbiont-barren,non-spinose,30
V19-201,,-5.333333333,40.43333333,1846,Indian,0.7,symbiont-barren,spinose,18
V19-201,,-5.333333333,40.43333333,1846,Indian,0.7,symbiont-bearing,non-spinose,0
V19-201,,-5.333333333,40.43333333,1846,Indian,0.7,symbiont-bearing,spinose,17
V19-201,,-5.333333333,40.43333333,1846,Indian,0.7,symbiont-facultative,non-spinose,130
V19-201,,-5.333333333,40.43333333,1846,Indian,0.7,symbiont-facultative,spinose,2
V19-201,,-5.333333333,40.43333333,1846,Indian,0.7,symbiont-obligate,spinose,106
V19-201,,-5.333333333,40.43333333,1846,Indian,0.7,undetermined,non-spinose,0
V19-202,,-6.983333333,41.18333333,2589,Indian,0.4,symbiont-barren,non-spinose,27
V19-202,,-6.983333333,41.18333333,2589,Indian,0.4,symbiont-barren,spinose,19
V19-202,,-6.983333333,41.18333333,2589,Indian,0.4,symbiont-bearing,non-spinose,0
V19-202,,-6.983333333,41.18333333,2589,Indian,0.4,symbiont-bearing,spinose,6
V19-202,,-6.983333333,41.18333333,2589,Indian,0.4,symbiont-facultative,non-spinose,121
V19-202,,-6.983333333,41.18333333,2589,Indian,0.4,symbiont-facultative,spinose,0
V19-202,,-6.983333333,41.18333333,2589,Indian,0.4,symbiont-obligate,spinose,127
V19-202,,-6.983333333,41.18333333,2589,Indian,0.4,undetermined,non-spinose,1
V19-204,,-10.23333333,43.81666667,3524,Indian,0.3,symbiont-barren,non-spinose,31
V19-204,,-10.23333333,43.81666667,3524,Indian,0.3,symbiont-barren,spinose,21
V19-204,,-10.23333333,43.81666667,3524,Indian,0.3,symbiont-bearing,non-spinose,0
V19-204,,-10.23333333,43.81666667,3524,Indian,0.3,symbiont-bearing,spinose,2
V19-204,,-10.23333333,43.81666667,3524,Indian,0.3,symbiont-facultative,non-spinose,127
V19-204,,-10.23333333,43.81666667,3524,Indian,0.3,symbiont-facultative,spinose,0
V19-204,,-10.23333333,43.81666667,3524,Indian,0.3,symbiont-obligate,spinose,122
V19-204,,-10.23333333,43.81666667,3524,Indian,0.3,undetermined,non-spinose,0
V19-240,,-30.583,13.283,3103,South Atlantic,60,symbiont-barren,non-spinose,228
V19-240,,-30.583,13.283,3103,South Atlantic,60,symbiont-barren,spinose,54
V19-240,,-30.583,13.283,3103,South Atlantic,60,symbiont-bearing,non-spinose,0
V19-240,,-30.583,13.283,3103,South Atlantic,60,symbiont-bearing,spinose,1
V19-240,,-30.583,13.283,3103,South Atlantic,60,symbiont-facultative,non-spinose,49
V19-240,,-30.583,13.283,3103,South Atlantic,60,symbiont-facultative,spinose,0
V19-240,,-30.583,13.283,3103,South Atlantic,60,symbiont-obligate,spinose,45
V19-240,,-30.583,13.283,3103,South Atlantic,60,undetermined,non-spinose,0
V19-248,,-24.567,4.833,3321,South Atlantic,27,symbiont-barren,non-spinose,122
V19-248,,-24.567,4.833,3321,South Atlantic,27,symbiont-barren,spinose,52
V19-248,,-24.567,4.833,3321,South Atlantic,27,symbiont-bearing,non-spinose,0
V19-248,,-24.567,4.833,3321,South Atlantic,27,symbiont-bearing,spinose,18
V19-248,,-24.567,4.833,3321,South Atlantic,27,symbiont-facultative,non-spinose,144
V19-248,,-24.567,4.833,3321,South Atlantic,27,symbiont-facultative,spinose,0
V19-248,,-24.567,4.833,3321,South Atlantic,27,symbiont-obligate,spinose,70
V19-248,,-24.567,4.833,3321,South Atlantic,27,undetermined,non-spinose,1
V19-281,,-3.317,4.65,4566,South Atlantic,50,symbiont-barren,non-spinose,55
V19-281,,-3.317,4.65,4566,South Atlantic,50,symbiont-barren,spinose,42
V19-281,,-3.317,4.65,4566,South Atlantic,50,symbiont-bearing,non-spinose,0
V19-281,,-3.317,4.65,4566,South Atlantic,50,symbiont-bearing,spinose,0
V19-281,,-3.317,4.65,4566,South Atlantic,50,symbiont-facultative,non-spinose,128
V19-281,,-3.317,4.65,4566,South Atlantic,50,symbiont-facultative,spinose,0
V19-281,,-3.317,4.65,4566,South Atlantic,50,symbiont-obligate,spinose,120
V19-281,,-3.317,4.65,4566,South Atlantic,50,undetermined,non-spinose,0
V19-283,,-1.283,5.533,3442,South Atlantic,79,symbiont-barren,non-spinose,120
V19-283,,-1.283,5.533,3442,South Atlantic,79,symbiont-barren,spinose,20
V19-283,,-1.283,5.533,3442,South Atlantic,79,symbiont-bearing,non-spinose,0
V19-283,,-1.283,5.533,3442,South Atlantic,79,symbiont-bearing,spinose,5
V19-283,,-1.283,5.533,3442,South Atlantic,79,symbiont-facultative,non-spinose,149
V19-283,,-1.283,5.533,3442,South Atlantic,79,symbiont-facultative,spinose,0
V19-283,,-1.283,5.533,3442,South Atlantic,79,symbiont-obligate,spinose,185
V19-283,,-1.283,5.533,3442,South Atlantic,79,undetermined,non-spinose,0
V19-29,,-3.583,-83.933,,Pacific,120,symbiont-barren,non-spinose,535
V19-29,,-3.583,-83.933,,Pacific,120,symbiont-barren,spinose,708
V19-29,,-3.583,-83.933,,Pacific,120,symbiont-bearing,non-spinose,0
V19-29,,-3.583,-83.933,,Pacific,120,symbiont-bearing,spinose,2
V19-29,,-3.583,-83.933,,Pacific,120,symbiont-facultative,non-spinose,1108
V19-29,,-3.583,-83.933,,Pacific,120,symbiont-facultative,spinose,0
V19-29,,-3.583,-83.933,,Pacific,120,symbiont-obligate,spinose,37
V19-29,,-3.583,-83.933,,Pacific,120,undetermined,non-spinose,0
V19-291,,2,-5.25,4956,North Atlantic,80,symbiont-barren,non-spinose,89
V19-291,,2,-5.25,4956,North Atlantic,80,symbiont-barren,spinose,23
V19-291,,2,-5.25,4956,North Atlantic,80,symbiont-bearing,non-spinose,0
V19-291,,2,-5.25,4956,North Atlantic,80,symbiont-bearing,spinose,1
V19-291,,2,-5.25,4956,North Atlantic,80,symbiont-facultative,non-spinose,95
V19-291,,2,-5.25,4956,North Atlantic,80,symbiont-facultative,spinose,0
V19-291,,2,-5.25,4956,North Atlantic,80,symbiont-obligate,spinose,216
V19-291,,2,-5.25,4956,North Atlantic,80,undetermined,non-spinose,0
V19-309,,31.167,-45.133,4544,North Atlantic,31,symbiont-barren,non-spinose,48
V19-309,,31.167,-45.133,4544,North Atlantic,31,symbiont-barren,spinose,33
V19-309,,31.167,-45.133,4544,North Atlantic,31,symbiont-bearing,non-spinose,0
V19-309,,31.167,-45.133,4544,North Atlantic,31,symbiont-bearing,spinose,2
V19-309,,31.167,-45.133,4544,North Atlantic,31,symbiont-facultative,non-spinose,150
V19-309,,31.167,-45.133,4544,North Atlantic,31,symbiont-facultative,spinose,3
V19-309,,31.167,-45.133,4544,North Atlantic,31,symbiont-obligate,spinose,138
V19-309,,31.167,-45.133,4544,North Atlantic,31,undetermined,non-spinose,0
V20-170,,-21.8,69.23333333,2479,Indian,0.3,symbiont-barren,non-spinose,26
V20-170,,-21.8,69.23333333,2479,Indian,0.3,symbiont-barren,spinose,6
V20-170,,-21.8,69.23333333,2479,Indian,0.3,symbiont-bearing,non-spinose,0
V20-170,,-21.8,69.23333333,2479,Indian,0.3,symbiont-bearing,spinose,22
V20-170,,-21.8,69.23333333,2479,Indian,0.3,symbiont-facultative,non-spinose,64
V20-170,,-21.8,69.23333333,2479,Indian,0.3,symbiont-facultative,spinose,0
V20-170,,-21.8,69.23333333,2479,Indian,0.3,symbiont-obligate,spinose,184
V20-170,,-21.8,69.23333333,2479,Indian,0.3,undetermined,non-spinose,0
V20-175,,-22.3,68,3526,Indian,0.3,symbiont-barren,non-spinose,24
V20-175,,-22.3,68,3526,Indian,0.3,symbiont-barren,spinose,13
V20-175,,-22.3,68,3526,Indian,0.3,symbiont-bearing,non-spinose,0
V20-175,,-22.3,68,3526,Indian,0.3,symbiont-bearing,spinose,23
V20-175,,-22.3,68,3526,Indian,0.3,symbiont-facultative,non-spinose,60
V20-175,,-22.3,68,3526,Indian,0.3,symbiont-facultative,spinose,1
V20-175,,-22.3,68,3526,Indian,0.3,symbiont-obligate,spinose,180
V20-175,,-22.3,68,3526,Indian,0.3,undetermined,non-spinose,0
V20-212,,-28.217,-10.033,3523,South Atlantic,20,symbiont-barren,non-spinose,75
V20-212,,-28.217,-10.033,3523,South Atlantic,20,symbiont-barren,spinose,10
V20-212,,-28.217,-10.033,3523,South Atlantic,20,symbiont-bearing,non-spinose,0
V20-212,,-28.217,-10.033,3523,South Atlantic,20,symbiont-bearing,spinose,21
V20-212,,-28.217,-10.033,3523,South Atlantic,20,symbiont-facultative,non-spinose,97
V20-212,,-28.217,-10.033,3523,South Atlantic,20,symbiont-facultative,spinose,0
V20-212,,-28.217,-10.033,3523,South Atlantic,20,symbiont-obligate,spinose,145
V20-212,,-28.217,-10.033,3523,South Atlantic,20,undetermined,non-spinose,1
V20-227,,-4.233,-34.633,3812,South Atlantic,80,symbiont-barren,non-spinose,48
V20-227,,-4.233,-34.633,3812,South Atlantic,80,symbiont-barren,spinose,2
V20-227,,-4.233,-34.633,3812,South Atlantic,80,symbiont-bearing,non-spinose,0
V20-227,,-4.233,-34.633,3812,South Atlantic,80,symbiont-bearing,spinose,1
V20-227,,-4.233,-34.633,3812,South Atlantic,80,symbiont-facultative,non-spinose,99
V20-227,,-4.233,-34.633,3812,South Atlantic,80,symbiont-facultative,spinose,0
V20-227,,-4.233,-34.633,3812,South Atlantic,80,symbiont-obligate,spinose,194
V20-227,,-4.233,-34.633,3812,South Atlantic,80,undetermined,non-spinose,0
V20-228,,-2.483,-36.417,3676,South Atlantic,61,symbiont-barren,non-spinose,15
V20-228,,-2.483,-36.417,3676,South Atlantic,61,symbiont-barren,spinose,1
V20-228,,-2.483,-36.417,3676,South Atlantic,61,symbiont-bearing,non-spinose,0
V20-228,,-2.483,-36.417,3676,South Atlantic,61,symbiont-bearing,spinose,8
V20-228,,-2.483,-36.417,3676,South Atlantic,61,symbiont-facultative,non-spinose,80
V20-228,,-2.483,-36.417,3676,South Atlantic,61,symbiont-facultative,spinose,0
V20-228,,-2.483,-36.417,3676,South Atlantic,61,symbiont-obligate,spinose,354
V20-228,,-2.483,-36.417,3676,South Atlantic,61,undetermined,non-spinose,0
V20-241,,22.133,-41.5,4372,North Atlantic,30,symbiont-barren,non-spinose,29
V20-241,,22.133,-41.5,4372,North Atlantic,30,symbiont-barren,spinose,4
V20-241,,22.133,-41.5,4372,North Atlantic,30,symbiont-bearing,non-spinose,0
V20-241,,22.133,-41.5,4372,North Atlantic,30,symbiont-bearing,spinose,37
V20-241,,22.133,-41.5,4372,North Atlantic,30,symbiont-facultative,non-spinose,45
V20-241,,22.133,-41.5,4372,North Atlantic,30,symbiont-facultative,spinose,1
V20-241,,22.133,-41.5,4372,North Atlantic,30,symbiont-obligate,spinose,267
V20-241,,22.133,-41.5,4372,North Atlantic,30,undetermined,non-spinose,0
V20-242,,23.367,-43.65,4565,North Atlantic,29,symbiont-barren,non-spinose,15
V20-242,,23.367,-43.65,4565,North Atlantic,29,symbiont-barren,spinose,3
V20-242,,23.367,-43.65,4565,North Atlantic,29,symbiont-bearing,non-spinose,0
V20-242,,23.367,-43.65,4565,North Atlantic,29,symbiont-bearing,spinose,33
V20-242,,23.367,-43.65,4565,North Atlantic,29,symbiont-facultative,non-spinose,60
V20-242,,23.367,-43.65,4565,North Atlantic,29,symbiont-facultative,spinose,0
V20-242,,23.367,-43.65,4565,North Atlantic,29,symbiont-obligate,spinose,266
V20-242,,23.367,-43.65,4565,North Atlantic,29,undetermined,non-spinose,0
V22-026,,8.717,-41.25,3720,North Atlantic,40,symbiont-barren,non-spinose,49
V22-026,,8.717,-41.25,3720,North Atlantic,40,symbiont-barren,spinose,10
V22-026,,8.717,-41.25,3720,North Atlantic,40,symbiont-bearing,non-spinose,0
V22-026,,8.717,-41.25,3720,North Atlantic,40,symbiont-bearing,spinose,2
V22-026,,8.717,-41.25,3720,North Atlantic,40,symbiont-facultative,non-spinose,72
V22-026,,8.717,-41.25,3720,North Atlantic,40,symbiont-facultative,spinose,0
V22-026,,8.717,-41.25,3720,North Atlantic,40,symbiont-obligate,spinose,270
V22-026,,8.717,-41.25,3720,North Atlantic,40,undetermined,non-spinose,0
V22-038,,-9.55,-34.25,3797,South Atlantic,37.5,symbiont-barren,non-spinose,15
V22-038,,-9.55,-34.25,3797,South Atlantic,37.5,symbiont-barren,spinose,3
V22-038,,-9.55,-34.25,3797,South Atlantic,37.5,symbiont-bearing,non-spinose,0
V22-038,,-9.55,-34.25,3797,South Atlantic,37.5,symbiont-bearing,spinose,0
V22-038,,-9.55,-34.25,3797,South Atlantic,37.5,symbiont-facultative,non-spinose,21
V22-038,,-9.55,-34.25,3797,South Atlantic,37.5,symbiont-facultative,spinose,0
V22-038,,-9.55,-34.25,3797,South Atlantic,37.5,symbiont-obligate,spinose,318
V22-038,,-9.55,-34.25,3797,South Atlantic,37.5,undetermined,non-spinose,0
V22-038,,-9.55,-34.25,3797,South Atlantic,40,symbiont-barren,non-spinose,12
V22-038,,-9.55,-34.25,3797,South Atlantic,40,symbiont-barren,spinose,0
V22-038,,-9.55,-34.25,3797,South Atlantic,40,symbiont-bearing,non-spinose,0
V22-038,,-9.55,-34.25,3797,South Atlantic,40,symbiont-bearing,spinose,6
V22-038,,-9.55,-34.25,3797,South Atlantic,40,symbiont-facultative,non-spinose,35
V22-038,,-9.55,-34.25,3797,South Atlantic,40,symbiont-facultative,spinose,0
V22-038,,-9.55,-34.25,3797,South Atlantic,40,symbiont-obligate,spinose,394
V22-038,,-9.55,-34.25,3797,South Atlantic,40,undetermined,non-spinose,0
V22-168,,-17.467,-5.183,4625,South Atlantic,31,symbiont-barren,non-spinose,115
V22-168,,-17.467,-5.183,4625,South Atlantic,31,symbiont-barren,spinose,10
V22-168,,-17.467,-5.183,4625,South Atlantic,31,symbiont-bearing,non-spinose,0
V22-168,,-17.467,-5.183,4625,South Atlantic,31,symbiont-bearing,spinose,0
V22-168,,-17.467,-5.183,4625,South Atlantic,31,symbiont-facultative,non-spinose,161
V22-168,,-17.467,-5.183,4625,South Atlantic,31,symbiont-facultative,spinose,0
V22-168,,-17.467,-5.183,4625,South Atlantic,31,symbiont-obligate,spinose,92
V22-168,,-17.467,-5.183,4625,South Atlantic,31,undetermined,non-spinose,3
V22-171,,-13.1,-9.333,4155,South Atlantic,20,symbiont-barren,non-spinose,94
V22-171,,-13.1,-9.333,4155,South Atlantic,20,symbiont-barren,spinose,23
V22-171,,-13.1,-9.333,4155,South Atlantic,20,symbiont-bearing,non-spinose,0
V22-171,,-13.1,-9.333,4155,South Atlantic,20,symbiont-bearing,spinose,19
V22-171,,-13.1,-9.333,4155,South Atlantic,20,symbiont-facultative,non-spinose,166
V22-171,,-13.1,-9.333,4155,South Atlantic,20,symbiont-facultative,spinose,0
V22-171,,-13.1,-9.333,4155,South Atlantic,20,symbiont-obligate,spinose,360
V22-171,,-13.1,-9.333,4155,South Atlantic,20,undetermined,non-spinose,1
V22-172,,-12.667,-9.817,4127,South Atlantic,20,symbiont-barren,non-spinose,103
V22-172,,-12.667,-9.817,4127,South Atlantic,20,symbiont-barren,spinose,19
V22-172,,-12.667,-9.817,4127,South Atlantic,20,symbiont-bearing,non-spinose,0
V22-172,,-12.667,-9.817,4127,South Atlantic,20,symbiont-bearing,spinose,19
V22-172,,-12.667,-9.817,4127,South Atlantic,20,symbiont-facultative,non-spinose,178
V22-172,,-12.667,-9.817,4127,South Atlantic,20,symbiont-facultative,spinose,1
V22-172,,-12.667,-9.817,4127,South Atlantic,20,symbiont-obligate,spinose,372
V22-172,,-12.667,-9.817,4127,South Atlantic,20,undetermined,non-spinose,1
V22-177,,-7.75,-14.601,3290,South Atlantic,63,symbiont-barren,non-spinose,72
V22-177,,-7.75,-14.601,3290,South Atlantic,63,symbiont-barren,spinose,23
V22-177,,-7.75,-14.601,3290,South Atlantic,63,symbiont-bearing,non-spinose,0
V22-177,,-7.75,-14.601,3290,South Atlantic,63,symbiont-bearing,spinose,11
V22-177,,-7.75,-14.601,3290,South Atlantic,63,symbiont-facultative,non-spinose,137
V22-177,,-7.75,-14.601,3290,South Atlantic,63,symbiont-facultative,spinose,0
V22-177,,-7.75,-14.601,3290,South Atlantic,63,symbiont-obligate,spinose,129
V22-177,,-7.75,-14.601,3290,South Atlantic,63,undetermined,non-spinose,0
V22-177,,-7.75,-14.601,3290,South Atlantic,70,symbiont-barren,non-spinose,87
V22-177,,-7.75,-14.601,3290,South Atlantic,70,symbiont-barren,spinose,11
V22-177,,-7.75,-14.601,3290,South Atlantic,70,symbiont-bearing,non-spinose,0
V22-177,,-7.75,-14.601,3290,South Atlantic,70,symbiont-bearing,spinose,10
V22-177,,-7.75,-14.601,3290,South Atlantic,70,symbiont-facultative,non-spinose,136
V22-177,,-7.75,-14.601,3290,South Atlantic,70,symbiont-facultative,spinose,0
V22-177,,-7.75,-14.601,3290,South Atlantic,70,symbiont-obligate,spinose,192
V22-177,,-7.75,-14.601,3290,South Atlantic,70,undetermined,non-spinose,0
V22-182,,-0.535,-17.267,3614,South Atlantic,71,symbiont-barren,non-spinose,174
V22-182,,-0.535,-17.267,3614,South Atlantic,71,symbiont-barren,spinose,28
V22-182,,-0.535,-17.267,3614,South Atlantic,71,symbiont-bearing,non-spinose,0
V22-182,,-0.535,-17.267,3614,South Atlantic,71,symbiont-bearing,spinose,1
V22-182,,-0.535,-17.267,3614,South Atlantic,71,symbiont-facultative,non-spinose,205
V22-182,,-0.535,-17.267,3614,South Atlantic,71,symbiont-facultative,spinose,0
V22-182,,-0.535,-17.267,3614,South Atlantic,71,symbiont-obligate,spinose,97
V22-182,,-0.535,-17.267,3614,South Atlantic,71,undetermined,non-spinose,0
V22-182,,-0.535,-17.267,3614,South Atlantic,72,symbiont-barren,non-spinose,101
V22-182,,-0.535,-17.267,3614,South Atlantic,72,symbiont-barren,spinose,22
V22-182,,-0.535,-17.267,3614,South Atlantic,72,symbiont-bearing,non-spinose,0
V22-182,,-0.535,-17.267,3614,South Atlantic,72,symbiont-bearing,spinose,1
V22-182,,-0.535,-17.267,3614,South Atlantic,72,symbiont-facultative,non-spinose,151
V22-182,,-0.535,-17.267,3614,South Atlantic,72,symbiont-facultative,spinose,0
V22-182,,-0.535,-17.267,3614,South Atlantic,72,symbiont-obligate,spinose,65
V22-182,,-0.535,-17.267,3614,South Atlantic,72,undetermined,non-spinose,0
V22-186,,3.383,-20.117,4471,North Atlantic,30,symbiont-barren,non-spinose,122
V22-186,,3.383,-20.117,4471,North Atlantic,30,symbiont-barren,spinose,7
V22-186,,3.383,-20.117,4471,North Atlantic,30,symbiont-bearing,non-spinose,0
V22-186,,3.383,-20.117,4471,North Atlantic,30,symbiont-bearing,spinose,2
V22-186,,3.383,-20.117,4471,North Atlantic,30,symbiont-facultative,non-spinose,247
V22-186,,3.383,-20.117,4471,North Atlantic,30,symbiont-facultative,spinose,0
V22-186,,3.383,-20.117,4471,North Atlantic,30,symbiont-obligate,spinose,240
V22-186,,3.383,-20.117,4471,North Atlantic,30,undetermined,non-spinose,0
V22-188,,4.667,-20.917,2600,North Atlantic,30,symbiont-barren,non-spinose,80
V22-188,,4.667,-20.917,2600,North Atlantic,30,symbiont-barren,spinose,26
V22-188,,4.667,-20.917,2600,North Atlantic,30,symbiont-bearing,non-spinose,0
V22-188,,4.667,-20.917,2600,North Atlantic,30,symbiont-bearing,spinose,39
V22-188,,4.667,-20.917,2600,North Atlantic,30,symbiont-facultative,non-spinose,177
V22-188,,4.667,-20.917,2600,North Atlantic,30,symbiont-facultative,spinose,0
V22-188,,4.667,-20.917,2600,North Atlantic,30,symbiont-obligate,spinose,375
V22-188,,4.667,-20.917,2600,North Atlantic,30,undetermined,non-spinose,0
V22-196,,13.833,-18.951,3728,North Atlantic,70,symbiont-barren,non-spinose,83
V22-196,,13.833,-18.951,3728,North Atlantic,70,symbiont-barren,spinose,58
V22-196,,13.833,-18.951,3728,North Atlantic,70,symbiont-bearing,non-spinose,0
V22-196,,13.833,-18.951,3728,North Atlantic,70,symbiont-bearing,spinose,3
V22-196,,13.833,-18.951,3728,North Atlantic,70,symbiont-facultative,non-spinose,174
V22-196,,13.833,-18.951,3728,North Atlantic,70,symbiont-facultative,spinose,0
V22-196,,13.833,-18.951,3728,North Atlantic,70,symbiont-obligate,spinose,76
V22-196,,13.833,-18.951,3728,North Atlantic,70,undetermined,non-spinose,0
V22-222,,28.933,-43.65,3197,North Atlantic,58,symbiont-barren,non-spinose,47
V22-222,,28.933,-43.65,3197,North Atlantic,58,symbiont-barren,spinose,9
V22-222,,28.933,-43.65,3197,North Atlantic,58,symbiont-bearing,non-spinose,0
V22-222,,28.933,-43.65,3197,North Atlantic,58,symbiont-bearing,spinose,35
V22-222,,28.933,-43.65,3197,North Atlantic,58,symbiont-facultative,non-spinose,82
V22-222,,28.933,-43.65,3197,North Atlantic,58,symbiont-facultative,spinose,0
V22-222,,28.933,-43.65,3197,North Atlantic,58,symbiont-obligate,spinose,283
V22-222,,28.933,-43.65,3197,North Atlantic,58,undetermined,non-spinose,0
V23-042,,62.183,-27.933,1514,North Atlantic,70,symbiont-barren,non-spinose,253
V23-042,,62.183,-27.933,1514,North Atlantic,70,symbiont-barren,spinose,13
V23-042,,62.183,-27.933,1514,North Atlantic,70,symbiont-bearing,non-spinose,0
V23-042,,62.183,-27.933,1514,North Atlantic,70,symbiont-bearing,spinose,0
V23-042,,62.183,-27.933,1514,North Atlantic,70,symbiont-facultative,non-spinose,2
V23-042,,62.183,-27.933,1514,North Atlantic,70,symbiont-facultative,spinose,0
V23-042,,62.183,-27.933,1514,North Atlantic,70,symbiont-obligate,spinose,1
V23-042,,62.183,-27.933,1514,North Atlantic,70,undetermined,non-spinose,0
V23-082,,52.584,-21.933,3974,North Atlantic,110,symbiont-barren,non-spinose,531
V23-082,,52.584,-21.933,3974,North Atlantic,110,symbiont-barren,spinose,7
V23-082,,52.584,-21.933,3974,North Atlantic,110,symbiont-bearing,non-spinose,0
V23-082,,52.584,-21.933,3974,North Atlantic,110,symbiont-bearing,spinose,0
V23-082,,52.584,-21.933,3974,North Atlantic,110,symbiont-facultative,non-spinose,1
V23-082,,52.584,-21.933,3974,North Atlantic,110,symbiont-facultative,spinose,0
V23-082,,52.584,-21.933,3974,North Atlantic,110,symbiont-obligate,spinose,0
V23-082,,52.584,-21.933,3974,North Atlantic,110,undetermined,non-spinose,0
V23-083,,49.868,-24.25,3871,North Atlantic,99,symbiont-barren,non-spinose,440
V23-083,,49.868,-24.25,3871,North Atlantic,99,symbiont-barren,spinose,5
V23-083,,49.868,-24.25,3871,North Atlantic,99,symbiont-bearing,non-spinose,0
V23-083,,49.868,-24.25,3871,North Atlantic,99,symbiont-bearing,spinose,0
V23-083,,49.868,-24.25,3871,North Atlantic,99,symbiont-facultative,non-spinose,0
V23-083,,49.868,-24.25,3871,North Atlantic,99,symbiont-facultative,spinose,0
V23-083,,49.868,-24.25,3871,North Atlantic,99,symbiont-obligate,spinose,0
V23-083,,49.868,-24.25,3871,North Atlantic,99,undetermined,non-spinose,0
V23-084,,46.001,-16.917,4513,North Atlantic,81,symbiont-barren,non-spinose,243
V23-084,,46.001,-16.917,4513,North Atlantic,81,symbiont-barren,spinose,30
V23-084,,46.001,-16.917,4513,North Atlantic,81,symbiont-bearing,non-spinose,0
V23-084,,46.001,-16.917,4513,North Atlantic,81,symbiont-bearing,spinose,0
V23-084,,46.001,-16.917,4513,North Atlantic,81,symbiont-facultative,non-spinose,17
V23-084,,46.001,-16.917,4513,North Atlantic,81,symbiont-facultative,spinose,0
V23-084,,46.001,-16.917,4513,North Atlantic,81,symbiont-obligate,spinose,1
V23-084,,46.001,-16.917,4513,North Atlantic,81,undetermined,non-spinose,0
V23-091,,29.583,-28.567,2758,North Atlantic,30,symbiont-barren,non-spinose,72
V23-091,,29.583,-28.567,2758,North Atlantic,30,symbiont-barren,spinose,23
V23-091,,29.583,-28.567,2758,North Atlantic,30,symbiont-bearing,non-spinose,0
V23-091,,29.583,-28.567,2758,North Atlantic,30,symbiont-bearing,spinose,12
V23-091,,29.583,-28.567,2758,North Atlantic,30,symbiont-facultative,non-spinose,95
V23-091,,29.583,-28.567,2758,North Atlantic,30,symbiont-facultative,spinose,0
V23-091,,29.583,-28.567,2758,North Atlantic,30,symbiont-obligate,spinose,162
V23-091,,29.583,-28.567,2758,North Atlantic,30,undetermined,non-spinose,0
V23-098,,23.117,-19.3,3506,North Atlantic,70,symbiont-barren,non-spinose,164
V23-098,,23.117,-19.3,3506,North Atlantic,70,symbiont-barren,spinose,90
V23-098,,23.117,-19.3,3506,North Atlantic,70,symbiont-bearing,non-spinose,0
V23-098,,23.117,-19.3,3506,North Atlantic,70,symbiont-bearing,spinose,0
V23-098,,23.117,-19.3,3506,North Atlantic,70,symbiont-facultative,non-spinose,29
V23-098,,23.117,-19.3,3506,North Atlantic,70,symbiont-facultative,spinose,1
V23-098,,23.117,-19.3,3506,North Atlantic,70,symbiont-obligate,spinose,21
V23-098,,23.117,-19.3,3506,North Atlantic,70,undetermined,non-spinose,0
V23-110,,17.633,-45.867,3746,North Atlantic,26,symbiont-barren,non-spinose,11
V23-110,,17.633,-45.867,3746,North Atlantic,26,symbiont-barren,spinose,0
V23-110,,17.633,-45.867,3746,North Atlantic,26,symbiont-bearing,non-spinose,0
V23-110,,17.633,-45.867,3746,North Atlantic,26,symbiont-bearing,spinose,12
V23-110,,17.633,-45.867,3746,North Atlantic,26,symbiont-facultative,non-spinose,61
V23-110,,17.633,-45.867,3746,North Atlantic,26,symbiont-facultative,spinose,0
V23-110,,17.633,-45.867,3746,North Atlantic,26,symbiont-obligate,spinose,285
V23-110,,17.633,-45.867,3746,North Atlantic,26,undetermined,non-spinose,0
V24-001,,36.5,-73.5,3012,North Atlantic,265,symbiont-barren,non-spinose,127
V24-001,,36.5,-73.5,3012,North Atlantic,265,symbiont-barren,spinose,45
V24-001,,36.5,-73.5,3012,North Atlantic,265,symbiont-bearing,non-spinose,0
V24-001,,36.5,-73.5,3012,North Atlantic,265,symbiont-bearing,spinose,2
V24-001,,36.5,-73.5,3012,North Atlantic,265,symbiont-facultative,non-spinose,86
V24-001,,36.5,-73.5,3012,North Atlantic,265,symbiont-facultative,spinose,0
V24-001,,36.5,-73.5,3012,North Atlantic,265,symbiont-obligate,spinose,36
V24-001,,36.5,-73.5,3012,North Atlantic,265,undetermined,non-spinose,0
V24-028,,15.317,-77.95,2274,North Atlantic,60,symbiont-barren,non-spinose,16
V24-028,,15.317,-77.95,2274,North Atlantic,60,symbiont-barren,spinose,2
V24-028,,15.317,-77.95,2274,North Atlantic,60,symbiont-bearing,non-spinose,0
V24-028,,15.317,-77.95,2274,North Atlantic,60,symbiont-bearing,spinose,11
V24-028,,15.317,-77.95,2274,North Atlantic,60,symbiont-facultative,non-spinose,68
V24-028,,15.317,-77.95,2274,North Atlantic,60,symbiont-facultative,spinose,0
V24-028,,15.317,-77.95,2274,North Atlantic,60,symbiont-obligate,spinose,255
V24-028,,15.317,-77.95,2274,North Atlantic,60,undetermined,non-spinose,0
V24-157,,-14.95,147.92,1212,Pacific,0.3,symbiont-barren,non-spinose,5
V24-157,,-14.95,147.92,1212,Pacific,0.3,symbiont-barren,spinose,14
V24-157,,-14.95,147.92,1212,Pacific,0.3,symbiont-bearing,non-spinose,0
V24-157,,-14.95,147.92,1212,Pacific,0.3,symbiont-bearing,spinose,8
V24-157,,-14.95,147.92,1212,Pacific,0.3,symbiont-facultative,non-spinose,112
V24-157,,-14.95,147.92,1212,Pacific,0.3,symbiont-facultative,spinose,0
V24-157,,-14.95,147.92,1212,Pacific,0.3,symbiont-obligate,spinose,272
V24-157,,-14.95,147.92,1212,Pacific,0.3,undetermined,non-spinose,0
V24-161,,-18.2,151.45,1670,Pacific,0.5,symbiont-barren,non-spinose,11
V24-161,,-18.2,151.45,1670,Pacific,0.5,symbiont-barren,spinose,15
V24-161,,-18.2,151.45,1670,Pacific,0.5,symbiont-bearing,non-spinose,0
V24-161,,-18.2,151.45,1670,Pacific,0.5,symbiont-bearing,spinose,11
V24-161,,-18.2,151.45,1670,Pacific,0.5,symbiont-facultative,non-spinose,63
V24-161,,-18.2,151.45,1670,Pacific,0.5,symbiont-facultative,spinose,0
V24-161,,-18.2,151.45,1670,Pacific,0.5,symbiont-obligate,spinose,187
V24-161,,-18.2,151.45,1670,Pacific,0.5,undetermined,non-spinose,1
V24-170,,-13.52,146.88,2243,Pacific,0.4,symbiont-barren,non-spinose,16
V24-170,,-13.52,146.88,2243,Pacific,0.4,symbiont-barren,spinose,12
V24-170,,-13.52,146.88,2243,Pacific,0.4,symbiont-bearing,non-spinose,0
V24-170,,-13.52,146.88,2243,Pacific,0.4,symbiont-bearing,spinose,6
V24-170,,-13.52,146.88,2243,Pacific,0.4,symbiont-facultative,non-spinose,96
V24-170,,-13.52,146.88,2243,Pacific,0.4,symbiont-facultative,spinose,0
V24-170,,-13.52,146.88,2243,Pacific,0.4,symbiont-obligate,spinose,273
V24-170,,-13.52,146.88,2243,Pacific,0.4,undetermined,non-spinose,0
V24-184,,-12.87,146.2,2708,Pacific,0.3,symbiont-barren,non-spinose,14
V24-184,,-12.87,146.2,2708,Pacific,0.3,symbiont-barren,spinose,3
V24-184,,-12.87,146.2,2708,Pacific,0.3,symbiont-bearing,non-spinose,0
V24-184,,-12.87,146.2,2708,Pacific,0.3,symbiont-bearing,spinose,3
V24-184,,-12.87,146.2,2708,Pacific,0.3,symbiont-facultative,non-spinose,101
V24-184,,-12.87,146.2,2708,Pacific,0.3,symbiont-facultative,spinose,0
V24-184,,-12.87,146.2,2708,Pacific,0.3,symbiont-obligate,spinose,218
V24-184,,-12.87,146.2,2708,Pacific,0.3,undetermined,non-spinose,0
V24-221,,-32.033,-2.817,4204,South Atlantic,30,symbiont-barren,non-spinose,107
V24-221,,-32.033,-2.817,4204,South Atlantic,30,symbiont-barren,spinose,34
V24-221,,-32.033,-2.817,4204,South Atlantic,30,symbiont-bearing,non-spinose,0
V24-221,,-32.033,-2.817,4204,South Atlantic,30,symbiont-bearing,spinose,0
V24-221,,-32.033,-2.817,4204,South Atlantic,30,symbiont-facultative,non-spinose,97
V24-221,,-32.033,-2.817,4204,South Atlantic,30,symbiont-facultative,spinose,0
V24-221,,-32.033,-2.817,4204,South Atlantic,30,symbiont-obligate,spinose,120
V24-221,,-32.033,-2.817,4204,South Atlantic,30,undetermined,non-spinose,1
V24-229,,-34.45,-10.6,4202,South Atlantic,30,symbiont-barren,non-spinose,136
V24-229,,-34.45,-10.6,4202,South Atlantic,30,symbiont-barren,spinose,65
V24-229,,-34.45,-10.6,4202,South Atlantic,30,symbiont-bearing,non-spinose,0
V24-229,,-34.45,-10.6,4202,South Atlantic,30,symbiont-bearing,spinose,0
V24-229,,-34.45,-10.6,4202,South Atlantic,30,symbiont-facultative,non-spinose,62
V24-229,,-34.45,-10.6,4202,South Atlantic,30,symbiont-facultative,spinose,0
V24-229,,-34.45,-10.6,4202,South Atlantic,30,symbiont-obligate,spinose,66
V24-229,,-34.45,-10.6,4202,South Atlantic,30,undetermined,non-spinose,0
V24-235,,-33.25,-19.55,3722,South Atlantic,10,symbiont-barren,non-spinose,114
V24-235,,-33.25,-19.55,3722,South Atlantic,10,symbiont-barren,spinose,20
V24-235,,-33.25,-19.55,3722,South Atlantic,10,symbiont-bearing,non-spinose,0
V24-235,,-33.25,-19.55,3722,South Atlantic,10,symbiont-bearing,spinose,3
V24-235,,-33.25,-19.55,3722,South Atlantic,10,symbiont-facultative,non-spinose,65
V24-235,,-33.25,-19.55,3722,South Atlantic,10,symbiont-facultative,spinose,0
V24-235,,-33.25,-19.55,3722,South Atlantic,10,symbiont-obligate,spinose,148
V24-235,,-33.25,-19.55,3722,South Atlantic,10,undetermined,non-spinose,0
V24-237,,-32.2,-26.733,4193,South Atlantic,10,symbiont-barren,non-spinose,192
V24-237,,-32.2,-26.733,4193,South Atlantic,10,symbiont-barren,spinose,2
V24-237,,-32.2,-26.733,4193,South Atlantic,10,symbiont-bearing,non-spinose,0
V24-237,,-32.2,-26.733,4193,South Atlantic,10,symbiont-bearing,spinose,1
V24-237,,-32.2,-26.733,4193,South Atlantic,10,symbiont-facultative,non-spinose,53
V24-237,,-32.2,-26.733,4193,South Atlantic,10,symbiont-facultative,spinose,0
V24-237,,-32.2,-26.733,4193,South Atlantic,10,symbiont-obligate,spinose,88
V24-237,,-32.2,-26.733,4193,South Atlantic,10,undetermined,non-spinose,0
V24-240,,-31.733,-28.2,4327,South Atlantic,20,symbiont-barren,non-spinose,222
V24-240,,-31.733,-28.2,4327,South Atlantic,20,symbiont-barren,spinose,9
V24-240,,-31.733,-28.2,4327,South Atlantic,20,symbiont-bearing,non-spinose,0
V24-240,,-31.733,-28.2,4327,South Atlantic,20,symbiont-bearing,spinose,0
V24-240,,-31.733,-28.2,4327,South Atlantic,20,symbiont-facultative,non-spinose,55
V24-240,,-31.733,-28.2,4327,South Atlantic,20,symbiont-facultative,spinose,0
V24-240,,-31.733,-28.2,4327,South Atlantic,20,symbiont-obligate,spinose,82
V24-240,,-31.733,-28.2,4327,South Atlantic,20,undetermined,non-spinose,0
V25-042,,12.55,-50.65,4707,North Atlantic,60,symbiont-barren,non-spinose,32
V25-042,,12.55,-50.65,4707,North Atlantic,60,symbiont-barren,spinose,6
V25-042,,12.55,-50.65,4707,North Atlantic,60,symbiont-bearing,non-spinose,0
V25-042,,12.55,-50.65,4707,North Atlantic,60,symbiont-bearing,spinose,0
V25-042,,12.55,-50.65,4707,North Atlantic,60,symbiont-facultative,non-spinose,287
V25-042,,12.55,-50.65,4707,North Atlantic,60,symbiont-facultative,spinose,0
V25-042,,12.55,-50.65,4707,North Atlantic,60,symbiont-obligate,spinose,144
V25-042,,12.55,-50.65,4707,North Atlantic,60,undetermined,non-spinose,0
V25-044,,11.501,-45.151,4049,North Atlantic,30,symbiont-barren,non-spinose,17
V25-044,,11.501,-45.151,4049,North Atlantic,30,symbiont-barren,spinose,8
V25-044,,11.501,-45.151,4049,North Atlantic,30,symbiont-bearing,non-spinose,0
V25-044,,11.501,-45.151,4049,North Atlantic,30,symbiont-bearing,spinose,13
V25-044,,11.501,-45.151,4049,North Atlantic,30,symbiont-facultative,non-spinose,76
V25-044,,11.501,-45.151,4049,North Atlantic,30,symbiont-facultative,spinose,0
V25-044,,11.501,-45.151,4049,North Atlantic,30,symbiont-obligate,spinose,198
V25-044,,11.501,-45.151,4049,North Atlantic,30,undetermined,non-spinose,0
V25-060,,3.283,-34.833,3749,North Atlantic,40,symbiont-barren,non-spinose,36
V25-060,,3.283,-34.833,3749,North Atlantic,40,symbiont-barren,spinose,5
V25-060,,3.283,-34.833,3749,North Atlantic,40,symbiont-bearing,non-spinose,0
V25-060,,3.283,-34.833,3749,North Atlantic,40,symbiont-bearing,spinose,9
V25-060,,3.283,-34.833,3749,North Atlantic,40,symbiont-facultative,non-spinose,63
V25-060,,3.283,-34.833,3749,North Atlantic,40,symbiont-facultative,spinose,0
V25-060,,3.283,-34.833,3749,North Atlantic,40,symbiont-obligate,spinose,198
V25-060,,3.283,-34.833,3749,North Atlantic,40,undetermined,non-spinose,0
V25-060,,3.283,-34.833,3749,North Atlantic,47.5,symbiont-barren,non-spinose,46
V25-060,,3.283,-34.833,3749,North Atlantic,47.5,symbiont-barren,spinose,7
V25-060,,3.283,-34.833,3749,North Atlantic,47.5,symbiont-bearing,non-spinose,0
V25-060,,3.283,-34.833,3749,North Atlantic,47.5,symbiont-bearing,spinose,4
V25-060,,3.283,-34.833,3749,North Atlantic,47.5,symbiont-facultative,non-spinose,79
V25-060,,3.283,-34.833,3749,North Atlantic,47.5,symbiont-facultative,spinose,0
V25-060,,3.283,-34.833,3749,North Atlantic,47.5,symbiont-obligate,spinose,205
V25-060,,3.283,-34.833,3749,North Atlantic,47.5,undetermined,non-spinose,0
V25-075,,8.583,-53.167,2743,North Atlantic,120,symbiont-barren,non-spinose,26
V25-075,,8.583,-53.167,2743,North Atlantic,120,symbiont-barren,spinose,32
V25-075,,8.583,-53.167,2743,North Atlantic,120,symbiont-bearing,non-spinose,0
V25-075,,8.583,-53.167,2743,North Atlantic,120,symbiont-bearing,spinose,3
V25-075,,8.583,-53.167,2743,North Atlantic,120,symbiont-facultative,non-spinose,51
V25-075,,8.583,-53.167,2743,North Atlantic,120,symbiont-facultative,spinose,0
V25-075,,8.583,-53.167,2743,North Atlantic,120,symbiont-obligate,spinose,345
V25-075,,8.583,-53.167,2743,North Atlantic,120,undetermined,non-spinose,0
V26-041,,19.319,-26.102,4341,North Atlantic,42,symbiont-barren,non-spinose,122
V26-041,,19.319,-26.102,4341,North Atlantic,42,symbiont-barren,spinose,23
V26-041,,19.319,-26.102,4341,North Atlantic,42,symbiont-bearing,non-spinose,0
V26-041,,19.319,-26.102,4341,North Atlantic,42,symbiont-bearing,spinose,10
V26-041,,19.319,-26.102,4341,North Atlantic,42,symbiont-facultative,non-spinose,89
V26-041,,19.319,-26.102,4341,North Atlantic,42,symbiont-facultative,spinose,0
V26-041,,19.319,-26.102,4341,North Atlantic,42,symbiont-obligate,spinose,169
V26-041,,19.319,-26.102,4341,North Atlantic,42,undetermined,non-spinose,1
V26-041,,19.319,-26.102,4341,North Atlantic,43,symbiont-barren,non-spinose,96
V26-041,,19.319,-26.102,4341,North Atlantic,43,symbiont-barren,spinose,17
V26-041,,19.319,-26.102,4341,North Atlantic,43,symbiont-bearing,non-spinose,0
V26-041,,19.319,-26.102,4341,North Atlantic,43,symbiont-bearing,spinose,2
V26-041,,19.319,-26.102,4341,North Atlantic,43,symbiont-facultative,non-spinose,76
V26-041,,19.319,-26.102,4341,North Atlantic,43,symbiont-facultative,spinose,0
V26-041,,19.319,-26.102,4341,North Atlantic,43,symbiont-obligate,spinose,125
V26-041,,19.319,-26.102,4341,North Atlantic,43,undetermined,non-spinose,0
V26-046,,9.552,-18.169,2898,North Atlantic,45,symbiont-barren,non-spinose,153
V26-046,,9.552,-18.169,2898,North Atlantic,45,symbiont-barren,spinose,23
V26-046,,9.552,-18.169,2898,North Atlantic,45,symbiont-bearing,non-spinose,0
V26-046,,9.552,-18.169,2898,North Atlantic,45,symbiont-bearing,spinose,11
V26-046,,9.552,-18.169,2898,North Atlantic,45,symbiont-facultative,non-spinose,224
V26-046,,9.552,-18.169,2898,North Atlantic,45,symbiont-facultative,spinose,0
V26-046,,9.552,-18.169,2898,North Atlantic,45,symbiont-obligate,spinose,250
V26-046,,9.552,-18.169,2898,North Atlantic,45,undetermined,non-spinose,0
V26-053,,0.3,-14.8,4323,North Atlantic,50,symbiont-barren,non-spinose,70
V26-053,,0.3,-14.8,4323,North Atlantic,50,symbiont-barren,spinose,4
V26-053,,0.3,-14.8,4323,North Atlantic,50,symbiont-bearing,non-spinose,0
V26-053,,0.3,-14.8,4323,North Atlantic,50,symbiont-bearing,spinose,0
V26-053,,0.3,-14.8,4323,North Atlantic,50,symbiont-facultative,non-spinose,340
V26-053,,0.3,-14.8,4323,North Atlantic,50,symbiont-facultative,spinose,0
V26-053,,0.3,-14.8,4323,North Atlantic,50,symbiont-obligate,spinose,39
V26-053,,0.3,-14.8,4323,North Atlantic,50,undetermined,non-spinose,0
V26-063,,-23.952,-37.951,3619,South Atlantic,30,symbiont-barren,non-spinose,22
V26-063,,-23.952,-37.951,3619,South Atlantic,30,symbiont-barren,spinose,13
V26-063,,-23.952,-37.951,3619,South Atlantic,30,symbiont-bearing,non-spinose,0
V26-063,,-23.952,-37.951,3619,South Atlantic,30,symbiont-bearing,spinose,15
V26-063,,-23.952,-37.951,3619,South Atlantic,30,symbiont-facultative,non-spinose,106
V26-063,,-23.952,-37.951,3619,South Atlantic,30,symbiont-facultative,spinose,0
V26-063,,-23.952,-37.951,3619,South Atlantic,30,symbiont-obligate,spinose,247
V26-063,,-23.952,-37.951,3619,South Atlantic,30,undetermined,non-spinose,0
V26-082,,-27.751,-40.385,3878,South Atlantic,20,symbiont-barren,non-spinose,46
V26-082,,-27.751,-40.385,3878,South Atlantic,20,symbiont-barren,spinose,11
V26-082,,-27.751,-40.385,3878,South Atlantic,20,symbiont-bearing,non-spinose,0
V26-082,,-27.751,-40.385,3878,South Atlantic,20,symbiont-bearing,spinose,17
V26-082,,-27.751,-40.385,3878,South Atlantic,20,symbiont-facultative,non-spinose,95
V26-082,,-27.751,-40.385,3878,South Atlantic,20,symbiont-facultative,spinose,0
V26-082,,-27.751,-40.385,3878,South Atlantic,20,symbiont-obligate,spinose,231
V26-082,,-27.751,-40.385,3878,South Atlantic,20,undetermined,non-spinose,0
V26-104,,-0.083,-41.783,3864,South Atlantic,150,symbiont-barren,non-spinose,57
V26-104,,-0.083,-41.783,3864,South Atlantic,150,symbiont-barren,spinose,2
V26-104,,-0.083,-41.783,3864,South Atlantic,150,symbiont-bearing,non-spinose,0
V26-104,,-0.083,-41.783,3864,South Atlantic,150,symbiont-bearing,spinose,14
V26-104,,-0.083,-41.783,3864,South Atlantic,150,symbiont-facultative,non-spinose,148
V26-104,,-0.083,-41.783,3864,South Atlantic,150,symbiont-facultative,spinose,3
V26-104,,-0.083,-41.783,3864,South Atlantic,150,symbiont-obligate,spinose,298
V26-104,,-0.083,-41.783,3864,South Atlantic,150,undetermined,non-spinose,0
V26-104,,-0.083,-41.783,3864,South Atlantic,155,symbiont-barren,non-spinose,33
V26-104,,-0.083,-41.783,3864,South Atlantic,155,symbiont-barren,spinose,0
V26-104,,-0.083,-41.783,3864,South Atlantic,155,symbiont-bearing,non-spinose,0
V26-104,,-0.083,-41.783,3864,South Atlantic,155,symbiont-bearing,spinose,3
V26-104,,-0.083,-41.783,3864,South Atlantic,155,symbiont-facultative,non-spinose,75
V26-104,,-0.083,-41.783,3864,South Atlantic,155,symbiont-facultative,spinose,2
V26-104,,-0.083,-41.783,3864,South Atlantic,155,symbiont-obligate,spinose,214
V26-104,,-0.083,-41.783,3864,South Atlantic,155,undetermined,non-spinose,0
V26-107,,4.683,-46.867,3224,North Atlantic,100,symbiont-barren,non-spinose,45
V26-107,,4.683,-46.867,3224,North Atlantic,100,symbiont-barren,spinose,2
V26-107,,4.683,-46.867,3224,North Atlantic,100,symbiont-bearing,non-spinose,0
V26-107,,4.683,-46.867,3224,North Atlantic,100,symbiont-bearing,spinose,22
V26-107,,4.683,-46.867,3224,North Atlantic,100,symbiont-facultative,non-spinose,108
V26-107,,4.683,-46.867,3224,North Atlantic,100,symbiont-facultative,spinose,0
V26-107,,4.683,-46.867,3224,North Atlantic,100,symbiont-obligate,spinose,228
V26-107,,4.683,-46.867,3224,North Atlantic,100,undetermined,non-spinose,0
V27-017,,50.085,-37.3,2165,North Atlantic,35,symbiont-barren,non-spinose,332
V27-017,,50.085,-37.3,2165,North Atlantic,35,symbiont-barren,spinose,0
V27-017,,50.085,-37.3,2165,North Atlantic,35,symbiont-bearing,non-spinose,0
V27-017,,50.085,-37.3,2165,North Atlantic,35,symbiont-bearing,spinose,0
V27-017,,50.085,-37.3,2165,North Atlantic,35,symbiont-facultative,non-spinose,1
V27-017,,50.085,-37.3,2165,North Atlantic,35,symbiont-facultative,spinose,0
V27-017,,50.085,-37.3,2165,North Atlantic,35,symbiont-obligate,spinose,0
V27-017,,50.085,-37.3,2165,North Atlantic,35,undetermined,non-spinose,0
V27-019,,52.085,-38.8,3466,North Atlantic,35,symbiont-barren,non-spinose,297
V27-019,,52.085,-38.8,3466,North Atlantic,35,symbiont-barren,spinose,16
V27-019,,52.085,-38.8,3466,North Atlantic,35,symbiont-bearing,non-spinose,0
V27-019,,52.085,-38.8,3466,North Atlantic,35,symbiont-bearing,spinose,0
V27-019,,52.085,-38.8,3466,North Atlantic,35,symbiont-facultative,non-spinose,9
V27-019,,52.085,-38.8,3466,North Atlantic,35,symbiont-facultative,spinose,0
V27-019,,52.085,-38.8,3466,North Atlantic,35,symbiont-obligate,spinose,0
V27-019,,52.085,-38.8,3466,North Atlantic,35,undetermined,non-spinose,0
V27-020,,54,-46.2,3510,North Atlantic,80,symbiont-barren,non-spinose,318
V27-020,,54,-46.2,3510,North Atlantic,80,symbiont-barren,spinose,26
V27-020,,54,-46.2,3510,North Atlantic,80,symbiont-bearing,non-spinose,0
V27-020,,54,-46.2,3510,North Atlantic,80,symbiont-bearing,spinose,0
V27-020,,54,-46.2,3510,North Atlantic,80,symbiont-facultative,non-spinose,19
V27-020,,54,-46.2,3510,North Atlantic,80,symbiont-facultative,spinose,0
V27-020,,54,-46.2,3510,North Atlantic,80,symbiont-obligate,spinose,0
V27-020,,54,-46.2,3510,North Atlantic,80,undetermined,non-spinose,0
V27-110,,56.885,-18.485,1264,North Atlantic,47,symbiont-barren,non-spinose,364
V27-110,,56.885,-18.485,1264,North Atlantic,47,symbiont-barren,spinose,31
V27-110,,56.885,-18.485,1264,North Atlantic,47,symbiont-bearing,non-spinose,0
V27-110,,56.885,-18.485,1264,North Atlantic,47,symbiont-bearing,spinose,0
V27-110,,56.885,-18.485,1264,North Atlantic,47,symbiont-facultative,non-spinose,17
V27-110,,56.885,-18.485,1264,North Atlantic,47,symbiont-facultative,spinose,0
V27-110,,56.885,-18.485,1264,North Atlantic,47,symbiont-obligate,spinose,0
V27-110,,56.885,-18.485,1264,North Atlantic,47,undetermined,non-spinose,0
V27-116,,52.834,-30.334,3202,North Atlantic,60,symbiont-barren,non-spinose,350
V27-116,,52.834,-30.334,3202,North Atlantic,60,symbiont-barren,spinose,17
V27-116,,52.834,-30.334,3202,North Atlantic,60,symbiont-bearing,non-spinose,0
V27-116,,52.834,-30.334,3202,North Atlantic,60,symbiont-bearing,spinose,0
V27-116,,52.834,-30.334,3202,North Atlantic,60,symbiont-facultative,non-spinose,7
V27-116,,52.834,-30.334,3202,North Atlantic,60,symbiont-facultative,spinose,0
V27-116,,52.834,-30.334,3202,North Atlantic,60,symbiont-obligate,spinose,0
V27-116,,52.834,-30.334,3202,North Atlantic,60,undetermined,non-spinose,0
V27-137,,42.685,-17.067,4883,North Atlantic,40,symbiont-barren,non-spinose,305
V27-137,,42.685,-17.067,4883,North Atlantic,40,symbiont-barren,spinose,43
V27-137,,42.685,-17.067,4883,North Atlantic,40,symbiont-bearing,non-spinose,0
V27-137,,42.685,-17.067,4883,North Atlantic,40,symbiont-bearing,spinose,0
V27-137,,42.685,-17.067,4883,North Atlantic,40,symbiont-facultative,non-spinose,34
V27-137,,42.685,-17.067,4883,North Atlantic,40,symbiont-facultative,spinose,0
V27-137,,42.685,-17.067,4883,North Atlantic,40,symbiont-obligate,spinose,7
V27-137,,42.685,-17.067,4883,North Atlantic,40,undetermined,non-spinose,0
V27-175,,8.801,-22.103,4548,North Atlantic,50,symbiont-barren,non-spinose,53
V27-175,,8.801,-22.103,4548,North Atlantic,50,symbiont-barren,spinose,0
V27-175,,8.801,-22.103,4548,North Atlantic,50,symbiont-bearing,non-spinose,0
V27-175,,8.801,-22.103,4548,North Atlantic,50,symbiont-bearing,spinose,0
V27-175,,8.801,-22.103,4548,North Atlantic,50,symbiont-facultative,non-spinose,131
V27-175,,8.801,-22.103,4548,North Atlantic,50,symbiont-facultative,spinose,0
V27-175,,8.801,-22.103,4548,North Atlantic,50,symbiont-obligate,spinose,122
V27-175,,8.801,-22.103,4548,North Atlantic,50,undetermined,non-spinose,0
V27-178,,5.1,-26.65,4327,North Atlantic,55,symbiont-barren,non-spinose,46
V27-178,,5.1,-26.65,4327,North Atlantic,55,symbiont-barren,spinose,17
V27-178,,5.1,-26.65,4327,North Atlantic,55,symbiont-bearing,non-spinose,0
V27-178,,5.1,-26.65,4327,North Atlantic,55,symbiont-bearing,spinose,1
V27-178,,5.1,-26.65,4327,North Atlantic,55,symbiont-facultative,non-spinose,110
V27-178,,5.1,-26.65,4327,North Atlantic,55,symbiont-facultative,spinose,0
V27-178,,5.1,-26.65,4327,North Atlantic,55,symbiont-obligate,spinose,253
V27-178,,5.1,-26.65,4327,North Atlantic,55,undetermined,non-spinose,0
V27-178,,5.1,-26.65,4327,North Atlantic,58,symbiont-barren,non-spinose,29
V27-178,,5.1,-26.65,4327,North Atlantic,58,symbiont-barren,spinose,7
V27-178,,5.1,-26.65,4327,North Atlantic,58,symbiont-bearing,non-spinose,0
V27-178,,5.1,-26.65,4327,North Atlantic,58,symbiont-bearing,spinose,0
V27-178,,5.1,-26.65,4327,North Atlantic,58,symbiont-facultative,non-spinose,61
V27-178,,5.1,-26.65,4327,North Atlantic,58,symbiont-facultative,spinose,0
V27-178,,5.1,-26.65,4327,North Atlantic,58,symbiont-obligate,spinose,218
V27-178,,5.1,-26.65,4327,North Atlantic,58,undetermined,non-spinose,0
V27-228,,-10.068,11.435,2392,South Atlantic,90,symbiont-barren,non-spinose,123
V27-228,,-10.068,11.435,2392,South Atlantic,90,symbiont-barren,spinose,7
V27-228,,-10.068,11.435,2392,South Atlantic,90,symbiont-bearing,non-spinose,0
V27-228,,-10.068,11.435,2392,South Atlantic,90,symbiont-bearing,spinose,2
V27-228,,-10.068,11.435,2392,South Atlantic,90,symbiont-facultative,non-spinose,60
V27-228,,-10.068,11.435,2392,South Atlantic,90,symbiont-facultative,spinose,0
V27-228,,-10.068,11.435,2392,South Atlantic,90,symbiont-obligate,spinose,180
V27-228,,-10.068,11.435,2392,South Atlantic,90,undetermined,non-spinose,0
V27-232,,-0.219,7.535,2615,South Atlantic,60,symbiont-barren,non-spinose,42
V27-232,,-0.219,7.535,2615,South Atlantic,60,symbiont-barren,spinose,21
V27-232,,-0.219,7.535,2615,South Atlantic,60,symbiont-bearing,non-spinose,0
V27-232,,-0.219,7.535,2615,South Atlantic,60,symbiont-bearing,spinose,1
V27-232,,-0.219,7.535,2615,South Atlantic,60,symbiont-facultative,non-spinose,68
V27-232,,-0.219,7.535,2615,South Atlantic,60,symbiont-facultative,spinose,0
V27-232,,-0.219,7.535,2615,South Atlantic,60,symbiont-obligate,spinose,180
V27-232,,-0.219,7.535,2615,South Atlantic,60,undetermined,non-spinose,0
V27-239,,-7.819,-1.502,4464,South Atlantic,20,symbiont-barren,non-spinose,90
V27-239,,-7.819,-1.502,4464,South Atlantic,20,symbiont-barren,spinose,21
V27-239,,-7.819,-1.502,4464,South Atlantic,20,symbiont-bearing,non-spinose,0
V27-239,,-7.819,-1.502,4464,South Atlantic,20,symbiont-bearing,spinose,1
V27-239,,-7.819,-1.502,4464,South Atlantic,20,symbiont-facultative,non-spinose,187
V27-239,,-7.819,-1.502,4464,South Atlantic,20,symbiont-facultative,spinose,0
V27-239,,-7.819,-1.502,4464,South Atlantic,20,symbiont-obligate,spinose,67
V27-239,,-7.819,-1.502,4464,South Atlantic,20,undetermined,non-spinose,0
V27-248,,3.05,-11.803,4543,North Atlantic,82,symbiont-barren,non-spinose,48
V27-248,,3.05,-11.803,4543,North Atlantic,82,symbiont-barren,spinose,0
V27-248,,3.05,-11.803,4543,North Atlantic,82,symbiont-bearing,non-spinose,0
V27-248,,3.05,-11.803,4543,North Atlantic,82,symbiont-bearing,spinose,3
V27-248,,3.05,-11.803,4543,North Atlantic,82,symbiont-facultative,non-spinose,51
V27-248,,3.05,-11.803,4543,North Atlantic,82,symbiont-facultative,spinose,0
V27-248,,3.05,-11.803,4543,North Atlantic,82,symbiont-obligate,spinose,81
V27-248,,3.05,-11.803,4543,North Atlantic,82,undetermined,non-spinose,0
V27-263,,35.017,-40.917,3704,North Atlantic,20,symbiont-barren,non-spinose,90
V27-263,,35.017,-40.917,3704,North Atlantic,20,symbiont-barren,spinose,48
V27-263,,35.017,-40.917,3704,North Atlantic,20,symbiont-bearing,non-spinose,0
V27-263,,35.017,-40.917,3704,North Atlantic,20,symbiont-bearing,spinose,1
V27-263,,35.017,-40.917,3704,North Atlantic,20,symbiont-facultative,non-spinose,108
V27-263,,35.017,-40.917,3704,North Atlantic,20,symbiont-facultative,spinose,0
V27-263,,35.017,-40.917,3704,North Atlantic,20,symbiont-obligate,spinose,100
V27-263,,35.017,-40.917,3704,North Atlantic,20,undetermined,non-spinose,2
V28-089,,44.533,-32.583,3643,North Atlantic,72,symbiont-barren,non-spinose,412
V28-089,,44.533,-32.583,3643,North Atlantic,72,symbiont-barren,spinose,50
V28-089,,44.533,-32.583,3643,North Atlantic,72,symbiont-bearing,non-spinose,0
V28-089,,44.533,-32.583,3643,North Atlantic,72,symbiont-bearing,spinose,0
V28-089,,44.533,-32.583,3643,North Atlantic,72,symbiont-facultative,non-spinose,21
V28-089,,44.533,-32.583,3643,North Atlantic,72,symbiont-facultative,spinose,0
V28-089,,44.533,-32.583,3643,North Atlantic,72,symbiont-obligate,spinose,10
V28-089,,44.533,-32.583,3643,North Atlantic,72,undetermined,non-spinose,0
V28-119,,17.033,-76.6,1781,North Atlantic,80,symbiont-barren,non-spinose,25
V28-119,,17.033,-76.6,1781,North Atlantic,80,symbiont-barren,spinose,3
V28-119,,17.033,-76.6,1781,North Atlantic,80,symbiont-bearing,non-spinose,0
V28-119,,17.033,-76.6,1781,North Atlantic,80,symbiont-bearing,spinose,17
V28-119,,17.033,-76.6,1781,North Atlantic,80,symbiont-facultative,non-spinose,67
V28-119,,17.033,-76.6,1781,North Atlantic,80,symbiont-facultative,spinose,0
V28-119,,17.033,-76.6,1781,North Atlantic,80,symbiont-obligate,spinose,259
V28-119,,17.033,-76.6,1781,North Atlantic,80,undetermined,non-spinose,0
V28-122,,11.933,-78.683,3623,North Atlantic,100,symbiont-barren,non-spinose,14
V28-122,,11.933,-78.683,3623,North Atlantic,100,symbiont-barren,spinose,4
V28-122,,11.933,-78.683,3623,North Atlantic,100,symbiont-bearing,non-spinose,0
V28-122,,11.933,-78.683,3623,North Atlantic,100,symbiont-bearing,spinose,15
V28-122,,11.933,-78.683,3623,North Atlantic,100,symbiont-facultative,non-spinose,35
V28-122,,11.933,-78.683,3623,North Atlantic,100,symbiont-facultative,spinose,0
V28-122,,11.933,-78.683,3623,North Atlantic,100,symbiont-obligate,spinose,226
V28-122,,11.933,-78.683,3623,North Atlantic,100,undetermined,non-spinose,0
V28-129,,11.117,-80.4,3400,North Atlantic,80,symbiont-barren,non-spinose,19
V28-129,,11.117,-80.4,3400,North Atlantic,80,symbiont-barren,spinose,1
V28-129,,11.117,-80.4,3400,North Atlantic,80,symbiont-bearing,non-spinose,0
V28-129,,11.117,-80.4,3400,North Atlantic,80,symbiont-bearing,spinose,15
V28-129,,11.117,-80.4,3400,North Atlantic,80,symbiont-facultative,non-spinose,61
V28-129,,11.117,-80.4,3400,North Atlantic,80,symbiont-facultative,spinose,0
V28-129,,11.117,-80.4,3400,North Atlantic,80,symbiont-obligate,spinose,211
V28-129,,11.117,-80.4,3400,North Atlantic,80,undetermined,non-spinose,0
V28-201,,2.767,-173.933,,Pacific,20,symbiont-barren,non-spinose,3
V28-201,,2.767,-173.933,,Pacific,20,symbiont-barren,spinose,125
V28-201,,2.767,-173.933,,Pacific,20,symbiont-bearing,non-spinose,0
V28-201,,2.767,-173.933,,Pacific,20,symbiont-bearing,spinose,63
V28-201,,2.767,-173.933,,Pacific,20,symbiont-facultative,non-spinose,298
V28-201,,2.767,-173.933,,Pacific,20,symbiont-facultative,spinose,1
V28-201,,2.767,-173.933,,Pacific,20,symbiont-obligate,spinose,305
V28-201,,2.767,-173.933,,Pacific,20,undetermined,non-spinose,8
V28-203,,0.95,-179.417,,Pacific,40,symbiont-barren,non-spinose,39
V28-203,,0.95,-179.417,,Pacific,40,symbiont-barren,spinose,95
V28-203,,0.95,-179.417,,Pacific,40,symbiont-bearing,non-spinose,0
V28-203,,0.95,-179.417,,Pacific,40,symbiont-bearing,spinose,25
V28-203,,0.95,-179.417,,Pacific,40,symbiont-facultative,non-spinose,402
V28-203,,0.95,-179.417,,Pacific,40,symbiont-facultative,spinose,0
V28-203,,0.95,-179.417,,Pacific,40,symbiont-obligate,spinose,426
V28-203,,0.95,-179.417,,Pacific,40,undetermined,non-spinose,23
V28-238,,1.016666667,160.4833333,3120,Pacific,0.39,symbiont-barren,non-spinose,38
V28-238,,1.016666667,160.4833333,3120,Pacific,0.39,symbiont-barren,spinose,6
V28-238,,1.016666667,160.4833333,3120,Pacific,0.39,symbiont-bearing,non-spinose,0
V28-238,,1.016666667,160.4833333,3120,Pacific,0.39,symbiont-bearing,spinose,13
V28-238,,1.016666667,160.4833333,3120,Pacific,0.39,symbiont-facultative,non-spinose,472
V28-238,,1.016666667,160.4833333,3120,Pacific,0.39,symbiont-facultative,spinose,0
V28-238,,1.016666667,160.4833333,3120,Pacific,0.39,symbiont-obligate,spinose,502
V28-238,,1.016666667,160.4833333,3120,Pacific,0.39,undetermined,non-spinose,19
V28-239,,3.25,159.1833333,3490,Pacific,0.52,symbiont-barren,non-spinose,43
V28-239,,3.25,159.1833333,3490,Pacific,0.52,symbiont-barren,spinose,1
V28-239,,3.25,159.1833333,3490,Pacific,0.52,symbiont-bearing,non-spinose,0
V28-239,,3.25,159.1833333,3490,Pacific,0.52,symbiont-bearing,spinose,3
V28-239,,3.25,159.1833333,3490,Pacific,0.52,symbiont-facultative,non-spinose,340
V28-239,,3.25,159.1833333,3490,Pacific,0.52,symbiont-facultative,spinose,1
V28-239,,3.25,159.1833333,3490,Pacific,0.52,symbiont-obligate,spinose,204
V28-239,,3.25,159.1833333,3490,Pacific,0.52,undetermined,non-spinose,10
V28-310,,25.417,125.633,,Pacific,40,symbiont-barren,non-spinose,11
V28-310,,25.417,125.633,,Pacific,40,symbiont-barren,spinose,78
V28-310,,25.417,125.633,,Pacific,40,symbiont-bearing,non-spinose,0
V28-310,,25.417,125.633,,Pacific,40,symbiont-bearing,spinose,105
V28-310,,25.417,125.633,,Pacific,40,symbiont-facultative,non-spinose,433
V28-310,,25.417,125.633,,Pacific,40,symbiont-facultative,spinose,0
V28-310,,25.417,125.633,,Pacific,40,symbiont-obligate,spinose,250
V28-310,,25.417,125.633,,Pacific,40,undetermined,non-spinose,0
V28-342 (W),,-14.1,120.5,2730,Indian,0.89,symbiont-barren,non-spinose,30
V28-342 (W),,-14.1,120.5,2730,Indian,0.89,symbiont-barren,spinose,0
V28-342 (W),,-14.1,120.5,2730,Indian,0.89,symbiont-bearing,non-spinose,0
V28-342 (W),,-14.1,120.5,2730,Indian,0.89,symbiont-bearing,spinose,8
V28-342 (W),,-14.1,120.5,2730,Indian,0.89,symbiont-facultative,non-spinose,102
V28-342 (W),,-14.1,120.5,2730,Indian,0.89,symbiont-facultative,spinose,0
V28-342 (W),,-14.1,120.5,2730,Indian,0.89,symbiont-obligate,spinose,130
V28-342 (W),,-14.1,120.5,2730,Indian,0.89,undetermined,non-spinose,0
V29-029,,5.116666667,77.58333333,2673,Indian,0.8,symbiont-barren,non-spinose,11
V29-029,,5.116666667,77.58333333,2673,Indian,0.8,symbiont-barren,spinose,47
V29-029,,5.116666667,77.58333333,2673,Indian,0.8,symbiont-bearing,non-spinose,0
V29-029,,5.116666667,77.58333333,2673,Indian,0.8,symbiont-bearing,spinose,9
V29-029,,5.116666667,77.58333333,2673,Indian,0.8,symbiont-facultative,non-spinose,180
V29-029,,5.116666667,77.58333333,2673,Indian,0.8,symbiont-facultative,spinose,0
V29-029,,5.116666667,77.58333333,2673,Indian,0.8,symbiont-obligate,spinose,53
V29-029,,5.116666667,77.58333333,2673,Indian,0.8,undetermined,non-spinose,1
V29-030,,3.083333333,76.25,3651,Indian,0.8,symbiont-barren,non-spinose,23
V29-030,,3.083333333,76.25,3651,Indian,0.8,symbiont-barren,spinose,20
V29-030,,3.083333333,76.25,3651,Indian,0.8,symbiont-bearing,non-spinose,0
V29-030,,3.083333333,76.25,3651,Indian,0.8,symbiont-bearing,spinose,5
V29-030,,3.083333333,76.25,3651,Indian,0.8,symbiont-facultative,non-spinose,191
V29-030,,3.083333333,76.25,3651,Indian,0.8,symbiont-facultative,spinose,0
V29-030,,3.083333333,76.25,3651,Indian,0.8,symbiont-obligate,spinose,60
V29-030,,3.083333333,76.25,3651,Indian,0.8,undetermined,non-spinose,3
V29-045,,-6,69.817,2860,Indian,0.4,symbiont-barren,non-spinose,29
V29-045,,-6,69.817,2860,Indian,0.4,symbiont-barren,spinose,22
V29-045,,-6,69.817,2860,Indian,0.4,symbiont-bearing,non-spinose,0
V29-045,,-6,69.817,2860,Indian,0.4,symbiont-bearing,spinose,10
V29-045,,-6,69.817,2860,Indian,0.4,symbiont-facultative,non-spinose,137
V29-045,,-6,69.817,2860,Indian,0.4,symbiont-facultative,spinose,1
V29-045,,-6,69.817,2860,Indian,0.4,symbiont-obligate,spinose,103
V29-045,,-6,69.817,2860,Indian,0.4,undetermined,non-spinose,1
V29-048,,-6.266666667,63.43333333,3882,Indian,0.2,symbiont-barren,non-spinose,28
V29-048,,-6.266666667,63.43333333,3882,Indian,0.2,symbiont-barren,spinose,12
V29-048,,-6.266666667,63.43333333,3882,Indian,0.2,symbiont-bearing,non-spinose,0
V29-048,,-6.266666667,63.43333333,3882,Indian,0.2,symbiont-bearing,spinose,5
V29-048,,-6.266666667,63.43333333,3882,Indian,0.2,symbiont-facultative,non-spinose,126
V29-048,,-6.266666667,63.43333333,3882,Indian,0.2,symbiont-facultative,spinose,0
V29-048,,-6.266666667,63.43333333,3882,Indian,0.2,symbiont-obligate,spinose,128
V29-048,,-6.266666667,63.43333333,3882,Indian,0.2,undetermined,non-spinose,1
V29-064,,-27.283,74.867,3404,Indian,0.3,symbiont-barren,non-spinose,54
V29-064,,-27.283,74.867,3404,Indian,0.3,symbiont-barren,spinose,21
V29-064,,-27.283,74.867,3404,Indian,0.3,symbiont-bearing,non-spinose,0
V29-064,,-27.283,74.867,3404,Indian,0.3,symbiont-bearing,spinose,7
V29-064,,-27.283,74.867,3404,Indian,0.3,symbiont-facultative,non-spinose,49
V29-064,,-27.283,74.867,3404,Indian,0.3,symbiont-facultative,spinose,0
V29-064,,-27.283,74.867,3404,Indian,0.3,symbiont-obligate,spinose,171
V29-064,,-27.283,74.867,3404,Indian,0.3,undetermined,non-spinose,0
V29-144,,-0.2,6.05,2685,South Atlantic,85,symbiont-barren,non-spinose,76
V29-144,,-0.2,6.05,2685,South Atlantic,85,symbiont-barren,spinose,19
V29-144,,-0.2,6.05,2685,South Atlantic,85,symbiont-bearing,non-spinose,0
V29-144,,-0.2,6.05,2685,South Atlantic,85,symbiont-bearing,spinose,9
V29-144,,-0.2,6.05,2685,South Atlantic,85,symbiont-facultative,non-spinose,171
V29-144,,-0.2,6.05,2685,South Atlantic,85,symbiont-facultative,spinose,0
V29-144,,-0.2,6.05,2685,South Atlantic,85,symbiont-obligate,spinose,105
V29-144,,-0.2,6.05,2685,South Atlantic,85,undetermined,non-spinose,0
V29-172,,33.7,-29.383,3257,North Atlantic,40,symbiont-barren,non-spinose,87
V29-172,,33.7,-29.383,3257,North Atlantic,40,symbiont-barren,spinose,3
V29-172,,33.7,-29.383,3257,North Atlantic,40,symbiont-bearing,non-spinose,0
V29-172,,33.7,-29.383,3257,North Atlantic,40,symbiont-bearing,spinose,9
V29-172,,33.7,-29.383,3257,North Atlantic,40,symbiont-facultative,non-spinose,92
V29-172,,33.7,-29.383,3257,North Atlantic,40,symbiont-facultative,spinose,0
V29-172,,33.7,-29.383,3257,North Atlantic,40,symbiont-obligate,spinose,53
V29-172,,33.7,-29.383,3257,North Atlantic,40,undetermined,non-spinose,0
V29-173,,33.7,-29.383,3278,North Atlantic,25,symbiont-barren,non-spinose,78
V29-173,,33.7,-29.383,3278,North Atlantic,25,symbiont-barren,spinose,17
V29-173,,33.7,-29.383,3278,North Atlantic,25,symbiont-bearing,non-spinose,0
V29-173,,33.7,-29.383,3278,North Atlantic,25,symbiont-bearing,spinose,4
V29-173,,33.7,-29.383,3278,North Atlantic,25,symbiont-facultative,non-spinose,100
V29-173,,33.7,-29.383,3278,North Atlantic,25,symbiont-facultative,spinose,3
V29-173,,33.7,-29.383,3278,North Atlantic,25,symbiont-obligate,spinose,109
V29-173,,33.7,-29.383,3278,North Atlantic,25,undetermined,non-spinose,0
V29-174,,36.286,-29.352,3420,North Atlantic,40,symbiont-barren,non-spinose,111
V29-174,,36.286,-29.352,3420,North Atlantic,40,symbiont-barren,spinose,51
V29-174,,36.286,-29.352,3420,North Atlantic,40,symbiont-bearing,non-spinose,0
V29-174,,36.286,-29.352,3420,North Atlantic,40,symbiont-bearing,spinose,0
V29-174,,36.286,-29.352,3420,North Atlantic,40,symbiont-facultative,non-spinose,127
V29-174,,36.286,-29.352,3420,North Atlantic,40,symbiont-facultative,spinose,0
V29-174,,36.286,-29.352,3420,North Atlantic,40,symbiont-obligate,spinose,122
V29-174,,36.286,-29.352,3420,North Atlantic,40,undetermined,non-spinose,0
V29-177,,41.534,-25.701,3391,North Atlantic,42,symbiont-barren,non-spinose,183
V29-177,,41.534,-25.701,3391,North Atlantic,42,symbiont-barren,spinose,161
V29-177,,41.534,-25.701,3391,North Atlantic,42,symbiont-bearing,non-spinose,0
V29-177,,41.534,-25.701,3391,North Atlantic,42,symbiont-bearing,spinose,1
V29-177,,41.534,-25.701,3391,North Atlantic,42,symbiont-facultative,non-spinose,139
V29-177,,41.534,-25.701,3391,North Atlantic,42,symbiont-facultative,spinose,0
V29-177,,41.534,-25.701,3391,North Atlantic,42,symbiont-obligate,spinose,20
V29-177,,41.534,-25.701,3391,North Atlantic,42,undetermined,non-spinose,0
V29-178,,42.836,-25.15,3448,North Atlantic,49,symbiont-barren,non-spinose,186
V29-178,,42.836,-25.15,3448,North Atlantic,49,symbiont-barren,spinose,131
V29-178,,42.836,-25.15,3448,North Atlantic,49,symbiont-bearing,non-spinose,0
V29-178,,42.836,-25.15,3448,North Atlantic,49,symbiont-bearing,spinose,0
V29-178,,42.836,-25.15,3448,North Atlantic,49,symbiont-facultative,non-spinose,65
V29-178,,42.836,-25.15,3448,North Atlantic,49,symbiont-facultative,spinose,0
V29-178,,42.836,-25.15,3448,North Atlantic,49,symbiont-obligate,spinose,6
V29-178,,42.836,-25.15,3448,North Atlantic,49,undetermined,non-spinose,0
V29-180,,45.301,-23.868,3179,North Atlantic,58,symbiont-barren,non-spinose,344
V29-180,,45.301,-23.868,3179,North Atlantic,58,symbiont-barren,spinose,147
V29-180,,45.301,-23.868,3179,North Atlantic,58,symbiont-bearing,non-spinose,0
V29-180,,45.301,-23.868,3179,North Atlantic,58,symbiont-bearing,spinose,0
V29-180,,45.301,-23.868,3179,North Atlantic,58,symbiont-facultative,non-spinose,41
V29-180,,45.301,-23.868,3179,North Atlantic,58,symbiont-facultative,spinose,0
V29-180,,45.301,-23.868,3179,North Atlantic,58,symbiont-obligate,spinose,7
V29-180,,45.301,-23.868,3179,North Atlantic,58,undetermined,non-spinose,0
V30-036,,5.35,-27.317,4245,North Atlantic,40,symbiont-barren,non-spinose,56
V30-036,,5.35,-27.317,4245,North Atlantic,40,symbiont-barren,spinose,19
V30-036,,5.35,-27.317,4245,North Atlantic,40,symbiont-bearing,non-spinose,0
V30-036,,5.35,-27.317,4245,North Atlantic,40,symbiont-bearing,spinose,3
V30-036,,5.35,-27.317,4245,North Atlantic,40,symbiont-facultative,non-spinose,119
V30-036,,5.35,-27.317,4245,North Atlantic,40,symbiont-facultative,spinose,0
V30-036,,5.35,-27.317,4245,North Atlantic,40,symbiont-obligate,spinose,606
V30-036,,5.35,-27.317,4245,North Atlantic,40,undetermined,non-spinose,0
V30-041K,,0.217,-23.067,3874,North Atlantic,44.5,symbiont-barren,non-spinose,147
V30-041K,,0.217,-23.067,3874,North Atlantic,44.5,symbiont-barren,spinose,31
V30-041K,,0.217,-23.067,3874,North Atlantic,44.5,symbiont-bearing,non-spinose,0
V30-041K,,0.217,-23.067,3874,North Atlantic,44.5,symbiont-bearing,spinose,12
V30-041K,,0.217,-23.067,3874,North Atlantic,44.5,symbiont-facultative,non-spinose,111
V30-041K,,0.217,-23.067,3874,North Atlantic,44.5,symbiont-facultative,spinose,4
V30-041K,,0.217,-23.067,3874,North Atlantic,44.5,symbiont-obligate,spinose,47
V30-041K,,0.217,-23.067,3874,North Atlantic,44.5,undetermined,non-spinose,6
V30-051K,,19.867,-19.917,3409,North Atlantic,54,symbiont-barren,non-spinose,111
V30-051K,,19.867,-19.917,3409,North Atlantic,54,symbiont-barren,spinose,75
V30-051K,,19.867,-19.917,3409,North Atlantic,54,symbiont-bearing,non-spinose,0
V30-051K,,19.867,-19.917,3409,North Atlantic,54,symbiont-bearing,spinose,1
V30-051K,,19.867,-19.917,3409,North Atlantic,54,symbiont-facultative,non-spinose,79
V30-051K,,19.867,-19.917,3409,North Atlantic,54,symbiont-facultative,spinose,0
V30-051K,,19.867,-19.917,3409,North Atlantic,54,symbiont-obligate,spinose,26
V30-051K,,19.867,-19.917,3409,North Atlantic,54,undetermined,non-spinose,0
V30-096,,39.933,-33.133,3188,North Atlantic,63,symbiont-barren,non-spinose,112
V30-096,,39.933,-33.133,3188,North Atlantic,63,symbiont-barren,spinose,106
V30-096,,39.933,-33.133,3188,North Atlantic,63,symbiont-bearing,non-spinose,0
V30-096,,39.933,-33.133,3188,North Atlantic,63,symbiont-bearing,spinose,0
V30-096,,39.933,-33.133,3188,North Atlantic,63,symbiont-facultative,non-spinose,108
V30-096,,39.933,-33.133,3188,North Atlantic,63,symbiont-facultative,spinose,0
V30-096,,39.933,-33.133,3188,North Atlantic,63,symbiont-obligate,spinose,26
V30-096,,39.933,-33.133,3188,North Atlantic,63,undetermined,non-spinose,0
V30-099,,43.15,-32.45,3594,North Atlantic,32,symbiont-barren,non-spinose,213
V30-099,,43.15,-32.45,3594,North Atlantic,32,symbiont-barren,spinose,226
V30-099,,43.15,-32.45,3594,North Atlantic,32,symbiont-bearing,non-spinose,0
V30-099,,43.15,-32.45,3594,North Atlantic,32,symbiont-bearing,spinose,0
V30-099,,43.15,-32.45,3594,North Atlantic,32,symbiont-facultative,non-spinose,122
V30-099,,43.15,-32.45,3594,North Atlantic,32,symbiont-facultative,spinose,0
V30-099,,43.15,-32.45,3594,North Atlantic,32,symbiont-obligate,spinose,26
V30-099,,43.15,-32.45,3594,North Atlantic,32,undetermined,non-spinose,0
V30-100,,44.1,-32.5,3519,North Atlantic,65,symbiont-barren,non-spinose,205
V30-100,,44.1,-32.5,3519,North Atlantic,65,symbiont-barren,spinose,131
V30-100,,44.1,-32.5,3519,North Atlantic,65,symbiont-bearing,non-spinose,0
V30-100,,44.1,-32.5,3519,North Atlantic,65,symbiont-bearing,spinose,0
V30-100,,44.1,-32.5,3519,North Atlantic,65,symbiont-facultative,non-spinose,47
V30-100,,44.1,-32.5,3519,North Atlantic,65,symbiont-facultative,spinose,0
V30-100,,44.1,-32.5,3519,North Atlantic,65,symbiont-obligate,spinose,5
V30-100,,44.1,-32.5,3519,North Atlantic,65,undetermined,non-spinose,0
V32-008,,34.783,-32.417,3252,North Atlantic,76,symbiont-barren,non-spinose,96
V32-008,,34.783,-32.417,3252,North Atlantic,76,symbiont-barren,spinose,33
V32-008,,34.783,-32.417,3252,North Atlantic,76,symbiont-bearing,non-spinose,0
V32-008,,34.783,-32.417,3252,North Atlantic,76,symbiont-bearing,spinose,4
V32-008,,34.783,-32.417,3252,North Atlantic,76,symbiont-facultative,non-spinose,156
V32-008,,34.783,-32.417,3252,North Atlantic,76,symbiont-facultative,spinose,1
V32-008,,34.783,-32.417,3252,North Atlantic,76,symbiont-obligate,spinose,113
V32-008,,34.783,-32.417,3252,North Atlantic,76,undetermined,non-spinose,0
V32-128,,36.467,177.167,,Pacific,32,symbiont-barren,non-spinose,522
V32-128,,36.467,177.167,,Pacific,32,symbiont-barren,spinose,191
V32-128,,36.467,177.167,,Pacific,32,symbiont-bearing,non-spinose,0
V32-128,,36.467,177.167,,Pacific,32,symbiont-bearing,spinose,0
V32-128,,36.467,177.167,,Pacific,32,symbiont-facultative,non-spinose,260
V32-128,,36.467,177.167,,Pacific,32,symbiont-facultative,spinose,0
V32-128,,36.467,177.167,,Pacific,32,symbiont-obligate,spinose,17
V32-128,,36.467,177.167,,Pacific,32,undetermined,non-spinose,7
V33-065,,-22.73333333,112.5833333,1692,Indian,0.4,symbiont-barren,non-spinose,16
V33-065,,-22.73333333,112.5833333,1692,Indian,0.4,symbiont-barren,spinose,6
V33-065,,-22.73333333,112.5833333,1692,Indian,0.4,symbiont-bearing,non-spinose,0
V33-065,,-22.73333333,112.5833333,1692,Indian,0.4,symbiont-bearing,spinose,10
V33-065,,-22.73333333,112.5833333,1692,Indian,0.4,symbiont-facultative,non-spinose,187
V33-065,,-22.73333333,112.5833333,1692,Indian,0.4,symbiont-facultative,spinose,0
V33-065,,-22.73333333,112.5833333,1692,Indian,0.4,symbiont-obligate,spinose,79
V33-065,,-22.73333333,112.5833333,1692,Indian,0.4,undetermined,non-spinose,0
VNTRO1-8,,0.033,-110.483,,Pacific,41,symbiont-barren,non-spinose,112
VNTRO1-8,,0.033,-110.483,,Pacific,41,symbiont-barren,spinose,25
VNTRO1-8,,0.033,-110.483,,Pacific,41,symbiont-bearing,non-spinose,0
VNTRO1-8,,0.033,-110.483,,Pacific,41,symbiont-bearing,spinose,1
VNTRO1-8,,0.033,-110.483,,Pacific,41,symbiont-facultative,non-spinose,314
VNTRO1-8,,0.033,-110.483,,Pacific,41,symbiont-facultative,spinose,0
VNTRO1-8,,0.033,-110.483,,Pacific,41,symbiont-obligate,spinose,33
VNTRO1-8,,0.033,-110.483,,Pacific,41,undetermined,non-spinose,2
Y69-106p,,2.983,-86.55,,Pacific,30,symbiont-barren,non-spinose,34
Y69-106p,,2.983,-86.55,,Pacific,30,symbiont-barren,spinose,39
Y69-106p,,2.983,-86.55,,Pacific,30,symbiont-bearing,non-spinose,0
Y69-106p,,2.983,-86.55,,Pacific,30,symbiont-bearing,spinose,6
Y69-106p,,2.983,-86.55,,Pacific,30,symbiont-facultative,non-spinose,176
Y69-106p,,2.983,-86.55,,Pacific,30,symbiont-facultative,spinose,1
Y69-106p,,2.983,-86.55,,Pacific,30,symbiont-obligate,spinose,30
Y69-106p,,2.983,-86.55,,Pacific,30,undetermined,non-spinose,5
Y69-71P,,0.1,-86.483,,Pacific,180,symbiont-barren,non-spinose,27
Y69-71P,,0.1,-86.483,,Pacific,180,symbiont-barren,spinose,67
Y69-71P,,0.1,-86.483,,Pacific,180,symbiont-bearing,non-spinose,0
Y69-71P,,0.1,-86.483,,Pacific,180,symbiont-bearing,spinose,1
Y69-71P,,0.1,-86.483,,Pacific,180,symbiont-facultative,non-spinose,216
Y69-71P,,0.1,-86.483,,Pacific,180,symbiont-facultative,spinose,0
Y69-71P,,0.1,-86.483,,Pacific,180,symbiont-obligate,spinose,19
Y69-71P,,0.1,-86.483,,Pacific,180,undetermined,non-spinose,0
Y71-3-2,,7.167,-85.15,,Pacific,20,symbiont-barren,non-spinose,4
Y71-3-2,,7.167,-85.15,,Pacific,20,symbiont-barren,spinose,35
Y71-3-2,,7.167,-85.15,,Pacific,20,symbiont-bearing,non-spinose,0
Y71-3-2,,7.167,-85.15,,Pacific,20,symbiont-bearing,spinose,0
Y71-3-2,,7.167,-85.15,,Pacific,20,symbiont-facultative,non-spinose,228
Y71-3-2,,7.167,-85.15,,Pacific,20,symbiont-facultative,spinose,0
Y71-3-2,,7.167,-85.15,,Pacific,20,symbiont-obligate,spinose,43
Y71-3-2,,7.167,-85.15,,Pacific,20,undetermined,non-spinose,0
Y71-6-12,,-16.443,-77.563,,Pacific,46,symbiont-barren,non-spinose,82
Y71-6-12,,-16.443,-77.563,,Pacific,46,symbiont-barren,spinose,111
Y71-6-12,,-16.443,-77.563,,Pacific,46,symbiont-bearing,non-spinose,0
Y71-6-12,,-16.443,-77.563,,Pacific,46,symbiont-bearing,spinose,3
Y71-6-12,,-16.443,-77.563,,Pacific,46,symbiont-facultative,non-spinose,182
Y71-6-12,,-16.443,-77.563,,Pacific,46,symbiont-facultative,spinose,0
Y71-6-12,,-16.443,-77.563,,Pacific,46,symbiont-obligate,spinose,25
Y71-6-12,,-16.443,-77.563,,Pacific,46,undetermined,non-spinose,3
Y71-6-12,,-16.443,-77.563,,Pacific,49,symbiont-barren,non-spinose,199
Y71-6-12,,-16.443,-77.563,,Pacific,49,symbiont-barren,spinose,106
Y71-6-12,,-16.443,-77.563,,Pacific,49,symbiont-bearing,non-spinose,0
Y71-6-12,,-16.443,-77.563,,Pacific,49,symbiont-bearing,spinose,0
Y71-6-12,,-16.443,-77.563,,Pacific,49,symbiont-facultative,non-spinose,343
Y71-6-12,,-16.443,-77.563,,Pacific,49,symbiont-facultative,spinose,0
Y71-6-12,,-16.443,-77.563,,Pacific,49,symbiont-obligate,spinose,20
Y71-6-12,,-16.443,-77.563,,Pacific,49,undetermined,non-spinose,3
Y71-6-12,,-16.443,-77.563,,Pacific,50,symbiont-barren,non-spinose,199
Y71-6-12,,-16.443,-77.563,,Pacific,50,symbiont-barren,spinose,106
Y71-6-12,,-16.443,-77.563,,Pacific,50,symbiont-bearing,non-spinose,0
Y71-6-12,,-16.443,-77.563,,Pacific,50,symbiont-bearing,spinose,0
Y71-6-12,,-16.443,-77.563,,Pacific,50,symbiont-facultative,non-spinose,298
Y71-6-12,,-16.443,-77.563,,Pacific,50,symbiont-facultative,spinose,0
Y71-6-12,,-16.443,-77.563,,Pacific,50,symbiont-obligate,spinose,20
Y71-6-12,,-16.443,-77.563,,Pacific,50,undetermined,non-spinose,3
Y71-6-12,,-16.443,-77.563,,Pacific,56,symbiont-barren,non-spinose,66
Y71-6-12,,-16.443,-77.563,,Pacific,56,symbiont-barren,spinose,45
Y71-6-12,,-16.443,-77.563,,Pacific,56,symbiont-bearing,non-spinose,0
Y71-6-12,,-16.443,-77.563,,Pacific,56,symbiont-bearing,spinose,3
Y71-6-12,,-16.443,-77.563,,Pacific,56,symbiont-facultative,non-spinose,192
Y71-6-12,,-16.443,-77.563,,Pacific,56,symbiont-facultative,spinose,0
Y71-6-12,,-16.443,-77.563,,Pacific,56,symbiont-obligate,spinose,20
Y71-6-12,,-16.443,-77.563,,Pacific,56,undetermined,non-spinose,2
Z2108,,-33.3765,161.6125,1448,Pacific,0.75,symbiont-barren,non-spinose,75
Z2108,,-33.3765,161.6125,1448,Pacific,0.75,symbiont-barren,spinose,153
Z2108,,-33.3765,161.6125,1448,Pacific,0.75,symbiont-bearing,non-spinose,3
Z2108,,-33.3765,161.6125,1448,Pacific,0.75,symbiont-bearing,spinose,2
Z2108,,-33.3765,161.6125,1448,Pacific,0.75,symbiont-facultative,non-spinose,174
Z2108,,-33.3765,161.6125,1448,Pacific,0.75,symbiont-facultative,spinose,0
Z2108,,-33.3765,161.6125,1448,Pacific,0.75,symbiont-obligate,spinose,64
Z2108,,-33.3765,161.6125,1448,Pacific,0.75,undetermined,non-spinose,1
Z2112,,-33.53,166.53,2858,Pacific,0.935,symbiont-barren,non-spinose,227
Z2112,,-33.53,166.53,2858,Pacific,0.935,symbiont-barren,spinose,69
Z2112,,-33.53,166.53,2858,Pacific,0.935,symbiont-bearing,non-spinose,0
Z2112,,-33.53,166.53,2858,Pacific,0.935,symbiont-bearing,spinose,3
Z2112,,-33.53,166.53,2858,Pacific,0.935,symbiont-facultative,non-spinose,154
Z2112,,-33.53,166.53,2858,Pacific,0.935,symbiont-facultative,spinose,1
Z2112,,-33.53,166.53,2858,Pacific,0.935,symbiont-obligate,spinose,62
Z2112,,-33.53,166.53,2858,Pacific,0.935,undetermined,non-spinose,0
y71-9-101,,-6.383,-106.933,,Pacific,63,symbiont-barren,non-spinose,10
y71-9-101,,-6.383,-106.933,,Pacific,63,symbiont-barren,spinose,16
y71-9-101,,-6.383,-106.933,,Pacific,63,symbiont-bearing,non-spinose,0
y71-9-101,,-6.383,-106.933,,Pacific,63,symbiont-bearing,spinose,0
y71-9-101,,-6.383,-106.933,,Pacific,63,symbiont-facultative,non-spinose,233
y71-9-101,,-6.383,-106.933,,Pacific,63,symbiont-facultative,spinose,0
y71-9-101,,-6.383,-106.933,,Pacific,63,symbiont-obligate,spinose,45
y71-9-101,,-6.383,-106.933,,Pacific,63,undetermined,non-spinose,0
