Core,Coring device,Latitude,Longitude,Water depth (m),Ocean,Sample depth - upper (m),Symbiosis,Spine,Relative Abundance
117-723A,drilling/drill rig,18.0518,57.609,806,Indian,,symbiont-barren,non-spinose,0.019
117-723A,drilling/drill rig,18.0518,57.609,806,Indian,,symbiont-barren,spinose,0.502
117-723A,drilling/drill rig,18.0518,57.609,806,Indian,,symbiont-bearing,non-spinose,0
117-723A,drilling/drill rig,18.0518,57.609,806,Indian,,symbiont-bearing,spinose,0
117-723A,drilling/drill rig,18.0518,57.609,806,Indian,,symbiont-facultative,non-spinose,0.19
117-723A,drilling/drill rig,18.0518,57.609,806,Indian,,symbiont-facultative,spinose,0.004
117-723A,drilling/drill rig,18.0518,57.609,806,Indian,,symbiont-obligate,spinose,0.226
117-723A,drilling/drill rig,18.0518,57.609,806,Indian,,undetermined,non-spinose,0.056
165-999A,drilling/drill rig,12.744,-78.7393,2828,North Atlantic,,symbiont-barren,non-spinose,0.076
165-999A,drilling/drill rig,12.744,-78.7393,2828,North Atlantic,,symbiont-barren,spinose,0.019
165-999A,drilling/drill rig,12.744,-78.7393,2828,North Atlantic,,symbiont-bearing,non-spinose,0
165-999A,drilling/drill rig,12.744,-78.7393,2828,North Atlantic,,symbiont-bearing,spinose,0.036
165-999A,drilling/drill rig,12.744,-78.7393,2828,North Atlantic,,symbiont-facultative,non-spinose,0.399
165-999A,drilling/drill rig,12.744,-78.7393,2828,North Atlantic,,symbiont-facultative,spinose,0
165-999A,drilling/drill rig,12.744,-78.7393,2828,North Atlantic,,undetermined,non-spinose,0
17938-2,,19.78,117.53,2840,Pacific,3.65,symbiont-barren,non-spinose,0.00903614457
17938-2,,19.78,117.53,2840,Pacific,3.65,symbiont-barren,spinose,0.06325301205
17938-2,,19.78,117.53,2840,Pacific,3.65,symbiont-bearing,non-spinose,0
17938-2,,19.78,117.53,2840,Pacific,3.65,symbiont-bearing,spinose,0.0391566265
17938-2,,19.78,117.53,2840,Pacific,3.65,symbiont-facultative,non-spinose,0.68975903619
17938-2,,19.78,117.53,2840,Pacific,3.65,symbiont-facultative,spinose,0
17938-2,,19.78,117.53,2840,Pacific,3.65,symbiont-obligate,spinose,0.19879518077
17938-2,,19.78,117.53,2840,Pacific,3.65,undetermined,non-spinose,0
17938-2,,19.78,117.53,2840,Pacific,3.75,symbiont-barren,non-spinose,0.01529051988
17938-2,,19.78,117.53,2840,Pacific,3.75,symbiont-barren,spinose,0.06727828746
17938-2,,19.78,117.53,2840,Pacific,3.75,symbiont-bearing,non-spinose,0
17938-2,,19.78,117.53,2840,Pacific,3.75,symbiont-bearing,spinose,0.03058103976
17938-2,,19.78,117.53,2840,Pacific,3.75,symbiont-facultative,non-spinose,0.62996941898
17938-2,,19.78,117.53,2840,Pacific,3.75,symbiont-facultative,spinose,0
17938-2,,19.78,117.53,2840,Pacific,3.75,symbiont-obligate,spinose,0.2354740061
17938-2,,19.78,117.53,2840,Pacific,3.75,undetermined,non-spinose,0.00305810398
17938-2,,19.78,117.53,2840,Pacific,3.85,symbiont-barren,non-spinose,0.01230769231
17938-2,,19.78,117.53,2840,Pacific,3.85,symbiont-barren,spinose,0.07076923077
17938-2,,19.78,117.53,2840,Pacific,3.85,symbiont-bearing,non-spinose,0
17938-2,,19.78,117.53,2840,Pacific,3.85,symbiont-bearing,spinose,0.02769230769
17938-2,,19.78,117.53,2840,Pacific,3.85,symbiont-facultative,non-spinose,0.5753846154
17938-2,,19.78,117.53,2840,Pacific,3.85,symbiont-facultative,spinose,0
17938-2,,19.78,117.53,2840,Pacific,3.85,symbiont-obligate,spinose,0.30769230772
17938-2,,19.78,117.53,2840,Pacific,3.85,undetermined,non-spinose,0
17938-2,,19.78,117.53,2840,Pacific,3.95,symbiont-barren,non-spinose,0.01265822784
17938-2,,19.78,117.53,2840,Pacific,3.95,symbiont-barren,spinose,0.09071729958
17938-2,,19.78,117.53,2840,Pacific,3.95,symbiont-bearing,non-spinose,0
17938-2,,19.78,117.53,2840,Pacific,3.95,symbiont-bearing,spinose,0.0358649789
17938-2,,19.78,117.53,2840,Pacific,3.95,symbiont-facultative,non-spinose,0.56118143463
17938-2,,19.78,117.53,2840,Pacific,3.95,symbiont-facultative,spinose,0
17938-2,,19.78,117.53,2840,Pacific,3.95,symbiont-obligate,spinose,0.29957805902
17938-2,,19.78,117.53,2840,Pacific,3.95,undetermined,non-spinose,0
17938-2,,19.78,117.53,2840,Pacific,4.05,symbiont-barren,non-spinose,0.00982800983
17938-2,,19.78,117.53,2840,Pacific,4.05,symbiont-barren,spinose,0.04422604423
17938-2,,19.78,117.53,2840,Pacific,4.05,symbiont-bearing,non-spinose,0
17938-2,,19.78,117.53,2840,Pacific,4.05,symbiont-bearing,spinose,0.02702702703
17938-2,,19.78,117.53,2840,Pacific,4.05,symbiont-facultative,non-spinose,0.656019656
17938-2,,19.78,117.53,2840,Pacific,4.05,symbiont-facultative,spinose,0
17938-2,,19.78,117.53,2840,Pacific,4.05,symbiont-obligate,spinose,0.24570024572
17938-2,,19.78,117.53,2840,Pacific,4.05,undetermined,non-spinose,0
17938-2,,19.78,117.53,2840,Pacific,4.15,symbiont-barren,non-spinose,0.0107913669
17938-2,,19.78,117.53,2840,Pacific,4.15,symbiont-barren,spinose,0.1079136691
17938-2,,19.78,117.53,2840,Pacific,4.15,symbiont-bearing,non-spinose,0
17938-2,,19.78,117.53,2840,Pacific,4.15,symbiont-bearing,spinose,0.01798561151
17938-2,,19.78,117.53,2840,Pacific,4.15,symbiont-facultative,non-spinose,0.55035971227
17938-2,,19.78,117.53,2840,Pacific,4.15,symbiont-facultative,spinose,0
17938-2,,19.78,117.53,2840,Pacific,4.15,symbiont-obligate,spinose,0.30575539564
17938-2,,19.78,117.53,2840,Pacific,4.15,undetermined,non-spinose,0
17938-2,,19.78,117.53,2840,Pacific,4.25,symbiont-barren,non-spinose,0.01766004415
17938-2,,19.78,117.53,2840,Pacific,4.25,symbiont-barren,spinose,0.09492273731
17938-2,,19.78,117.53,2840,Pacific,4.25,symbiont-bearing,non-spinose,0
17938-2,,19.78,117.53,2840,Pacific,4.25,symbiont-bearing,spinose,0.03311258278
17938-2,,19.78,117.53,2840,Pacific,4.25,symbiont-facultative,non-spinose,0.50772626935
17938-2,,19.78,117.53,2840,Pacific,4.25,symbiont-facultative,spinose,0
17938-2,,19.78,117.53,2840,Pacific,4.25,symbiont-obligate,spinose,0.32891832234
17938-2,,19.78,117.53,2840,Pacific,4.25,undetermined,non-spinose,0
17938-2,,19.78,117.53,2840,Pacific,4.35,symbiont-barren,non-spinose,0.03265306123
17938-2,,19.78,117.53,2840,Pacific,4.35,symbiont-barren,spinose,0.07346938776
17938-2,,19.78,117.53,2840,Pacific,4.35,symbiont-bearing,non-spinose,0
17938-2,,19.78,117.53,2840,Pacific,4.35,symbiont-bearing,spinose,0.02448979592
17938-2,,19.78,117.53,2840,Pacific,4.35,symbiont-facultative,non-spinose,0.56734693881
17938-2,,19.78,117.53,2840,Pacific,4.35,symbiont-facultative,spinose,0
17938-2,,19.78,117.53,2840,Pacific,4.35,symbiont-obligate,spinose,0.28163265308
17938-2,,19.78,117.53,2840,Pacific,4.35,undetermined,non-spinose,0
17938-2,,19.78,117.53,2840,Pacific,4.45,symbiont-barren,non-spinose,0.0070754717
17938-2,,19.78,117.53,2840,Pacific,4.45,symbiont-barren,spinose,0.04009433962
17938-2,,19.78,117.53,2840,Pacific,4.45,symbiont-bearing,non-spinose,0
17938-2,,19.78,117.53,2840,Pacific,4.45,symbiont-bearing,spinose,0.03066037736
17938-2,,19.78,117.53,2840,Pacific,4.45,symbiont-facultative,non-spinose,0.68160377361
17938-2,,19.78,117.53,2840,Pacific,4.45,symbiont-facultative,spinose,0
17938-2,,19.78,117.53,2840,Pacific,4.45,symbiont-obligate,spinose,0.22877358492
17938-2,,19.78,117.53,2840,Pacific,4.45,undetermined,non-spinose,0
17938-2,,19.78,117.53,2840,Pacific,4.55,symbiont-barren,non-spinose,0.00549450549
17938-2,,19.78,117.53,2840,Pacific,4.55,symbiont-barren,spinose,0.07142857143
17938-2,,19.78,117.53,2840,Pacific,4.55,symbiont-bearing,non-spinose,0
17938-2,,19.78,117.53,2840,Pacific,4.55,symbiont-bearing,spinose,0.01648351648
17938-2,,19.78,117.53,2840,Pacific,4.55,symbiont-facultative,non-spinose,0.57692307692
17938-2,,19.78,117.53,2840,Pacific,4.55,symbiont-facultative,spinose,0
17938-2,,19.78,117.53,2840,Pacific,4.55,symbiont-obligate,spinose,0.31318681319
17938-2,,19.78,117.53,2840,Pacific,4.55,undetermined,non-spinose,0
17938-2,,19.78,117.53,2840,Pacific,4.65,symbiont-barren,non-spinose,0.01285347043
17938-2,,19.78,117.53,2840,Pacific,4.65,symbiont-barren,spinose,0.05398457584
17938-2,,19.78,117.53,2840,Pacific,4.65,symbiont-bearing,non-spinose,0
17938-2,,19.78,117.53,2840,Pacific,4.65,symbiont-bearing,spinose,0.01028277635
17938-2,,19.78,117.53,2840,Pacific,4.65,symbiont-facultative,non-spinose,0.5475578406
17938-2,,19.78,117.53,2840,Pacific,4.65,symbiont-facultative,spinose,0
17938-2,,19.78,117.53,2840,Pacific,4.65,symbiont-obligate,spinose,0.35218508993
17938-2,,19.78,117.53,2840,Pacific,4.65,undetermined,non-spinose,0
17938-2,,19.78,117.53,2840,Pacific,4.75,symbiont-barren,non-spinose,0.01355932204
17938-2,,19.78,117.53,2840,Pacific,4.75,symbiont-barren,spinose,0.04406779661
17938-2,,19.78,117.53,2840,Pacific,4.75,symbiont-bearing,non-spinose,0
17938-2,,19.78,117.53,2840,Pacific,4.75,symbiont-bearing,spinose,0.04406779661
17938-2,,19.78,117.53,2840,Pacific,4.75,symbiont-facultative,non-spinose,0.66779661013
17938-2,,19.78,117.53,2840,Pacific,4.75,symbiont-facultative,spinose,0
17938-2,,19.78,117.53,2840,Pacific,4.75,symbiont-obligate,spinose,0.20677966107
17938-2,,19.78,117.53,2840,Pacific,4.75,undetermined,non-spinose,0
17938-2,,19.78,117.53,2840,Pacific,4.85,symbiont-barren,non-spinose,0.0522388
17938-2,,19.78,117.53,2840,Pacific,4.85,symbiont-barren,spinose,0.05970149253
17938-2,,19.78,117.53,2840,Pacific,4.85,symbiont-bearing,non-spinose,0
17938-2,,19.78,117.53,2840,Pacific,4.85,symbiont-bearing,spinose,0.0223880597
17938-2,,19.78,117.53,2840,Pacific,4.85,symbiont-facultative,non-spinose,0.57089544173
17938-2,,19.78,117.53,2840,Pacific,4.85,symbiont-facultative,spinose,0
17938-2,,19.78,117.53,2840,Pacific,4.85,symbiont-obligate,spinose,0.26119402986
17938-2,,19.78,117.53,2840,Pacific,4.85,undetermined,non-spinose,0.00373134328
17938-2,,19.78,117.53,2840,Pacific,4.95,symbiont-barren,non-spinose,0.01608579088
17938-2,,19.78,117.53,2840,Pacific,4.95,symbiont-barren,spinose,0.03753351206
17938-2,,19.78,117.53,2840,Pacific,4.95,symbiont-bearing,non-spinose,0
17938-2,,19.78,117.53,2840,Pacific,4.95,symbiont-bearing,spinose,0.00804289544
17938-2,,19.78,117.53,2840,Pacific,4.95,symbiont-facultative,non-spinose,0.71581769444
17938-2,,19.78,117.53,2840,Pacific,4.95,symbiont-facultative,spinose,0
17938-2,,19.78,117.53,2840,Pacific,4.95,symbiont-obligate,spinose,0.21179624665
17938-2,,19.78,117.53,2840,Pacific,4.95,undetermined,non-spinose,0.00268096515
17938-2,,19.78,117.53,2840,Pacific,5.05,symbiont-barren,non-spinose,0.02732240437
17938-2,,19.78,117.53,2840,Pacific,5.05,symbiont-barren,spinose,0.06010928962
17938-2,,19.78,117.53,2840,Pacific,5.05,symbiont-bearing,non-spinose,0
17938-2,,19.78,117.53,2840,Pacific,5.05,symbiont-bearing,spinose,0.0300546448
17938-2,,19.78,117.53,2840,Pacific,5.05,symbiont-facultative,non-spinose,0.58196721314
17938-2,,19.78,117.53,2840,Pacific,5.05,symbiont-facultative,spinose,0
17938-2,,19.78,117.53,2840,Pacific,5.05,symbiont-obligate,spinose,0.28142076507
17938-2,,19.78,117.53,2840,Pacific,5.05,undetermined,non-spinose,0.00273224044
17938-2,,19.78,117.53,2840,Pacific,5.15,symbiont-barren,non-spinose,0.02960526316
17938-2,,19.78,117.53,2840,Pacific,5.15,symbiont-barren,spinose,0.04276315789
17938-2,,19.78,117.53,2840,Pacific,5.15,symbiont-bearing,non-spinose,0
17938-2,,19.78,117.53,2840,Pacific,5.15,symbiont-bearing,spinose,0.01973684211
17938-2,,19.78,117.53,2840,Pacific,5.15,symbiont-facultative,non-spinose,0.60526315793
17938-2,,19.78,117.53,2840,Pacific,5.15,symbiont-facultative,spinose,0
17938-2,,19.78,117.53,2840,Pacific,5.15,symbiont-obligate,spinose,0.29276315789
17938-2,,19.78,117.53,2840,Pacific,5.15,undetermined,non-spinose,0
17938-2,,19.78,117.53,2840,Pacific,5.25,symbiont-barren,non-spinose,0.03413654619
17938-2,,19.78,117.53,2840,Pacific,5.25,symbiont-barren,spinose,0.0421686747
17938-2,,19.78,117.53,2840,Pacific,5.25,symbiont-bearing,non-spinose,0
17938-2,,19.78,117.53,2840,Pacific,5.25,symbiont-bearing,spinose,0.0140562249
17938-2,,19.78,117.53,2840,Pacific,5.25,symbiont-facultative,non-spinose,0.62650602413
17938-2,,19.78,117.53,2840,Pacific,5.25,symbiont-facultative,spinose,0
17938-2,,19.78,117.53,2840,Pacific,5.25,symbiont-obligate,spinose,0.2771084337
17938-2,,19.78,117.53,2840,Pacific,5.25,undetermined,non-spinose,0.00602409639
17938-2,,19.78,117.53,2840,Pacific,5.35,symbiont-barren,non-spinose,0.0290102389
17938-2,,19.78,117.53,2840,Pacific,5.35,symbiont-barren,spinose,0.06484641638
17938-2,,19.78,117.53,2840,Pacific,5.35,symbiont-bearing,non-spinose,0
17938-2,,19.78,117.53,2840,Pacific,5.35,symbiont-bearing,spinose,0.03071672355
17938-2,,19.78,117.53,2840,Pacific,5.35,symbiont-facultative,non-spinose,0.64675767916
17938-2,,19.78,117.53,2840,Pacific,5.35,symbiont-facultative,spinose,0
17938-2,,19.78,117.53,2840,Pacific,5.35,symbiont-obligate,spinose,0.22184300343
17938-2,,19.78,117.53,2840,Pacific,5.35,undetermined,non-spinose,0.00341296928
17938-2,,19.78,117.53,2840,Pacific,5.45,symbiont-barren,non-spinose,0.01428571429
17938-2,,19.78,117.53,2840,Pacific,5.45,symbiont-barren,spinose,0.1306122449
17938-2,,19.78,117.53,2840,Pacific,5.45,symbiont-bearing,non-spinose,0
17938-2,,19.78,117.53,2840,Pacific,5.45,symbiont-bearing,spinose,0.02653061224
17938-2,,19.78,117.53,2840,Pacific,5.45,symbiont-facultative,non-spinose,0.54081632656
17938-2,,19.78,117.53,2840,Pacific,5.45,symbiont-facultative,spinose,0
17938-2,,19.78,117.53,2840,Pacific,5.45,symbiont-obligate,spinose,0.27959183671
17938-2,,19.78,117.53,2840,Pacific,5.45,undetermined,non-spinose,0
17938-2,,19.78,117.53,2840,Pacific,5.55,symbiont-barren,non-spinose,0.05394190871
17938-2,,19.78,117.53,2840,Pacific,5.55,symbiont-barren,spinose,0.0622406639
17938-2,,19.78,117.53,2840,Pacific,5.55,symbiont-bearing,non-spinose,0
17938-2,,19.78,117.53,2840,Pacific,5.55,symbiont-bearing,spinose,0.02074688796
17938-2,,19.78,117.53,2840,Pacific,5.55,symbiont-facultative,non-spinose,0.64315352697
17938-2,,19.78,117.53,2840,Pacific,5.55,symbiont-facultative,spinose,0
17938-2,,19.78,117.53,2840,Pacific,5.55,symbiont-obligate,spinose,0.21161825722
17938-2,,19.78,117.53,2840,Pacific,5.55,undetermined,non-spinose,0
17938-2,,19.78,117.53,2840,Pacific,5.6,symbiont-barren,non-spinose,0.02502316961
17938-2,,19.78,117.53,2840,Pacific,5.6,symbiont-barren,spinose,0.07877664504
17938-2,,19.78,117.53,2840,Pacific,5.6,symbiont-bearing,non-spinose,0
17938-2,,19.78,117.53,2840,Pacific,5.6,symbiont-bearing,spinose,0.0092678406
17938-2,,19.78,117.53,2840,Pacific,5.6,symbiont-facultative,non-spinose,0.64411492124
17938-2,,19.78,117.53,2840,Pacific,5.6,symbiont-facultative,spinose,0
17938-2,,19.78,117.53,2840,Pacific,5.6,symbiont-obligate,spinose,0.23632993511
17938-2,,19.78,117.53,2840,Pacific,5.6,undetermined,non-spinose,0.00092678406
17938-2,,19.78,117.53,2840,Pacific,5.65,symbiont-barren,non-spinose,0.0283286119
17938-2,,19.78,117.53,2840,Pacific,5.65,symbiont-barren,spinose,0.05099150142
17938-2,,19.78,117.53,2840,Pacific,5.65,symbiont-bearing,non-spinose,0
17938-2,,19.78,117.53,2840,Pacific,5.65,symbiont-bearing,spinose,0.02549575071
17938-2,,19.78,117.53,2840,Pacific,5.65,symbiont-facultative,non-spinose,0.68555240791
17938-2,,19.78,117.53,2840,Pacific,5.65,symbiont-facultative,spinose,0
17938-2,,19.78,117.53,2840,Pacific,5.65,symbiont-obligate,spinose,0.18980169972
17938-2,,19.78,117.53,2840,Pacific,5.65,undetermined,non-spinose,0
17938-2,,19.78,117.53,2840,Pacific,5.75,symbiont-barren,non-spinose,0.0133037694
17938-2,,19.78,117.53,2840,Pacific,5.75,symbiont-barren,spinose,0.06208425721
17938-2,,19.78,117.53,2840,Pacific,5.75,symbiont-bearing,non-spinose,0
17938-2,,19.78,117.53,2840,Pacific,5.75,symbiont-bearing,spinose,0.0066518847
17938-2,,19.78,117.53,2840,Pacific,5.75,symbiont-facultative,non-spinose,0.65410199561
17938-2,,19.78,117.53,2840,Pacific,5.75,symbiont-facultative,spinose,0
17938-2,,19.78,117.53,2840,Pacific,5.75,symbiont-obligate,spinose,0.24390243901
17938-2,,19.78,117.53,2840,Pacific,5.75,undetermined,non-spinose,0.0044345898
17938-2,,19.78,117.53,2840,Pacific,5.85,symbiont-barren,non-spinose,0.01678321678
17938-2,,19.78,117.53,2840,Pacific,5.85,symbiont-barren,spinose,0.04055944056
17938-2,,19.78,117.53,2840,Pacific,5.85,symbiont-bearing,non-spinose,0
17938-2,,19.78,117.53,2840,Pacific,5.85,symbiont-bearing,spinose,0.0055944056
17938-2,,19.78,117.53,2840,Pacific,5.85,symbiont-facultative,non-spinose,0.79580419583
17938-2,,19.78,117.53,2840,Pacific,5.85,symbiont-facultative,spinose,0
17938-2,,19.78,117.53,2840,Pacific,5.85,symbiont-obligate,spinose,0.13566433566
17938-2,,19.78,117.53,2840,Pacific,5.85,undetermined,non-spinose,0.0027972028
181-1123,drilling/drill rig,-41.786,-171.499,3290,Pacific,,symbiont-barren,non-spinose,0.839786642244157
181-1123,drilling/drill rig,-41.786,-171.499,3290,Pacific,,symbiont-barren,spinose,0.67400189952851
181-1123,drilling/drill rig,-41.786,-171.499,3290,Pacific,,symbiont-bearing,non-spinose,0
181-1123,drilling/drill rig,-41.786,-171.499,3290,Pacific,,symbiont-bearing,spinose,0
181-1123,drilling/drill rig,-41.786,-171.499,3290,Pacific,,symbiont-facultative,non-spinose,0.477680540008819
181-1123,drilling/drill rig,-41.786,-171.499,3290,Pacific,,symbiont-facultative,spinose,0
181-1123,drilling/drill rig,-41.786,-171.499,3290,Pacific,,symbiont-obligate,spinose,0.00853091821851362
181-1123,drilling/drill rig,-41.786,-171.499,3290,Pacific,,undetermined,non-spinose,0
202-1240,composite core,0.02185,-86.46263,2920.8,Pacific,,symbiont-barren,non-spinose,0.7604
202-1240,composite core,0.02185,-86.46263,2920.8,Pacific,,symbiont-bearing,non-spinose,0
202-1240,composite core,0.02185,-86.46263,2920.8,Pacific,,symbiont-bearing,spinose,0.1011
202-1240,composite core,0.02185,-86.46263,2920.8,Pacific,,symbiont-facultative,spinose,0
202-1240,composite core,0.02185,-86.46263,2920.8,Pacific,,symbiont-obligate,spinose,0.5929
202-1240,composite core,0.02185,-86.46263,2920.8,Pacific,,undetermined,non-spinose,0.0045
31-KL,,18.75,115.87,3360,Pacific,1.61,symbiont-barren,non-spinose,0.0762195122
31-KL,,18.75,115.87,3360,Pacific,1.61,symbiont-barren,spinose,0.04268292683
31-KL,,18.75,115.87,3360,Pacific,1.61,symbiont-bearing,non-spinose,0
31-KL,,18.75,115.87,3360,Pacific,1.61,symbiont-bearing,spinose,0.01219512195
31-KL,,18.75,115.87,3360,Pacific,1.61,symbiont-facultative,non-spinose,0.54573170733
31-KL,,18.75,115.87,3360,Pacific,1.61,symbiont-facultative,spinose,0
31-KL,,18.75,115.87,3360,Pacific,1.61,symbiont-obligate,spinose,0.30182926825
31-KL,,18.75,115.87,3360,Pacific,1.61,undetermined,non-spinose,0.00914634146
31-KL,,18.75,115.87,3360,Pacific,1.65,symbiont-barren,non-spinose,0.06965174129
31-KL,,18.75,115.87,3360,Pacific,1.65,symbiont-barren,spinose,0.06467661692
31-KL,,18.75,115.87,3360,Pacific,1.65,symbiont-bearing,non-spinose,0
31-KL,,18.75,115.87,3360,Pacific,1.65,symbiont-bearing,spinose,0.00995024876
31-KL,,18.75,115.87,3360,Pacific,1.65,symbiont-facultative,non-spinose,0.56218905472
31-KL,,18.75,115.87,3360,Pacific,1.65,symbiont-facultative,spinose,0
31-KL,,18.75,115.87,3360,Pacific,1.65,symbiont-obligate,spinose,0.26368159205
31-KL,,18.75,115.87,3360,Pacific,1.65,undetermined,non-spinose,0.00995024876
31-KL,,18.75,115.87,3360,Pacific,1.69,symbiont-barren,non-spinose,0.08163265306
31-KL,,18.75,115.87,3360,Pacific,1.69,symbiont-barren,spinose,0.05612244898
31-KL,,18.75,115.87,3360,Pacific,1.69,symbiont-bearing,non-spinose,0
31-KL,,18.75,115.87,3360,Pacific,1.69,symbiont-bearing,spinose,0.01530612245
31-KL,,18.75,115.87,3360,Pacific,1.69,symbiont-facultative,non-spinose,0.65306122447
31-KL,,18.75,115.87,3360,Pacific,1.69,symbiont-facultative,spinose,0
31-KL,,18.75,115.87,3360,Pacific,1.69,symbiont-obligate,spinose,0.18877551018
31-KL,,18.75,115.87,3360,Pacific,1.69,undetermined,non-spinose,0
31-KL,,18.75,115.87,3360,Pacific,1.73,symbiont-barren,non-spinose,0.05362776024
31-KL,,18.75,115.87,3360,Pacific,1.73,symbiont-barren,spinose,0.05047318612
31-KL,,18.75,115.87,3360,Pacific,1.73,symbiont-bearing,non-spinose,0
31-KL,,18.75,115.87,3360,Pacific,1.73,symbiont-bearing,spinose,0.01261829653
31-KL,,18.75,115.87,3360,Pacific,1.73,symbiont-facultative,non-spinose,0.58044164033
31-KL,,18.75,115.87,3360,Pacific,1.73,symbiont-facultative,spinose,0
31-KL,,18.75,115.87,3360,Pacific,1.73,symbiont-obligate,spinose,0.27444794949
31-KL,,18.75,115.87,3360,Pacific,1.73,undetermined,non-spinose,0
31-KL,,18.75,115.87,3360,Pacific,1.77,symbiont-barren,non-spinose,0.04810996564
31-KL,,18.75,115.87,3360,Pacific,1.77,symbiont-barren,spinose,0.07560137457
31-KL,,18.75,115.87,3360,Pacific,1.77,symbiont-bearing,non-spinose,0
31-KL,,18.75,115.87,3360,Pacific,1.77,symbiont-bearing,spinose,0.00687285224
31-KL,,18.75,115.87,3360,Pacific,1.77,symbiont-facultative,non-spinose,0.67353951886
31-KL,,18.75,115.87,3360,Pacific,1.77,symbiont-facultative,spinose,0
31-KL,,18.75,115.87,3360,Pacific,1.77,symbiont-obligate,spinose,0.17182130584
31-KL,,18.75,115.87,3360,Pacific,1.77,undetermined,non-spinose,0.01718213058
31-KL,,18.75,115.87,3360,Pacific,1.81,symbiont-barren,non-spinose,0.02926829268
31-KL,,18.75,115.87,3360,Pacific,1.81,symbiont-barren,spinose,0.08292682927
31-KL,,18.75,115.87,3360,Pacific,1.81,symbiont-bearing,non-spinose,0
31-KL,,18.75,115.87,3360,Pacific,1.81,symbiont-bearing,spinose,0.00975609756
31-KL,,18.75,115.87,3360,Pacific,1.81,symbiont-facultative,non-spinose,0.69756097561
31-KL,,18.75,115.87,3360,Pacific,1.81,symbiont-facultative,spinose,0
31-KL,,18.75,115.87,3360,Pacific,1.81,symbiont-obligate,spinose,0.17073170734
31-KL,,18.75,115.87,3360,Pacific,1.81,undetermined,non-spinose,0.00487804878
31-KL,,18.75,115.87,3360,Pacific,1.85,symbiont-barren,non-spinose,0.04926108374
31-KL,,18.75,115.87,3360,Pacific,1.85,symbiont-barren,spinose,0.05418719212
31-KL,,18.75,115.87,3360,Pacific,1.85,symbiont-bearing,non-spinose,0
31-KL,,18.75,115.87,3360,Pacific,1.85,symbiont-bearing,spinose,0.00985221675
31-KL,,18.75,115.87,3360,Pacific,1.85,symbiont-facultative,non-spinose,0.64532019704
31-KL,,18.75,115.87,3360,Pacific,1.85,symbiont-facultative,spinose,0
31-KL,,18.75,115.87,3360,Pacific,1.85,symbiont-obligate,spinose,0.21674876846
31-KL,,18.75,115.87,3360,Pacific,1.85,undetermined,non-spinose,0
31-KL,,18.75,115.87,3360,Pacific,1.89,symbiont-barren,non-spinose,0.02873563218
31-KL,,18.75,115.87,3360,Pacific,1.89,symbiont-barren,spinose,0.1091954023
31-KL,,18.75,115.87,3360,Pacific,1.89,symbiont-bearing,non-spinose,0
31-KL,,18.75,115.87,3360,Pacific,1.89,symbiont-bearing,spinose,0.01149425288
31-KL,,18.75,115.87,3360,Pacific,1.89,symbiont-facultative,non-spinose,0.62068965513
31-KL,,18.75,115.87,3360,Pacific,1.89,symbiont-facultative,spinose,0
31-KL,,18.75,115.87,3360,Pacific,1.89,symbiont-obligate,spinose,0.20689655172
31-KL,,18.75,115.87,3360,Pacific,1.89,undetermined,non-spinose,0
31-KL,,18.75,115.87,3360,Pacific,1.97,symbiont-barren,non-spinose,0.03745318351
31-KL,,18.75,115.87,3360,Pacific,1.97,symbiont-barren,spinose,0.07490636704
31-KL,,18.75,115.87,3360,Pacific,1.97,symbiont-bearing,non-spinose,0
31-KL,,18.75,115.87,3360,Pacific,1.97,symbiont-bearing,spinose,0
31-KL,,18.75,115.87,3360,Pacific,1.97,symbiont-facultative,non-spinose,0.61423220969
31-KL,,18.75,115.87,3360,Pacific,1.97,symbiont-facultative,spinose,0
31-KL,,18.75,115.87,3360,Pacific,1.97,symbiont-obligate,spinose,0.26217228465
31-KL,,18.75,115.87,3360,Pacific,1.97,undetermined,non-spinose,0.00374531835
31-KL,,18.75,115.87,3360,Pacific,2.01,symbiont-barren,non-spinose,0.06451612904
31-KL,,18.75,115.87,3360,Pacific,2.01,symbiont-barren,spinose,0.03870967742
31-KL,,18.75,115.87,3360,Pacific,2.01,symbiont-bearing,non-spinose,0
31-KL,,18.75,115.87,3360,Pacific,2.01,symbiont-bearing,spinose,0.01290322581
31-KL,,18.75,115.87,3360,Pacific,2.01,symbiont-facultative,non-spinose,0.64516129034
31-KL,,18.75,115.87,3360,Pacific,2.01,symbiont-facultative,spinose,0
31-KL,,18.75,115.87,3360,Pacific,2.01,symbiont-obligate,spinose,0.20000000006
31-KL,,18.75,115.87,3360,Pacific,2.01,undetermined,non-spinose,0
31-KL,,18.75,115.87,3360,Pacific,2.05,symbiont-barren,non-spinose,0.03431372549
31-KL,,18.75,115.87,3360,Pacific,2.05,symbiont-barren,spinose,0.05882352941
31-KL,,18.75,115.87,3360,Pacific,2.05,symbiont-bearing,non-spinose,0
31-KL,,18.75,115.87,3360,Pacific,2.05,symbiont-bearing,spinose,0
31-KL,,18.75,115.87,3360,Pacific,2.05,symbiont-facultative,non-spinose,0.57843137256
31-KL,,18.75,115.87,3360,Pacific,2.05,symbiont-facultative,spinose,0
31-KL,,18.75,115.87,3360,Pacific,2.05,symbiont-obligate,spinose,0.30392156858
31-KL,,18.75,115.87,3360,Pacific,2.05,undetermined,non-spinose,0.01960784314
31-KL,,18.75,115.87,3360,Pacific,2.09,symbiont-barren,non-spinose,0.0701754386
31-KL,,18.75,115.87,3360,Pacific,2.09,symbiont-barren,spinose,0.03070175439
31-KL,,18.75,115.87,3360,Pacific,2.09,symbiont-bearing,non-spinose,0
31-KL,,18.75,115.87,3360,Pacific,2.09,symbiont-bearing,spinose,0.00877192982
31-KL,,18.75,115.87,3360,Pacific,2.09,symbiont-facultative,non-spinose,0.61842105269
31-KL,,18.75,115.87,3360,Pacific,2.09,symbiont-facultative,spinose,0
31-KL,,18.75,115.87,3360,Pacific,2.09,symbiont-obligate,spinose,0.25438596486
31-KL,,18.75,115.87,3360,Pacific,2.09,undetermined,non-spinose,0.01315789474
31-KL,,18.75,115.87,3360,Pacific,2.13,symbiont-barren,non-spinose,0.07291666666
31-KL,,18.75,115.87,3360,Pacific,2.13,symbiont-barren,spinose,0.05729166667
31-KL,,18.75,115.87,3360,Pacific,2.13,symbiont-bearing,non-spinose,0
31-KL,,18.75,115.87,3360,Pacific,2.13,symbiont-bearing,spinose,0.015625
31-KL,,18.75,115.87,3360,Pacific,2.13,symbiont-facultative,non-spinose,0.67708333327
31-KL,,18.75,115.87,3360,Pacific,2.13,symbiont-facultative,spinose,0
31-KL,,18.75,115.87,3360,Pacific,2.13,symbiont-obligate,spinose,0.17708333334
31-KL,,18.75,115.87,3360,Pacific,2.13,undetermined,non-spinose,0
31-KL,,18.75,115.87,3360,Pacific,2.17,symbiont-barren,non-spinose,0.09523809524
31-KL,,18.75,115.87,3360,Pacific,2.17,symbiont-barren,spinose,0.02857142857
31-KL,,18.75,115.87,3360,Pacific,2.17,symbiont-bearing,non-spinose,0
31-KL,,18.75,115.87,3360,Pacific,2.17,symbiont-bearing,spinose,0.00476190476
31-KL,,18.75,115.87,3360,Pacific,2.17,symbiont-facultative,non-spinose,0.71428571429
31-KL,,18.75,115.87,3360,Pacific,2.17,symbiont-facultative,spinose,0
31-KL,,18.75,115.87,3360,Pacific,2.17,symbiont-obligate,spinose,0.14285714284
31-KL,,18.75,115.87,3360,Pacific,2.17,undetermined,non-spinose,0
6706-2,,42.16,-124.94,1120,Pacific,259,symbiont-barren,non-spinose,0.549
6706-2,,42.16,-124.94,1120,Pacific,259,symbiont-barren,spinose,0.421
6706-2,,42.16,-124.94,1120,Pacific,259,symbiont-bearing,non-spinose,0
6706-2,,42.16,-124.94,1120,Pacific,259,symbiont-bearing,spinose,0
6706-2,,42.16,-124.94,1120,Pacific,259,symbiont-facultative,non-spinose,0.03
6706-2,,42.16,-124.94,1120,Pacific,259,symbiont-facultative,spinose,0
6706-2,,42.16,-124.94,1120,Pacific,259,symbiont-obligate,spinose,0
6706-2,,42.16,-124.94,1120,Pacific,259,undetermined,non-spinose,0
80KB11,Piston,36.5,24.3,795,Mediterranean,,symbiont-barren,non-spinose,0
80KB11,Piston,36.5,24.3,795,Mediterranean,,symbiont-barren,spinose,0
80KB11,Piston,36.5,24.3,795,Mediterranean,,symbiont-bearing,non-spinose,0
80KB11,Piston,36.5,24.3,795,Mediterranean,,symbiont-bearing,spinose,0
80KB11,Piston,36.5,24.3,795,Mediterranean,,symbiont-facultative,non-spinose,0
80KB11,Piston,36.5,24.3,795,Mediterranean,,symbiont-facultative,spinose,0
80KB11,Piston,36.5,24.3,795,Mediterranean,,symbiont-obligate,spinose,0
80KB11,Piston,36.5,24.3,795,Mediterranean,,undetermined,non-spinose,0
A015558,,8.983333333,51.73333333,3985,Indian,0.58,symbiont-barren,non-spinose,0
A015558,,8.983333333,51.73333333,3985,Indian,0.58,symbiont-barren,spinose,0
A015558,,8.983333333,51.73333333,3985,Indian,0.58,symbiont-bearing,non-spinose,0
A015558,,8.983333333,51.73333333,3985,Indian,0.58,symbiont-bearing,spinose,0
A015558,,8.983333333,51.73333333,3985,Indian,0.58,symbiont-facultative,non-spinose,0
A015558,,8.983333333,51.73333333,3985,Indian,0.58,symbiont-facultative,spinose,0
A015558,,8.983333333,51.73333333,3985,Indian,0.58,symbiont-obligate,spinose,0
A015558,,8.983333333,51.73333333,3985,Indian,0.58,undetermined,non-spinose,0
A156-04,,34.817,-74.683,3100,North Atlantic,750,symbiont-barren,non-spinose,0.0619195046439629
A156-04,,34.817,-74.683,3100,North Atlantic,750,symbiont-barren,spinose,0.111455108359133
A156-04,,34.817,-74.683,3100,North Atlantic,750,symbiont-bearing,non-spinose,0
A156-04,,34.817,-74.683,3100,North Atlantic,750,symbiont-bearing,spinose,0.0619195046439629
A156-04,,34.817,-74.683,3100,North Atlantic,750,symbiont-facultative,non-spinose,0.303405572755418
A156-04,,34.817,-74.683,3100,North Atlantic,750,symbiont-facultative,spinose,0
A156-04,,34.817,-74.683,3100,North Atlantic,750,symbiont-obligate,spinose,0.461300309597523
A156-04,,34.817,-74.683,3100,North Atlantic,750,undetermined,non-spinose,0
A164-05,,37.767,-71.235,3330,North Atlantic,171,symbiont-barren,non-spinose,0.336182336182336
A164-05,,37.767,-71.235,3330,North Atlantic,171,symbiont-barren,spinose,0.0968660968660969
A164-05,,37.767,-71.235,3330,North Atlantic,171,symbiont-bearing,non-spinose,0
A164-05,,37.767,-71.235,3330,North Atlantic,171,symbiont-bearing,spinose,0.0227920227920228
A164-05,,37.767,-71.235,3330,North Atlantic,171,symbiont-facultative,non-spinose,0.441595441595442
A164-05,,37.767,-71.235,3330,North Atlantic,171,symbiont-facultative,spinose,0
A164-05,,37.767,-71.235,3330,North Atlantic,171,symbiont-obligate,spinose,0.102564102564103
A164-05,,37.767,-71.235,3330,North Atlantic,171,undetermined,non-spinose,0
A164-06,,38.133,-69.851,3675,North Atlantic,109,symbiont-barren,non-spinose,0.516129032258065
A164-06,,38.133,-69.851,3675,North Atlantic,109,symbiont-barren,spinose,0.155913978494624
A164-06,,38.133,-69.851,3675,North Atlantic,109,symbiont-bearing,non-spinose,0
A164-06,,38.133,-69.851,3675,North Atlantic,109,symbiont-bearing,spinose,0
A164-06,,38.133,-69.851,3675,North Atlantic,109,symbiont-facultative,non-spinose,0.252688172043011
A164-06,,38.133,-69.851,3675,North Atlantic,109,symbiont-facultative,spinose,0.00537634408602151
A164-06,,38.133,-69.851,3675,North Atlantic,109,symbiont-obligate,spinose,0.0698924731182796
A164-06,,38.133,-69.851,3675,North Atlantic,109,undetermined,non-spinose,0
A164-24,,36.483,-69,4390,North Atlantic,75,symbiont-barren,non-spinose,0.166666666666667
A164-24,,36.483,-69,4390,North Atlantic,75,symbiont-barren,spinose,0.0448717948717949
A164-24,,36.483,-69,4390,North Atlantic,75,symbiont-bearing,non-spinose,0
A164-24,,36.483,-69,4390,North Atlantic,75,symbiont-bearing,spinose,0.00641025641025641
A164-24,,36.483,-69,4390,North Atlantic,75,symbiont-facultative,non-spinose,0.544871794871795
A164-24,,36.483,-69,4390,North Atlantic,75,symbiont-facultative,spinose,0
A164-24,,36.483,-69,4390,North Atlantic,75,symbiont-obligate,spinose,0.237179487179487
A164-24,,36.483,-69,4390,North Atlantic,75,undetermined,non-spinose,0
A164-61,,39.535,-68.783,2650,North Atlantic,100,symbiont-barren,non-spinose,0.323155216284987
A164-61,,39.535,-68.783,2650,North Atlantic,100,symbiont-barren,spinose,0.175572519083969
A164-61,,39.535,-68.783,2650,North Atlantic,100,symbiont-bearing,non-spinose,0
A164-61,,39.535,-68.783,2650,North Atlantic,100,symbiont-bearing,spinose,0.0229007633587786
A164-61,,39.535,-68.783,2650,North Atlantic,100,symbiont-facultative,non-spinose,0.384223918575064
A164-61,,39.535,-68.783,2650,North Atlantic,100,symbiont-facultative,spinose,0
A164-61,,39.535,-68.783,2650,North Atlantic,100,symbiont-obligate,spinose,0.0916030534351145
A164-61,,39.535,-68.783,2650,North Atlantic,100,undetermined,non-spinose,0
A167-13,,31.65,-75.35,2871,North Atlantic,140,symbiont-barren,non-spinose,0.161490683229814
A167-13,,31.65,-75.35,2871,North Atlantic,140,symbiont-barren,spinose,0.046583850931677
A167-13,,31.65,-75.35,2871,North Atlantic,140,symbiont-bearing,non-spinose,0
A167-13,,31.65,-75.35,2871,North Atlantic,140,symbiont-bearing,spinose,0.0341614906832298
A167-13,,31.65,-75.35,2871,North Atlantic,140,symbiont-facultative,non-spinose,0.372670807453416
A167-13,,31.65,-75.35,2871,North Atlantic,140,symbiont-facultative,spinose,0
A167-13,,31.65,-75.35,2871,North Atlantic,140,symbiont-obligate,spinose,0.360248447204969
A167-13,,31.65,-75.35,2871,North Atlantic,140,undetermined,non-spinose,0
A167-14,,31.467,-76.467,2635,North Atlantic,100,symbiont-barren,non-spinose,0.149847094801223
A167-14,,31.467,-76.467,2635,North Atlantic,100,symbiont-barren,spinose,0.0397553516819572
A167-14,,31.467,-76.467,2635,North Atlantic,100,symbiont-bearing,non-spinose,0
A167-14,,31.467,-76.467,2635,North Atlantic,100,symbiont-bearing,spinose,0.055045871559633
A167-14,,31.467,-76.467,2635,North Atlantic,100,symbiont-facultative,non-spinose,0.35474006116208
A167-14,,31.467,-76.467,2635,North Atlantic,100,symbiont-facultative,spinose,0
A167-14,,31.467,-76.467,2635,North Atlantic,100,symbiont-obligate,spinose,0.388379204892966
A167-14,,31.467,-76.467,2635,North Atlantic,100,undetermined,non-spinose,0
A172-01,,17.233,-73.467,4150,North Atlantic,40,symbiont-barren,non-spinose,0.0545073375262055
A172-01,,17.233,-73.467,4150,North Atlantic,40,symbiont-barren,spinose,0.0230607966457023
A172-01,,17.233,-73.467,4150,North Atlantic,40,symbiont-bearing,non-spinose,0
A172-01,,17.233,-73.467,4150,North Atlantic,40,symbiont-bearing,spinose,0.0314465408805032
A172-01,,17.233,-73.467,4150,North Atlantic,40,symbiont-facultative,non-spinose,0.207547169811321
A172-01,,17.233,-73.467,4150,North Atlantic,40,symbiont-facultative,spinose,0
A172-01,,17.233,-73.467,4150,North Atlantic,40,symbiont-obligate,spinose,0.683438155136268
A172-01,,17.233,-73.467,4150,North Atlantic,40,undetermined,non-spinose,0
A172-02,,16.2,-72.317,3070,North Atlantic,60,symbiont-barren,non-spinose,0.0423529411764706
A172-02,,16.2,-72.317,3070,North Atlantic,60,symbiont-barren,spinose,0.0211764705882353
A172-02,,16.2,-72.317,3070,North Atlantic,60,symbiont-bearing,non-spinose,0
A172-02,,16.2,-72.317,3070,North Atlantic,60,symbiont-bearing,spinose,0.0611764705882353
A172-02,,16.2,-72.317,3070,North Atlantic,60,symbiont-facultative,non-spinose,0.291764705882353
A172-02,,16.2,-72.317,3070,North Atlantic,60,symbiont-facultative,spinose,0.00235294117647059
A172-02,,16.2,-72.317,3070,North Atlantic,60,symbiont-obligate,spinose,0.581176470588235
A172-02,,16.2,-72.317,3070,North Atlantic,60,undetermined,non-spinose,0
A173-04,,33.867,-62.533,3932,North Atlantic,72,symbiont-barren,non-spinose,0.235988200589971
A173-04,,33.867,-62.533,3932,North Atlantic,72,symbiont-barren,spinose,0.0471976401179941
A173-04,,33.867,-62.533,3932,North Atlantic,72,symbiont-bearing,non-spinose,0
A173-04,,33.867,-62.533,3932,North Atlantic,72,symbiont-bearing,spinose,0.00294985250737463
A173-04,,33.867,-62.533,3932,North Atlantic,72,symbiont-facultative,non-spinose,0.566371681415929
A173-04,,33.867,-62.533,3932,North Atlantic,72,symbiont-facultative,spinose,0
A173-04,,33.867,-62.533,3932,North Atlantic,72,symbiont-obligate,spinose,0.147492625368732
A173-04,,33.867,-62.533,3932,North Atlantic,72,undetermined,non-spinose,0
A179-15,,24.8,-75.933,3110,North Atlantic,149,symbiont-barren,non-spinose,0.0506912442396313
A179-15,,24.8,-75.933,3110,North Atlantic,149,symbiont-barren,spinose,0.00691244239631336
A179-15,,24.8,-75.933,3110,North Atlantic,149,symbiont-bearing,non-spinose,0
A179-15,,24.8,-75.933,3110,North Atlantic,149,symbiont-bearing,spinose,0.152073732718894
A179-15,,24.8,-75.933,3110,North Atlantic,149,symbiont-facultative,non-spinose,0.149769585253456
A179-15,,24.8,-75.933,3110,North Atlantic,149,symbiont-facultative,spinose,0
A179-15,,24.8,-75.933,3110,North Atlantic,149,symbiont-obligate,spinose,0.631336405529954
A179-15,,24.8,-75.933,3110,North Atlantic,149,undetermined,non-spinose,0
A179-15,,24.8,-75.933,3110,North Atlantic,162,symbiont-barren,non-spinose,0.0513595166163142
A179-15,,24.8,-75.933,3110,North Atlantic,162,symbiont-barren,spinose,0.00453172205438067
A179-15,,24.8,-75.933,3110,North Atlantic,162,symbiont-bearing,non-spinose,0
A179-15,,24.8,-75.933,3110,North Atlantic,162,symbiont-bearing,spinose,0.125377643504532
A179-15,,24.8,-75.933,3110,North Atlantic,162,symbiont-facultative,non-spinose,0.175226586102719
A179-15,,24.8,-75.933,3110,North Atlantic,162,symbiont-facultative,spinose,0
A179-15,,24.8,-75.933,3110,North Atlantic,162,symbiont-obligate,spinose,0.643504531722055
A179-15,,24.8,-75.933,3110,North Atlantic,162,undetermined,non-spinose,0
A180-09,,39.45,-45.95,4060,North Atlantic,60,symbiont-barren,non-spinose,0.527777777777778
A180-09,,39.45,-45.95,4060,North Atlantic,60,symbiont-barren,spinose,0.159090909090909
A180-09,,39.45,-45.95,4060,North Atlantic,60,symbiont-bearing,non-spinose,0
A180-09,,39.45,-45.95,4060,North Atlantic,60,symbiont-bearing,spinose,0
A180-09,,39.45,-45.95,4060,North Atlantic,60,symbiont-facultative,non-spinose,0.252525252525253
A180-09,,39.45,-45.95,4060,North Atlantic,60,symbiont-facultative,spinose,0
A180-09,,39.45,-45.95,4060,North Atlantic,60,symbiont-obligate,spinose,0.0505050505050505
A180-09,,39.45,-45.95,4060,North Atlantic,60,undetermined,non-spinose,0
A180-15,,39.267,-36.7,4610,North Atlantic,60,symbiont-barren,non-spinose,0.356612184249629
A180-15,,39.267,-36.7,4610,North Atlantic,60,symbiont-barren,spinose,0.102526002971768
A180-15,,39.267,-36.7,4610,North Atlantic,60,symbiont-bearing,non-spinose,0
A180-15,,39.267,-36.7,4610,North Atlantic,60,symbiont-bearing,spinose,0.00297176820208024
A180-15,,39.267,-36.7,4610,North Atlantic,60,symbiont-facultative,non-spinose,0.401188707280832
A180-15,,39.267,-36.7,4610,North Atlantic,60,symbiont-facultative,spinose,0
A180-15,,39.267,-36.7,4610,North Atlantic,60,symbiont-obligate,spinose,0.12778603268945
A180-15,,39.267,-36.7,4610,North Atlantic,60,undetermined,non-spinose,0
A180-16,,38.35,-32.483,2270,North Atlantic,70,symbiont-barren,non-spinose,0.295384615384615
A180-16,,38.35,-32.483,2270,North Atlantic,70,symbiont-barren,spinose,0.270769230769231
A180-16,,38.35,-32.483,2270,North Atlantic,70,symbiont-bearing,non-spinose,0
A180-16,,38.35,-32.483,2270,North Atlantic,70,symbiont-bearing,spinose,0.0123076923076923
A180-16,,38.35,-32.483,2270,North Atlantic,70,symbiont-facultative,non-spinose,0.307692307692308
A180-16,,38.35,-32.483,2270,North Atlantic,70,symbiont-facultative,spinose,0
A180-16,,38.35,-32.483,2270,North Atlantic,70,symbiont-obligate,spinose,0.0953846153846154
A180-16,,38.35,-32.483,2270,North Atlantic,70,undetermined,non-spinose,0
A180-32,,29.117,-26.25,5030,North Atlantic,60,symbiont-barren,non-spinose,0.196480938416422
A180-32,,29.117,-26.25,5030,North Atlantic,60,symbiont-barren,spinose,0.0234604105571848
A180-32,,29.117,-26.25,5030,North Atlantic,60,symbiont-bearing,non-spinose,0
A180-32,,29.117,-26.25,5030,North Atlantic,60,symbiont-bearing,spinose,0.0234604105571848
A180-32,,29.117,-26.25,5030,North Atlantic,60,symbiont-facultative,non-spinose,0.234604105571848
A180-32,,29.117,-26.25,5030,North Atlantic,60,symbiont-facultative,spinose,0
A180-32,,29.117,-26.25,5030,North Atlantic,60,symbiont-obligate,spinose,0.513196480938416
A180-32,,29.117,-26.25,5030,North Atlantic,60,undetermined,non-spinose,0
A180-39,,25.833,-19.3,3470,North Atlantic,30,symbiont-barren,non-spinose,0.44468546637744
A180-39,,25.833,-19.3,3470,North Atlantic,30,symbiont-barren,spinose,0.195227765726681
A180-39,,25.833,-19.3,3470,North Atlantic,30,symbiont-bearing,non-spinose,0
A180-39,,25.833,-19.3,3470,North Atlantic,30,symbiont-bearing,spinose,0.00433839479392625
A180-39,,25.833,-19.3,3470,North Atlantic,30,symbiont-facultative,non-spinose,0.160520607375271
A180-39,,25.833,-19.3,3470,North Atlantic,30,symbiont-facultative,spinose,0
A180-39,,25.833,-19.3,3470,North Atlantic,30,symbiont-obligate,spinose,0.193058568329718
A180-39,,25.833,-19.3,3470,North Atlantic,30,undetermined,non-spinose,0
A180-47,,15.318,-17.918,2195,North Atlantic,350,symbiont-barren,non-spinose,0.0432569974554707
A180-47,,15.318,-17.918,2195,North Atlantic,350,symbiont-barren,spinose,0.575063613231552
A180-47,,15.318,-17.918,2195,North Atlantic,350,symbiont-bearing,non-spinose,0
A180-47,,15.318,-17.918,2195,North Atlantic,350,symbiont-bearing,spinose,0.0330788804071247
A180-47,,15.318,-17.918,2195,North Atlantic,350,symbiont-facultative,non-spinose,0.175572519083969
A180-47,,15.318,-17.918,2195,North Atlantic,350,symbiont-facultative,spinose,0
A180-47,,15.318,-17.918,2195,North Atlantic,350,symbiont-obligate,spinose,0.173027989821883
A180-47,,15.318,-17.918,2195,North Atlantic,350,undetermined,non-spinose,0
A180-48,,15.317,-18.1,1450,North Atlantic,529,symbiont-barren,non-spinose,0.0306406685236769
A180-48,,15.317,-18.1,1450,North Atlantic,529,symbiont-barren,spinose,0.3008356545961
A180-48,,15.317,-18.1,1450,North Atlantic,529,symbiont-bearing,non-spinose,0
A180-48,,15.317,-18.1,1450,North Atlantic,529,symbiont-bearing,spinose,0.0167130919220056
A180-48,,15.317,-18.1,1450,North Atlantic,529,symbiont-facultative,non-spinose,0.192200557103064
A180-48,,15.317,-18.1,1450,North Atlantic,529,symbiont-facultative,spinose,0
A180-48,,15.317,-18.1,1450,North Atlantic,529,symbiont-obligate,spinose,0.45125348189415
A180-48,,15.317,-18.1,1450,North Atlantic,529,undetermined,non-spinose,0
A180-56,,12.235,-17.767,2595,North Atlantic,100,symbiont-barren,non-spinose,0.159041394335512
A180-56,,12.235,-17.767,2595,North Atlantic,100,symbiont-barren,spinose,0.442265795206972
A180-56,,12.235,-17.767,2595,North Atlantic,100,symbiont-bearing,non-spinose,0
A180-56,,12.235,-17.767,2595,North Atlantic,100,symbiont-bearing,spinose,0.0152505446623094
A180-56,,12.235,-17.767,2595,North Atlantic,100,symbiont-facultative,non-spinose,0.115468409586057
A180-56,,12.235,-17.767,2595,North Atlantic,100,symbiont-facultative,spinose,0
A180-56,,12.235,-17.767,2595,North Atlantic,100,symbiont-obligate,spinose,0.261437908496732
A180-56,,12.235,-17.767,2595,North Atlantic,100,undetermined,non-spinose,0
A180-72,,0.585,-21.783,3840,North Atlantic,46,symbiont-barren,non-spinose,0.39612188365651
A180-72,,0.585,-21.783,3840,North Atlantic,46,symbiont-barren,spinose,0.0277008310249307
A180-72,,0.585,-21.783,3840,North Atlantic,46,symbiont-bearing,non-spinose,0
A180-72,,0.585,-21.783,3840,North Atlantic,46,symbiont-bearing,spinose,0.00277008310249308
A180-72,,0.585,-21.783,3840,North Atlantic,46,symbiont-facultative,non-spinose,0.445983379501385
A180-72,,0.585,-21.783,3840,North Atlantic,46,symbiont-facultative,spinose,0
A180-72,,0.585,-21.783,3840,North Atlantic,46,symbiont-obligate,spinose,0.124653739612188
A180-72,,0.585,-21.783,3840,North Atlantic,46,undetermined,non-spinose,0
A180-73,,0.167,-23,3750,North Atlantic,60,symbiont-barren,non-spinose,0.596889269406393
A180-73,,0.167,-23,3750,North Atlantic,60,symbiont-barren,spinose,0.0206430745814307
A180-73,,0.167,-23,3750,North Atlantic,60,symbiont-bearing,non-spinose,0
A180-73,,0.167,-23,3750,North Atlantic,60,symbiont-bearing,spinose,0.0274923896499239
A180-73,,0.167,-23,3750,North Atlantic,60,symbiont-facultative,non-spinose,0.861253805175038
A180-73,,0.167,-23,3750,North Atlantic,60,symbiont-facultative,spinose,0
A180-73,,0.167,-23,3750,North Atlantic,60,symbiont-obligate,spinose,0.476455479452055
A180-73,,0.167,-23,3750,North Atlantic,60,undetermined,non-spinose,0
A180-74,,-0.05,-24.167,3330,South Atlantic,50,symbiont-barren,non-spinose,0.379888268156425
A180-74,,-0.05,-24.167,3330,South Atlantic,50,symbiont-barren,spinose,0.053072625698324
A180-74,,-0.05,-24.167,3330,South Atlantic,50,symbiont-bearing,non-spinose,0
A180-74,,-0.05,-24.167,3330,South Atlantic,50,symbiont-bearing,spinose,0.00279329608938547
A180-74,,-0.05,-24.167,3330,South Atlantic,50,symbiont-facultative,non-spinose,0.324022346368715
A180-74,,-0.05,-24.167,3330,South Atlantic,50,symbiont-facultative,spinose,0
A180-74,,-0.05,-24.167,3330,South Atlantic,50,symbiont-obligate,spinose,0.220670391061453
A180-74,,-0.05,-24.167,3330,South Atlantic,50,undetermined,non-spinose,0
A180-76,,-0.767,-26.033,2840,South Atlantic,60,symbiont-barren,non-spinose,0.25
A180-76,,-0.767,-26.033,2840,South Atlantic,60,symbiont-barren,spinose,0.00806451612903226
A180-76,,-0.767,-26.033,2840,South Atlantic,60,symbiont-bearing,non-spinose,0
A180-76,,-0.767,-26.033,2840,South Atlantic,60,symbiont-bearing,spinose,0.00403225806451613
A180-76,,-0.767,-26.033,2840,South Atlantic,60,symbiont-facultative,non-spinose,0.471774193548387
A180-76,,-0.767,-26.033,2840,South Atlantic,60,symbiont-facultative,spinose,0.00403225806451613
A180-76,,-0.767,-26.033,2840,South Atlantic,60,symbiont-obligate,spinose,0.254032258064516
A180-76,,-0.767,-26.033,2840,South Atlantic,60,undetermined,non-spinose,0
AII 125-8 JPC 20,,26.03816667,-110.9301667,845,Pacific,,symbiont-bearing,non-spinose,0
AII 125-8 JPC 20,,26.03816667,-110.9301667,845,Pacific,,symbiont-bearing,spinose,0
AII 125-8 JPC 20,,26.03816667,-110.9301667,845,Pacific,,symbiont-facultative,non-spinose,0.934059523022253
AII 125-8 JPC 20,,26.03816667,-110.9301667,845,Pacific,,symbiont-facultative,spinose,0
AII 125-8 JPC 20,,26.03816667,-110.9301667,845,Pacific,,symbiont-obligate,spinose,0.570646625695548
AII 125-8 JPC 20,,26.03816667,-110.9301667,845,Pacific,,undetermined,non-spinose,0
BC15,Piston,41.95,5.93,2500,Mediterranean,,symbiont-barren,non-spinose,0
BC15,Piston,41.95,5.93,2500,Mediterranean,,symbiont-barren,spinose,0
BC15,Piston,41.95,5.93,2500,Mediterranean,,symbiont-bearing,non-spinose,0
BC15,Piston,41.95,5.93,2500,Mediterranean,,symbiont-bearing,spinose,0
BC15,Piston,41.95,5.93,2500,Mediterranean,,symbiont-facultative,non-spinose,0
BC15,Piston,41.95,5.93,2500,Mediterranean,,symbiont-facultative,spinose,0
BC15,Piston,41.95,5.93,2500,Mediterranean,,symbiont-obligate,spinose,0
BC15,Piston,41.95,5.93,2500,Mediterranean,,undetermined,non-spinose,0
BOFS14K,,58.6288,-19.4349,,North Atlantic,0.36,symbiont-barren,non-spinose,0.91
BOFS14K,,58.6288,-19.4349,,North Atlantic,0.36,symbiont-barren,spinose,0.054
BOFS14K,,58.6288,-19.4349,,North Atlantic,0.36,symbiont-bearing,non-spinose,0
BOFS14K,,58.6288,-19.4349,,North Atlantic,0.36,symbiont-bearing,spinose,0
BOFS14K,,58.6288,-19.4349,,North Atlantic,0.36,symbiont-facultative,non-spinose,0.036
BOFS14K,,58.6288,-19.4349,,North Atlantic,0.36,symbiont-facultative,spinose,0
BOFS14K,,58.6288,-19.4349,,North Atlantic,0.36,symbiont-obligate,spinose,0
BOFS14K,,58.6288,-19.4349,,North Atlantic,0.36,undetermined,non-spinose,0
BOFS14K,,58.6288,-19.4349,,North Atlantic,0.38,symbiont-barren,non-spinose,0.872
BOFS14K,,58.6288,-19.4349,,North Atlantic,0.38,symbiont-barren,spinose,0.099
BOFS14K,,58.6288,-19.4349,,North Atlantic,0.38,symbiont-bearing,non-spinose,0
BOFS14K,,58.6288,-19.4349,,North Atlantic,0.38,symbiont-bearing,spinose,0
BOFS14K,,58.6288,-19.4349,,North Atlantic,0.38,symbiont-facultative,non-spinose,0.029
BOFS14K,,58.6288,-19.4349,,North Atlantic,0.38,symbiont-facultative,spinose,0
BOFS14K,,58.6288,-19.4349,,North Atlantic,0.38,symbiont-obligate,spinose,0
BOFS14K,,58.6288,-19.4349,,North Atlantic,0.38,undetermined,non-spinose,0
BOFS14K,,58.6288,-19.4349,,North Atlantic,0.4,symbiont-barren,non-spinose,0.892
BOFS14K,,58.6288,-19.4349,,North Atlantic,0.4,symbiont-barren,spinose,0.074
BOFS14K,,58.6288,-19.4349,,North Atlantic,0.4,symbiont-bearing,non-spinose,0
BOFS14K,,58.6288,-19.4349,,North Atlantic,0.4,symbiont-bearing,spinose,0
BOFS14K,,58.6288,-19.4349,,North Atlantic,0.4,symbiont-facultative,non-spinose,0.033
BOFS14K,,58.6288,-19.4349,,North Atlantic,0.4,symbiont-facultative,spinose,0
BOFS14K,,58.6288,-19.4349,,North Atlantic,0.4,symbiont-obligate,spinose,0
BOFS14K,,58.6288,-19.4349,,North Atlantic,0.4,undetermined,non-spinose,0
BOFS14K,,58.6288,-19.4349,,North Atlantic,0.42,symbiont-barren,non-spinose,0.875
BOFS14K,,58.6288,-19.4349,,North Atlantic,0.42,symbiont-barren,spinose,0.084
BOFS14K,,58.6288,-19.4349,,North Atlantic,0.42,symbiont-bearing,non-spinose,0
BOFS14K,,58.6288,-19.4349,,North Atlantic,0.42,symbiont-bearing,spinose,0
BOFS14K,,58.6288,-19.4349,,North Atlantic,0.42,symbiont-facultative,non-spinose,0.04
BOFS14K,,58.6288,-19.4349,,North Atlantic,0.42,symbiont-facultative,spinose,0
BOFS14K,,58.6288,-19.4349,,North Atlantic,0.42,symbiont-obligate,spinose,0
BOFS14K,,58.6288,-19.4349,,North Atlantic,0.42,undetermined,non-spinose,0
BOFS14K,,58.6288,-19.4349,,North Atlantic,0.44,symbiont-barren,non-spinose,0.934
BOFS14K,,58.6288,-19.4349,,North Atlantic,0.44,symbiont-barren,spinose,0.048
BOFS14K,,58.6288,-19.4349,,North Atlantic,0.44,symbiont-bearing,non-spinose,0
BOFS14K,,58.6288,-19.4349,,North Atlantic,0.44,symbiont-bearing,spinose,0
BOFS14K,,58.6288,-19.4349,,North Atlantic,0.44,symbiont-facultative,non-spinose,0.018
BOFS14K,,58.6288,-19.4349,,North Atlantic,0.44,symbiont-facultative,spinose,0
BOFS14K,,58.6288,-19.4349,,North Atlantic,0.44,symbiont-obligate,spinose,0
BOFS14K,,58.6288,-19.4349,,North Atlantic,0.44,undetermined,non-spinose,0
BOFS14K,,58.6288,-19.4349,,North Atlantic,0.46,symbiont-barren,non-spinose,0.799
BOFS14K,,58.6288,-19.4349,,North Atlantic,0.46,symbiont-barren,spinose,0.168
BOFS14K,,58.6288,-19.4349,,North Atlantic,0.46,symbiont-bearing,non-spinose,0
BOFS14K,,58.6288,-19.4349,,North Atlantic,0.46,symbiont-bearing,spinose,0
BOFS14K,,58.6288,-19.4349,,North Atlantic,0.46,symbiont-facultative,non-spinose,0.031
BOFS14K,,58.6288,-19.4349,,North Atlantic,0.46,symbiont-facultative,spinose,0
BOFS14K,,58.6288,-19.4349,,North Atlantic,0.46,symbiont-obligate,spinose,0
BOFS14K,,58.6288,-19.4349,,North Atlantic,0.46,undetermined,non-spinose,0
BOFS16K,,59.4693,-23.2427,,North Atlantic,0.44,symbiont-barren,non-spinose,0.919
BOFS16K,,59.4693,-23.2427,,North Atlantic,0.44,symbiont-barren,spinose,0.079
BOFS16K,,59.4693,-23.2427,,North Atlantic,0.44,symbiont-bearing,non-spinose,0
BOFS16K,,59.4693,-23.2427,,North Atlantic,0.44,symbiont-bearing,spinose,0
BOFS16K,,59.4693,-23.2427,,North Atlantic,0.44,symbiont-facultative,non-spinose,0.002
BOFS16K,,59.4693,-23.2427,,North Atlantic,0.44,symbiont-facultative,spinose,0
BOFS16K,,59.4693,-23.2427,,North Atlantic,0.44,symbiont-obligate,spinose,0
BOFS16K,,59.4693,-23.2427,,North Atlantic,0.44,undetermined,non-spinose,0
BOFS16K,,59.4693,-23.2427,,North Atlantic,0.48,symbiont-barren,non-spinose,0.852
BOFS16K,,59.4693,-23.2427,,North Atlantic,0.48,symbiont-barren,spinose,0.141
BOFS16K,,59.4693,-23.2427,,North Atlantic,0.48,symbiont-bearing,non-spinose,0
BOFS16K,,59.4693,-23.2427,,North Atlantic,0.48,symbiont-bearing,spinose,0
BOFS16K,,59.4693,-23.2427,,North Atlantic,0.48,symbiont-facultative,non-spinose,0.005
BOFS16K,,59.4693,-23.2427,,North Atlantic,0.48,symbiont-facultative,spinose,0
BOFS16K,,59.4693,-23.2427,,North Atlantic,0.48,symbiont-obligate,spinose,0
BOFS16K,,59.4693,-23.2427,,North Atlantic,0.48,undetermined,non-spinose,0
BOFS17K,,58.001,-16.5014,,North Atlantic,0.74,symbiont-barren,non-spinose,0.899
BOFS17K,,58.001,-16.5014,,North Atlantic,0.74,symbiont-barren,spinose,0.057
BOFS17K,,58.001,-16.5014,,North Atlantic,0.74,symbiont-bearing,non-spinose,0
BOFS17K,,58.001,-16.5014,,North Atlantic,0.74,symbiont-bearing,spinose,0
BOFS17K,,58.001,-16.5014,,North Atlantic,0.74,symbiont-facultative,non-spinose,0.043
BOFS17K,,58.001,-16.5014,,North Atlantic,0.74,symbiont-facultative,spinose,0
BOFS17K,,58.001,-16.5014,,North Atlantic,0.74,symbiont-obligate,spinose,0
BOFS17K,,58.001,-16.5014,,North Atlantic,0.74,undetermined,non-spinose,0
BOFS17K,,58.001,-16.5014,,North Atlantic,0.76,symbiont-barren,non-spinose,0.926
BOFS17K,,58.001,-16.5014,,North Atlantic,0.76,symbiont-barren,spinose,0.036
BOFS17K,,58.001,-16.5014,,North Atlantic,0.76,symbiont-bearing,non-spinose,0
BOFS17K,,58.001,-16.5014,,North Atlantic,0.76,symbiont-bearing,spinose,0
BOFS17K,,58.001,-16.5014,,North Atlantic,0.76,symbiont-facultative,non-spinose,0.037
BOFS17K,,58.001,-16.5014,,North Atlantic,0.76,symbiont-facultative,spinose,0
BOFS17K,,58.001,-16.5014,,North Atlantic,0.76,symbiont-obligate,spinose,0
BOFS17K,,58.001,-16.5014,,North Atlantic,0.76,undetermined,non-spinose,0
BOFS17K,,58.001,-16.5014,,North Atlantic,0.78,symbiont-barren,non-spinose,0.931
BOFS17K,,58.001,-16.5014,,North Atlantic,0.78,symbiont-barren,spinose,0.038
BOFS17K,,58.001,-16.5014,,North Atlantic,0.78,symbiont-bearing,non-spinose,0
BOFS17K,,58.001,-16.5014,,North Atlantic,0.78,symbiont-bearing,spinose,0
BOFS17K,,58.001,-16.5014,,North Atlantic,0.78,symbiont-facultative,non-spinose,0.029
BOFS17K,,58.001,-16.5014,,North Atlantic,0.78,symbiont-facultative,spinose,0
BOFS17K,,58.001,-16.5014,,North Atlantic,0.78,symbiont-obligate,spinose,0
BOFS17K,,58.001,-16.5014,,North Atlantic,0.78,undetermined,non-spinose,0
BOFS17K,,58.001,-16.5014,,North Atlantic,0.8,symbiont-barren,non-spinose,0.822
BOFS17K,,58.001,-16.5014,,North Atlantic,0.8,symbiont-barren,spinose,0.116
BOFS17K,,58.001,-16.5014,,North Atlantic,0.8,symbiont-bearing,non-spinose,0
BOFS17K,,58.001,-16.5014,,North Atlantic,0.8,symbiont-bearing,spinose,0
BOFS17K,,58.001,-16.5014,,North Atlantic,0.8,symbiont-facultative,non-spinose,0.061
BOFS17K,,58.001,-16.5014,,North Atlantic,0.8,symbiont-facultative,spinose,0
BOFS17K,,58.001,-16.5014,,North Atlantic,0.8,symbiont-obligate,spinose,0
BOFS17K,,58.001,-16.5014,,North Atlantic,0.8,undetermined,non-spinose,0
BOFS17K,,58.001,-16.5014,,North Atlantic,0.82,symbiont-barren,non-spinose,0.915
BOFS17K,,58.001,-16.5014,,North Atlantic,0.82,symbiont-barren,spinose,0.07
BOFS17K,,58.001,-16.5014,,North Atlantic,0.82,symbiont-bearing,non-spinose,0
BOFS17K,,58.001,-16.5014,,North Atlantic,0.82,symbiont-bearing,spinose,0
BOFS17K,,58.001,-16.5014,,North Atlantic,0.82,symbiont-facultative,non-spinose,0.016
BOFS17K,,58.001,-16.5014,,North Atlantic,0.82,symbiont-facultative,spinose,0
BOFS17K,,58.001,-16.5014,,North Atlantic,0.82,symbiont-obligate,spinose,0
BOFS17K,,58.001,-16.5014,,North Atlantic,0.82,undetermined,non-spinose,0
BOFS17K,,58.001,-16.5014,,North Atlantic,0.84,symbiont-barren,non-spinose,0.815
BOFS17K,,58.001,-16.5014,,North Atlantic,0.84,symbiont-barren,spinose,0.125
BOFS17K,,58.001,-16.5014,,North Atlantic,0.84,symbiont-bearing,non-spinose,0
BOFS17K,,58.001,-16.5014,,North Atlantic,0.84,symbiont-bearing,spinose,0
BOFS17K,,58.001,-16.5014,,North Atlantic,0.84,symbiont-facultative,non-spinose,0.06
BOFS17K,,58.001,-16.5014,,North Atlantic,0.84,symbiont-facultative,spinose,0
BOFS17K,,58.001,-16.5014,,North Atlantic,0.84,symbiont-obligate,spinose,0
BOFS17K,,58.001,-16.5014,,North Atlantic,0.84,undetermined,non-spinose,0
BOFS17K,,58.001,-16.5014,,North Atlantic,0.86,symbiont-barren,non-spinose,0.824
BOFS17K,,58.001,-16.5014,,North Atlantic,0.86,symbiont-barren,spinose,0.138
BOFS17K,,58.001,-16.5014,,North Atlantic,0.86,symbiont-bearing,non-spinose,0
BOFS17K,,58.001,-16.5014,,North Atlantic,0.86,symbiont-bearing,spinose,0
BOFS17K,,58.001,-16.5014,,North Atlantic,0.86,symbiont-facultative,non-spinose,0.038
BOFS17K,,58.001,-16.5014,,North Atlantic,0.86,symbiont-facultative,spinose,0
BOFS17K,,58.001,-16.5014,,North Atlantic,0.86,symbiont-obligate,spinose,0
BOFS17K,,58.001,-16.5014,,North Atlantic,0.86,undetermined,non-spinose,0
BOFS17K,,58.001,-16.5014,,North Atlantic,0.88,symbiont-barren,non-spinose,0.8
BOFS17K,,58.001,-16.5014,,North Atlantic,0.88,symbiont-barren,spinose,0.134
BOFS17K,,58.001,-16.5014,,North Atlantic,0.88,symbiont-bearing,non-spinose,0
BOFS17K,,58.001,-16.5014,,North Atlantic,0.88,symbiont-bearing,spinose,0
BOFS17K,,58.001,-16.5014,,North Atlantic,0.88,symbiont-facultative,non-spinose,0.065
BOFS17K,,58.001,-16.5014,,North Atlantic,0.88,symbiont-facultative,spinose,0
BOFS17K,,58.001,-16.5014,,North Atlantic,0.88,symbiont-obligate,spinose,0
BOFS17K,,58.001,-16.5014,,North Atlantic,0.88,undetermined,non-spinose,0
BOFS17K,,58.001,-16.5014,,North Atlantic,0.9,symbiont-barren,non-spinose,0.815
BOFS17K,,58.001,-16.5014,,North Atlantic,0.9,symbiont-barren,spinose,0.152
BOFS17K,,58.001,-16.5014,,North Atlantic,0.9,symbiont-bearing,non-spinose,0
BOFS17K,,58.001,-16.5014,,North Atlantic,0.9,symbiont-bearing,spinose,0
BOFS17K,,58.001,-16.5014,,North Atlantic,0.9,symbiont-facultative,non-spinose,0.033
BOFS17K,,58.001,-16.5014,,North Atlantic,0.9,symbiont-facultative,spinose,0
BOFS17K,,58.001,-16.5014,,North Atlantic,0.9,symbiont-obligate,spinose,0
BOFS17K,,58.001,-16.5014,,North Atlantic,0.9,undetermined,non-spinose,0
BOFS17K,,58.001,-16.5014,,North Atlantic,0.92,symbiont-barren,non-spinose,0.681
BOFS17K,,58.001,-16.5014,,North Atlantic,0.92,symbiont-barren,spinose,0.262
BOFS17K,,58.001,-16.5014,,North Atlantic,0.92,symbiont-bearing,non-spinose,0
BOFS17K,,58.001,-16.5014,,North Atlantic,0.92,symbiont-bearing,spinose,0
BOFS17K,,58.001,-16.5014,,North Atlantic,0.92,symbiont-facultative,non-spinose,0.058
BOFS17K,,58.001,-16.5014,,North Atlantic,0.92,symbiont-facultative,spinose,0
BOFS17K,,58.001,-16.5014,,North Atlantic,0.92,symbiont-obligate,spinose,0
BOFS17K,,58.001,-16.5014,,North Atlantic,0.92,undetermined,non-spinose,0
BOFS17K,,58.001,-16.5014,,North Atlantic,0.94,symbiont-barren,non-spinose,0.698
BOFS17K,,58.001,-16.5014,,North Atlantic,0.94,symbiont-barren,spinose,0.234
BOFS17K,,58.001,-16.5014,,North Atlantic,0.94,symbiont-bearing,non-spinose,0
BOFS17K,,58.001,-16.5014,,North Atlantic,0.94,symbiont-bearing,spinose,0
BOFS17K,,58.001,-16.5014,,North Atlantic,0.94,symbiont-facultative,non-spinose,0.057
BOFS17K,,58.001,-16.5014,,North Atlantic,0.94,symbiont-facultative,spinose,0
BOFS17K,,58.001,-16.5014,,North Atlantic,0.94,symbiont-obligate,spinose,0.01
BOFS17K,,58.001,-16.5014,,North Atlantic,0.94,undetermined,non-spinose,0
BOFS17K,,58.001,-16.5014,,North Atlantic,0.96,symbiont-barren,non-spinose,0.59
BOFS17K,,58.001,-16.5014,,North Atlantic,0.96,symbiont-barren,spinose,0.323
BOFS17K,,58.001,-16.5014,,North Atlantic,0.96,symbiont-bearing,non-spinose,0
BOFS17K,,58.001,-16.5014,,North Atlantic,0.96,symbiont-bearing,spinose,0
BOFS17K,,58.001,-16.5014,,North Atlantic,0.96,symbiont-facultative,non-spinose,0.068
BOFS17K,,58.001,-16.5014,,North Atlantic,0.96,symbiont-facultative,spinose,0
BOFS17K,,58.001,-16.5014,,North Atlantic,0.96,symbiont-obligate,spinose,0.02
BOFS17K,,58.001,-16.5014,,North Atlantic,0.96,undetermined,non-spinose,0
BOFS17K,,58.001,-16.5014,,North Atlantic,0.98,symbiont-barren,non-spinose,0.555
BOFS17K,,58.001,-16.5014,,North Atlantic,0.98,symbiont-barren,spinose,0.344
BOFS17K,,58.001,-16.5014,,North Atlantic,0.98,symbiont-bearing,non-spinose,0
BOFS17K,,58.001,-16.5014,,North Atlantic,0.98,symbiont-bearing,spinose,0
BOFS17K,,58.001,-16.5014,,North Atlantic,0.98,symbiont-facultative,non-spinose,0.082
BOFS17K,,58.001,-16.5014,,North Atlantic,0.98,symbiont-facultative,spinose,0
BOFS17K,,58.001,-16.5014,,North Atlantic,0.98,symbiont-obligate,spinose,0.02
BOFS17K,,58.001,-16.5014,,North Atlantic,0.98,undetermined,non-spinose,0
BOFS17K,,58.001,-16.5014,,North Atlantic,1,symbiont-barren,non-spinose,0.516
BOFS17K,,58.001,-16.5014,,North Atlantic,1,symbiont-barren,spinose,0.403
BOFS17K,,58.001,-16.5014,,North Atlantic,1,symbiont-bearing,non-spinose,0
BOFS17K,,58.001,-16.5014,,North Atlantic,1,symbiont-bearing,spinose,0
BOFS17K,,58.001,-16.5014,,North Atlantic,1,symbiont-facultative,non-spinose,0.064
BOFS17K,,58.001,-16.5014,,North Atlantic,1,symbiont-facultative,spinose,0
BOFS17K,,58.001,-16.5014,,North Atlantic,1,symbiont-obligate,spinose,0.013
BOFS17K,,58.001,-16.5014,,North Atlantic,1,undetermined,non-spinose,0
BOFS17K,,58.001,-16.5014,,North Atlantic,1.02,symbiont-barren,non-spinose,0.548
BOFS17K,,58.001,-16.5014,,North Atlantic,1.02,symbiont-barren,spinose,0.391
BOFS17K,,58.001,-16.5014,,North Atlantic,1.02,symbiont-bearing,non-spinose,0
BOFS17K,,58.001,-16.5014,,North Atlantic,1.02,symbiont-bearing,spinose,0
BOFS17K,,58.001,-16.5014,,North Atlantic,1.02,symbiont-facultative,non-spinose,0.049
BOFS17K,,58.001,-16.5014,,North Atlantic,1.02,symbiont-facultative,spinose,0
BOFS17K,,58.001,-16.5014,,North Atlantic,1.02,symbiont-obligate,spinose,0.013
BOFS17K,,58.001,-16.5014,,North Atlantic,1.02,undetermined,non-spinose,0
BOFS17K,,58.001,-16.5014,,North Atlantic,1.04,symbiont-barren,non-spinose,0.604
BOFS17K,,58.001,-16.5014,,North Atlantic,1.04,symbiont-barren,spinose,0.339
BOFS17K,,58.001,-16.5014,,North Atlantic,1.04,symbiont-bearing,non-spinose,0
BOFS17K,,58.001,-16.5014,,North Atlantic,1.04,symbiont-bearing,spinose,0
BOFS17K,,58.001,-16.5014,,North Atlantic,1.04,symbiont-facultative,non-spinose,0.042
BOFS17K,,58.001,-16.5014,,North Atlantic,1.04,symbiont-facultative,spinose,0
BOFS17K,,58.001,-16.5014,,North Atlantic,1.04,symbiont-obligate,spinose,0.01
BOFS17K,,58.001,-16.5014,,North Atlantic,1.04,undetermined,non-spinose,0
BOFS31/1K,,18.9979,-20.1621,3300,North Atlantic,0.54,symbiont-barren,non-spinose,0.421
BOFS31/1K,,18.9979,-20.1621,3300,North Atlantic,0.54,symbiont-barren,spinose,0.304
BOFS31/1K,,18.9979,-20.1621,3300,North Atlantic,0.54,symbiont-bearing,non-spinose,0
BOFS31/1K,,18.9979,-20.1621,3300,North Atlantic,0.54,symbiont-bearing,spinose,0.004
BOFS31/1K,,18.9979,-20.1621,3300,North Atlantic,0.54,symbiont-facultative,non-spinose,0.184
BOFS31/1K,,18.9979,-20.1621,3300,North Atlantic,0.54,symbiont-facultative,spinose,0
BOFS31/1K,,18.9979,-20.1621,3300,North Atlantic,0.54,symbiont-obligate,spinose,0.063
BOFS31/1K,,18.9979,-20.1621,3300,North Atlantic,0.54,undetermined,non-spinose,0
BOFS31/1K,,18.9979,-20.1621,3300,North Atlantic,0.56,symbiont-barren,non-spinose,0.426
BOFS31/1K,,18.9979,-20.1621,3300,North Atlantic,0.56,symbiont-barren,spinose,0.283
BOFS31/1K,,18.9979,-20.1621,3300,North Atlantic,0.56,symbiont-bearing,non-spinose,0
BOFS31/1K,,18.9979,-20.1621,3300,North Atlantic,0.56,symbiont-bearing,spinose,0.009
BOFS31/1K,,18.9979,-20.1621,3300,North Atlantic,0.56,symbiont-facultative,non-spinose,0.214
BOFS31/1K,,18.9979,-20.1621,3300,North Atlantic,0.56,symbiont-facultative,spinose,0
BOFS31/1K,,18.9979,-20.1621,3300,North Atlantic,0.56,symbiont-obligate,spinose,0.043
BOFS31/1K,,18.9979,-20.1621,3300,North Atlantic,0.56,undetermined,non-spinose,0
BOFS31/1K,,18.9979,-20.1621,3300,North Atlantic,0.58,symbiont-barren,non-spinose,0.43
BOFS31/1K,,18.9979,-20.1621,3300,North Atlantic,0.58,symbiont-barren,spinose,0.296
BOFS31/1K,,18.9979,-20.1621,3300,North Atlantic,0.58,symbiont-bearing,non-spinose,0.002
BOFS31/1K,,18.9979,-20.1621,3300,North Atlantic,0.58,symbiont-bearing,spinose,0.003
BOFS31/1K,,18.9979,-20.1621,3300,North Atlantic,0.58,symbiont-facultative,non-spinose,0.217
BOFS31/1K,,18.9979,-20.1621,3300,North Atlantic,0.58,symbiont-facultative,spinose,0
BOFS31/1K,,18.9979,-20.1621,3300,North Atlantic,0.58,symbiont-obligate,spinose,0.044
BOFS31/1K,,18.9979,-20.1621,3300,North Atlantic,0.58,undetermined,non-spinose,0
BOFS31/1K,,18.9979,-20.1621,3300,North Atlantic,0.6,symbiont-barren,non-spinose,0.394
BOFS31/1K,,18.9979,-20.1621,3300,North Atlantic,0.6,symbiont-barren,spinose,0.271
BOFS31/1K,,18.9979,-20.1621,3300,North Atlantic,0.6,symbiont-bearing,non-spinose,0
BOFS31/1K,,18.9979,-20.1621,3300,North Atlantic,0.6,symbiont-bearing,spinose,0.006
BOFS31/1K,,18.9979,-20.1621,3300,North Atlantic,0.6,symbiont-facultative,non-spinose,0.236
BOFS31/1K,,18.9979,-20.1621,3300,North Atlantic,0.6,symbiont-facultative,spinose,0
BOFS31/1K,,18.9979,-20.1621,3300,North Atlantic,0.6,symbiont-obligate,spinose,0.076
BOFS31/1K,,18.9979,-20.1621,3300,North Atlantic,0.6,undetermined,non-spinose,0
BOFS31/1K,,18.9979,-20.1621,3300,North Atlantic,0.62,symbiont-barren,non-spinose,0.388
BOFS31/1K,,18.9979,-20.1621,3300,North Atlantic,0.62,symbiont-barren,spinose,0.295
BOFS31/1K,,18.9979,-20.1621,3300,North Atlantic,0.62,symbiont-bearing,non-spinose,0
BOFS31/1K,,18.9979,-20.1621,3300,North Atlantic,0.62,symbiont-bearing,spinose,0.003
BOFS31/1K,,18.9979,-20.1621,3300,North Atlantic,0.62,symbiont-facultative,non-spinose,0.216
BOFS31/1K,,18.9979,-20.1621,3300,North Atlantic,0.62,symbiont-facultative,spinose,0
BOFS31/1K,,18.9979,-20.1621,3300,North Atlantic,0.62,symbiont-obligate,spinose,0.06
BOFS31/1K,,18.9979,-20.1621,3300,North Atlantic,0.62,undetermined,non-spinose,0
BOFS31/1K,,18.9979,-20.1621,3300,North Atlantic,0.64,symbiont-barren,non-spinose,0.382
BOFS31/1K,,18.9979,-20.1621,3300,North Atlantic,0.64,symbiont-barren,spinose,0.292
BOFS31/1K,,18.9979,-20.1621,3300,North Atlantic,0.64,symbiont-bearing,non-spinose,0
BOFS31/1K,,18.9979,-20.1621,3300,North Atlantic,0.64,symbiont-bearing,spinose,0
BOFS31/1K,,18.9979,-20.1621,3300,North Atlantic,0.64,symbiont-facultative,non-spinose,0.226
BOFS31/1K,,18.9979,-20.1621,3300,North Atlantic,0.64,symbiont-facultative,spinose,0
BOFS31/1K,,18.9979,-20.1621,3300,North Atlantic,0.64,symbiont-obligate,spinose,0.069
BOFS31/1K,,18.9979,-20.1621,3300,North Atlantic,0.64,undetermined,non-spinose,0
BOFS31/1K,,18.9979,-20.1621,3300,North Atlantic,0.66,symbiont-barren,non-spinose,0.399
BOFS31/1K,,18.9979,-20.1621,3300,North Atlantic,0.66,symbiont-barren,spinose,0.276
BOFS31/1K,,18.9979,-20.1621,3300,North Atlantic,0.66,symbiont-bearing,non-spinose,0
BOFS31/1K,,18.9979,-20.1621,3300,North Atlantic,0.66,symbiont-bearing,spinose,0.003
BOFS31/1K,,18.9979,-20.1621,3300,North Atlantic,0.66,symbiont-facultative,non-spinose,0.207
BOFS31/1K,,18.9979,-20.1621,3300,North Atlantic,0.66,symbiont-facultative,spinose,0
BOFS31/1K,,18.9979,-20.1621,3300,North Atlantic,0.66,symbiont-obligate,spinose,0.084
BOFS31/1K,,18.9979,-20.1621,3300,North Atlantic,0.66,undetermined,non-spinose,0
BOFS31/1K,,18.9979,-20.1621,3300,North Atlantic,0.68,symbiont-barren,non-spinose,0.327
BOFS31/1K,,18.9979,-20.1621,3300,North Atlantic,0.68,symbiont-barren,spinose,0.339
BOFS31/1K,,18.9979,-20.1621,3300,North Atlantic,0.68,symbiont-bearing,non-spinose,0
BOFS31/1K,,18.9979,-20.1621,3300,North Atlantic,0.68,symbiont-bearing,spinose,0
BOFS31/1K,,18.9979,-20.1621,3300,North Atlantic,0.68,symbiont-facultative,non-spinose,0.233
BOFS31/1K,,18.9979,-20.1621,3300,North Atlantic,0.68,symbiont-facultative,spinose,0
BOFS31/1K,,18.9979,-20.1621,3300,North Atlantic,0.68,symbiont-obligate,spinose,0.081
BOFS31/1K,,18.9979,-20.1621,3300,North Atlantic,0.68,undetermined,non-spinose,0
BOFS5K,,50.6876,-21.8635,,North Atlantic,0.78,symbiont-barren,non-spinose,0.983
BOFS5K,,50.6876,-21.8635,,North Atlantic,0.78,symbiont-barren,spinose,0.012
BOFS5K,,50.6876,-21.8635,,North Atlantic,0.78,symbiont-bearing,non-spinose,0
BOFS5K,,50.6876,-21.8635,,North Atlantic,0.78,symbiont-bearing,spinose,0
BOFS5K,,50.6876,-21.8635,,North Atlantic,0.78,symbiont-facultative,non-spinose,0.002
BOFS5K,,50.6876,-21.8635,,North Atlantic,0.78,symbiont-facultative,spinose,0
BOFS5K,,50.6876,-21.8635,,North Atlantic,0.78,symbiont-obligate,spinose,0
BOFS5K,,50.6876,-21.8635,,North Atlantic,0.78,undetermined,non-spinose,0
BOFS5K,,50.6876,-21.8635,,North Atlantic,0.8,symbiont-barren,non-spinose,0.935
BOFS5K,,50.6876,-21.8635,,North Atlantic,0.8,symbiont-barren,spinose,0.048
BOFS5K,,50.6876,-21.8635,,North Atlantic,0.8,symbiont-bearing,non-spinose,0
BOFS5K,,50.6876,-21.8635,,North Atlantic,0.8,symbiont-bearing,spinose,0
BOFS5K,,50.6876,-21.8635,,North Atlantic,0.8,symbiont-facultative,non-spinose,0.007
BOFS5K,,50.6876,-21.8635,,North Atlantic,0.8,symbiont-facultative,spinose,0
BOFS5K,,50.6876,-21.8635,,North Atlantic,0.8,symbiont-obligate,spinose,0.003
BOFS5K,,50.6876,-21.8635,,North Atlantic,0.8,undetermined,non-spinose,0
BOFS5K,,50.6876,-21.8635,,North Atlantic,0.82,symbiont-barren,non-spinose,0.943
BOFS5K,,50.6876,-21.8635,,North Atlantic,0.82,symbiont-barren,spinose,0.041
BOFS5K,,50.6876,-21.8635,,North Atlantic,0.82,symbiont-bearing,non-spinose,0
BOFS5K,,50.6876,-21.8635,,North Atlantic,0.82,symbiont-bearing,spinose,0
BOFS5K,,50.6876,-21.8635,,North Atlantic,0.82,symbiont-facultative,non-spinose,0.017
BOFS5K,,50.6876,-21.8635,,North Atlantic,0.82,symbiont-facultative,spinose,0
BOFS5K,,50.6876,-21.8635,,North Atlantic,0.82,symbiont-obligate,spinose,0
BOFS5K,,50.6876,-21.8635,,North Atlantic,0.82,undetermined,non-spinose,0
BOFS5K,,50.6876,-21.8635,,North Atlantic,0.84,symbiont-barren,non-spinose,0.954
BOFS5K,,50.6876,-21.8635,,North Atlantic,0.84,symbiont-barren,spinose,0.03
BOFS5K,,50.6876,-21.8635,,North Atlantic,0.84,symbiont-bearing,non-spinose,0
BOFS5K,,50.6876,-21.8635,,North Atlantic,0.84,symbiont-bearing,spinose,0
BOFS5K,,50.6876,-21.8635,,North Atlantic,0.84,symbiont-facultative,non-spinose,0.016
BOFS5K,,50.6876,-21.8635,,North Atlantic,0.84,symbiont-facultative,spinose,0
BOFS5K,,50.6876,-21.8635,,North Atlantic,0.84,symbiont-obligate,spinose,0
BOFS5K,,50.6876,-21.8635,,North Atlantic,0.84,undetermined,non-spinose,0
BOFS5K,,50.6876,-21.8635,,North Atlantic,0.86,symbiont-barren,non-spinose,0.968
BOFS5K,,50.6876,-21.8635,,North Atlantic,0.86,symbiont-barren,spinose,0.027
BOFS5K,,50.6876,-21.8635,,North Atlantic,0.86,symbiont-bearing,non-spinose,0
BOFS5K,,50.6876,-21.8635,,North Atlantic,0.86,symbiont-bearing,spinose,0
BOFS5K,,50.6876,-21.8635,,North Atlantic,0.86,symbiont-facultative,non-spinose,0.002
BOFS5K,,50.6876,-21.8635,,North Atlantic,0.86,symbiont-facultative,spinose,0
BOFS5K,,50.6876,-21.8635,,North Atlantic,0.86,symbiont-obligate,spinose,0.002
BOFS5K,,50.6876,-21.8635,,North Atlantic,0.86,undetermined,non-spinose,0
BOFS5K,,50.6876,-21.8635,,North Atlantic,0.88,symbiont-barren,non-spinose,0.967
BOFS5K,,50.6876,-21.8635,,North Atlantic,0.88,symbiont-barren,spinose,0.028
BOFS5K,,50.6876,-21.8635,,North Atlantic,0.88,symbiont-bearing,non-spinose,0
BOFS5K,,50.6876,-21.8635,,North Atlantic,0.88,symbiont-bearing,spinose,0
BOFS5K,,50.6876,-21.8635,,North Atlantic,0.88,symbiont-facultative,non-spinose,0.002
BOFS5K,,50.6876,-21.8635,,North Atlantic,0.88,symbiont-facultative,spinose,0
BOFS5K,,50.6876,-21.8635,,North Atlantic,0.88,symbiont-obligate,spinose,0.002
BOFS5K,,50.6876,-21.8635,,North Atlantic,0.88,undetermined,non-spinose,0
BOFS5K,,50.6876,-21.8635,,North Atlantic,0.9,symbiont-barren,non-spinose,0.948
BOFS5K,,50.6876,-21.8635,,North Atlantic,0.9,symbiont-barren,spinose,0.028
BOFS5K,,50.6876,-21.8635,,North Atlantic,0.9,symbiont-bearing,non-spinose,0
BOFS5K,,50.6876,-21.8635,,North Atlantic,0.9,symbiont-bearing,spinose,0
BOFS5K,,50.6876,-21.8635,,North Atlantic,0.9,symbiont-facultative,non-spinose,0.022
BOFS5K,,50.6876,-21.8635,,North Atlantic,0.9,symbiont-facultative,spinose,0
BOFS5K,,50.6876,-21.8635,,North Atlantic,0.9,symbiont-obligate,spinose,0.004
BOFS5K,,50.6876,-21.8635,,North Atlantic,0.9,undetermined,non-spinose,0
BOFS5K,,50.6876,-21.8635,,North Atlantic,0.92,symbiont-barren,non-spinose,0.947
BOFS5K,,50.6876,-21.8635,,North Atlantic,0.92,symbiont-barren,spinose,0.045
BOFS5K,,50.6876,-21.8635,,North Atlantic,0.92,symbiont-bearing,non-spinose,0
BOFS5K,,50.6876,-21.8635,,North Atlantic,0.92,symbiont-bearing,spinose,0
BOFS5K,,50.6876,-21.8635,,North Atlantic,0.92,symbiont-facultative,non-spinose,0.007
BOFS5K,,50.6876,-21.8635,,North Atlantic,0.92,symbiont-facultative,spinose,0
BOFS5K,,50.6876,-21.8635,,North Atlantic,0.92,symbiont-obligate,spinose,0
BOFS5K,,50.6876,-21.8635,,North Atlantic,0.92,undetermined,non-spinose,0
BOFS5K,,50.6876,-21.8635,,North Atlantic,0.94,symbiont-barren,non-spinose,0.928
BOFS5K,,50.6876,-21.8635,,North Atlantic,0.94,symbiont-barren,spinose,0.051
BOFS5K,,50.6876,-21.8635,,North Atlantic,0.94,symbiont-bearing,non-spinose,0
BOFS5K,,50.6876,-21.8635,,North Atlantic,0.94,symbiont-bearing,spinose,0
BOFS5K,,50.6876,-21.8635,,North Atlantic,0.94,symbiont-facultative,non-spinose,0.019
BOFS5K,,50.6876,-21.8635,,North Atlantic,0.94,symbiont-facultative,spinose,0
BOFS5K,,50.6876,-21.8635,,North Atlantic,0.94,symbiont-obligate,spinose,0.003
BOFS5K,,50.6876,-21.8635,,North Atlantic,0.94,undetermined,non-spinose,0
BOFS5K,,50.6876,-21.8635,,North Atlantic,0.96,symbiont-barren,non-spinose,0.924
BOFS5K,,50.6876,-21.8635,,North Atlantic,0.96,symbiont-barren,spinose,0.048
BOFS5K,,50.6876,-21.8635,,North Atlantic,0.96,symbiont-bearing,non-spinose,0
BOFS5K,,50.6876,-21.8635,,North Atlantic,0.96,symbiont-bearing,spinose,0
BOFS5K,,50.6876,-21.8635,,North Atlantic,0.96,symbiont-facultative,non-spinose,0.029
BOFS5K,,50.6876,-21.8635,,North Atlantic,0.96,symbiont-facultative,spinose,0
BOFS5K,,50.6876,-21.8635,,North Atlantic,0.96,symbiont-obligate,spinose,0
BOFS5K,,50.6876,-21.8635,,North Atlantic,0.96,undetermined,non-spinose,0
BOFS8K,,52.5033,-22.0623,,North Atlantic,0.86,symbiont-barren,non-spinose,0.972
BOFS8K,,52.5033,-22.0623,,North Atlantic,0.86,symbiont-barren,spinose,0.011
BOFS8K,,52.5033,-22.0623,,North Atlantic,0.86,symbiont-bearing,non-spinose,0
BOFS8K,,52.5033,-22.0623,,North Atlantic,0.86,symbiont-bearing,spinose,0
BOFS8K,,52.5033,-22.0623,,North Atlantic,0.86,symbiont-facultative,non-spinose,0.017
BOFS8K,,52.5033,-22.0623,,North Atlantic,0.86,symbiont-facultative,spinose,0
BOFS8K,,52.5033,-22.0623,,North Atlantic,0.86,symbiont-obligate,spinose,0
BOFS8K,,52.5033,-22.0623,,North Atlantic,0.86,undetermined,non-spinose,0
BOFS8K,,52.5033,-22.0623,,North Atlantic,0.88,symbiont-barren,non-spinose,0.956
BOFS8K,,52.5033,-22.0623,,North Atlantic,0.88,symbiont-barren,spinose,0.039
BOFS8K,,52.5033,-22.0623,,North Atlantic,0.88,symbiont-bearing,non-spinose,0
BOFS8K,,52.5033,-22.0623,,North Atlantic,0.88,symbiont-bearing,spinose,0
BOFS8K,,52.5033,-22.0623,,North Atlantic,0.88,symbiont-facultative,non-spinose,0.006
BOFS8K,,52.5033,-22.0623,,North Atlantic,0.88,symbiont-facultative,spinose,0
BOFS8K,,52.5033,-22.0623,,North Atlantic,0.88,symbiont-obligate,spinose,0
BOFS8K,,52.5033,-22.0623,,North Atlantic,0.88,undetermined,non-spinose,0
BOFS8K,,52.5033,-22.0623,,North Atlantic,0.9,symbiont-barren,non-spinose,0.992
BOFS8K,,52.5033,-22.0623,,North Atlantic,0.9,symbiont-barren,spinose,0.005
BOFS8K,,52.5033,-22.0623,,North Atlantic,0.9,symbiont-bearing,non-spinose,0
BOFS8K,,52.5033,-22.0623,,North Atlantic,0.9,symbiont-bearing,spinose,0
BOFS8K,,52.5033,-22.0623,,North Atlantic,0.9,symbiont-facultative,non-spinose,0.003
BOFS8K,,52.5033,-22.0623,,North Atlantic,0.9,symbiont-facultative,spinose,0
BOFS8K,,52.5033,-22.0623,,North Atlantic,0.9,symbiont-obligate,spinose,0
BOFS8K,,52.5033,-22.0623,,North Atlantic,0.9,undetermined,non-spinose,0
BOFS8K,,52.5033,-22.0623,,North Atlantic,0.92,symbiont-barren,non-spinose,0.973
BOFS8K,,52.5033,-22.0623,,North Atlantic,0.92,symbiont-barren,spinose,0.01
BOFS8K,,52.5033,-22.0623,,North Atlantic,0.92,symbiont-bearing,non-spinose,0
BOFS8K,,52.5033,-22.0623,,North Atlantic,0.92,symbiont-bearing,spinose,0
BOFS8K,,52.5033,-22.0623,,North Atlantic,0.92,symbiont-facultative,non-spinose,0.017
BOFS8K,,52.5033,-22.0623,,North Atlantic,0.92,symbiont-facultative,spinose,0
BOFS8K,,52.5033,-22.0623,,North Atlantic,0.92,symbiont-obligate,spinose,0
BOFS8K,,52.5033,-22.0623,,North Atlantic,0.92,undetermined,non-spinose,0
BOFS8K,,52.5033,-22.0623,,North Atlantic,0.94,symbiont-barren,non-spinose,0.993
BOFS8K,,52.5033,-22.0623,,North Atlantic,0.94,symbiont-barren,spinose,0.003
BOFS8K,,52.5033,-22.0623,,North Atlantic,0.94,symbiont-bearing,non-spinose,0
BOFS8K,,52.5033,-22.0623,,North Atlantic,0.94,symbiont-bearing,spinose,0
BOFS8K,,52.5033,-22.0623,,North Atlantic,0.94,symbiont-facultative,non-spinose,0.005
BOFS8K,,52.5033,-22.0623,,North Atlantic,0.94,symbiont-facultative,spinose,0
BOFS8K,,52.5033,-22.0623,,North Atlantic,0.94,symbiont-obligate,spinose,0
BOFS8K,,52.5033,-22.0623,,North Atlantic,0.94,undetermined,non-spinose,0
BOFS8K,,52.5033,-22.0623,,North Atlantic,0.96,symbiont-barren,non-spinose,0.98
BOFS8K,,52.5033,-22.0623,,North Atlantic,0.96,symbiont-barren,spinose,0.004
BOFS8K,,52.5033,-22.0623,,North Atlantic,0.96,symbiont-bearing,non-spinose,0
BOFS8K,,52.5033,-22.0623,,North Atlantic,0.96,symbiont-bearing,spinose,0
BOFS8K,,52.5033,-22.0623,,North Atlantic,0.96,symbiont-facultative,non-spinose,0.015
BOFS8K,,52.5033,-22.0623,,North Atlantic,0.96,symbiont-facultative,spinose,0
BOFS8K,,52.5033,-22.0623,,North Atlantic,0.96,symbiont-obligate,spinose,0
BOFS8K,,52.5033,-22.0623,,North Atlantic,0.96,undetermined,non-spinose,0
BOFS8K,,52.5033,-22.0623,,North Atlantic,0.98,symbiont-barren,non-spinose,0.97
BOFS8K,,52.5033,-22.0623,,North Atlantic,0.98,symbiont-barren,spinose,0.019
BOFS8K,,52.5033,-22.0623,,North Atlantic,0.98,symbiont-bearing,non-spinose,0
BOFS8K,,52.5033,-22.0623,,North Atlantic,0.98,symbiont-bearing,spinose,0
BOFS8K,,52.5033,-22.0623,,North Atlantic,0.98,symbiont-facultative,non-spinose,0.007
BOFS8K,,52.5033,-22.0623,,North Atlantic,0.98,symbiont-facultative,spinose,0
BOFS8K,,52.5033,-22.0623,,North Atlantic,0.98,symbiont-obligate,spinose,0
BOFS8K,,52.5033,-22.0623,,North Atlantic,0.98,undetermined,non-spinose,0
BOFS8K,,52.5033,-22.0623,,North Atlantic,1,symbiont-barren,non-spinose,0.978
BOFS8K,,52.5033,-22.0623,,North Atlantic,1,symbiont-barren,spinose,0.01
BOFS8K,,52.5033,-22.0623,,North Atlantic,1,symbiont-bearing,non-spinose,0
BOFS8K,,52.5033,-22.0623,,North Atlantic,1,symbiont-bearing,spinose,0
BOFS8K,,52.5033,-22.0623,,North Atlantic,1,symbiont-facultative,non-spinose,0.013
BOFS8K,,52.5033,-22.0623,,North Atlantic,1,symbiont-facultative,spinose,0
BOFS8K,,52.5033,-22.0623,,North Atlantic,1,symbiont-obligate,spinose,0
BOFS8K,,52.5033,-22.0623,,North Atlantic,1,undetermined,non-spinose,0
BOFS8K,,52.5033,-22.0623,,North Atlantic,1.02,symbiont-barren,non-spinose,0.976
BOFS8K,,52.5033,-22.0623,,North Atlantic,1.02,symbiont-barren,spinose,0.022
BOFS8K,,52.5033,-22.0623,,North Atlantic,1.02,symbiont-bearing,non-spinose,0
BOFS8K,,52.5033,-22.0623,,North Atlantic,1.02,symbiont-bearing,spinose,0
BOFS8K,,52.5033,-22.0623,,North Atlantic,1.02,symbiont-facultative,non-spinose,0.003
BOFS8K,,52.5033,-22.0623,,North Atlantic,1.02,symbiont-facultative,spinose,0
BOFS8K,,52.5033,-22.0623,,North Atlantic,1.02,symbiont-obligate,spinose,0
BOFS8K,,52.5033,-22.0623,,North Atlantic,1.02,undetermined,non-spinose,0
BOFS8K,,52.5033,-22.0623,,North Atlantic,1.04,symbiont-barren,non-spinose,0.965
BOFS8K,,52.5033,-22.0623,,North Atlantic,1.04,symbiont-barren,spinose,0.014
BOFS8K,,52.5033,-22.0623,,North Atlantic,1.04,symbiont-bearing,non-spinose,0
BOFS8K,,52.5033,-22.0623,,North Atlantic,1.04,symbiont-bearing,spinose,0
BOFS8K,,52.5033,-22.0623,,North Atlantic,1.04,symbiont-facultative,non-spinose,0.021
BOFS8K,,52.5033,-22.0623,,North Atlantic,1.04,symbiont-facultative,spinose,0
BOFS8K,,52.5033,-22.0623,,North Atlantic,1.04,symbiont-obligate,spinose,0
BOFS8K,,52.5033,-22.0623,,North Atlantic,1.04,undetermined,non-spinose,0
BOFS8K,,52.5033,-22.0623,,North Atlantic,1.06,symbiont-barren,non-spinose,0.965
BOFS8K,,52.5033,-22.0623,,North Atlantic,1.06,symbiont-barren,spinose,0.025
BOFS8K,,52.5033,-22.0623,,North Atlantic,1.06,symbiont-bearing,non-spinose,0
BOFS8K,,52.5033,-22.0623,,North Atlantic,1.06,symbiont-bearing,spinose,0
BOFS8K,,52.5033,-22.0623,,North Atlantic,1.06,symbiont-facultative,non-spinose,0.009
BOFS8K,,52.5033,-22.0623,,North Atlantic,1.06,symbiont-facultative,spinose,0
BOFS8K,,52.5033,-22.0623,,North Atlantic,1.06,symbiont-obligate,spinose,0
BOFS8K,,52.5033,-22.0623,,North Atlantic,1.06,undetermined,non-spinose,0
BOFS8K,,52.5033,-22.0623,,North Atlantic,1.08,symbiont-barren,non-spinose,0.962
BOFS8K,,52.5033,-22.0623,,North Atlantic,1.08,symbiont-barren,spinose,0.034
BOFS8K,,52.5033,-22.0623,,North Atlantic,1.08,symbiont-bearing,non-spinose,0
BOFS8K,,52.5033,-22.0623,,North Atlantic,1.08,symbiont-bearing,spinose,0
BOFS8K,,52.5033,-22.0623,,North Atlantic,1.08,symbiont-facultative,non-spinose,0.005
BOFS8K,,52.5033,-22.0623,,North Atlantic,1.08,symbiont-facultative,spinose,0
BOFS8K,,52.5033,-22.0623,,North Atlantic,1.08,symbiont-obligate,spinose,0
BOFS8K,,52.5033,-22.0623,,North Atlantic,1.08,undetermined,non-spinose,0
BOFS8K,,52.5033,-22.0623,,North Atlantic,1.1,symbiont-barren,non-spinose,0.965
BOFS8K,,52.5033,-22.0623,,North Atlantic,1.1,symbiont-barren,spinose,0.029
BOFS8K,,52.5033,-22.0623,,North Atlantic,1.1,symbiont-bearing,non-spinose,0
BOFS8K,,52.5033,-22.0623,,North Atlantic,1.1,symbiont-bearing,spinose,0
BOFS8K,,52.5033,-22.0623,,North Atlantic,1.1,symbiont-facultative,non-spinose,0.006
BOFS8K,,52.5033,-22.0623,,North Atlantic,1.1,symbiont-facultative,spinose,0
BOFS8K,,52.5033,-22.0623,,North Atlantic,1.1,symbiont-obligate,spinose,0
BOFS8K,,52.5033,-22.0623,,North Atlantic,1.1,undetermined,non-spinose,0
BOFS8K,,52.5033,-22.0623,,North Atlantic,1.12,symbiont-barren,non-spinose,0.971
BOFS8K,,52.5033,-22.0623,,North Atlantic,1.12,symbiont-barren,spinose,0.025
BOFS8K,,52.5033,-22.0623,,North Atlantic,1.12,symbiont-bearing,non-spinose,0
BOFS8K,,52.5033,-22.0623,,North Atlantic,1.12,symbiont-bearing,spinose,0
BOFS8K,,52.5033,-22.0623,,North Atlantic,1.12,symbiont-facultative,non-spinose,0.003
BOFS8K,,52.5033,-22.0623,,North Atlantic,1.12,symbiont-facultative,spinose,0
BOFS8K,,52.5033,-22.0623,,North Atlantic,1.12,symbiont-obligate,spinose,0
BOFS8K,,52.5033,-22.0623,,North Atlantic,1.12,undetermined,non-spinose,0
BOFS8K,,52.5033,-22.0623,,North Atlantic,1.14,symbiont-barren,non-spinose,0.961
BOFS8K,,52.5033,-22.0623,,North Atlantic,1.14,symbiont-barren,spinose,0.028
BOFS8K,,52.5033,-22.0623,,North Atlantic,1.14,symbiont-bearing,non-spinose,0
BOFS8K,,52.5033,-22.0623,,North Atlantic,1.14,symbiont-bearing,spinose,0
BOFS8K,,52.5033,-22.0623,,North Atlantic,1.14,symbiont-facultative,non-spinose,0.01
BOFS8K,,52.5033,-22.0623,,North Atlantic,1.14,symbiont-facultative,spinose,0
BOFS8K,,52.5033,-22.0623,,North Atlantic,1.14,symbiont-obligate,spinose,0
BOFS8K,,52.5033,-22.0623,,North Atlantic,1.14,undetermined,non-spinose,0
BOFS8K,,52.5033,-22.0623,,North Atlantic,1.16,symbiont-barren,non-spinose,0.942
BOFS8K,,52.5033,-22.0623,,North Atlantic,1.16,symbiont-barren,spinose,0.055
BOFS8K,,52.5033,-22.0623,,North Atlantic,1.16,symbiont-bearing,non-spinose,0
BOFS8K,,52.5033,-22.0623,,North Atlantic,1.16,symbiont-bearing,spinose,0
BOFS8K,,52.5033,-22.0623,,North Atlantic,1.16,symbiont-facultative,non-spinose,0.003
BOFS8K,,52.5033,-22.0623,,North Atlantic,1.16,symbiont-facultative,spinose,0
BOFS8K,,52.5033,-22.0623,,North Atlantic,1.16,symbiont-obligate,spinose,0
BOFS8K,,52.5033,-22.0623,,North Atlantic,1.16,undetermined,non-spinose,0
BOFS8K,,52.5033,-22.0623,,North Atlantic,1.18,symbiont-barren,non-spinose,0.951
BOFS8K,,52.5033,-22.0623,,North Atlantic,1.18,symbiont-barren,spinose,0.042
BOFS8K,,52.5033,-22.0623,,North Atlantic,1.18,symbiont-bearing,non-spinose,0
BOFS8K,,52.5033,-22.0623,,North Atlantic,1.18,symbiont-bearing,spinose,0
BOFS8K,,52.5033,-22.0623,,North Atlantic,1.18,symbiont-facultative,non-spinose,0.008
BOFS8K,,52.5033,-22.0623,,North Atlantic,1.18,symbiont-facultative,spinose,0
BOFS8K,,52.5033,-22.0623,,North Atlantic,1.18,symbiont-obligate,spinose,0
BOFS8K,,52.5033,-22.0623,,North Atlantic,1.18,undetermined,non-spinose,0
BOFS8K,,52.5033,-22.0623,,North Atlantic,1.2,symbiont-barren,non-spinose,0.942
BOFS8K,,52.5033,-22.0623,,North Atlantic,1.2,symbiont-barren,spinose,0.036
BOFS8K,,52.5033,-22.0623,,North Atlantic,1.2,symbiont-bearing,non-spinose,0
BOFS8K,,52.5033,-22.0623,,North Atlantic,1.2,symbiont-bearing,spinose,0
BOFS8K,,52.5033,-22.0623,,North Atlantic,1.2,symbiont-facultative,non-spinose,0.021
BOFS8K,,52.5033,-22.0623,,North Atlantic,1.2,symbiont-facultative,spinose,0
BOFS8K,,52.5033,-22.0623,,North Atlantic,1.2,symbiont-obligate,spinose,0
BOFS8K,,52.5033,-22.0623,,North Atlantic,1.2,undetermined,non-spinose,0
BS79-22,Gravity,38.231,14.23,1449,Mediterranean,,symbiont-barren,non-spinose,0
BS79-22,Gravity,38.231,14.23,1449,Mediterranean,,symbiont-barren,spinose,0
BS79-22,Gravity,38.231,14.23,1449,Mediterranean,,symbiont-bearing,non-spinose,0
BS79-22,Gravity,38.231,14.23,1449,Mediterranean,,symbiont-bearing,spinose,0
BS79-22,Gravity,38.231,14.23,1449,Mediterranean,,symbiont-facultative,non-spinose,0
BS79-22,Gravity,38.231,14.23,1449,Mediterranean,,symbiont-facultative,spinose,0
BS79-22,Gravity,38.231,14.23,1449,Mediterranean,,symbiont-obligate,spinose,0
BS79-22,Gravity,38.231,14.23,1449,Mediterranean,,undetermined,non-spinose,0
BS79-33,Gravity,38.157,14.018,1282,Mediterranean,,symbiont-barren,non-spinose,0
BS79-33,Gravity,38.157,14.018,1282,Mediterranean,,symbiont-barren,spinose,0
BS79-33,Gravity,38.157,14.018,1282,Mediterranean,,symbiont-bearing,non-spinose,0
BS79-33,Gravity,38.157,14.018,1282,Mediterranean,,symbiont-bearing,spinose,0
BS79-33,Gravity,38.157,14.018,1282,Mediterranean,,symbiont-facultative,non-spinose,0
BS79-33,Gravity,38.157,14.018,1282,Mediterranean,,symbiont-facultative,spinose,0
BS79-33,Gravity,38.157,14.018,1282,Mediterranean,,symbiont-obligate,spinose,0
BS79-33,Gravity,38.157,14.018,1282,Mediterranean,,undetermined,non-spinose,0
BS79-37,Gravity,38.215,13.269,1458,Mediterranean,,symbiont-barren,non-spinose,0
BS79-37,Gravity,38.215,13.269,1458,Mediterranean,,symbiont-barren,spinose,0
BS79-37,Gravity,38.215,13.269,1458,Mediterranean,,symbiont-bearing,non-spinose,0
BS79-37,Gravity,38.215,13.269,1458,Mediterranean,,symbiont-bearing,spinose,0
BS79-37,Gravity,38.215,13.269,1458,Mediterranean,,symbiont-facultative,non-spinose,0
BS79-37,Gravity,38.215,13.269,1458,Mediterranean,,symbiont-facultative,spinose,0
BS79-37,Gravity,38.215,13.269,1458,Mediterranean,,symbiont-obligate,spinose,0
BS79-37,Gravity,38.215,13.269,1458,Mediterranean,,undetermined,non-spinose,0
BS79-38,Gravity,38.247,13.346,1489,Mediterranean,,symbiont-barren,non-spinose,0
BS79-38,Gravity,38.247,13.346,1489,Mediterranean,,symbiont-barren,spinose,0
BS79-38,Gravity,38.247,13.346,1489,Mediterranean,,symbiont-bearing,non-spinose,0
BS79-38,Gravity,38.247,13.346,1489,Mediterranean,,symbiont-bearing,spinose,0
BS79-38,Gravity,38.247,13.346,1489,Mediterranean,,symbiont-facultative,non-spinose,0
BS79-38,Gravity,38.247,13.346,1489,Mediterranean,,symbiont-facultative,spinose,0
BS79-38,Gravity,38.247,13.346,1489,Mediterranean,,symbiont-obligate,spinose,0
BS79-38,Gravity,38.247,13.346,1489,Mediterranean,,undetermined,non-spinose,0
CD154 17-17K,Kasten core,-33.32,29.47,3333,Indian,0.52,symbiont-barren,non-spinose,0.07960199004
CD154 17-17K,Kasten core,-33.32,29.47,3333,Indian,0.52,symbiont-barren,spinose,0.04554152315
CD154 17-17K,Kasten core,-33.32,29.47,3333,Indian,0.52,symbiont-bearing,non-spinose,0.00038270188
CD154 17-17K,Kasten core,-33.32,29.47,3333,Indian,0.52,symbiont-bearing,spinose,0.01990049751
CD154 17-17K,Kasten core,-33.32,29.47,3333,Indian,0.52,symbiont-facultative,non-spinose,0.51282051286
CD154 17-17K,Kasten core,-33.32,29.47,3333,Indian,0.52,symbiont-facultative,spinose,0
CD154 17-17K,Kasten core,-33.32,29.47,3333,Indian,0.52,symbiont-obligate,spinose,0.32721010336
CD154 17-17K,Kasten core,-33.32,29.47,3333,Indian,0.52,undetermined,non-spinose,0.003061615
CD154 17-17K,Kasten core,-33.32,29.47,3333,Indian,0.56,symbiont-barren,non-spinose,0.11224105461
CD154 17-17K,Kasten core,-33.32,29.47,3333,Indian,0.56,symbiont-barren,spinose,0.03917137476
CD154 17-17K,Kasten core,-33.32,29.47,3333,Indian,0.56,symbiont-bearing,non-spinose,0
CD154 17-17K,Kasten core,-33.32,29.47,3333,Indian,0.56,symbiont-bearing,spinose,0.01054613936
CD154 17-17K,Kasten core,-33.32,29.47,3333,Indian,0.56,symbiont-facultative,non-spinose,0.52580037673
CD154 17-17K,Kasten core,-33.32,29.47,3333,Indian,0.56,symbiont-facultative,spinose,0.00150659134
CD154 17-17K,Kasten core,-33.32,29.47,3333,Indian,0.56,symbiont-obligate,spinose,0.29077212801
CD154 17-17K,Kasten core,-33.32,29.47,3333,Indian,0.56,undetermined,non-spinose,0.0120527307
CD154 17-17K,Kasten core,-33.32,29.47,3333,Indian,0.6,symbiont-barren,non-spinose,0.12612612612
CD154 17-17K,Kasten core,-33.32,29.47,3333,Indian,0.6,symbiont-barren,spinose,0.05405405405
CD154 17-17K,Kasten core,-33.32,29.47,3333,Indian,0.6,symbiont-bearing,non-spinose,0.00056306306
CD154 17-17K,Kasten core,-33.32,29.47,3333,Indian,0.6,symbiont-bearing,spinose,0.02027027027
CD154 17-17K,Kasten core,-33.32,29.47,3333,Indian,0.6,symbiont-facultative,non-spinose,0.48536036031
CD154 17-17K,Kasten core,-33.32,29.47,3333,Indian,0.6,symbiont-facultative,spinose,0
CD154 17-17K,Kasten core,-33.32,29.47,3333,Indian,0.6,symbiont-obligate,spinose,0.29391891888
CD154 17-17K,Kasten core,-33.32,29.47,3333,Indian,0.6,undetermined,non-spinose,0.00225225225
CD154 17-17K,Kasten core,-33.32,29.47,3333,Indian,0.64,symbiont-barren,non-spinose,0.11711711712
CD154 17-17K,Kasten core,-33.32,29.47,3333,Indian,0.64,symbiont-barren,spinose,0.04523273273
CD154 17-17K,Kasten core,-33.32,29.47,3333,Indian,0.64,symbiont-bearing,non-spinose,0
CD154 17-17K,Kasten core,-33.32,29.47,3333,Indian,0.64,symbiont-bearing,spinose,0.03303303303
CD154 17-17K,Kasten core,-33.32,29.47,3333,Indian,0.64,symbiont-facultative,non-spinose,0.51201201201
CD154 17-17K,Kasten core,-33.32,29.47,3333,Indian,0.64,symbiont-facultative,spinose,0
CD154 17-17K,Kasten core,-33.32,29.47,3333,Indian,0.64,symbiont-obligate,spinose,0.27890390391
CD154 17-17K,Kasten core,-33.32,29.47,3333,Indian,0.64,undetermined,non-spinose,0
CH82-24,,43.465,-30.66,3370,North Atlantic,0.68,symbiont-barren,non-spinose,0.169
CH82-24,,43.465,-30.66,3370,North Atlantic,0.68,symbiont-barren,spinose,0.541
CH82-24,,43.465,-30.66,3370,North Atlantic,0.68,symbiont-bearing,non-spinose,0
CH82-24,,43.465,-30.66,3370,North Atlantic,0.68,symbiont-bearing,spinose,0
CH82-24,,43.465,-30.66,3370,North Atlantic,0.68,symbiont-facultative,non-spinose,0.097
CH82-24,,43.465,-30.66,3370,North Atlantic,0.68,symbiont-facultative,spinose,0.145
CH82-24,,43.465,-30.66,3370,North Atlantic,0.68,symbiont-obligate,spinose,0.048
CH82-24,,43.465,-30.66,3370,North Atlantic,0.68,undetermined,non-spinose,0
CHAT 1K,,-41.58333333,-171.5,3556,Pacific,40,symbiont-barren,non-spinose,0.38110749181
CHAT 1K,,-41.58333333,-171.5,3556,Pacific,40,symbiont-barren,spinose,0.1726384365
CHAT 1K,,-41.58333333,-171.5,3556,Pacific,40,symbiont-bearing,non-spinose,0
CHAT 1K,,-41.58333333,-171.5,3556,Pacific,40,symbiont-bearing,spinose,0
CHAT 1K,,-41.58333333,-171.5,3556,Pacific,40,symbiont-facultative,non-spinose,0.4071661238
CHAT 1K,,-41.58333333,-171.5,3556,Pacific,40,symbiont-facultative,spinose,0
CHAT 1K,,-41.58333333,-171.5,3556,Pacific,40,symbiont-obligate,spinose,0.03908794788
CHAT 1K,,-41.58333333,-171.5,3556,Pacific,40,undetermined,non-spinose,0
CHAT 1K,,-41.58333333,-171.5,3556,Pacific,50,symbiont-barren,non-spinose,0.43444730078
CHAT 1K,,-41.58333333,-171.5,3556,Pacific,50,symbiont-barren,spinose,0.21593830334
CHAT 1K,,-41.58333333,-171.5,3556,Pacific,50,symbiont-bearing,non-spinose,0
CHAT 1K,,-41.58333333,-171.5,3556,Pacific,50,symbiont-bearing,spinose,0
CHAT 1K,,-41.58333333,-171.5,3556,Pacific,50,symbiont-facultative,non-spinose,0.30591259641
CHAT 1K,,-41.58333333,-171.5,3556,Pacific,50,symbiont-facultative,spinose,0
CHAT 1K,,-41.58333333,-171.5,3556,Pacific,50,symbiont-obligate,spinose,0.04370179949
CHAT 1K,,-41.58333333,-171.5,3556,Pacific,50,undetermined,non-spinose,0
D13989,Piston,35.9,-7.409666667,1111,North Atlantic,,symbiont-bearing,non-spinose,0
D13989,Piston,35.9,-7.409666667,1111,North Atlantic,,symbiont-bearing,spinose,0.03759654446
D13989,Piston,35.9,-7.409666667,1111,North Atlantic,,symbiont-facultative,spinose,0
D13989,Piston,35.9,-7.409666667,1111,North Atlantic,,undetermined,non-spinose,0
DED8707,Piston,39.41,13.34,2970,Mediterranean,,symbiont-barren,non-spinose,0
DED8707,Piston,39.41,13.34,2970,Mediterranean,,symbiont-barren,spinose,0
DED8707,Piston,39.41,13.34,2970,Mediterranean,,symbiont-bearing,non-spinose,0
DED8707,Piston,39.41,13.34,2970,Mediterranean,,symbiont-bearing,spinose,0
DED8707,Piston,39.41,13.34,2970,Mediterranean,,symbiont-facultative,non-spinose,0
DED8707,Piston,39.41,13.34,2970,Mediterranean,,symbiont-facultative,spinose,0
DED8707,Piston,39.41,13.34,2970,Mediterranean,,symbiont-obligate,spinose,0
DED8707,Piston,39.41,13.34,2970,Mediterranean,,undetermined,non-spinose,0
DGKS9603,Piston core,28.148,127.271,1100,Pacific,169,symbiont-barren,non-spinose,0.08007718283
DGKS9603,Piston core,28.148,127.271,1100,Pacific,169,symbiont-barren,spinose,0.06271104679
DGKS9603,Piston core,28.148,127.271,1100,Pacific,169,symbiont-bearing,non-spinose,0
DGKS9603,Piston core,28.148,127.271,1100,Pacific,169,symbiont-bearing,spinose,0.0328027014
DGKS9603,Piston core,28.148,127.271,1100,Pacific,169,symbiont-facultative,non-spinose,0.31934394594
DGKS9603,Piston core,28.148,127.271,1100,Pacific,169,symbiont-facultative,spinose,0
DGKS9603,Piston core,28.148,127.271,1100,Pacific,169,symbiont-obligate,spinose,0.37771345875
DGKS9603,Piston core,28.148,127.271,1100,Pacific,169,undetermined,non-spinose,0
DGKS9603,Piston core,28.148,127.271,1100,Pacific,171,symbiont-barren,non-spinose,0.07763221737
DGKS9603,Piston core,28.148,127.271,1100,Pacific,171,symbiont-barren,spinose,0.06695778749
DGKS9603,Piston core,28.148,127.271,1100,Pacific,171,symbiont-bearing,non-spinose,0
DGKS9603,Piston core,28.148,127.271,1100,Pacific,171,symbiont-bearing,spinose,0.03250849102
DGKS9603,Piston core,28.148,127.271,1100,Pacific,171,symbiont-facultative,non-spinose,0.31683648713
DGKS9603,Piston core,28.148,127.271,1100,Pacific,171,symbiont-facultative,spinose,0
DGKS9603,Piston core,28.148,127.271,1100,Pacific,171,symbiont-obligate,spinose,0.37360504605
DGKS9603,Piston core,28.148,127.271,1100,Pacific,171,undetermined,non-spinose,0
DGKS9603,Piston core,28.148,127.271,1100,Pacific,173,symbiont-barren,non-spinose,0.07976934166
DGKS9603,Piston core,28.148,127.271,1100,Pacific,173,symbiont-barren,spinose,0.0682364248
DGKS9603,Piston core,28.148,127.271,1100,Pacific,173,symbiont-bearing,non-spinose,0
DGKS9603,Piston core,28.148,127.271,1100,Pacific,173,symbiont-bearing,spinose,0.03652090341
DGKS9603,Piston core,28.148,127.271,1100,Pacific,173,symbiont-facultative,non-spinose,0.32484382504
DGKS9603,Piston core,28.148,127.271,1100,Pacific,173,symbiont-facultative,spinose,0
DGKS9603,Piston core,28.148,127.271,1100,Pacific,173,symbiont-obligate,spinose,0.35944257572
DGKS9603,Piston core,28.148,127.271,1100,Pacific,173,undetermined,non-spinose,0
DGKS9603,Piston core,28.148,127.271,1100,Pacific,175,symbiont-barren,non-spinose,0.05407011289
DGKS9603,Piston core,28.148,127.271,1100,Pacific,175,symbiont-barren,spinose,0.13963161022
DGKS9603,Piston core,28.148,127.271,1100,Pacific,175,symbiont-bearing,non-spinose,0
DGKS9603,Piston core,28.148,127.271,1100,Pacific,175,symbiont-bearing,spinose,0.09447415329
DGKS9603,Piston core,28.148,127.271,1100,Pacific,175,symbiont-facultative,non-spinose,0.28045157459
DGKS9603,Piston core,28.148,127.271,1100,Pacific,175,symbiont-facultative,spinose,0
DGKS9603,Piston core,28.148,127.271,1100,Pacific,175,symbiont-obligate,spinose,0.32471776587
DGKS9603,Piston core,28.148,127.271,1100,Pacific,175,undetermined,non-spinose,0
DGKS9603,Piston core,28.148,127.271,1100,Pacific,177,symbiont-barren,non-spinose,0.05558876269
DGKS9603,Piston core,28.148,127.271,1100,Pacific,177,symbiont-barren,spinose,0.1416616856
DGKS9603,Piston core,28.148,127.271,1100,Pacific,177,symbiont-bearing,non-spinose,0
DGKS9603,Piston core,28.148,127.271,1100,Pacific,177,symbiont-bearing,spinose,0.09892408846
DGKS9603,Piston core,28.148,127.271,1100,Pacific,177,symbiont-facultative,non-spinose,0.28989838612
DGKS9603,Piston core,28.148,127.271,1100,Pacific,177,symbiont-facultative,spinose,0
DGKS9603,Piston core,28.148,127.271,1100,Pacific,177,symbiont-obligate,spinose,0.32157800361
DGKS9603,Piston core,28.148,127.271,1100,Pacific,177,undetermined,non-spinose,0
DGKS9603,Piston core,28.148,127.271,1100,Pacific,180,symbiont-barren,non-spinose,0.05652435357
DGKS9603,Piston core,28.148,127.271,1100,Pacific,180,symbiont-barren,spinose,0.13650030066
DGKS9603,Piston core,28.148,127.271,1100,Pacific,180,symbiont-bearing,non-spinose,0
DGKS9603,Piston core,28.148,127.271,1100,Pacific,180,symbiont-bearing,spinose,0.09079975947
DGKS9603,Piston core,28.148,127.271,1100,Pacific,180,symbiont-facultative,non-spinose,0.30006013233
DGKS9603,Piston core,28.148,127.271,1100,Pacific,180,symbiont-facultative,spinose,0
DGKS9603,Piston core,28.148,127.271,1100,Pacific,180,symbiont-obligate,spinose,0.32050511124
DGKS9603,Piston core,28.148,127.271,1100,Pacific,180,undetermined,non-spinose,0
DGKS9603,Piston core,28.148,127.271,1100,Pacific,182,symbiont-barren,non-spinose,0.05886200132
DGKS9603,Piston core,28.148,127.271,1100,Pacific,182,symbiont-barren,spinose,0.12426422499
DGKS9603,Piston core,28.148,127.271,1100,Pacific,182,symbiont-bearing,non-spinose,0
DGKS9603,Piston core,28.148,127.271,1100,Pacific,182,symbiont-bearing,spinose,0.08502289077
DGKS9603,Piston core,28.148,127.271,1100,Pacific,182,symbiont-facultative,non-spinose,0.31393067362
DGKS9603,Piston core,28.148,127.271,1100,Pacific,182,symbiont-facultative,spinose,0
DGKS9603,Piston core,28.148,127.271,1100,Pacific,182,symbiont-obligate,spinose,0.3243950294
DGKS9603,Piston core,28.148,127.271,1100,Pacific,182,undetermined,non-spinose,0
DGKS9603,Piston core,28.148,127.271,1100,Pacific,184,symbiont-barren,non-spinose,0.05643044621
DGKS9603,Piston core,28.148,127.271,1100,Pacific,184,symbiont-barren,spinose,0.12335958005
DGKS9603,Piston core,28.148,127.271,1100,Pacific,184,symbiont-bearing,non-spinose,0
DGKS9603,Piston core,28.148,127.271,1100,Pacific,184,symbiont-bearing,spinose,0.08234908137
DGKS9603,Piston core,28.148,127.271,1100,Pacific,184,symbiont-facultative,non-spinose,0.31102362205
DGKS9603,Piston core,28.148,127.271,1100,Pacific,184,symbiont-facultative,spinose,0
DGKS9603,Piston core,28.148,127.271,1100,Pacific,184,symbiont-obligate,spinose,0.32611548552
DGKS9603,Piston core,28.148,127.271,1100,Pacific,184,undetermined,non-spinose,0
DGKS9603,Piston core,28.148,127.271,1100,Pacific,186,symbiont-barren,non-spinose,0.05678851176
DGKS9603,Piston core,28.148,127.271,1100,Pacific,186,symbiont-barren,spinose,0.12075718015
DGKS9603,Piston core,28.148,127.271,1100,Pacific,186,symbiont-bearing,non-spinose,0
DGKS9603,Piston core,28.148,127.271,1100,Pacific,186,symbiont-bearing,spinose,0.08485639687
DGKS9603,Piston core,28.148,127.271,1100,Pacific,186,symbiont-facultative,non-spinose,0.31266318541
DGKS9603,Piston core,28.148,127.271,1100,Pacific,186,symbiont-facultative,spinose,0
DGKS9603,Piston core,28.148,127.271,1100,Pacific,186,symbiont-obligate,spinose,0.32539164489
DGKS9603,Piston core,28.148,127.271,1100,Pacific,186,undetermined,non-spinose,0
DGKS9603,Piston core,28.148,127.271,1100,Pacific,188,symbiont-barren,non-spinose,0.06427289048
DGKS9603,Piston core,28.148,127.271,1100,Pacific,188,symbiont-barren,spinose,0.12423698385
DGKS9603,Piston core,28.148,127.271,1100,Pacific,188,symbiont-bearing,non-spinose,0
DGKS9603,Piston core,28.148,127.271,1100,Pacific,188,symbiont-bearing,spinose,0.07612208259
DGKS9603,Piston core,28.148,127.271,1100,Pacific,188,symbiont-facultative,non-spinose,0.29084380606
DGKS9603,Piston core,28.148,127.271,1100,Pacific,188,symbiont-facultative,spinose,0
DGKS9603,Piston core,28.148,127.271,1100,Pacific,188,symbiont-obligate,spinose,0.32675044882
DGKS9603,Piston core,28.148,127.271,1100,Pacific,188,undetermined,non-spinose,0
DGKS9603,Piston core,28.148,127.271,1100,Pacific,191,symbiont-barren,non-spinose,0.06434911242
DGKS9603,Piston core,28.148,127.271,1100,Pacific,191,symbiont-barren,spinose,0.12573964497
DGKS9603,Piston core,28.148,127.271,1100,Pacific,191,symbiont-bearing,non-spinose,0
DGKS9603,Piston core,28.148,127.271,1100,Pacific,191,symbiont-bearing,spinose,0.08357988166
DGKS9603,Piston core,28.148,127.271,1100,Pacific,191,symbiont-facultative,non-spinose,0.29142011838
DGKS9603,Piston core,28.148,127.271,1100,Pacific,191,symbiont-facultative,spinose,0
DGKS9603,Piston core,28.148,127.271,1100,Pacific,191,symbiont-obligate,spinose,0.31915680474
DGKS9603,Piston core,28.148,127.271,1100,Pacific,191,undetermined,non-spinose,0
DGKS9603,Piston core,28.148,127.271,1100,Pacific,193,symbiont-barren,non-spinose,0.05545680767
DGKS9603,Piston core,28.148,127.271,1100,Pacific,193,symbiont-barren,spinose,0.13082118734
DGKS9603,Piston core,28.148,127.271,1100,Pacific,193,symbiont-bearing,non-spinose,0
DGKS9603,Piston core,28.148,127.271,1100,Pacific,193,symbiont-bearing,spinose,0.08674013509
DGKS9603,Piston core,28.148,127.271,1100,Pacific,193,symbiont-facultative,non-spinose,0.29434767156
DGKS9603,Piston core,28.148,127.271,1100,Pacific,193,symbiont-facultative,spinose,0
DGKS9603,Piston core,28.148,127.271,1100,Pacific,193,symbiont-obligate,spinose,0.30927835056
DGKS9603,Piston core,28.148,127.271,1100,Pacific,193,undetermined,non-spinose,0
DGKS9603,Piston core,28.148,127.271,1100,Pacific,195,symbiont-barren,non-spinose,0.05919220055
DGKS9603,Piston core,28.148,127.271,1100,Pacific,195,symbiont-barren,spinose,0.12883008357
DGKS9603,Piston core,28.148,127.271,1100,Pacific,195,symbiont-bearing,non-spinose,0
DGKS9603,Piston core,28.148,127.271,1100,Pacific,195,symbiont-bearing,spinose,0.08774373259
DGKS9603,Piston core,28.148,127.271,1100,Pacific,195,symbiont-facultative,non-spinose,0.28969359336
DGKS9603,Piston core,28.148,127.271,1100,Pacific,195,symbiont-facultative,spinose,0
DGKS9603,Piston core,28.148,127.271,1100,Pacific,195,symbiont-obligate,spinose,0.30501392753
DGKS9603,Piston core,28.148,127.271,1100,Pacific,195,undetermined,non-spinose,0
DGKS9603,Piston core,28.148,127.271,1100,Pacific,197,symbiont-barren,non-spinose,0.05941931127
DGKS9603,Piston core,28.148,127.271,1100,Pacific,197,symbiont-barren,spinose,0.13099257259
DGKS9603,Piston core,28.148,127.271,1100,Pacific,197,symbiont-bearing,non-spinose,0
DGKS9603,Piston core,28.148,127.271,1100,Pacific,197,symbiont-bearing,spinose,0.08912896691
DGKS9603,Piston core,28.148,127.271,1100,Pacific,197,symbiont-facultative,non-spinose,0.29439567863
DGKS9603,Piston core,28.148,127.271,1100,Pacific,197,symbiont-facultative,spinose,0
DGKS9603,Piston core,28.148,127.271,1100,Pacific,197,symbiont-obligate,spinose,0.30452397029
DGKS9603,Piston core,28.148,127.271,1100,Pacific,197,undetermined,non-spinose,0
DGKS9603,Piston core,28.148,127.271,1100,Pacific,199,symbiont-barren,non-spinose,0.05825242719
DGKS9603,Piston core,28.148,127.271,1100,Pacific,199,symbiont-barren,spinose,0.11812297734
DGKS9603,Piston core,28.148,127.271,1100,Pacific,199,symbiont-bearing,non-spinose,0
DGKS9603,Piston core,28.148,127.271,1100,Pacific,199,symbiont-bearing,spinose,0.08414239482
DGKS9603,Piston core,28.148,127.271,1100,Pacific,199,symbiont-facultative,non-spinose,0.30177993524
DGKS9603,Piston core,28.148,127.271,1100,Pacific,199,symbiont-facultative,spinose,0
DGKS9603,Piston core,28.148,127.271,1100,Pacific,199,symbiont-obligate,spinose,0.31715210361
DGKS9603,Piston core,28.148,127.271,1100,Pacific,199,undetermined,non-spinose,0
DGKS9603,Piston core,28.148,127.271,1100,Pacific,201,symbiont-barren,non-spinose,0.06870828425
DGKS9603,Piston core,28.148,127.271,1100,Pacific,201,symbiont-barren,spinose,0.12092658029
DGKS9603,Piston core,28.148,127.271,1100,Pacific,201,symbiont-bearing,non-spinose,0
DGKS9603,Piston core,28.148,127.271,1100,Pacific,201,symbiont-bearing,spinose,0.08480565371
DGKS9603,Piston core,28.148,127.271,1100,Pacific,201,symbiont-facultative,non-spinose,0.29839026311
DGKS9603,Piston core,28.148,127.271,1100,Pacific,201,symbiont-facultative,spinose,0
DGKS9603,Piston core,28.148,127.271,1100,Pacific,201,symbiont-obligate,spinose,0.30624263844
DGKS9603,Piston core,28.148,127.271,1100,Pacific,201,undetermined,non-spinose,0
DGKS9603,Piston core,28.148,127.271,1100,Pacific,204,symbiont-barren,non-spinose,0.06279287723
DGKS9603,Piston core,28.148,127.271,1100,Pacific,204,symbiont-barren,spinose,0.12183692596
DGKS9603,Piston core,28.148,127.271,1100,Pacific,204,symbiont-bearing,non-spinose,0
DGKS9603,Piston core,28.148,127.271,1100,Pacific,204,symbiont-bearing,spinose,0.08528584817
DGKS9603,Piston core,28.148,127.271,1100,Pacific,204,symbiont-facultative,non-spinose,0.29240862229
DGKS9603,Piston core,28.148,127.271,1100,Pacific,204,symbiont-facultative,spinose,0
DGKS9603,Piston core,28.148,127.271,1100,Pacific,204,symbiont-obligate,spinose,0.31958762888
DGKS9603,Piston core,28.148,127.271,1100,Pacific,204,undetermined,non-spinose,0
DGKS9603,Piston core,28.148,127.271,1100,Pacific,206,symbiont-barren,non-spinose,0.06996819628
DGKS9603,Piston core,28.148,127.271,1100,Pacific,206,symbiont-barren,spinose,0.10904134485
DGKS9603,Piston core,28.148,127.271,1100,Pacific,206,symbiont-bearing,non-spinose,0
DGKS9603,Piston core,28.148,127.271,1100,Pacific,206,symbiont-bearing,spinose,0.05724670604
DGKS9603,Piston core,28.148,127.271,1100,Pacific,206,symbiont-facultative,non-spinose,0.30940481599
DGKS9603,Piston core,28.148,127.271,1100,Pacific,206,symbiont-facultative,spinose,0
DGKS9603,Piston core,28.148,127.271,1100,Pacific,206,symbiont-obligate,spinose,0.32530667876
DGKS9603,Piston core,28.148,127.271,1100,Pacific,206,undetermined,non-spinose,0
DGKS9603,Piston core,28.148,127.271,1100,Pacific,208,symbiont-barren,non-spinose,0.07074395253
DGKS9603,Piston core,28.148,127.271,1100,Pacific,208,symbiont-barren,spinose,0.11684162483
DGKS9603,Piston core,28.148,127.271,1100,Pacific,208,symbiont-bearing,non-spinose,0
DGKS9603,Piston core,28.148,127.271,1100,Pacific,208,symbiont-bearing,spinose,0.061159288
DGKS9603,Piston core,28.148,127.271,1100,Pacific,208,symbiont-facultative,non-spinose,0.30579643995
DGKS9603,Piston core,28.148,127.271,1100,Pacific,208,symbiont-facultative,spinose,0
DGKS9603,Piston core,28.148,127.271,1100,Pacific,208,symbiont-obligate,spinose,0.32359653127
DGKS9603,Piston core,28.148,127.271,1100,Pacific,208,undetermined,non-spinose,0
DGKS9603,Piston core,28.148,127.271,1100,Pacific,210,symbiont-barren,non-spinose,0.06124093473
DGKS9603,Piston core,28.148,127.271,1100,Pacific,210,symbiont-barren,spinose,0.14746172441
DGKS9603,Piston core,28.148,127.271,1100,Pacific,210,symbiont-bearing,non-spinose,0
DGKS9603,Piston core,28.148,127.271,1100,Pacific,210,symbiont-bearing,spinose,0.06526994359
DGKS9603,Piston core,28.148,127.271,1100,Pacific,210,symbiont-facultative,non-spinose,0.25946817079
DGKS9603,Piston core,28.148,127.271,1100,Pacific,210,symbiont-facultative,spinose,0
DGKS9603,Piston core,28.148,127.271,1100,Pacific,210,symbiont-obligate,spinose,0.31909750199
DGKS9603,Piston core,28.148,127.271,1100,Pacific,210,undetermined,non-spinose,0
DGKS9603,Piston core,28.148,127.271,1100,Pacific,212,symbiont-barren,non-spinose,0.06418039895
DGKS9603,Piston core,28.148,127.271,1100,Pacific,212,symbiont-barren,spinose,0.15611448395
DGKS9603,Piston core,28.148,127.271,1100,Pacific,212,symbiont-bearing,non-spinose,0
DGKS9603,Piston core,28.148,127.271,1100,Pacific,212,symbiont-bearing,spinose,0.04249783174
DGKS9603,Piston core,28.148,127.271,1100,Pacific,212,symbiont-facultative,non-spinose,0.28274067646
DGKS9603,Piston core,28.148,127.271,1100,Pacific,212,symbiont-facultative,spinose,0
DGKS9603,Piston core,28.148,127.271,1100,Pacific,212,symbiont-obligate,spinose,0.33000867299
DGKS9603,Piston core,28.148,127.271,1100,Pacific,212,undetermined,non-spinose,0
DGKS9603,Piston core,28.148,127.271,1100,Pacific,215,symbiont-barren,non-spinose,0.06292517007
DGKS9603,Piston core,28.148,127.271,1100,Pacific,215,symbiont-barren,spinose,0.14880952381
DGKS9603,Piston core,28.148,127.271,1100,Pacific,215,symbiont-bearing,non-spinose,0
DGKS9603,Piston core,28.148,127.271,1100,Pacific,215,symbiont-bearing,spinose,0.04336734694
DGKS9603,Piston core,28.148,127.271,1100,Pacific,215,symbiont-facultative,non-spinose,0.29251700684
DGKS9603,Piston core,28.148,127.271,1100,Pacific,215,symbiont-facultative,spinose,0
DGKS9603,Piston core,28.148,127.271,1100,Pacific,215,symbiont-obligate,spinose,0.32142857145
DGKS9603,Piston core,28.148,127.271,1100,Pacific,215,undetermined,non-spinose,0
DSDP site 588,,-26.11,161.2266667,1533,Pacific,0.42,symbiont-barren,non-spinose,0.1324
DSDP site 588,,-26.11,161.2266667,1533,Pacific,0.42,symbiont-barren,spinose,0.1457
DSDP site 588,,-26.11,161.2266667,1533,Pacific,0.42,symbiont-bearing,non-spinose,0
DSDP site 588,,-26.11,161.2266667,1533,Pacific,0.42,symbiont-bearing,spinose,0.043
DSDP site 588,,-26.11,161.2266667,1533,Pacific,0.42,symbiont-facultative,non-spinose,0.2748
DSDP site 588,,-26.11,161.2266667,1533,Pacific,0.42,symbiont-facultative,spinose,0
DSDP site 588,,-26.11,161.2266667,1533,Pacific,0.42,symbiont-obligate,spinose,0.3807
DSDP site 588,,-26.11,161.2266667,1533,Pacific,0.42,undetermined,non-spinose,0
DSDP site 591,,-31.58433333,164.4486667,2131,Pacific,0.4,symbiont-barren,non-spinose,0.22289999996
DSDP site 591,,-31.58433333,164.4486667,2131,Pacific,0.4,symbiont-barren,spinose,0.2707
DSDP site 591,,-31.58433333,164.4486667,2131,Pacific,0.4,symbiont-bearing,non-spinose,0
DSDP site 591,,-31.58433333,164.4486667,2131,Pacific,0.4,symbiont-bearing,spinose,0.0064
DSDP site 591,,-31.58433333,164.4486667,2131,Pacific,0.4,symbiont-facultative,non-spinose,0.3184
DSDP site 591,,-31.58433333,164.4486667,2131,Pacific,0.4,symbiont-facultative,spinose,0
DSDP site 591,,-31.58433333,164.4486667,2131,Pacific,0.4,symbiont-obligate,spinose,0.1751
DSDP site 591,,-31.58433333,164.4486667,2131,Pacific,0.4,undetermined,non-spinose,0
DSDP site 592,,-36.47333333,165.4421667,1088,Pacific,0.31,symbiont-barren,non-spinose,0.3573
DSDP site 592,,-36.47333333,165.4421667,1088,Pacific,0.31,symbiont-barren,spinose,0.2943
DSDP site 592,,-36.47333333,165.4421667,1088,Pacific,0.31,symbiont-bearing,non-spinose,0
DSDP site 592,,-36.47333333,165.4421667,1088,Pacific,0.31,symbiont-bearing,spinose,0
DSDP site 592,,-36.47333333,165.4421667,1088,Pacific,0.31,symbiont-facultative,non-spinose,0.3182
DSDP site 592,,-36.47333333,165.4421667,1088,Pacific,0.31,symbiont-facultative,spinose,0
DSDP site 592,,-36.47333333,165.4421667,1088,Pacific,0.31,symbiont-obligate,spinose,0.027
DSDP site 592,,-36.47333333,165.4421667,1088,Pacific,0.31,undetermined,non-spinose,0
DSDP site 593,,-40.5078,167.6745,1068,Pacific,0.38,symbiont-barren,non-spinose,0.3125
DSDP site 593,,-40.5078,167.6745,1068,Pacific,0.38,symbiont-barren,spinose,0.4425
DSDP site 593,,-40.5078,167.6745,1068,Pacific,0.38,symbiont-bearing,non-spinose,0
DSDP site 593,,-40.5078,167.6745,1068,Pacific,0.38,symbiont-bearing,spinose,0
DSDP site 593,,-40.5078,167.6745,1068,Pacific,0.38,symbiont-facultative,non-spinose,0.24
DSDP site 593,,-40.5078,167.6745,1068,Pacific,0.38,symbiont-facultative,spinose,0
DSDP site 593,,-40.5078,167.6745,1068,Pacific,0.38,symbiont-obligate,spinose,0.0025
DSDP site 593,,-40.5078,167.6745,1068,Pacific,0.38,undetermined,non-spinose,0.005
DSDP site 594,,-45.5235,174.948,1204,Pacific,2.52,symbiont-barren,non-spinose,0
DSDP site 594,,-45.5235,174.948,1204,Pacific,2.52,symbiont-barren,spinose,0
DSDP site 594,,-45.5235,174.948,1204,Pacific,2.52,symbiont-bearing,non-spinose,0
DSDP site 594,,-45.5235,174.948,1204,Pacific,2.52,symbiont-bearing,spinose,0
DSDP site 594,,-45.5235,174.948,1204,Pacific,2.52,symbiont-facultative,non-spinose,0
DSDP site 594,,-45.5235,174.948,1204,Pacific,2.52,symbiont-facultative,spinose,0
DSDP site 594,,-45.5235,174.948,1204,Pacific,2.52,symbiont-obligate,spinose,0
DSDP site 594,,-45.5235,174.948,1204,Pacific,2.52,undetermined,non-spinose,0
E-34,,19.26883333,-94.5115,1280,North Atlantic,,symbiont-barren,non-spinose,0.766324477680712
E-34,,19.26883333,-94.5115,1280,North Atlantic,,symbiont-barren,spinose,0.565534806156582
E-34,,19.26883333,-94.5115,1280,North Atlantic,,symbiont-bearing,non-spinose,0.00719433588793585
E-34,,19.26883333,-94.5115,1280,North Atlantic,,symbiont-bearing,spinose,0
E-34,,19.26883333,-94.5115,1280,North Atlantic,,symbiont-facultative,spinose,0
E-34,,19.26883333,-94.5115,1280,North Atlantic,,undetermined,non-spinose,0
E-35,,19.16266667,-94.535,1182,North Atlantic,,symbiont-barren,non-spinose,0.560767065923053
E-35,,19.16266667,-94.535,1182,North Atlantic,,symbiont-barren,spinose,0.234733403530315
E-35,,19.16266667,-94.535,1182,North Atlantic,,symbiont-bearing,non-spinose,0.0155714274697076
E-35,,19.16266667,-94.535,1182,North Atlantic,,symbiont-bearing,spinose,0.0113905804011546
E-35,,19.16266667,-94.535,1182,North Atlantic,,symbiont-facultative,non-spinose,1.00435062031617
E-35,,19.16266667,-94.535,1182,North Atlantic,,symbiont-facultative,spinose,0
E-35,,19.16266667,-94.535,1182,North Atlantic,,undetermined,non-spinose,0.015775727888022
E-37,,18.961,-94.50916667,786,North Atlantic,,symbiont-barren,non-spinose,0.704277744330724
E-37,,18.961,-94.50916667,786,North Atlantic,,symbiont-barren,spinose,0.204872366044551
E-37,,18.961,-94.50916667,786,North Atlantic,,symbiont-bearing,non-spinose,0.004
E-37,,18.961,-94.50916667,786,North Atlantic,,symbiont-bearing,spinose,0.004
E-37,,18.961,-94.50916667,786,North Atlantic,,symbiont-facultative,non-spinose,0.0949913706602448
E-37,,18.961,-94.50916667,786,North Atlantic,,symbiont-facultative,spinose,0
E-37,,18.961,-94.50916667,786,North Atlantic,,undetermined,non-spinose,0.00378787878787879
E26-001,,-40.28333333,168.34,914,Pacific,0.61,symbiont-barren,non-spinose,0
E26-001,,-40.28333333,168.34,914,Pacific,0.61,symbiont-barren,spinose,0
E26-001,,-40.28333333,168.34,914,Pacific,0.61,symbiont-bearing,non-spinose,0
E26-001,,-40.28333333,168.34,914,Pacific,0.61,symbiont-bearing,spinose,0
E26-001,,-40.28333333,168.34,914,Pacific,0.61,symbiont-facultative,non-spinose,0
E26-001,,-40.28333333,168.34,914,Pacific,0.61,symbiont-facultative,spinose,0
E26-001,,-40.28333333,168.34,914,Pacific,0.61,symbiont-obligate,spinose,0
E26-001,,-40.28333333,168.34,914,Pacific,0.61,undetermined,non-spinose,0
E27-030,,-45.0667,147.2283,3552,Pacific,0.6,symbiont-barren,non-spinose,0
E27-030,,-45.0667,147.2283,3552,Pacific,0.6,symbiont-barren,spinose,0
E27-030,,-45.0667,147.2283,3552,Pacific,0.6,symbiont-bearing,non-spinose,0
E27-030,,-45.0667,147.2283,3552,Pacific,0.6,symbiont-bearing,spinose,0
E27-030,,-45.0667,147.2283,3552,Pacific,0.6,symbiont-facultative,non-spinose,0
E27-030,,-45.0667,147.2283,3552,Pacific,0.6,symbiont-facultative,spinose,0
E27-030,,-45.0667,147.2283,3552,Pacific,0.6,symbiont-obligate,spinose,0
E27-030,,-45.0667,147.2283,3552,Pacific,0.6,undetermined,non-spinose,0
E36-023,,-43.9167,150.0505556,2533,Pacific,0.19,symbiont-barren,non-spinose,0.20831168
E36-023,,-43.9167,150.0505556,2533,Pacific,0.19,symbiont-barren,spinose,0.607
E36-023,,-43.9167,150.0505556,2533,Pacific,0.19,symbiont-bearing,non-spinose,0
E36-023,,-43.9167,150.0505556,2533,Pacific,0.19,symbiont-bearing,spinose,0
E36-023,,-43.9167,150.0505556,2533,Pacific,0.19,symbiont-facultative,non-spinose,0.1789
E36-023,,-43.9167,150.0505556,2533,Pacific,0.19,symbiont-facultative,spinose,0
E36-023,,-43.9167,150.0505556,2533,Pacific,0.19,symbiont-obligate,spinose,0.0064
E36-023,,-43.9167,150.0505556,2533,Pacific,0.19,undetermined,non-spinose,0
E45-027,,-43.23333333,105.5833333,3779,Indian,0.3,symbiont-barren,non-spinose,0
E45-027,,-43.23333333,105.5833333,3779,Indian,0.3,symbiont-barren,spinose,0
E45-027,,-43.23333333,105.5833333,3779,Indian,0.3,symbiont-bearing,non-spinose,0
E45-027,,-43.23333333,105.5833333,3779,Indian,0.3,symbiont-bearing,spinose,0
E45-027,,-43.23333333,105.5833333,3779,Indian,0.3,symbiont-facultative,non-spinose,0
E45-027,,-43.23333333,105.5833333,3779,Indian,0.3,symbiont-facultative,spinose,0
E45-027,,-43.23333333,105.5833333,3779,Indian,0.3,symbiont-obligate,spinose,0
E45-027,,-43.23333333,105.5833333,3779,Indian,0.3,undetermined,non-spinose,0
E45-029,,-44.88333333,106.5166667,3863,Indian,0.39,symbiont-barren,non-spinose,0.355
E45-029,,-44.88333333,106.5166667,3863,Indian,0.39,symbiont-barren,spinose,0.493
E45-029,,-44.88333333,106.5166667,3863,Indian,0.39,symbiont-bearing,non-spinose,0
E45-029,,-44.88333333,106.5166667,3863,Indian,0.39,symbiont-bearing,spinose,0
E45-029,,-44.88333333,106.5166667,3863,Indian,0.39,symbiont-facultative,non-spinose,0.153
E45-029,,-44.88333333,106.5166667,3863,Indian,0.39,symbiont-facultative,spinose,0
E45-029,,-44.88333333,106.5166667,3863,Indian,0.39,symbiont-obligate,spinose,0
E45-029,,-44.88333333,106.5166667,3863,Indian,0.39,undetermined,non-spinose,0
E45-078,,-45.037,114.348,4031,Indian,0.31,symbiont-barren,non-spinose,0
E45-078,,-45.037,114.348,4031,Indian,0.31,symbiont-barren,spinose,0
E45-078,,-45.037,114.348,4031,Indian,0.31,symbiont-bearing,non-spinose,0
E45-078,,-45.037,114.348,4031,Indian,0.31,symbiont-bearing,spinose,0
E45-078,,-45.037,114.348,4031,Indian,0.31,symbiont-facultative,non-spinose,0
E45-078,,-45.037,114.348,4031,Indian,0.31,symbiont-facultative,spinose,0
E45-078,,-45.037,114.348,4031,Indian,0.31,symbiont-obligate,spinose,0
E45-078,,-45.037,114.348,4031,Indian,0.31,undetermined,non-spinose,0
E45-102,,-33.61666667,113.5833333,1980,Indian,0.24,symbiont-barren,non-spinose,0
E45-102,,-33.61666667,113.5833333,1980,Indian,0.24,symbiont-barren,spinose,0
E45-102,,-33.61666667,113.5833333,1980,Indian,0.24,symbiont-bearing,non-spinose,0
E45-102,,-33.61666667,113.5833333,1980,Indian,0.24,symbiont-bearing,spinose,0
E45-102,,-33.61666667,113.5833333,1980,Indian,0.24,symbiont-facultative,non-spinose,0
E45-102,,-33.61666667,113.5833333,1980,Indian,0.24,symbiont-facultative,spinose,0
E45-102,,-33.61666667,113.5833333,1980,Indian,0.24,symbiont-obligate,spinose,0
E45-102,,-33.61666667,113.5833333,1980,Indian,0.24,undetermined,non-spinose,0
E48-003,,-41.02,100.0116667,3868,Indian,0.22,symbiont-barren,non-spinose,0.205
E48-003,,-41.02,100.0116667,3868,Indian,0.22,symbiont-barren,spinose,0.618
E48-003,,-41.02,100.0116667,3868,Indian,0.22,symbiont-bearing,non-spinose,0
E48-003,,-41.02,100.0116667,3868,Indian,0.22,symbiont-bearing,spinose,0
E48-003,,-41.02,100.0116667,3868,Indian,0.22,symbiont-facultative,non-spinose,0.169
E48-003,,-41.02,100.0116667,3868,Indian,0.22,symbiont-facultative,spinose,0
E48-003,,-41.02,100.0116667,3868,Indian,0.22,symbiont-obligate,spinose,0
E48-003,,-41.02,100.0116667,3868,Indian,0.22,undetermined,non-spinose,0
E48-011,,-29.7,97.58333333,3462,Indian,0.22,symbiont-barren,non-spinose,0
E48-011,,-29.7,97.58333333,3462,Indian,0.22,symbiont-barren,spinose,0
E48-011,,-29.7,97.58333333,3462,Indian,0.22,symbiont-bearing,non-spinose,0
E48-011,,-29.7,97.58333333,3462,Indian,0.22,symbiont-bearing,spinose,0
E48-011,,-29.7,97.58333333,3462,Indian,0.22,symbiont-facultative,non-spinose,0
E48-011,,-29.7,97.58333333,3462,Indian,0.22,symbiont-facultative,spinose,0
E48-011,,-29.7,97.58333333,3462,Indian,0.22,symbiont-obligate,spinose,0
E48-011,,-29.7,97.58333333,3462,Indian,0.22,undetermined,non-spinose,0
E48-022,,-39.895,85.41,3324,Indian,0.82,symbiont-barren,non-spinose,0.35
E48-022,,-39.895,85.41,3324,Indian,0.82,symbiont-barren,spinose,0.507
E48-022,,-39.895,85.41,3324,Indian,0.82,symbiont-bearing,non-spinose,0
E48-022,,-39.895,85.41,3324,Indian,0.82,symbiont-bearing,spinose,0
E48-022,,-39.895,85.41,3324,Indian,0.82,symbiont-facultative,non-spinose,0.129
E48-022,,-39.895,85.41,3324,Indian,0.82,symbiont-facultative,spinose,0
E48-022,,-39.895,85.41,3324,Indian,0.82,symbiont-obligate,spinose,0.004
E48-022,,-39.895,85.41,3324,Indian,0.82,undetermined,non-spinose,0
E48-023,,-39.515,83.72333333,3459,Indian,0.55,symbiont-barren,non-spinose,0.379
E48-023,,-39.515,83.72333333,3459,Indian,0.55,symbiont-barren,spinose,0.418
E48-023,,-39.515,83.72333333,3459,Indian,0.55,symbiont-bearing,non-spinose,0
E48-023,,-39.515,83.72333333,3459,Indian,0.55,symbiont-bearing,spinose,0
E48-023,,-39.515,83.72333333,3459,Indian,0.55,symbiont-facultative,non-spinose,0.13
E48-023,,-39.515,83.72333333,3459,Indian,0.55,symbiont-facultative,spinose,0
E48-023,,-39.515,83.72333333,3459,Indian,0.55,symbiont-obligate,spinose,0.063
E48-023,,-39.515,83.72333333,3459,Indian,0.55,undetermined,non-spinose,0
E48-027,,-38.54166667,79.89833333,3231,Indian,0.62,symbiont-barren,non-spinose,0.329
E48-027,,-38.54166667,79.89833333,3231,Indian,0.62,symbiont-barren,spinose,0.501
E48-027,,-38.54166667,79.89833333,3231,Indian,0.62,symbiont-bearing,non-spinose,0
E48-027,,-38.54166667,79.89833333,3231,Indian,0.62,symbiont-bearing,spinose,0.003
E48-027,,-38.54166667,79.89833333,3231,Indian,0.62,symbiont-facultative,non-spinose,0.154
E48-027,,-38.54166667,79.89833333,3231,Indian,0.62,symbiont-facultative,spinose,0
E48-027,,-38.54166667,79.89833333,3231,Indian,0.62,symbiont-obligate,spinose,0.009
E48-027,,-38.54166667,79.89833333,3231,Indian,0.62,undetermined,non-spinose,0
E48-028,,-38.54833333,79.91833333,3173,Indian,0.73,symbiont-barren,non-spinose,0.382
E48-028,,-38.54833333,79.91833333,3173,Indian,0.73,symbiont-barren,spinose,0.403
E48-028,,-38.54833333,79.91833333,3173,Indian,0.73,symbiont-bearing,non-spinose,0
E48-028,,-38.54833333,79.91833333,3173,Indian,0.73,symbiont-bearing,spinose,0.006
E48-028,,-38.54833333,79.91833333,3173,Indian,0.73,symbiont-facultative,non-spinose,0.178
E48-028,,-38.54833333,79.91833333,3173,Indian,0.73,symbiont-facultative,spinose,0
E48-028,,-38.54833333,79.91833333,3173,Indian,0.73,symbiont-obligate,spinose,0.024
E48-028,,-38.54833333,79.91833333,3173,Indian,0.73,undetermined,non-spinose,0
E48-035,,-30.35333333,86.485,1800,Indian,0.355,symbiont-barren,non-spinose,0
E48-035,,-30.35333333,86.485,1800,Indian,0.355,symbiont-barren,spinose,0
E48-035,,-30.35333333,86.485,1800,Indian,0.355,symbiont-bearing,non-spinose,0
E48-035,,-30.35333333,86.485,1800,Indian,0.355,symbiont-bearing,spinose,0
E48-035,,-30.35333333,86.485,1800,Indian,0.355,symbiont-facultative,non-spinose,0
E48-035,,-30.35333333,86.485,1800,Indian,0.355,symbiont-facultative,spinose,0
E48-035,,-30.35333333,86.485,1800,Indian,0.355,symbiont-obligate,spinose,0
E48-035,,-30.35333333,86.485,1800,Indian,0.355,undetermined,non-spinose,0
E49-018,,-46.05,90.16666667,3291,Indian,0.5,symbiont-barren,non-spinose,0.622
E49-018,,-46.05,90.16666667,3291,Indian,0.5,symbiont-barren,spinose,0.238
E49-018,,-46.05,90.16666667,3291,Indian,0.5,symbiont-bearing,non-spinose,0
E49-018,,-46.05,90.16666667,3291,Indian,0.5,symbiont-bearing,spinose,0
E49-018,,-46.05,90.16666667,3291,Indian,0.5,symbiont-facultative,non-spinose,0.134
E49-018,,-46.05,90.16666667,3291,Indian,0.5,symbiont-facultative,spinose,0
E49-018,,-46.05,90.16666667,3291,Indian,0.5,symbiont-obligate,spinose,0.006
E49-018,,-46.05,90.16666667,3291,Indian,0.5,undetermined,non-spinose,0
E49-021,,-42.18333333,94.88333333,3328,Indian,0.49,symbiont-barren,non-spinose,0.238
E49-021,,-42.18333333,94.88333333,3328,Indian,0.49,symbiont-barren,spinose,0.578
E49-021,,-42.18333333,94.88333333,3328,Indian,0.49,symbiont-bearing,non-spinose,0
E49-021,,-42.18333333,94.88333333,3328,Indian,0.49,symbiont-bearing,spinose,0
E49-021,,-42.18333333,94.88333333,3328,Indian,0.49,symbiont-facultative,non-spinose,0.175
E49-021,,-42.18333333,94.88333333,3328,Indian,0.49,symbiont-facultative,spinose,0
E49-021,,-42.18333333,94.88333333,3328,Indian,0.49,symbiont-obligate,spinose,0.009
E49-021,,-42.18333333,94.88333333,3328,Indian,0.49,undetermined,non-spinose,0
E49-023,,-47.11666667,95.08333333,3206,Indian,0.59,symbiont-barren,non-spinose,0.851
E49-023,,-47.11666667,95.08333333,3206,Indian,0.59,symbiont-barren,spinose,0.1
E49-023,,-47.11666667,95.08333333,3206,Indian,0.59,symbiont-bearing,non-spinose,0
E49-023,,-47.11666667,95.08333333,3206,Indian,0.59,symbiont-bearing,spinose,0
E49-023,,-47.11666667,95.08333333,3206,Indian,0.59,symbiont-facultative,non-spinose,0.049
E49-023,,-47.11666667,95.08333333,3206,Indian,0.59,symbiont-facultative,spinose,0
E49-023,,-47.11666667,95.08333333,3206,Indian,0.59,symbiont-obligate,spinose,0
E49-023,,-47.11666667,95.08333333,3206,Indian,0.59,undetermined,non-spinose,0
E55-006,,-38.8533,141.0633,2346,Indian,0.4,symbiont-barren,non-spinose,0
E55-006,,-38.8533,141.0633,2346,Indian,0.4,symbiont-barren,spinose,0
E55-006,,-38.8533,141.0633,2346,Indian,0.4,symbiont-bearing,non-spinose,0
E55-006,,-38.8533,141.0633,2346,Indian,0.4,symbiont-bearing,spinose,0
E55-006,,-38.8533,141.0633,2346,Indian,0.4,symbiont-facultative,non-spinose,0
E55-006,,-38.8533,141.0633,2346,Indian,0.4,symbiont-facultative,spinose,0
E55-006,,-38.8533,141.0633,2346,Indian,0.4,symbiont-obligate,spinose,0
E55-006,,-38.8533,141.0633,2346,Indian,0.4,undetermined,non-spinose,0
EN6601-10,,6.65,-21.9,3527,North Atlantic,30.5,symbiont-barren,non-spinose,0.147138964577657
EN6601-10,,6.65,-21.9,3527,North Atlantic,30.5,symbiont-barren,spinose,0.0463215258855586
EN6601-10,,6.65,-21.9,3527,North Atlantic,30.5,symbiont-bearing,non-spinose,0
EN6601-10,,6.65,-21.9,3527,North Atlantic,30.5,symbiont-bearing,spinose,0.0217983651226158
EN6601-10,,6.65,-21.9,3527,North Atlantic,30.5,symbiont-facultative,non-spinose,0.198910081743869
EN6601-10,,6.65,-21.9,3527,North Atlantic,30.5,symbiont-facultative,spinose,0
EN6601-10,,6.65,-21.9,3527,North Atlantic,30.5,symbiont-obligate,spinose,0.583106267029973
EN6601-10,,6.65,-21.9,3527,North Atlantic,30.5,undetermined,non-spinose,0
FR1/94-GC03,,-44.2606,149.9963889,2667,Pacific,0.3,symbiont-barren,non-spinose,0
FR1/94-GC03,,-44.2606,149.9963889,2667,Pacific,0.3,symbiont-barren,spinose,0
FR1/94-GC03,,-44.2606,149.9963889,2667,Pacific,0.3,symbiont-bearing,non-spinose,0
FR1/94-GC03,,-44.2606,149.9963889,2667,Pacific,0.3,symbiont-bearing,spinose,0
FR1/94-GC03,,-44.2606,149.9963889,2667,Pacific,0.3,symbiont-facultative,non-spinose,0
FR1/94-GC03,,-44.2606,149.9963889,2667,Pacific,0.3,symbiont-facultative,spinose,0
FR1/94-GC03,,-44.2606,149.9963889,2667,Pacific,0.3,symbiont-obligate,spinose,0
FR1/94-GC03,,-44.2606,149.9963889,2667,Pacific,0.3,undetermined,non-spinose,0
FR10/95-GC05,,-14.00916667,121.0263333,2472,Indian,0.67,symbiont-barren,non-spinose,0.07387
FR10/95-GC05,,-14.00916667,121.0263333,2472,Indian,0.67,symbiont-barren,spinose,0.032
FR10/95-GC05,,-14.00916667,121.0263333,2472,Indian,0.67,symbiont-bearing,non-spinose,0
FR10/95-GC05,,-14.00916667,121.0263333,2472,Indian,0.67,symbiont-bearing,spinose,0.0777
FR10/95-GC05,,-14.00916667,121.0263333,2472,Indian,0.67,symbiont-facultative,non-spinose,0.4464
FR10/95-GC05,,-14.00916667,121.0263333,2472,Indian,0.67,symbiont-facultative,spinose,0
FR10/95-GC05,,-14.00916667,121.0263333,2472,Indian,0.67,symbiont-obligate,spinose,0.36207
FR10/95-GC05,,-14.00916667,121.0263333,2472,Indian,0.67,undetermined,non-spinose,0
FR10/95-GC11,,-17.64283333,114.9988333,2458,Indian,0.29,symbiont-barren,non-spinose,0.063
FR10/95-GC11,,-17.64283333,114.9988333,2458,Indian,0.29,symbiont-barren,spinose,0.0532
FR10/95-GC11,,-17.64283333,114.9988333,2458,Indian,0.29,symbiont-bearing,non-spinose,0
FR10/95-GC11,,-17.64283333,114.9988333,2458,Indian,0.29,symbiont-bearing,spinose,0.0797
FR10/95-GC11,,-17.64283333,114.9988333,2458,Indian,0.29,symbiont-facultative,non-spinose,0.3954
FR10/95-GC11,,-17.64283333,114.9988333,2458,Indian,0.29,symbiont-facultative,spinose,0
FR10/95-GC11,,-17.64283333,114.9988333,2458,Indian,0.29,symbiont-obligate,spinose,0.3986
FR10/95-GC11,,-17.64283333,114.9988333,2458,Indian,0.29,undetermined,non-spinose,0.0033
FR10/95-GC14,,-20.04516667,112.6621667,997,Indian,0.39,symbiont-barren,non-spinose,0.033
FR10/95-GC14,,-20.04516667,112.6621667,997,Indian,0.39,symbiont-barren,spinose,0.245
FR10/95-GC14,,-20.04516667,112.6621667,997,Indian,0.39,symbiont-bearing,non-spinose,0
FR10/95-GC14,,-20.04516667,112.6621667,997,Indian,0.39,symbiont-bearing,spinose,0.0364
FR10/95-GC14,,-20.04516667,112.6621667,997,Indian,0.39,symbiont-facultative,non-spinose,0.3907
FR10/95-GC14,,-20.04516667,112.6621667,997,Indian,0.39,symbiont-facultative,spinose,0
FR10/95-GC14,,-20.04516667,112.6621667,997,Indian,0.39,symbiont-obligate,spinose,0.2914
FR10/95-GC14,,-20.04516667,112.6621667,997,Indian,0.39,undetermined,non-spinose,0
FR10/95-GC17,,-22.129,113.5018333,1093,Indian,1.43,symbiont-barren,non-spinose,0.013
FR10/95-GC17,,-22.129,113.5018333,1093,Indian,1.43,symbiont-barren,spinose,0.143
FR10/95-GC17,,-22.129,113.5018333,1093,Indian,1.43,symbiont-bearing,non-spinose,0
FR10/95-GC17,,-22.129,113.5018333,1093,Indian,1.43,symbiont-bearing,spinose,0.055
FR10/95-GC17,,-22.129,113.5018333,1093,Indian,1.43,symbiont-facultative,non-spinose,0.561
FR10/95-GC17,,-22.129,113.5018333,1093,Indian,1.43,symbiont-facultative,spinose,0.003
FR10/95-GC17,,-22.129,113.5018333,1093,Indian,1.43,symbiont-obligate,spinose,0.22
FR10/95-GC17,,-22.129,113.5018333,1093,Indian,1.43,undetermined,non-spinose,0
FR10/95-GC20,,-24.7445,111.8291667,841,Indian,0.64,symbiont-barren,non-spinose,0.003
FR10/95-GC20,,-24.7445,111.8291667,841,Indian,0.64,symbiont-barren,spinose,0.119
FR10/95-GC20,,-24.7445,111.8291667,841,Indian,0.64,symbiont-bearing,non-spinose,0
FR10/95-GC20,,-24.7445,111.8291667,841,Indian,0.64,symbiont-bearing,spinose,0.053
FR10/95-GC20,,-24.7445,111.8291667,841,Indian,0.64,symbiont-facultative,non-spinose,0.56
FR10/95-GC20,,-24.7445,111.8291667,841,Indian,0.64,symbiont-facultative,spinose,0
FR10/95-GC20,,-24.7445,111.8291667,841,Indian,0.64,symbiont-obligate,spinose,0.262
FR10/95-GC20,,-24.7445,111.8291667,841,Indian,0.64,undetermined,non-spinose,0
FR10/95-GC29,,-30.99183333,114.5895,1220,Indian,0.91,symbiont-barren,non-spinose,0.04
FR10/95-GC29,,-30.99183333,114.5895,1220,Indian,0.91,symbiont-barren,spinose,0.129
FR10/95-GC29,,-30.99183333,114.5895,1220,Indian,0.91,symbiont-bearing,non-spinose,0
FR10/95-GC29,,-30.99183333,114.5895,1220,Indian,0.91,symbiont-bearing,spinose,0.016
FR10/95-GC29,,-30.99183333,114.5895,1220,Indian,0.91,symbiont-facultative,non-spinose,0.576
FR10/95-GC29,,-30.99183333,114.5895,1220,Indian,0.91,symbiont-facultative,spinose,0.003
FR10/95-GC29,,-30.99183333,114.5895,1220,Indian,0.91,symbiont-obligate,spinose,0.201
FR10/95-GC29,,-30.99183333,114.5895,1220,Indian,0.91,undetermined,non-spinose,0
FR2/96-GC10,,-24.46416667,108.5101667,2852,Indian,0.26,symbiont-barren,non-spinose,0.016
FR2/96-GC10,,-24.46416667,108.5101667,2852,Indian,0.26,symbiont-barren,spinose,0.095
FR2/96-GC10,,-24.46416667,108.5101667,2852,Indian,0.26,symbiont-bearing,non-spinose,0
FR2/96-GC10,,-24.46416667,108.5101667,2852,Indian,0.26,symbiont-bearing,spinose,0.044
FR2/96-GC10,,-24.46416667,108.5101667,2852,Indian,0.26,symbiont-facultative,non-spinose,0.507
FR2/96-GC10,,-24.46416667,108.5101667,2852,Indian,0.26,symbiont-facultative,spinose,0.003
FR2/96-GC10,,-24.46416667,108.5101667,2852,Indian,0.26,symbiont-obligate,spinose,0.311
FR2/96-GC10,,-24.46416667,108.5101667,2852,Indian,0.26,undetermined,non-spinose,0
FR2/96-GC17,,-12.24666667,112.7378333,2571,Indian,0.43,symbiont-barren,non-spinose,0.1266
FR2/96-GC17,,-12.24666667,112.7378333,2571,Indian,0.43,symbiont-barren,spinose,0.0849
FR2/96-GC17,,-12.24666667,112.7378333,2571,Indian,0.43,symbiont-bearing,non-spinose,0
FR2/96-GC17,,-12.24666667,112.7378333,2571,Indian,0.43,symbiont-bearing,spinose,0.009
FR2/96-GC17,,-12.24666667,112.7378333,2571,Indian,0.43,symbiont-facultative,non-spinose,0.4505
FR2/96-GC17,,-12.24666667,112.7378333,2571,Indian,0.43,symbiont-facultative,spinose,0
FR2/96-GC17,,-12.24666667,112.7378333,2571,Indian,0.43,symbiont-obligate,spinose,0.3164
FR2/96-GC17,,-12.24666667,112.7378333,2571,Indian,0.43,undetermined,non-spinose,0
FR2/96-GC27,,-18.56183333,116.2668333,1024,Indian,1.29,symbiont-barren,non-spinose,0.033
FR2/96-GC27,,-18.56183333,116.2668333,1024,Indian,1.29,symbiont-barren,spinose,0.0463
FR2/96-GC27,,-18.56183333,116.2668333,1024,Indian,1.29,symbiont-bearing,non-spinose,0
FR2/96-GC27,,-18.56183333,116.2668333,1024,Indian,1.29,symbiont-bearing,spinose,0.0832
FR2/96-GC27,,-18.56183333,116.2668333,1024,Indian,1.29,symbiont-facultative,non-spinose,0.2549
FR2/96-GC27,,-18.56183333,116.2668333,1024,Indian,1.29,symbiont-facultative,spinose,0
FR2/96-GC27,,-18.56183333,116.2668333,1024,Indian,1.29,symbiont-obligate,spinose,0.5692
FR2/96-GC27,,-18.56183333,116.2668333,1024,Indian,1.29,undetermined,non-spinose,0.0033
GIK12309-2,,26.8383,-15.11,2820,North Atlantic,1.62,symbiont-barren,non-spinose,0.333
GIK12309-2,,26.8383,-15.11,2820,North Atlantic,1.62,symbiont-barren,spinose,0.318
GIK12309-2,,26.8383,-15.11,2820,North Atlantic,1.62,symbiont-bearing,non-spinose,0.001
GIK12309-2,,26.8383,-15.11,2820,North Atlantic,1.62,symbiont-bearing,spinose,0.003
GIK12309-2,,26.8383,-15.11,2820,North Atlantic,1.62,symbiont-facultative,non-spinose,0.286
GIK12309-2,,26.8383,-15.11,2820,North Atlantic,1.62,symbiont-facultative,spinose,0
GIK12309-2,,26.8383,-15.11,2820,North Atlantic,1.62,symbiont-obligate,spinose,0.037
GIK12309-2,,26.8383,-15.11,2820,North Atlantic,1.62,undetermined,non-spinose,0
GIK12309-2,,26.8383,-15.11,2820,North Atlantic,1.73,symbiont-barren,non-spinose,0.275
GIK12309-2,,26.8383,-15.11,2820,North Atlantic,1.73,symbiont-barren,spinose,0.409
GIK12309-2,,26.8383,-15.11,2820,North Atlantic,1.73,symbiont-bearing,non-spinose,0.001
GIK12309-2,,26.8383,-15.11,2820,North Atlantic,1.73,symbiont-bearing,spinose,0
GIK12309-2,,26.8383,-15.11,2820,North Atlantic,1.73,symbiont-facultative,non-spinose,0.233
GIK12309-2,,26.8383,-15.11,2820,North Atlantic,1.73,symbiont-facultative,spinose,0
GIK12309-2,,26.8383,-15.11,2820,North Atlantic,1.73,symbiont-obligate,spinose,0.065
GIK12309-2,,26.8383,-15.11,2820,North Atlantic,1.73,undetermined,non-spinose,0
GIK12309-2,,26.8383,-15.11,2820,North Atlantic,1.82,symbiont-barren,non-spinose,0.332
GIK12309-2,,26.8383,-15.11,2820,North Atlantic,1.82,symbiont-barren,spinose,0.352
GIK12309-2,,26.8383,-15.11,2820,North Atlantic,1.82,symbiont-bearing,non-spinose,0
GIK12309-2,,26.8383,-15.11,2820,North Atlantic,1.82,symbiont-bearing,spinose,0
GIK12309-2,,26.8383,-15.11,2820,North Atlantic,1.82,symbiont-facultative,non-spinose,0.247
GIK12309-2,,26.8383,-15.11,2820,North Atlantic,1.82,symbiont-facultative,spinose,0
GIK12309-2,,26.8383,-15.11,2820,North Atlantic,1.82,symbiont-obligate,spinose,0.059
GIK12309-2,,26.8383,-15.11,2820,North Atlantic,1.82,undetermined,non-spinose,0
GIK12310-4,,23.4983,-18.7167,3080,North Atlantic,1.11,symbiont-barren,non-spinose,0.409
GIK12310-4,,23.4983,-18.7167,3080,North Atlantic,1.11,symbiont-barren,spinose,0.354
GIK12310-4,,23.4983,-18.7167,3080,North Atlantic,1.11,symbiont-bearing,non-spinose,0
GIK12310-4,,23.4983,-18.7167,3080,North Atlantic,1.11,symbiont-bearing,spinose,0.002
GIK12310-4,,23.4983,-18.7167,3080,North Atlantic,1.11,symbiont-facultative,non-spinose,0.2
GIK12310-4,,23.4983,-18.7167,3080,North Atlantic,1.11,symbiont-facultative,spinose,0
GIK12310-4,,23.4983,-18.7167,3080,North Atlantic,1.11,symbiont-obligate,spinose,0.036
GIK12310-4,,23.4983,-18.7167,3080,North Atlantic,1.11,undetermined,non-spinose,0
GIK12310-4,,23.4983,-18.7167,3080,North Atlantic,1.22,symbiont-barren,non-spinose,0.416
GIK12310-4,,23.4983,-18.7167,3080,North Atlantic,1.22,symbiont-barren,spinose,0.304
GIK12310-4,,23.4983,-18.7167,3080,North Atlantic,1.22,symbiont-bearing,non-spinose,0
GIK12310-4,,23.4983,-18.7167,3080,North Atlantic,1.22,symbiont-bearing,spinose,0
GIK12310-4,,23.4983,-18.7167,3080,North Atlantic,1.22,symbiont-facultative,non-spinose,0.241
GIK12310-4,,23.4983,-18.7167,3080,North Atlantic,1.22,symbiont-facultative,spinose,0
GIK12310-4,,23.4983,-18.7167,3080,North Atlantic,1.22,symbiont-obligate,spinose,0.04
GIK12310-4,,23.4983,-18.7167,3080,North Atlantic,1.22,undetermined,non-spinose,0
GIK12328-5,,21.145,-18.5733,2778,North Atlantic,1.8,symbiont-barren,non-spinose,0.265
GIK12328-5,,21.145,-18.5733,2778,North Atlantic,1.8,symbiont-barren,spinose,0.446
GIK12328-5,,21.145,-18.5733,2778,North Atlantic,1.8,symbiont-bearing,non-spinose,0.001
GIK12328-5,,21.145,-18.5733,2778,North Atlantic,1.8,symbiont-bearing,spinose,0
GIK12328-5,,21.145,-18.5733,2778,North Atlantic,1.8,symbiont-facultative,non-spinose,0.237
GIK12328-5,,21.145,-18.5733,2778,North Atlantic,1.8,symbiont-facultative,spinose,0
GIK12328-5,,21.145,-18.5733,2778,North Atlantic,1.8,symbiont-obligate,spinose,0.044
GIK12328-5,,21.145,-18.5733,2778,North Atlantic,1.8,undetermined,non-spinose,0
GIK12328-5,,21.145,-18.5733,2778,North Atlantic,1.9,symbiont-barren,non-spinose,0.204
GIK12328-5,,21.145,-18.5733,2778,North Atlantic,1.9,symbiont-barren,spinose,0.412
GIK12328-5,,21.145,-18.5733,2778,North Atlantic,1.9,symbiont-bearing,non-spinose,0
GIK12328-5,,21.145,-18.5733,2778,North Atlantic,1.9,symbiont-bearing,spinose,0.003
GIK12328-5,,21.145,-18.5733,2778,North Atlantic,1.9,symbiont-facultative,non-spinose,0.353
GIK12328-5,,21.145,-18.5733,2778,North Atlantic,1.9,symbiont-facultative,spinose,0
GIK12328-5,,21.145,-18.5733,2778,North Atlantic,1.9,symbiont-obligate,spinose,0.023
GIK12328-5,,21.145,-18.5733,2778,North Atlantic,1.9,undetermined,non-spinose,0
GIK12328-5,,21.145,-18.5733,2778,North Atlantic,2,symbiont-barren,non-spinose,0.248
GIK12328-5,,21.145,-18.5733,2778,North Atlantic,2,symbiont-barren,spinose,0.312
GIK12328-5,,21.145,-18.5733,2778,North Atlantic,2,symbiont-bearing,non-spinose,0.002
GIK12328-5,,21.145,-18.5733,2778,North Atlantic,2,symbiont-bearing,spinose,0.002
GIK12328-5,,21.145,-18.5733,2778,North Atlantic,2,symbiont-facultative,non-spinose,0.361
GIK12328-5,,21.145,-18.5733,2778,North Atlantic,2,symbiont-facultative,spinose,0
GIK12328-5,,21.145,-18.5733,2778,North Atlantic,2,symbiont-obligate,spinose,0.068
GIK12328-5,,21.145,-18.5733,2778,North Atlantic,2,undetermined,non-spinose,0
GIK12328-5,,21.145,-18.5733,2778,North Atlantic,2.1,symbiont-barren,non-spinose,0.267
GIK12328-5,,21.145,-18.5733,2778,North Atlantic,2.1,symbiont-barren,spinose,0.335
GIK12328-5,,21.145,-18.5733,2778,North Atlantic,2.1,symbiont-bearing,non-spinose,0.002
GIK12328-5,,21.145,-18.5733,2778,North Atlantic,2.1,symbiont-bearing,spinose,0
GIK12328-5,,21.145,-18.5733,2778,North Atlantic,2.1,symbiont-facultative,non-spinose,0.383
GIK12328-5,,21.145,-18.5733,2778,North Atlantic,2.1,symbiont-facultative,spinose,0
GIK12328-5,,21.145,-18.5733,2778,North Atlantic,2.1,symbiont-obligate,spinose,0.01
GIK12328-5,,21.145,-18.5733,2778,North Atlantic,2.1,undetermined,non-spinose,0
GIK12329-6,,19.3667,-19.93,3320,North Atlantic,0.49,symbiont-barren,non-spinose,0.329
GIK12329-6,,19.3667,-19.93,3320,North Atlantic,0.49,symbiont-barren,spinose,0.257
GIK12329-6,,19.3667,-19.93,3320,North Atlantic,0.49,symbiont-bearing,non-spinose,0
GIK12329-6,,19.3667,-19.93,3320,North Atlantic,0.49,symbiont-bearing,spinose,0.002
GIK12329-6,,19.3667,-19.93,3320,North Atlantic,0.49,symbiont-facultative,non-spinose,0.328
GIK12329-6,,19.3667,-19.93,3320,North Atlantic,0.49,symbiont-facultative,spinose,0
GIK12329-6,,19.3667,-19.93,3320,North Atlantic,0.49,symbiont-obligate,spinose,0.082
GIK12329-6,,19.3667,-19.93,3320,North Atlantic,0.49,undetermined,non-spinose,0
GIK12337-5,,15.9533,-18.1333,3082,North Atlantic,1.6,symbiont-barren,non-spinose,0.17
GIK12337-5,,15.9533,-18.1333,3082,North Atlantic,1.6,symbiont-barren,spinose,0.451
GIK12337-5,,15.9533,-18.1333,3082,North Atlantic,1.6,symbiont-bearing,non-spinose,0
GIK12337-5,,15.9533,-18.1333,3082,North Atlantic,1.6,symbiont-bearing,spinose,0.006
GIK12337-5,,15.9533,-18.1333,3082,North Atlantic,1.6,symbiont-facultative,non-spinose,0.215
GIK12337-5,,15.9533,-18.1333,3082,North Atlantic,1.6,symbiont-facultative,spinose,0
GIK12337-5,,15.9533,-18.1333,3082,North Atlantic,1.6,symbiont-obligate,spinose,0.155
GIK12337-5,,15.9533,-18.1333,3082,North Atlantic,1.6,undetermined,non-spinose,0
GIK12345-5,,15.48,-17.36,945,North Atlantic,4.3,symbiont-barren,non-spinose,0.309
GIK12345-5,,15.48,-17.36,945,North Atlantic,4.3,symbiont-barren,spinose,0.2
GIK12345-5,,15.48,-17.36,945,North Atlantic,4.3,symbiont-bearing,non-spinose,0
GIK12345-5,,15.48,-17.36,945,North Atlantic,4.3,symbiont-bearing,spinose,0.014
GIK12345-5,,15.48,-17.36,945,North Atlantic,4.3,symbiont-facultative,non-spinose,0.332
GIK12345-5,,15.48,-17.36,945,North Atlantic,4.3,symbiont-facultative,spinose,0
GIK12345-5,,15.48,-17.36,945,North Atlantic,4.3,symbiont-obligate,spinose,0.146
GIK12345-5,,15.48,-17.36,945,North Atlantic,4.3,undetermined,non-spinose,0
GIK12345-5,,15.48,-17.36,945,North Atlantic,4.4,symbiont-barren,non-spinose,0.301
GIK12345-5,,15.48,-17.36,945,North Atlantic,4.4,symbiont-barren,spinose,0.22
GIK12345-5,,15.48,-17.36,945,North Atlantic,4.4,symbiont-bearing,non-spinose,0
GIK12345-5,,15.48,-17.36,945,North Atlantic,4.4,symbiont-bearing,spinose,0.017
GIK12345-5,,15.48,-17.36,945,North Atlantic,4.4,symbiont-facultative,non-spinose,0.289
GIK12345-5,,15.48,-17.36,945,North Atlantic,4.4,symbiont-facultative,spinose,0
GIK12345-5,,15.48,-17.36,945,North Atlantic,4.4,symbiont-obligate,spinose,0.171
GIK12345-5,,15.48,-17.36,945,North Atlantic,4.4,undetermined,non-spinose,0
GIK12345-5,,15.48,-17.36,945,North Atlantic,4.5,symbiont-barren,non-spinose,0.232
GIK12345-5,,15.48,-17.36,945,North Atlantic,4.5,symbiont-barren,spinose,0.223
GIK12345-5,,15.48,-17.36,945,North Atlantic,4.5,symbiont-bearing,non-spinose,0
GIK12345-5,,15.48,-17.36,945,North Atlantic,4.5,symbiont-bearing,spinose,0.017
GIK12345-5,,15.48,-17.36,945,North Atlantic,4.5,symbiont-facultative,non-spinose,0.366
GIK12345-5,,15.48,-17.36,945,North Atlantic,4.5,symbiont-facultative,spinose,0
GIK12345-5,,15.48,-17.36,945,North Atlantic,4.5,symbiont-obligate,spinose,0.162
GIK12345-5,,15.48,-17.36,945,North Atlantic,4.5,undetermined,non-spinose,0
GIK12345-5,,15.48,-17.36,945,North Atlantic,4.6,symbiont-barren,non-spinose,0.203
GIK12345-5,,15.48,-17.36,945,North Atlantic,4.6,symbiont-barren,spinose,0.25
GIK12345-5,,15.48,-17.36,945,North Atlantic,4.6,symbiont-bearing,non-spinose,0
GIK12345-5,,15.48,-17.36,945,North Atlantic,4.6,symbiont-bearing,spinose,0.009
GIK12345-5,,15.48,-17.36,945,North Atlantic,4.6,symbiont-facultative,non-spinose,0.408
GIK12345-5,,15.48,-17.36,945,North Atlantic,4.6,symbiont-facultative,spinose,0
GIK12345-5,,15.48,-17.36,945,North Atlantic,4.6,symbiont-obligate,spinose,0.13
GIK12345-5,,15.48,-17.36,945,North Atlantic,4.6,undetermined,non-spinose,0
GIK12345-5,,15.48,-17.36,945,North Atlantic,4.7,symbiont-barren,non-spinose,0.155
GIK12345-5,,15.48,-17.36,945,North Atlantic,4.7,symbiont-barren,spinose,0.312
GIK12345-5,,15.48,-17.36,945,North Atlantic,4.7,symbiont-bearing,non-spinose,0
GIK12345-5,,15.48,-17.36,945,North Atlantic,4.7,symbiont-bearing,spinose,0.007
GIK12345-5,,15.48,-17.36,945,North Atlantic,4.7,symbiont-facultative,non-spinose,0.392
GIK12345-5,,15.48,-17.36,945,North Atlantic,4.7,symbiont-facultative,spinose,0
GIK12345-5,,15.48,-17.36,945,North Atlantic,4.7,symbiont-obligate,spinose,0.133
GIK12345-5,,15.48,-17.36,945,North Atlantic,4.7,undetermined,non-spinose,0
GIK12345-5,,15.48,-17.36,945,North Atlantic,4.8,symbiont-barren,non-spinose,0.11
GIK12345-5,,15.48,-17.36,945,North Atlantic,4.8,symbiont-barren,spinose,0.33
GIK12345-5,,15.48,-17.36,945,North Atlantic,4.8,symbiont-bearing,non-spinose,0
GIK12345-5,,15.48,-17.36,945,North Atlantic,4.8,symbiont-bearing,spinose,0.011
GIK12345-5,,15.48,-17.36,945,North Atlantic,4.8,symbiont-facultative,non-spinose,0.355
GIK12345-5,,15.48,-17.36,945,North Atlantic,4.8,symbiont-facultative,spinose,0
GIK12345-5,,15.48,-17.36,945,North Atlantic,4.8,symbiont-obligate,spinose,0.194
GIK12345-5,,15.48,-17.36,945,North Atlantic,4.8,undetermined,non-spinose,0
GIK12345-5,,15.48,-17.36,945,North Atlantic,4.9,symbiont-barren,non-spinose,0.135
GIK12345-5,,15.48,-17.36,945,North Atlantic,4.9,symbiont-barren,spinose,0.404
GIK12345-5,,15.48,-17.36,945,North Atlantic,4.9,symbiont-bearing,non-spinose,0
GIK12345-5,,15.48,-17.36,945,North Atlantic,4.9,symbiont-bearing,spinose,0.011
GIK12345-5,,15.48,-17.36,945,North Atlantic,4.9,symbiont-facultative,non-spinose,0.274
GIK12345-5,,15.48,-17.36,945,North Atlantic,4.9,symbiont-facultative,spinose,0
GIK12345-5,,15.48,-17.36,945,North Atlantic,4.9,symbiont-obligate,spinose,0.175
GIK12345-5,,15.48,-17.36,945,North Atlantic,4.9,undetermined,non-spinose,0
GIK12347-2,,15.825,-17.8617,2576,North Atlantic,3,symbiont-barren,non-spinose,0.361
GIK12347-2,,15.825,-17.8617,2576,North Atlantic,3,symbiont-barren,spinose,0.233
GIK12347-2,,15.825,-17.8617,2576,North Atlantic,3,symbiont-bearing,non-spinose,0
GIK12347-2,,15.825,-17.8617,2576,North Atlantic,3,symbiont-bearing,spinose,0.009
GIK12347-2,,15.825,-17.8617,2576,North Atlantic,3,symbiont-facultative,non-spinose,0.261
GIK12347-2,,15.825,-17.8617,2576,North Atlantic,3,symbiont-facultative,spinose,0
GIK12347-2,,15.825,-17.8617,2576,North Atlantic,3,symbiont-obligate,spinose,0.136
GIK12347-2,,15.825,-17.8617,2576,North Atlantic,3,undetermined,non-spinose,0
GIK12347-2,,15.825,-17.8617,2576,North Atlantic,3.1,symbiont-barren,non-spinose,0.352
GIK12347-2,,15.825,-17.8617,2576,North Atlantic,3.1,symbiont-barren,spinose,0.234
GIK12347-2,,15.825,-17.8617,2576,North Atlantic,3.1,symbiont-bearing,non-spinose,0
GIK12347-2,,15.825,-17.8617,2576,North Atlantic,3.1,symbiont-bearing,spinose,0.01
GIK12347-2,,15.825,-17.8617,2576,North Atlantic,3.1,symbiont-facultative,non-spinose,0.299
GIK12347-2,,15.825,-17.8617,2576,North Atlantic,3.1,symbiont-facultative,spinose,0
GIK12347-2,,15.825,-17.8617,2576,North Atlantic,3.1,symbiont-obligate,spinose,0.103
GIK12347-2,,15.825,-17.8617,2576,North Atlantic,3.1,undetermined,non-spinose,0
GIK12347-2,,15.825,-17.8617,2576,North Atlantic,3.2,symbiont-barren,non-spinose,0.395
GIK12347-2,,15.825,-17.8617,2576,North Atlantic,3.2,symbiont-barren,spinose,0.196
GIK12347-2,,15.825,-17.8617,2576,North Atlantic,3.2,symbiont-bearing,non-spinose,0
GIK12347-2,,15.825,-17.8617,2576,North Atlantic,3.2,symbiont-bearing,spinose,0.006
GIK12347-2,,15.825,-17.8617,2576,North Atlantic,3.2,symbiont-facultative,non-spinose,0.305
GIK12347-2,,15.825,-17.8617,2576,North Atlantic,3.2,symbiont-facultative,spinose,0
GIK12347-2,,15.825,-17.8617,2576,North Atlantic,3.2,symbiont-obligate,spinose,0.096
GIK12347-2,,15.825,-17.8617,2576,North Atlantic,3.2,undetermined,non-spinose,0
GIK12379-1,,23.135,-17.745,2066,North Atlantic,2.33,symbiont-barren,non-spinose,0.345
GIK12379-1,,23.135,-17.745,2066,North Atlantic,2.33,symbiont-barren,spinose,0.388
GIK12379-1,,23.135,-17.745,2066,North Atlantic,2.33,symbiont-bearing,non-spinose,0
GIK12379-1,,23.135,-17.745,2066,North Atlantic,2.33,symbiont-bearing,spinose,0.002
GIK12379-1,,23.135,-17.745,2066,North Atlantic,2.33,symbiont-facultative,non-spinose,0.24
GIK12379-1,,23.135,-17.745,2066,North Atlantic,2.33,symbiont-facultative,spinose,0
GIK12379-1,,23.135,-17.745,2066,North Atlantic,2.33,symbiont-obligate,spinose,0.019
GIK12379-1,,23.135,-17.745,2066,North Atlantic,2.33,undetermined,non-spinose,0
GIK12379-1,,23.135,-17.745,2066,North Atlantic,2.42,symbiont-barren,non-spinose,0.317
GIK12379-1,,23.135,-17.745,2066,North Atlantic,2.42,symbiont-barren,spinose,0.384
GIK12379-1,,23.135,-17.745,2066,North Atlantic,2.42,symbiont-bearing,non-spinose,0
GIK12379-1,,23.135,-17.745,2066,North Atlantic,2.42,symbiont-bearing,spinose,0.001
GIK12379-1,,23.135,-17.745,2066,North Atlantic,2.42,symbiont-facultative,non-spinose,0.264
GIK12379-1,,23.135,-17.745,2066,North Atlantic,2.42,symbiont-facultative,spinose,0
GIK12379-1,,23.135,-17.745,2066,North Atlantic,2.42,symbiont-obligate,spinose,0.028
GIK12379-1,,23.135,-17.745,2066,North Atlantic,2.42,undetermined,non-spinose,0
GIK12379-1,,23.135,-17.745,2066,North Atlantic,2.52,symbiont-barren,non-spinose,0.291
GIK12379-1,,23.135,-17.745,2066,North Atlantic,2.52,symbiont-barren,spinose,0.45
GIK12379-1,,23.135,-17.745,2066,North Atlantic,2.52,symbiont-bearing,non-spinose,0
GIK12379-1,,23.135,-17.745,2066,North Atlantic,2.52,symbiont-bearing,spinose,0.002
GIK12379-1,,23.135,-17.745,2066,North Atlantic,2.52,symbiont-facultative,non-spinose,0.226
GIK12379-1,,23.135,-17.745,2066,North Atlantic,2.52,symbiont-facultative,spinose,0
GIK12379-1,,23.135,-17.745,2066,North Atlantic,2.52,symbiont-obligate,spinose,0.025
GIK12379-1,,23.135,-17.745,2066,North Atlantic,2.52,undetermined,non-spinose,0
GIK12379-1,,23.135,-17.745,2066,North Atlantic,2.63,symbiont-barren,non-spinose,0.462
GIK12379-1,,23.135,-17.745,2066,North Atlantic,2.63,symbiont-barren,spinose,0.261
GIK12379-1,,23.135,-17.745,2066,North Atlantic,2.63,symbiont-bearing,non-spinose,0
GIK12379-1,,23.135,-17.745,2066,North Atlantic,2.63,symbiont-bearing,spinose,0.001
GIK12379-1,,23.135,-17.745,2066,North Atlantic,2.63,symbiont-facultative,non-spinose,0.242
GIK12379-1,,23.135,-17.745,2066,North Atlantic,2.63,symbiont-facultative,spinose,0
GIK12379-1,,23.135,-17.745,2066,North Atlantic,2.63,symbiont-obligate,spinose,0.026
GIK12379-1,,23.135,-17.745,2066,North Atlantic,2.63,undetermined,non-spinose,0
GIK12379-1,,23.135,-17.745,2066,North Atlantic,2.73,symbiont-barren,non-spinose,0.298
GIK12379-1,,23.135,-17.745,2066,North Atlantic,2.73,symbiont-barren,spinose,0.45
GIK12379-1,,23.135,-17.745,2066,North Atlantic,2.73,symbiont-bearing,non-spinose,0
GIK12379-1,,23.135,-17.745,2066,North Atlantic,2.73,symbiont-bearing,spinose,0.002
GIK12379-1,,23.135,-17.745,2066,North Atlantic,2.73,symbiont-facultative,non-spinose,0.215
GIK12379-1,,23.135,-17.745,2066,North Atlantic,2.73,symbiont-facultative,spinose,0
GIK12379-1,,23.135,-17.745,2066,North Atlantic,2.73,symbiont-obligate,spinose,0.031
GIK12379-1,,23.135,-17.745,2066,North Atlantic,2.73,undetermined,non-spinose,0
GIK12392-1,,25.1717,-16.845,2575,North Atlantic,1.12,symbiont-barren,non-spinose,0.386
GIK12392-1,,25.1717,-16.845,2575,North Atlantic,1.12,symbiont-barren,spinose,0.417
GIK12392-1,,25.1717,-16.845,2575,North Atlantic,1.12,symbiont-bearing,non-spinose,0
GIK12392-1,,25.1717,-16.845,2575,North Atlantic,1.12,symbiont-bearing,spinose,0
GIK12392-1,,25.1717,-16.845,2575,North Atlantic,1.12,symbiont-facultative,non-spinose,0.173
GIK12392-1,,25.1717,-16.845,2575,North Atlantic,1.12,symbiont-facultative,spinose,0
GIK12392-1,,25.1717,-16.845,2575,North Atlantic,1.12,symbiont-obligate,spinose,0.019
GIK12392-1,,25.1717,-16.845,2575,North Atlantic,1.12,undetermined,non-spinose,0
GIK12392-1,,25.1717,-16.845,2575,North Atlantic,1.22,symbiont-barren,non-spinose,0.365
GIK12392-1,,25.1717,-16.845,2575,North Atlantic,1.22,symbiont-barren,spinose,0.384
GIK12392-1,,25.1717,-16.845,2575,North Atlantic,1.22,symbiont-bearing,non-spinose,0
GIK12392-1,,25.1717,-16.845,2575,North Atlantic,1.22,symbiont-bearing,spinose,0.003
GIK12392-1,,25.1717,-16.845,2575,North Atlantic,1.22,symbiont-facultative,non-spinose,0.21
GIK12392-1,,25.1717,-16.845,2575,North Atlantic,1.22,symbiont-facultative,spinose,0.001
GIK12392-1,,25.1717,-16.845,2575,North Atlantic,1.22,symbiont-obligate,spinose,0.03
GIK12392-1,,25.1717,-16.845,2575,North Atlantic,1.22,undetermined,non-spinose,0
GIK12392-1,,25.1717,-16.845,2575,North Atlantic,1.32,symbiont-barren,non-spinose,0.312
GIK12392-1,,25.1717,-16.845,2575,North Atlantic,1.32,symbiont-barren,spinose,0.498
GIK12392-1,,25.1717,-16.845,2575,North Atlantic,1.32,symbiont-bearing,non-spinose,0
GIK12392-1,,25.1717,-16.845,2575,North Atlantic,1.32,symbiont-bearing,spinose,0
GIK12392-1,,25.1717,-16.845,2575,North Atlantic,1.32,symbiont-facultative,non-spinose,0.156
GIK12392-1,,25.1717,-16.845,2575,North Atlantic,1.32,symbiont-facultative,spinose,0
GIK12392-1,,25.1717,-16.845,2575,North Atlantic,1.32,symbiont-obligate,spinose,0.025
GIK12392-1,,25.1717,-16.845,2575,North Atlantic,1.32,undetermined,non-spinose,0
GIK12392-1,,25.1717,-16.845,2575,North Atlantic,1.42,symbiont-barren,non-spinose,0.343
GIK12392-1,,25.1717,-16.845,2575,North Atlantic,1.42,symbiont-barren,spinose,0.413
GIK12392-1,,25.1717,-16.845,2575,North Atlantic,1.42,symbiont-bearing,non-spinose,0
GIK12392-1,,25.1717,-16.845,2575,North Atlantic,1.42,symbiont-bearing,spinose,0.003
GIK12392-1,,25.1717,-16.845,2575,North Atlantic,1.42,symbiont-facultative,non-spinose,0.213
GIK12392-1,,25.1717,-16.845,2575,North Atlantic,1.42,symbiont-facultative,spinose,0
GIK12392-1,,25.1717,-16.845,2575,North Atlantic,1.42,symbiont-obligate,spinose,0.019
GIK12392-1,,25.1717,-16.845,2575,North Atlantic,1.42,undetermined,non-spinose,0
GIK13289-3,,18.0732,-18.0092,2490,North Atlantic,1.1,symbiont-barren,non-spinose,0.276
GIK13289-3,,18.0732,-18.0092,2490,North Atlantic,1.1,symbiont-barren,spinose,0.385
GIK13289-3,,18.0732,-18.0092,2490,North Atlantic,1.1,symbiont-bearing,non-spinose,0
GIK13289-3,,18.0732,-18.0092,2490,North Atlantic,1.1,symbiont-bearing,spinose,0.004
GIK13289-3,,18.0732,-18.0092,2490,North Atlantic,1.1,symbiont-facultative,non-spinose,0.306
GIK13289-3,,18.0732,-18.0092,2490,North Atlantic,1.1,symbiont-facultative,spinose,0
GIK13289-3,,18.0732,-18.0092,2490,North Atlantic,1.1,symbiont-obligate,spinose,0.028
GIK13289-3,,18.0732,-18.0092,2490,North Atlantic,1.1,undetermined,non-spinose,0
GIK13289-3,,18.0732,-18.0092,2490,North Atlantic,1.2,symbiont-barren,non-spinose,0.23
GIK13289-3,,18.0732,-18.0092,2490,North Atlantic,1.2,symbiont-barren,spinose,0.397
GIK13289-3,,18.0732,-18.0092,2490,North Atlantic,1.2,symbiont-bearing,non-spinose,0
GIK13289-3,,18.0732,-18.0092,2490,North Atlantic,1.2,symbiont-bearing,spinose,0
GIK13289-3,,18.0732,-18.0092,2490,North Atlantic,1.2,symbiont-facultative,non-spinose,0.273
GIK13289-3,,18.0732,-18.0092,2490,North Atlantic,1.2,symbiont-facultative,spinose,0
GIK13289-3,,18.0732,-18.0092,2490,North Atlantic,1.2,symbiont-obligate,spinose,0.095
GIK13289-3,,18.0732,-18.0092,2490,North Atlantic,1.2,undetermined,non-spinose,0
GIK13289-3,,18.0732,-18.0092,2490,North Atlantic,1.3,symbiont-barren,non-spinose,0.145
GIK13289-3,,18.0732,-18.0092,2490,North Atlantic,1.3,symbiont-barren,spinose,0.523
GIK13289-3,,18.0732,-18.0092,2490,North Atlantic,1.3,symbiont-bearing,non-spinose,0
GIK13289-3,,18.0732,-18.0092,2490,North Atlantic,1.3,symbiont-bearing,spinose,0.003
GIK13289-3,,18.0732,-18.0092,2490,North Atlantic,1.3,symbiont-facultative,non-spinose,0.24
GIK13289-3,,18.0732,-18.0092,2490,North Atlantic,1.3,symbiont-facultative,spinose,0
GIK13289-3,,18.0732,-18.0092,2490,North Atlantic,1.3,symbiont-obligate,spinose,0.088
GIK13289-3,,18.0732,-18.0092,2490,North Atlantic,1.3,undetermined,non-spinose,0
GIK13291-1,,18.1175,-18.075,2703,North Atlantic,1.2,symbiont-barren,non-spinose,0.311
GIK13291-1,,18.1175,-18.075,2703,North Atlantic,1.2,symbiont-barren,spinose,0.306
GIK13291-1,,18.1175,-18.075,2703,North Atlantic,1.2,symbiont-bearing,non-spinose,0
GIK13291-1,,18.1175,-18.075,2703,North Atlantic,1.2,symbiont-bearing,spinose,0
GIK13291-1,,18.1175,-18.075,2703,North Atlantic,1.2,symbiont-facultative,non-spinose,0.299
GIK13291-1,,18.1175,-18.075,2703,North Atlantic,1.2,symbiont-facultative,spinose,0
GIK13291-1,,18.1175,-18.075,2703,North Atlantic,1.2,symbiont-obligate,spinose,0.05
GIK13291-1,,18.1175,-18.075,2703,North Atlantic,1.2,undetermined,non-spinose,0
GIK13291-1,,18.1175,-18.075,2703,North Atlantic,1.3,symbiont-barren,non-spinose,0.235
GIK13291-1,,18.1175,-18.075,2703,North Atlantic,1.3,symbiont-barren,spinose,0.477
GIK13291-1,,18.1175,-18.075,2703,North Atlantic,1.3,symbiont-bearing,non-spinose,0
GIK13291-1,,18.1175,-18.075,2703,North Atlantic,1.3,symbiont-bearing,spinose,0
GIK13291-1,,18.1175,-18.075,2703,North Atlantic,1.3,symbiont-facultative,non-spinose,0.197
GIK13291-1,,18.1175,-18.075,2703,North Atlantic,1.3,symbiont-facultative,spinose,0
GIK13291-1,,18.1175,-18.075,2703,North Atlantic,1.3,symbiont-obligate,spinose,0.066
GIK13291-1,,18.1175,-18.075,2703,North Atlantic,1.3,undetermined,non-spinose,0
GIK13291-1,,18.1175,-18.075,2703,North Atlantic,1.38,symbiont-barren,non-spinose,0.153
GIK13291-1,,18.1175,-18.075,2703,North Atlantic,1.38,symbiont-barren,spinose,0.4
GIK13291-1,,18.1175,-18.075,2703,North Atlantic,1.38,symbiont-bearing,non-spinose,0
GIK13291-1,,18.1175,-18.075,2703,North Atlantic,1.38,symbiont-bearing,spinose,0.006
GIK13291-1,,18.1175,-18.075,2703,North Atlantic,1.38,symbiont-facultative,non-spinose,0.316
GIK13291-1,,18.1175,-18.075,2703,North Atlantic,1.38,symbiont-facultative,spinose,0
GIK13291-1,,18.1175,-18.075,2703,North Atlantic,1.38,symbiont-obligate,spinose,0.081
GIK13291-1,,18.1175,-18.075,2703,North Atlantic,1.38,undetermined,non-spinose,0
GIK13291-1,,18.1175,-18.075,2703,North Atlantic,1.44,symbiont-barren,non-spinose,0.119
GIK13291-1,,18.1175,-18.075,2703,North Atlantic,1.44,symbiont-barren,spinose,0.493
GIK13291-1,,18.1175,-18.075,2703,North Atlantic,1.44,symbiont-bearing,non-spinose,0
GIK13291-1,,18.1175,-18.075,2703,North Atlantic,1.44,symbiont-bearing,spinose,0.005
GIK13291-1,,18.1175,-18.075,2703,North Atlantic,1.44,symbiont-facultative,non-spinose,0.302
GIK13291-1,,18.1175,-18.075,2703,North Atlantic,1.44,symbiont-facultative,spinose,0
GIK13291-1,,18.1175,-18.075,2703,North Atlantic,1.44,symbiont-obligate,spinose,0.061
GIK13291-1,,18.1175,-18.075,2703,North Atlantic,1.44,undetermined,non-spinose,0
GIK13291-1,,18.1175,-18.075,2703,North Atlantic,1.5,symbiont-barren,non-spinose,0.121
GIK13291-1,,18.1175,-18.075,2703,North Atlantic,1.5,symbiont-barren,spinose,0.482
GIK13291-1,,18.1175,-18.075,2703,North Atlantic,1.5,symbiont-bearing,non-spinose,0
GIK13291-1,,18.1175,-18.075,2703,North Atlantic,1.5,symbiont-bearing,spinose,0.008
GIK13291-1,,18.1175,-18.075,2703,North Atlantic,1.5,symbiont-facultative,non-spinose,0.365
GIK13291-1,,18.1175,-18.075,2703,North Atlantic,1.5,symbiont-facultative,spinose,0
GIK13291-1,,18.1175,-18.075,2703,North Atlantic,1.5,symbiont-obligate,spinose,0.016
GIK13291-1,,18.1175,-18.075,2703,North Atlantic,1.5,undetermined,non-spinose,0
GIK13291-1,,18.1175,-18.075,2703,North Atlantic,1.6,symbiont-barren,non-spinose,0.119
GIK13291-1,,18.1175,-18.075,2703,North Atlantic,1.6,symbiont-barren,spinose,0.456
GIK13291-1,,18.1175,-18.075,2703,North Atlantic,1.6,symbiont-bearing,non-spinose,0
GIK13291-1,,18.1175,-18.075,2703,North Atlantic,1.6,symbiont-bearing,spinose,0
GIK13291-1,,18.1175,-18.075,2703,North Atlantic,1.6,symbiont-facultative,non-spinose,0.354
GIK13291-1,,18.1175,-18.075,2703,North Atlantic,1.6,symbiont-facultative,spinose,0
GIK13291-1,,18.1175,-18.075,2703,North Atlantic,1.6,symbiont-obligate,spinose,0.04
GIK13291-1,,18.1175,-18.075,2703,North Atlantic,1.6,undetermined,non-spinose,0
GIK13519-1,,5.67,-19.8517,2862,North Atlantic,0.27,symbiont-barren,non-spinose,0.11
GIK13519-1,,5.67,-19.8517,2862,North Atlantic,0.27,symbiont-barren,spinose,0.106
GIK13519-1,,5.67,-19.8517,2862,North Atlantic,0.27,symbiont-bearing,non-spinose,0
GIK13519-1,,5.67,-19.8517,2862,North Atlantic,0.27,symbiont-bearing,spinose,0.02
GIK13519-1,,5.67,-19.8517,2862,North Atlantic,0.27,symbiont-facultative,non-spinose,0.158
GIK13519-1,,5.67,-19.8517,2862,North Atlantic,0.27,symbiont-facultative,spinose,0
GIK13519-1,,5.67,-19.8517,2862,North Atlantic,0.27,symbiont-obligate,spinose,0.606
GIK13519-1,,5.67,-19.8517,2862,North Atlantic,0.27,undetermined,non-spinose,0
GIK13519-1,,5.67,-19.8517,2862,North Atlantic,0.3,symbiont-barren,non-spinose,0.122
GIK13519-1,,5.67,-19.8517,2862,North Atlantic,0.3,symbiont-barren,spinose,0.102
GIK13519-1,,5.67,-19.8517,2862,North Atlantic,0.3,symbiont-bearing,non-spinose,0
GIK13519-1,,5.67,-19.8517,2862,North Atlantic,0.3,symbiont-bearing,spinose,0.027
GIK13519-1,,5.67,-19.8517,2862,North Atlantic,0.3,symbiont-facultative,non-spinose,0.197
GIK13519-1,,5.67,-19.8517,2862,North Atlantic,0.3,symbiont-facultative,spinose,0
GIK13519-1,,5.67,-19.8517,2862,North Atlantic,0.3,symbiont-obligate,spinose,0.552
GIK13519-1,,5.67,-19.8517,2862,North Atlantic,0.3,undetermined,non-spinose,0
GIK13519-1,,5.67,-19.8517,2862,North Atlantic,0.35,symbiont-barren,non-spinose,0.06
GIK13519-1,,5.67,-19.8517,2862,North Atlantic,0.35,symbiont-barren,spinose,0.058
GIK13519-1,,5.67,-19.8517,2862,North Atlantic,0.35,symbiont-bearing,non-spinose,0
GIK13519-1,,5.67,-19.8517,2862,North Atlantic,0.35,symbiont-bearing,spinose,0.008
GIK13519-1,,5.67,-19.8517,2862,North Atlantic,0.35,symbiont-facultative,non-spinose,0.225
GIK13519-1,,5.67,-19.8517,2862,North Atlantic,0.35,symbiont-facultative,spinose,0
GIK13519-1,,5.67,-19.8517,2862,North Atlantic,0.35,symbiont-obligate,spinose,0.649
GIK13519-1,,5.67,-19.8517,2862,North Atlantic,0.35,undetermined,non-spinose,0
GIK13521-1,,3.02,-22.0317,4504,North Atlantic,0.36,symbiont-barren,non-spinose,0.17
GIK13521-1,,3.02,-22.0317,4504,North Atlantic,0.36,symbiont-barren,spinose,0.026
GIK13521-1,,3.02,-22.0317,4504,North Atlantic,0.36,symbiont-bearing,non-spinose,0
GIK13521-1,,3.02,-22.0317,4504,North Atlantic,0.36,symbiont-bearing,spinose,0.005
GIK13521-1,,3.02,-22.0317,4504,North Atlantic,0.36,symbiont-facultative,non-spinose,0.338
GIK13521-1,,3.02,-22.0317,4504,North Atlantic,0.36,symbiont-facultative,spinose,0
GIK13521-1,,3.02,-22.0317,4504,North Atlantic,0.36,symbiont-obligate,spinose,0.458
GIK13521-1,,3.02,-22.0317,4504,North Atlantic,0.36,undetermined,non-spinose,0
GIK13521-1,,3.02,-22.0317,4504,North Atlantic,0.39,symbiont-barren,non-spinose,0.312
GIK13521-1,,3.02,-22.0317,4504,North Atlantic,0.39,symbiont-barren,spinose,0.041
GIK13521-1,,3.02,-22.0317,4504,North Atlantic,0.39,symbiont-bearing,non-spinose,0
GIK13521-1,,3.02,-22.0317,4504,North Atlantic,0.39,symbiont-bearing,spinose,0
GIK13521-1,,3.02,-22.0317,4504,North Atlantic,0.39,symbiont-facultative,non-spinose,0.465
GIK13521-1,,3.02,-22.0317,4504,North Atlantic,0.39,symbiont-facultative,spinose,0
GIK13521-1,,3.02,-22.0317,4504,North Atlantic,0.39,symbiont-obligate,spinose,0.169
GIK13521-1,,3.02,-22.0317,4504,North Atlantic,0.39,undetermined,non-spinose,0
GIK13521-1,,3.02,-22.0317,4504,North Atlantic,0.42,symbiont-barren,non-spinose,0.321
GIK13521-1,,3.02,-22.0317,4504,North Atlantic,0.42,symbiont-barren,spinose,0.021
GIK13521-1,,3.02,-22.0317,4504,North Atlantic,0.42,symbiont-bearing,non-spinose,0
GIK13521-1,,3.02,-22.0317,4504,North Atlantic,0.42,symbiont-bearing,spinose,0
GIK13521-1,,3.02,-22.0317,4504,North Atlantic,0.42,symbiont-facultative,non-spinose,0.564
GIK13521-1,,3.02,-22.0317,4504,North Atlantic,0.42,symbiont-facultative,spinose,0
GIK13521-1,,3.02,-22.0317,4504,North Atlantic,0.42,symbiont-obligate,spinose,0.088
GIK13521-1,,3.02,-22.0317,4504,North Atlantic,0.42,undetermined,non-spinose,0
GIK15612-2,,44.36,-26.5433,3050,North Atlantic,0.53,symbiont-barren,non-spinose,0.705
GIK15612-2,,44.36,-26.5433,3050,North Atlantic,0.53,symbiont-barren,spinose,0.258
GIK15612-2,,44.36,-26.5433,3050,North Atlantic,0.53,symbiont-bearing,non-spinose,0
GIK15612-2,,44.36,-26.5433,3050,North Atlantic,0.53,symbiont-bearing,spinose,0
GIK15612-2,,44.36,-26.5433,3050,North Atlantic,0.53,symbiont-facultative,non-spinose,0.032
GIK15612-2,,44.36,-26.5433,3050,North Atlantic,0.53,symbiont-facultative,spinose,0
GIK15612-2,,44.36,-26.5433,3050,North Atlantic,0.53,symbiont-obligate,spinose,0.006
GIK15612-2,,44.36,-26.5433,3050,North Atlantic,0.53,undetermined,non-spinose,0
GIK15612-2,,44.36,-26.5433,3050,North Atlantic,0.56,symbiont-barren,non-spinose,0.689
GIK15612-2,,44.36,-26.5433,3050,North Atlantic,0.56,symbiont-barren,spinose,0.269
GIK15612-2,,44.36,-26.5433,3050,North Atlantic,0.56,symbiont-bearing,non-spinose,0
GIK15612-2,,44.36,-26.5433,3050,North Atlantic,0.56,symbiont-bearing,spinose,0
GIK15612-2,,44.36,-26.5433,3050,North Atlantic,0.56,symbiont-facultative,non-spinose,0.031
GIK15612-2,,44.36,-26.5433,3050,North Atlantic,0.56,symbiont-facultative,spinose,0
GIK15612-2,,44.36,-26.5433,3050,North Atlantic,0.56,symbiont-obligate,spinose,0.01
GIK15612-2,,44.36,-26.5433,3050,North Atlantic,0.56,undetermined,non-spinose,0
GIK15612-2,,44.36,-26.5433,3050,North Atlantic,0.6,symbiont-barren,non-spinose,0.675
GIK15612-2,,44.36,-26.5433,3050,North Atlantic,0.6,symbiont-barren,spinose,0.255
GIK15612-2,,44.36,-26.5433,3050,North Atlantic,0.6,symbiont-bearing,non-spinose,0
GIK15612-2,,44.36,-26.5433,3050,North Atlantic,0.6,symbiont-bearing,spinose,0
GIK15612-2,,44.36,-26.5433,3050,North Atlantic,0.6,symbiont-facultative,non-spinose,0.066
GIK15612-2,,44.36,-26.5433,3050,North Atlantic,0.6,symbiont-facultative,spinose,0
GIK15612-2,,44.36,-26.5433,3050,North Atlantic,0.6,symbiont-obligate,spinose,0.004
GIK15612-2,,44.36,-26.5433,3050,North Atlantic,0.6,undetermined,non-spinose,0
GIK15612-2,,44.36,-26.5433,3050,North Atlantic,0.67,symbiont-barren,non-spinose,0.599
GIK15612-2,,44.36,-26.5433,3050,North Atlantic,0.67,symbiont-barren,spinose,0.357
GIK15612-2,,44.36,-26.5433,3050,North Atlantic,0.67,symbiont-bearing,non-spinose,0
GIK15612-2,,44.36,-26.5433,3050,North Atlantic,0.67,symbiont-bearing,spinose,0
GIK15612-2,,44.36,-26.5433,3050,North Atlantic,0.67,symbiont-facultative,non-spinose,0.042
GIK15612-2,,44.36,-26.5433,3050,North Atlantic,0.67,symbiont-facultative,spinose,0
GIK15612-2,,44.36,-26.5433,3050,North Atlantic,0.67,symbiont-obligate,spinose,0.002
GIK15612-2,,44.36,-26.5433,3050,North Atlantic,0.67,undetermined,non-spinose,0
GIK15627-3,,29.1667,-12.0867,1024,North Atlantic,0.2,symbiont-barren,non-spinose,0.262
GIK15627-3,,29.1667,-12.0867,1024,North Atlantic,0.2,symbiont-barren,spinose,0.407
GIK15627-3,,29.1667,-12.0867,1024,North Atlantic,0.2,symbiont-bearing,non-spinose,0
GIK15627-3,,29.1667,-12.0867,1024,North Atlantic,0.2,symbiont-bearing,spinose,0.002
GIK15627-3,,29.1667,-12.0867,1024,North Atlantic,0.2,symbiont-facultative,non-spinose,0.25
GIK15627-3,,29.1667,-12.0867,1024,North Atlantic,0.2,symbiont-facultative,spinose,0
GIK15627-3,,29.1667,-12.0867,1024,North Atlantic,0.2,symbiont-obligate,spinose,0.043
GIK15627-3,,29.1667,-12.0867,1024,North Atlantic,0.2,undetermined,non-spinose,0
GIK15627-3,,29.1667,-12.0867,1024,North Atlantic,0.23,symbiont-barren,non-spinose,0.17
GIK15627-3,,29.1667,-12.0867,1024,North Atlantic,0.23,symbiont-barren,spinose,0.373
GIK15627-3,,29.1667,-12.0867,1024,North Atlantic,0.23,symbiont-bearing,non-spinose,0
GIK15627-3,,29.1667,-12.0867,1024,North Atlantic,0.23,symbiont-bearing,spinose,0.01
GIK15627-3,,29.1667,-12.0867,1024,North Atlantic,0.23,symbiont-facultative,non-spinose,0.191
GIK15627-3,,29.1667,-12.0867,1024,North Atlantic,0.23,symbiont-facultative,spinose,0.021
GIK15627-3,,29.1667,-12.0867,1024,North Atlantic,0.23,symbiont-obligate,spinose,0.231
GIK15627-3,,29.1667,-12.0867,1024,North Atlantic,0.23,undetermined,non-spinose,0
GIK15627-3,,29.1667,-12.0867,1024,North Atlantic,0.24,symbiont-barren,non-spinose,0.291
GIK15627-3,,29.1667,-12.0867,1024,North Atlantic,0.24,symbiont-barren,spinose,0.42
GIK15627-3,,29.1667,-12.0867,1024,North Atlantic,0.24,symbiont-bearing,non-spinose,0
GIK15627-3,,29.1667,-12.0867,1024,North Atlantic,0.24,symbiont-bearing,spinose,0.004
GIK15627-3,,29.1667,-12.0867,1024,North Atlantic,0.24,symbiont-facultative,non-spinose,0.182
GIK15627-3,,29.1667,-12.0867,1024,North Atlantic,0.24,symbiont-facultative,spinose,0
GIK15627-3,,29.1667,-12.0867,1024,North Atlantic,0.24,symbiont-obligate,spinose,0.095
GIK15627-3,,29.1667,-12.0867,1024,North Atlantic,0.24,undetermined,non-spinose,0
GIK15627-3,,29.1667,-12.0867,1024,North Atlantic,0.3,symbiont-barren,non-spinose,0.203
GIK15627-3,,29.1667,-12.0867,1024,North Atlantic,0.3,symbiont-barren,spinose,0.447
GIK15627-3,,29.1667,-12.0867,1024,North Atlantic,0.3,symbiont-bearing,non-spinose,0
GIK15627-3,,29.1667,-12.0867,1024,North Atlantic,0.3,symbiont-bearing,spinose,0.009
GIK15627-3,,29.1667,-12.0867,1024,North Atlantic,0.3,symbiont-facultative,non-spinose,0.269
GIK15627-3,,29.1667,-12.0867,1024,North Atlantic,0.3,symbiont-facultative,spinose,0
GIK15627-3,,29.1667,-12.0867,1024,North Atlantic,0.3,symbiont-obligate,spinose,0.055
GIK15627-3,,29.1667,-12.0867,1024,North Atlantic,0.3,undetermined,non-spinose,0
GIK15627-3,,29.1667,-12.0867,1024,North Atlantic,0.34,symbiont-barren,non-spinose,0.296
GIK15627-3,,29.1667,-12.0867,1024,North Atlantic,0.34,symbiont-barren,spinose,0.373
GIK15627-3,,29.1667,-12.0867,1024,North Atlantic,0.34,symbiont-bearing,non-spinose,0
GIK15627-3,,29.1667,-12.0867,1024,North Atlantic,0.34,symbiont-bearing,spinose,0
GIK15627-3,,29.1667,-12.0867,1024,North Atlantic,0.34,symbiont-facultative,non-spinose,0.228
GIK15627-3,,29.1667,-12.0867,1024,North Atlantic,0.34,symbiont-facultative,spinose,0
GIK15627-3,,29.1667,-12.0867,1024,North Atlantic,0.34,symbiont-obligate,spinose,0.074
GIK15627-3,,29.1667,-12.0867,1024,North Atlantic,0.34,undetermined,non-spinose,0
GIK15637-1,,27.005,-18.9867,3849,North Atlantic,0.51,symbiont-barren,non-spinose,0.286
GIK15637-1,,27.005,-18.9867,3849,North Atlantic,0.51,symbiont-barren,spinose,0.204
GIK15637-1,,27.005,-18.9867,3849,North Atlantic,0.51,symbiont-bearing,non-spinose,0
GIK15637-1,,27.005,-18.9867,3849,North Atlantic,0.51,symbiont-bearing,spinose,0
GIK15637-1,,27.005,-18.9867,3849,North Atlantic,0.51,symbiont-facultative,non-spinose,0.31
GIK15637-1,,27.005,-18.9867,3849,North Atlantic,0.51,symbiont-facultative,spinose,0.003
GIK15637-1,,27.005,-18.9867,3849,North Atlantic,0.51,symbiont-obligate,spinose,0.192
GIK15637-1,,27.005,-18.9867,3849,North Atlantic,0.51,undetermined,non-spinose,0
GIK15637-1,,27.005,-18.9867,3849,North Atlantic,0.52,symbiont-barren,non-spinose,0.299
GIK15637-1,,27.005,-18.9867,3849,North Atlantic,0.52,symbiont-barren,spinose,0.163
GIK15637-1,,27.005,-18.9867,3849,North Atlantic,0.52,symbiont-bearing,non-spinose,0
GIK15637-1,,27.005,-18.9867,3849,North Atlantic,0.52,symbiont-bearing,spinose,0.008
GIK15637-1,,27.005,-18.9867,3849,North Atlantic,0.52,symbiont-facultative,non-spinose,0.362
GIK15637-1,,27.005,-18.9867,3849,North Atlantic,0.52,symbiont-facultative,spinose,0
GIK15637-1,,27.005,-18.9867,3849,North Atlantic,0.52,symbiont-obligate,spinose,0.164
GIK15637-1,,27.005,-18.9867,3849,North Atlantic,0.52,undetermined,non-spinose,0
GIK15637-1,,27.005,-18.9867,3849,North Atlantic,0.54,symbiont-barren,non-spinose,0.241
GIK15637-1,,27.005,-18.9867,3849,North Atlantic,0.54,symbiont-barren,spinose,0.133
GIK15637-1,,27.005,-18.9867,3849,North Atlantic,0.54,symbiont-bearing,non-spinose,0
GIK15637-1,,27.005,-18.9867,3849,North Atlantic,0.54,symbiont-bearing,spinose,0.009
GIK15637-1,,27.005,-18.9867,3849,North Atlantic,0.54,symbiont-facultative,non-spinose,0.404
GIK15637-1,,27.005,-18.9867,3849,North Atlantic,0.54,symbiont-facultative,spinose,0.004
GIK15637-1,,27.005,-18.9867,3849,North Atlantic,0.54,symbiont-obligate,spinose,0.201
GIK15637-1,,27.005,-18.9867,3849,North Atlantic,0.54,undetermined,non-spinose,0
GIK15637-1,,27.005,-18.9867,3849,North Atlantic,0.56,symbiont-barren,non-spinose,0.266
GIK15637-1,,27.005,-18.9867,3849,North Atlantic,0.56,symbiont-barren,spinose,0.182
GIK15637-1,,27.005,-18.9867,3849,North Atlantic,0.56,symbiont-bearing,non-spinose,0
GIK15637-1,,27.005,-18.9867,3849,North Atlantic,0.56,symbiont-bearing,spinose,0
GIK15637-1,,27.005,-18.9867,3849,North Atlantic,0.56,symbiont-facultative,non-spinose,0.322
GIK15637-1,,27.005,-18.9867,3849,North Atlantic,0.56,symbiont-facultative,spinose,0
GIK15637-1,,27.005,-18.9867,3849,North Atlantic,0.56,symbiont-obligate,spinose,0.224
GIK15637-1,,27.005,-18.9867,3849,North Atlantic,0.56,undetermined,non-spinose,0
GIK15637-1,,27.005,-18.9867,3849,North Atlantic,0.57,symbiont-barren,non-spinose,0.282
GIK15637-1,,27.005,-18.9867,3849,North Atlantic,0.57,symbiont-barren,spinose,0.151
GIK15637-1,,27.005,-18.9867,3849,North Atlantic,0.57,symbiont-bearing,non-spinose,0
GIK15637-1,,27.005,-18.9867,3849,North Atlantic,0.57,symbiont-bearing,spinose,0.006
GIK15637-1,,27.005,-18.9867,3849,North Atlantic,0.57,symbiont-facultative,non-spinose,0.359
GIK15637-1,,27.005,-18.9867,3849,North Atlantic,0.57,symbiont-facultative,spinose,0
GIK15637-1,,27.005,-18.9867,3849,North Atlantic,0.57,symbiont-obligate,spinose,0.203
GIK15637-1,,27.005,-18.9867,3849,North Atlantic,0.57,undetermined,non-spinose,0
GIK15669-1,,34.8917,-7.815,2022,North Atlantic,0.7,symbiont-barren,non-spinose,0.332
GIK15669-1,,34.8917,-7.815,2022,North Atlantic,0.7,symbiont-barren,spinose,0.21
GIK15669-1,,34.8917,-7.815,2022,North Atlantic,0.7,symbiont-bearing,non-spinose,0
GIK15669-1,,34.8917,-7.815,2022,North Atlantic,0.7,symbiont-bearing,spinose,0.006
GIK15669-1,,34.8917,-7.815,2022,North Atlantic,0.7,symbiont-facultative,non-spinose,0.348
GIK15669-1,,34.8917,-7.815,2022,North Atlantic,0.7,symbiont-facultative,spinose,0
GIK15669-1,,34.8917,-7.815,2022,North Atlantic,0.7,symbiont-obligate,spinose,0.097
GIK15669-1,,34.8917,-7.815,2022,North Atlantic,0.7,undetermined,non-spinose,0
GIK15669-1,,34.8917,-7.815,2022,North Atlantic,0.75,symbiont-barren,non-spinose,0.205
GIK15669-1,,34.8917,-7.815,2022,North Atlantic,0.75,symbiont-barren,spinose,0.276
GIK15669-1,,34.8917,-7.815,2022,North Atlantic,0.75,symbiont-bearing,non-spinose,0
GIK15669-1,,34.8917,-7.815,2022,North Atlantic,0.75,symbiont-bearing,spinose,0.006
GIK15669-1,,34.8917,-7.815,2022,North Atlantic,0.75,symbiont-facultative,non-spinose,0.366
GIK15669-1,,34.8917,-7.815,2022,North Atlantic,0.75,symbiont-facultative,spinose,0
GIK15669-1,,34.8917,-7.815,2022,North Atlantic,0.75,symbiont-obligate,spinose,0.136
GIK15669-1,,34.8917,-7.815,2022,North Atlantic,0.75,undetermined,non-spinose,0
GIK15669-1,,34.8917,-7.815,2022,North Atlantic,0.8,symbiont-barren,non-spinose,0.245
GIK15669-1,,34.8917,-7.815,2022,North Atlantic,0.8,symbiont-barren,spinose,0.14
GIK15669-1,,34.8917,-7.815,2022,North Atlantic,0.8,symbiont-bearing,non-spinose,0
GIK15669-1,,34.8917,-7.815,2022,North Atlantic,0.8,symbiont-bearing,spinose,0
GIK15669-1,,34.8917,-7.815,2022,North Atlantic,0.8,symbiont-facultative,non-spinose,0.427
GIK15669-1,,34.8917,-7.815,2022,North Atlantic,0.8,symbiont-facultative,spinose,0
GIK15669-1,,34.8917,-7.815,2022,North Atlantic,0.8,symbiont-obligate,spinose,0.187
GIK15669-1,,34.8917,-7.815,2022,North Atlantic,0.8,undetermined,non-spinose,0
GIK15669-1,,34.8917,-7.815,2022,North Atlantic,0.85,symbiont-barren,non-spinose,0.197
GIK15669-1,,34.8917,-7.815,2022,North Atlantic,0.85,symbiont-barren,spinose,0.185
GIK15669-1,,34.8917,-7.815,2022,North Atlantic,0.85,symbiont-bearing,non-spinose,0
GIK15669-1,,34.8917,-7.815,2022,North Atlantic,0.85,symbiont-bearing,spinose,0.01
GIK15669-1,,34.8917,-7.815,2022,North Atlantic,0.85,symbiont-facultative,non-spinose,0.362
GIK15669-1,,34.8917,-7.815,2022,North Atlantic,0.85,symbiont-facultative,spinose,0
GIK15669-1,,34.8917,-7.815,2022,North Atlantic,0.85,symbiont-obligate,spinose,0.227
GIK15669-1,,34.8917,-7.815,2022,North Atlantic,0.85,undetermined,non-spinose,0
GIK15669-1,,34.8917,-7.815,2022,North Atlantic,0.9,symbiont-barren,non-spinose,0.189
GIK15669-1,,34.8917,-7.815,2022,North Atlantic,0.9,symbiont-barren,spinose,0.296
GIK15669-1,,34.8917,-7.815,2022,North Atlantic,0.9,symbiont-bearing,non-spinose,0
GIK15669-1,,34.8917,-7.815,2022,North Atlantic,0.9,symbiont-bearing,spinose,0.004
GIK15669-1,,34.8917,-7.815,2022,North Atlantic,0.9,symbiont-facultative,non-spinose,0.32
GIK15669-1,,34.8917,-7.815,2022,North Atlantic,0.9,symbiont-facultative,spinose,0
GIK15669-1,,34.8917,-7.815,2022,North Atlantic,0.9,symbiont-obligate,spinose,0.174
GIK15669-1,,34.8917,-7.815,2022,North Atlantic,0.9,undetermined,non-spinose,0
GIK16017-2,,21.245,-17.8033,812,North Atlantic,2.45,symbiont-barren,non-spinose,0.237
GIK16017-2,,21.245,-17.8033,812,North Atlantic,2.45,symbiont-barren,spinose,0.452
GIK16017-2,,21.245,-17.8033,812,North Atlantic,2.45,symbiont-bearing,non-spinose,0
GIK16017-2,,21.245,-17.8033,812,North Atlantic,2.45,symbiont-bearing,spinose,0
GIK16017-2,,21.245,-17.8033,812,North Atlantic,2.45,symbiont-facultative,non-spinose,0.267
GIK16017-2,,21.245,-17.8033,812,North Atlantic,2.45,symbiont-facultative,spinose,0
GIK16017-2,,21.245,-17.8033,812,North Atlantic,2.45,symbiont-obligate,spinose,0.044
GIK16017-2,,21.245,-17.8033,812,North Atlantic,2.45,undetermined,non-spinose,0
GIK16017-2,,21.245,-17.8033,812,North Atlantic,2.5,symbiont-barren,non-spinose,0.159
GIK16017-2,,21.245,-17.8033,812,North Atlantic,2.5,symbiont-barren,spinose,0.502
GIK16017-2,,21.245,-17.8033,812,North Atlantic,2.5,symbiont-bearing,non-spinose,0
GIK16017-2,,21.245,-17.8033,812,North Atlantic,2.5,symbiont-bearing,spinose,0
GIK16017-2,,21.245,-17.8033,812,North Atlantic,2.5,symbiont-facultative,non-spinose,0.271
GIK16017-2,,21.245,-17.8033,812,North Atlantic,2.5,symbiont-facultative,spinose,0
GIK16017-2,,21.245,-17.8033,812,North Atlantic,2.5,symbiont-obligate,spinose,0.063
GIK16017-2,,21.245,-17.8033,812,North Atlantic,2.5,undetermined,non-spinose,0
GIK16017-2,,21.245,-17.8033,812,North Atlantic,2.55,symbiont-barren,non-spinose,0.321
GIK16017-2,,21.245,-17.8033,812,North Atlantic,2.55,symbiont-barren,spinose,0.409
GIK16017-2,,21.245,-17.8033,812,North Atlantic,2.55,symbiont-bearing,non-spinose,0
GIK16017-2,,21.245,-17.8033,812,North Atlantic,2.55,symbiont-bearing,spinose,0
GIK16017-2,,21.245,-17.8033,812,North Atlantic,2.55,symbiont-facultative,non-spinose,0.235
GIK16017-2,,21.245,-17.8033,812,North Atlantic,2.55,symbiont-facultative,spinose,0
GIK16017-2,,21.245,-17.8033,812,North Atlantic,2.55,symbiont-obligate,spinose,0.034
GIK16017-2,,21.245,-17.8033,812,North Atlantic,2.55,undetermined,non-spinose,0
GIK16017-2,,21.245,-17.8033,812,North Atlantic,2.6,symbiont-barren,non-spinose,0.233
GIK16017-2,,21.245,-17.8033,812,North Atlantic,2.6,symbiont-barren,spinose,0.415
GIK16017-2,,21.245,-17.8033,812,North Atlantic,2.6,symbiont-bearing,non-spinose,0
GIK16017-2,,21.245,-17.8033,812,North Atlantic,2.6,symbiont-bearing,spinose,0.004
GIK16017-2,,21.245,-17.8033,812,North Atlantic,2.6,symbiont-facultative,non-spinose,0.31
GIK16017-2,,21.245,-17.8033,812,North Atlantic,2.6,symbiont-facultative,spinose,0
GIK16017-2,,21.245,-17.8033,812,North Atlantic,2.6,symbiont-obligate,spinose,0.037
GIK16017-2,,21.245,-17.8033,812,North Atlantic,2.6,undetermined,non-spinose,0
GIK16017-2,,21.245,-17.8033,812,North Atlantic,2.65,symbiont-barren,non-spinose,0.213
GIK16017-2,,21.245,-17.8033,812,North Atlantic,2.65,symbiont-barren,spinose,0.469
GIK16017-2,,21.245,-17.8033,812,North Atlantic,2.65,symbiont-bearing,non-spinose,0
GIK16017-2,,21.245,-17.8033,812,North Atlantic,2.65,symbiont-bearing,spinose,0.003
GIK16017-2,,21.245,-17.8033,812,North Atlantic,2.65,symbiont-facultative,non-spinose,0.26
GIK16017-2,,21.245,-17.8033,812,North Atlantic,2.65,symbiont-facultative,spinose,0
GIK16017-2,,21.245,-17.8033,812,North Atlantic,2.65,symbiont-obligate,spinose,0.055
GIK16017-2,,21.245,-17.8033,812,North Atlantic,2.65,undetermined,non-spinose,0
GIK16017-2,,21.245,-17.8033,812,North Atlantic,2.7,symbiont-barren,non-spinose,0.252
GIK16017-2,,21.245,-17.8033,812,North Atlantic,2.7,symbiont-barren,spinose,0.403
GIK16017-2,,21.245,-17.8033,812,North Atlantic,2.7,symbiont-bearing,non-spinose,0
GIK16017-2,,21.245,-17.8033,812,North Atlantic,2.7,symbiont-bearing,spinose,0
GIK16017-2,,21.245,-17.8033,812,North Atlantic,2.7,symbiont-facultative,non-spinose,0.282
GIK16017-2,,21.245,-17.8033,812,North Atlantic,2.7,symbiont-facultative,spinose,0
GIK16017-2,,21.245,-17.8033,812,North Atlantic,2.7,symbiont-obligate,spinose,0.065
GIK16017-2,,21.245,-17.8033,812,North Atlantic,2.7,undetermined,non-spinose,0
GIK16017-2,,21.245,-17.8033,812,North Atlantic,2.75,symbiont-barren,non-spinose,0.21
GIK16017-2,,21.245,-17.8033,812,North Atlantic,2.75,symbiont-barren,spinose,0.446
GIK16017-2,,21.245,-17.8033,812,North Atlantic,2.75,symbiont-bearing,non-spinose,0
GIK16017-2,,21.245,-17.8033,812,North Atlantic,2.75,symbiont-bearing,spinose,0.003
GIK16017-2,,21.245,-17.8033,812,North Atlantic,2.75,symbiont-facultative,non-spinose,0.275
GIK16017-2,,21.245,-17.8033,812,North Atlantic,2.75,symbiont-facultative,spinose,0
GIK16017-2,,21.245,-17.8033,812,North Atlantic,2.75,symbiont-obligate,spinose,0.066
GIK16017-2,,21.245,-17.8033,812,North Atlantic,2.75,undetermined,non-spinose,0
GIK16396-1,,61.8722,-11.2423,1145,North Atlantic,3.3,symbiont-barren,non-spinose,0.982
GIK16396-1,,61.8722,-11.2423,1145,North Atlantic,3.3,symbiont-barren,spinose,0.017
GIK16396-1,,61.8722,-11.2423,1145,North Atlantic,3.3,symbiont-bearing,non-spinose,0
GIK16396-1,,61.8722,-11.2423,1145,North Atlantic,3.3,symbiont-bearing,spinose,0
GIK16396-1,,61.8722,-11.2423,1145,North Atlantic,3.3,symbiont-facultative,non-spinose,0
GIK16396-1,,61.8722,-11.2423,1145,North Atlantic,3.3,symbiont-facultative,spinose,0
GIK16396-1,,61.8722,-11.2423,1145,North Atlantic,3.3,symbiont-obligate,spinose,0
GIK16396-1,,61.8722,-11.2423,1145,North Atlantic,3.3,undetermined,non-spinose,0
GIK16396-1,,61.8722,-11.2423,1145,North Atlantic,3.5,symbiont-barren,non-spinose,0.965
GIK16396-1,,61.8722,-11.2423,1145,North Atlantic,3.5,symbiont-barren,spinose,0.035
GIK16396-1,,61.8722,-11.2423,1145,North Atlantic,3.5,symbiont-bearing,non-spinose,0
GIK16396-1,,61.8722,-11.2423,1145,North Atlantic,3.5,symbiont-bearing,spinose,0
GIK16396-1,,61.8722,-11.2423,1145,North Atlantic,3.5,symbiont-facultative,non-spinose,0
GIK16396-1,,61.8722,-11.2423,1145,North Atlantic,3.5,symbiont-facultative,spinose,0
GIK16396-1,,61.8722,-11.2423,1145,North Atlantic,3.5,symbiont-obligate,spinose,0
GIK16396-1,,61.8722,-11.2423,1145,North Atlantic,3.5,undetermined,non-spinose,0
GIK16396-1,,61.8722,-11.2423,1145,North Atlantic,3.6,symbiont-barren,non-spinose,0.988
GIK16396-1,,61.8722,-11.2423,1145,North Atlantic,3.6,symbiont-barren,spinose,0.013
GIK16396-1,,61.8722,-11.2423,1145,North Atlantic,3.6,symbiont-bearing,non-spinose,0
GIK16396-1,,61.8722,-11.2423,1145,North Atlantic,3.6,symbiont-bearing,spinose,0
GIK16396-1,,61.8722,-11.2423,1145,North Atlantic,3.6,symbiont-facultative,non-spinose,0
GIK16396-1,,61.8722,-11.2423,1145,North Atlantic,3.6,symbiont-facultative,spinose,0
GIK16396-1,,61.8722,-11.2423,1145,North Atlantic,3.6,symbiont-obligate,spinose,0
GIK16396-1,,61.8722,-11.2423,1145,North Atlantic,3.6,undetermined,non-spinose,0
GIK16396-1,,61.8722,-11.2423,1145,North Atlantic,3.7,symbiont-barren,non-spinose,0.991
GIK16396-1,,61.8722,-11.2423,1145,North Atlantic,3.7,symbiont-barren,spinose,0.009
GIK16396-1,,61.8722,-11.2423,1145,North Atlantic,3.7,symbiont-bearing,non-spinose,0
GIK16396-1,,61.8722,-11.2423,1145,North Atlantic,3.7,symbiont-bearing,spinose,0
GIK16396-1,,61.8722,-11.2423,1145,North Atlantic,3.7,symbiont-facultative,non-spinose,0
GIK16396-1,,61.8722,-11.2423,1145,North Atlantic,3.7,symbiont-facultative,spinose,0
GIK16396-1,,61.8722,-11.2423,1145,North Atlantic,3.7,symbiont-obligate,spinose,0
GIK16396-1,,61.8722,-11.2423,1145,North Atlantic,3.7,undetermined,non-spinose,0
GIK16396-1,,61.8722,-11.2423,1145,North Atlantic,3.8,symbiont-barren,non-spinose,0.995
GIK16396-1,,61.8722,-11.2423,1145,North Atlantic,3.8,symbiont-barren,spinose,0.002
GIK16396-1,,61.8722,-11.2423,1145,North Atlantic,3.8,symbiont-bearing,non-spinose,0
GIK16396-1,,61.8722,-11.2423,1145,North Atlantic,3.8,symbiont-bearing,spinose,0
GIK16396-1,,61.8722,-11.2423,1145,North Atlantic,3.8,symbiont-facultative,non-spinose,0.003
GIK16396-1,,61.8722,-11.2423,1145,North Atlantic,3.8,symbiont-facultative,spinose,0
GIK16396-1,,61.8722,-11.2423,1145,North Atlantic,3.8,symbiont-obligate,spinose,0
GIK16396-1,,61.8722,-11.2423,1145,North Atlantic,3.8,undetermined,non-spinose,0
GIK16396-1,,61.8722,-11.2423,1145,North Atlantic,3.9,symbiont-barren,non-spinose,0.992
GIK16396-1,,61.8722,-11.2423,1145,North Atlantic,3.9,symbiont-barren,spinose,0.007
GIK16396-1,,61.8722,-11.2423,1145,North Atlantic,3.9,symbiont-bearing,non-spinose,0
GIK16396-1,,61.8722,-11.2423,1145,North Atlantic,3.9,symbiont-bearing,spinose,0
GIK16396-1,,61.8722,-11.2423,1145,North Atlantic,3.9,symbiont-facultative,non-spinose,0
GIK16396-1,,61.8722,-11.2423,1145,North Atlantic,3.9,symbiont-facultative,spinose,0
GIK16396-1,,61.8722,-11.2423,1145,North Atlantic,3.9,symbiont-obligate,spinose,0
GIK16396-1,,61.8722,-11.2423,1145,North Atlantic,3.9,undetermined,non-spinose,0
GIK16396-1,,61.8722,-11.2423,1145,North Atlantic,3.98,symbiont-barren,non-spinose,0.992
GIK16396-1,,61.8722,-11.2423,1145,North Atlantic,3.98,symbiont-barren,spinose,0.007
GIK16396-1,,61.8722,-11.2423,1145,North Atlantic,3.98,symbiont-bearing,non-spinose,0
GIK16396-1,,61.8722,-11.2423,1145,North Atlantic,3.98,symbiont-bearing,spinose,0
GIK16396-1,,61.8722,-11.2423,1145,North Atlantic,3.98,symbiont-facultative,non-spinose,0.001
GIK16396-1,,61.8722,-11.2423,1145,North Atlantic,3.98,symbiont-facultative,spinose,0
GIK16396-1,,61.8722,-11.2423,1145,North Atlantic,3.98,symbiont-obligate,spinose,0
GIK16396-1,,61.8722,-11.2423,1145,North Atlantic,3.98,undetermined,non-spinose,0
GIK16396-1,,61.8722,-11.2423,1145,North Atlantic,4.02,symbiont-barren,non-spinose,0.974
GIK16396-1,,61.8722,-11.2423,1145,North Atlantic,4.02,symbiont-barren,spinose,0.026
GIK16396-1,,61.8722,-11.2423,1145,North Atlantic,4.02,symbiont-bearing,non-spinose,0
GIK16396-1,,61.8722,-11.2423,1145,North Atlantic,4.02,symbiont-bearing,spinose,0
GIK16396-1,,61.8722,-11.2423,1145,North Atlantic,4.02,symbiont-facultative,non-spinose,0
GIK16396-1,,61.8722,-11.2423,1145,North Atlantic,4.02,symbiont-facultative,spinose,0
GIK16396-1,,61.8722,-11.2423,1145,North Atlantic,4.02,symbiont-obligate,spinose,0
GIK16396-1,,61.8722,-11.2423,1145,North Atlantic,4.02,undetermined,non-spinose,0
GIK16396-1,,61.8722,-11.2423,1145,North Atlantic,4.1,symbiont-barren,non-spinose,0.978
GIK16396-1,,61.8722,-11.2423,1145,North Atlantic,4.1,symbiont-barren,spinose,0.022
GIK16396-1,,61.8722,-11.2423,1145,North Atlantic,4.1,symbiont-bearing,non-spinose,0
GIK16396-1,,61.8722,-11.2423,1145,North Atlantic,4.1,symbiont-bearing,spinose,0
GIK16396-1,,61.8722,-11.2423,1145,North Atlantic,4.1,symbiont-facultative,non-spinose,0
GIK16396-1,,61.8722,-11.2423,1145,North Atlantic,4.1,symbiont-facultative,spinose,0
GIK16396-1,,61.8722,-11.2423,1145,North Atlantic,4.1,symbiont-obligate,spinose,0
GIK16396-1,,61.8722,-11.2423,1145,North Atlantic,4.1,undetermined,non-spinose,0
GIK16396-1,,61.8722,-11.2423,1145,North Atlantic,4.2,symbiont-barren,spinose,0.043
GIK16396-1,,61.8722,-11.2423,1145,North Atlantic,4.2,symbiont-bearing,non-spinose,0
GIK16396-1,,61.8722,-11.2423,1145,North Atlantic,4.2,symbiont-bearing,spinose,0
GIK16396-1,,61.8722,-11.2423,1145,North Atlantic,4.2,symbiont-facultative,non-spinose,0
GIK16396-1,,61.8722,-11.2423,1145,North Atlantic,4.2,symbiont-facultative,spinose,0
GIK16396-1,,61.8722,-11.2423,1145,North Atlantic,4.2,symbiont-obligate,spinose,0
GIK16396-1,,61.8722,-11.2423,1145,North Atlantic,4.2,undetermined,non-spinose,0
GIK16396-1,,61.8722,-11.2423,1145,North Atlantic,4.3,symbiont-barren,non-spinose,0.965
GIK16396-1,,61.8722,-11.2423,1145,North Atlantic,4.3,symbiont-barren,spinose,0.036
GIK16396-1,,61.8722,-11.2423,1145,North Atlantic,4.3,symbiont-bearing,non-spinose,0
GIK16396-1,,61.8722,-11.2423,1145,North Atlantic,4.3,symbiont-bearing,spinose,0
GIK16396-1,,61.8722,-11.2423,1145,North Atlantic,4.3,symbiont-facultative,non-spinose,0
GIK16396-1,,61.8722,-11.2423,1145,North Atlantic,4.3,symbiont-facultative,spinose,0
GIK16396-1,,61.8722,-11.2423,1145,North Atlantic,4.3,symbiont-obligate,spinose,0
GIK16396-1,,61.8722,-11.2423,1145,North Atlantic,4.3,undetermined,non-spinose,0
GIK16396-1,,61.8722,-11.2423,1145,North Atlantic,4.4,symbiont-barren,non-spinose,0.978
GIK16396-1,,61.8722,-11.2423,1145,North Atlantic,4.4,symbiont-barren,spinose,0.021
GIK16396-1,,61.8722,-11.2423,1145,North Atlantic,4.4,symbiont-bearing,non-spinose,0
GIK16396-1,,61.8722,-11.2423,1145,North Atlantic,4.4,symbiont-bearing,spinose,0
GIK16396-1,,61.8722,-11.2423,1145,North Atlantic,4.4,symbiont-facultative,non-spinose,0
GIK16396-1,,61.8722,-11.2423,1145,North Atlantic,4.4,symbiont-facultative,spinose,0
GIK16396-1,,61.8722,-11.2423,1145,North Atlantic,4.4,symbiont-obligate,spinose,0
GIK16396-1,,61.8722,-11.2423,1145,North Atlantic,4.4,undetermined,non-spinose,0
GIK16396-1,,61.8722,-11.2423,1145,North Atlantic,4.5,symbiont-barren,non-spinose,0.985
GIK16396-1,,61.8722,-11.2423,1145,North Atlantic,4.5,symbiont-barren,spinose,0.015
GIK16396-1,,61.8722,-11.2423,1145,North Atlantic,4.5,symbiont-bearing,non-spinose,0
GIK16396-1,,61.8722,-11.2423,1145,North Atlantic,4.5,symbiont-bearing,spinose,0
GIK16396-1,,61.8722,-11.2423,1145,North Atlantic,4.5,symbiont-facultative,non-spinose,0
GIK16396-1,,61.8722,-11.2423,1145,North Atlantic,4.5,symbiont-facultative,spinose,0
GIK16396-1,,61.8722,-11.2423,1145,North Atlantic,4.5,symbiont-obligate,spinose,0
GIK16396-1,,61.8722,-11.2423,1145,North Atlantic,4.5,undetermined,non-spinose,0
GIK16396-1,,61.8722,-11.2423,1145,North Atlantic,4.6,symbiont-barren,non-spinose,0.991
GIK16396-1,,61.8722,-11.2423,1145,North Atlantic,4.6,symbiont-barren,spinose,0.009
GIK16396-1,,61.8722,-11.2423,1145,North Atlantic,4.6,symbiont-bearing,non-spinose,0
GIK16396-1,,61.8722,-11.2423,1145,North Atlantic,4.6,symbiont-bearing,spinose,0
GIK16396-1,,61.8722,-11.2423,1145,North Atlantic,4.6,symbiont-facultative,non-spinose,0
GIK16396-1,,61.8722,-11.2423,1145,North Atlantic,4.6,symbiont-facultative,spinose,0
GIK16396-1,,61.8722,-11.2423,1145,North Atlantic,4.6,symbiont-obligate,spinose,0
GIK16396-1,,61.8722,-11.2423,1145,North Atlantic,4.6,undetermined,non-spinose,0
GIK16396-1,,61.8722,-11.2423,1145,North Atlantic,4.7,symbiont-barren,non-spinose,0.997
GIK16396-1,,61.8722,-11.2423,1145,North Atlantic,4.7,symbiont-barren,spinose,0.004
GIK16396-1,,61.8722,-11.2423,1145,North Atlantic,4.7,symbiont-bearing,non-spinose,0
GIK16396-1,,61.8722,-11.2423,1145,North Atlantic,4.7,symbiont-bearing,spinose,0
GIK16396-1,,61.8722,-11.2423,1145,North Atlantic,4.7,symbiont-facultative,non-spinose,0
GIK16396-1,,61.8722,-11.2423,1145,North Atlantic,4.7,symbiont-facultative,spinose,0
GIK16396-1,,61.8722,-11.2423,1145,North Atlantic,4.7,symbiont-obligate,spinose,0
GIK16396-1,,61.8722,-11.2423,1145,North Atlantic,4.7,undetermined,non-spinose,0
GIK16396-1,,61.8722,-11.2423,1145,North Atlantic,4.8,symbiont-barren,non-spinose,0.994
GIK16396-1,,61.8722,-11.2423,1145,North Atlantic,4.8,symbiont-barren,spinose,0.004
GIK16396-1,,61.8722,-11.2423,1145,North Atlantic,4.8,symbiont-bearing,non-spinose,0
GIK16396-1,,61.8722,-11.2423,1145,North Atlantic,4.8,symbiont-bearing,spinose,0
GIK16396-1,,61.8722,-11.2423,1145,North Atlantic,4.8,symbiont-facultative,non-spinose,0
GIK16396-1,,61.8722,-11.2423,1145,North Atlantic,4.8,symbiont-facultative,spinose,0
GIK16396-1,,61.8722,-11.2423,1145,North Atlantic,4.8,symbiont-obligate,spinose,0
GIK16396-1,,61.8722,-11.2423,1145,North Atlantic,4.8,undetermined,non-spinose,0
GIK16396-1,,61.8722,-11.2423,1145,North Atlantic,4.9,symbiont-barren,non-spinose,0.993
GIK16396-1,,61.8722,-11.2423,1145,North Atlantic,4.9,symbiont-barren,spinose,0.008
GIK16396-1,,61.8722,-11.2423,1145,North Atlantic,4.9,symbiont-bearing,non-spinose,0
GIK16396-1,,61.8722,-11.2423,1145,North Atlantic,4.9,symbiont-bearing,spinose,0
GIK16396-1,,61.8722,-11.2423,1145,North Atlantic,4.9,symbiont-facultative,non-spinose,0
GIK16396-1,,61.8722,-11.2423,1145,North Atlantic,4.9,symbiont-facultative,spinose,0
GIK16396-1,,61.8722,-11.2423,1145,North Atlantic,4.9,symbiont-obligate,spinose,0
GIK16396-1,,61.8722,-11.2423,1145,North Atlantic,4.9,undetermined,non-spinose,0
GIK16396-1,,61.8722,-11.2423,1145,North Atlantic,4.98,symbiont-barren,non-spinose,0.987
GIK16396-1,,61.8722,-11.2423,1145,North Atlantic,4.98,symbiont-barren,spinose,0.011
GIK16396-1,,61.8722,-11.2423,1145,North Atlantic,4.98,symbiont-bearing,non-spinose,0
GIK16396-1,,61.8722,-11.2423,1145,North Atlantic,4.98,symbiont-bearing,spinose,0
GIK16396-1,,61.8722,-11.2423,1145,North Atlantic,4.98,symbiont-facultative,non-spinose,0.003
GIK16396-1,,61.8722,-11.2423,1145,North Atlantic,4.98,symbiont-facultative,spinose,0
GIK16396-1,,61.8722,-11.2423,1145,North Atlantic,4.98,symbiont-obligate,spinose,0
GIK16396-1,,61.8722,-11.2423,1145,North Atlantic,4.98,undetermined,non-spinose,0
GIK16396-1,,61.8722,-11.2423,1145,North Atlantic,5.02,symbiont-barren,non-spinose,0.997
GIK16396-1,,61.8722,-11.2423,1145,North Atlantic,5.02,symbiont-barren,spinose,0.003
GIK16396-1,,61.8722,-11.2423,1145,North Atlantic,5.02,symbiont-bearing,non-spinose,0
GIK16396-1,,61.8722,-11.2423,1145,North Atlantic,5.02,symbiont-bearing,spinose,0
GIK16396-1,,61.8722,-11.2423,1145,North Atlantic,5.02,symbiont-facultative,non-spinose,0
GIK16396-1,,61.8722,-11.2423,1145,North Atlantic,5.02,symbiont-facultative,spinose,0
GIK16396-1,,61.8722,-11.2423,1145,North Atlantic,5.02,symbiont-obligate,spinose,0
GIK16396-1,,61.8722,-11.2423,1145,North Atlantic,5.02,undetermined,non-spinose,0
GIK16396-1,,61.8722,-11.2423,1145,North Atlantic,5.1,symbiont-barren,non-spinose,0.992
GIK16396-1,,61.8722,-11.2423,1145,North Atlantic,5.1,symbiont-barren,spinose,0.008
GIK16396-1,,61.8722,-11.2423,1145,North Atlantic,5.1,symbiont-bearing,non-spinose,0
GIK16396-1,,61.8722,-11.2423,1145,North Atlantic,5.1,symbiont-bearing,spinose,0
GIK16396-1,,61.8722,-11.2423,1145,North Atlantic,5.1,symbiont-facultative,non-spinose,0
GIK16396-1,,61.8722,-11.2423,1145,North Atlantic,5.1,symbiont-facultative,spinose,0
GIK16396-1,,61.8722,-11.2423,1145,North Atlantic,5.1,symbiont-obligate,spinose,0
GIK16396-1,,61.8722,-11.2423,1145,North Atlantic,5.1,undetermined,non-spinose,0
GIK16396-1,,61.8722,-11.2423,1145,North Atlantic,5.2,symbiont-barren,non-spinose,0.987
GIK16396-1,,61.8722,-11.2423,1145,North Atlantic,5.2,symbiont-barren,spinose,0.013
GIK16396-1,,61.8722,-11.2423,1145,North Atlantic,5.2,symbiont-bearing,non-spinose,0
GIK16396-1,,61.8722,-11.2423,1145,North Atlantic,5.2,symbiont-bearing,spinose,0
GIK16396-1,,61.8722,-11.2423,1145,North Atlantic,5.2,symbiont-facultative,non-spinose,0.001
GIK16396-1,,61.8722,-11.2423,1145,North Atlantic,5.2,symbiont-facultative,spinose,0
GIK16396-1,,61.8722,-11.2423,1145,North Atlantic,5.2,symbiont-obligate,spinose,0
GIK16396-1,,61.8722,-11.2423,1145,North Atlantic,5.2,undetermined,non-spinose,0
GIK16396-1,,61.8722,-11.2423,1145,North Atlantic,5.3,symbiont-barren,non-spinose,0.979
GIK16396-1,,61.8722,-11.2423,1145,North Atlantic,5.3,symbiont-barren,spinose,0.029
GIK16396-1,,61.8722,-11.2423,1145,North Atlantic,5.3,symbiont-bearing,non-spinose,0
GIK16396-1,,61.8722,-11.2423,1145,North Atlantic,5.3,symbiont-bearing,spinose,0
GIK16396-1,,61.8722,-11.2423,1145,North Atlantic,5.3,symbiont-facultative,non-spinose,0.001
GIK16396-1,,61.8722,-11.2423,1145,North Atlantic,5.3,symbiont-facultative,spinose,0.001
GIK16396-1,,61.8722,-11.2423,1145,North Atlantic,5.3,symbiont-obligate,spinose,0
GIK16396-1,,61.8722,-11.2423,1145,North Atlantic,5.3,undetermined,non-spinose,0
GIK16396-1,,61.8722,-11.2423,1145,North Atlantic,5.4,symbiont-barren,non-spinose,0.969
GIK16396-1,,61.8722,-11.2423,1145,North Atlantic,5.4,symbiont-barren,spinose,0.03
GIK16396-1,,61.8722,-11.2423,1145,North Atlantic,5.4,symbiont-bearing,non-spinose,0
GIK16396-1,,61.8722,-11.2423,1145,North Atlantic,5.4,symbiont-bearing,spinose,0
GIK16396-1,,61.8722,-11.2423,1145,North Atlantic,5.4,symbiont-facultative,non-spinose,0
GIK16396-1,,61.8722,-11.2423,1145,North Atlantic,5.4,symbiont-facultative,spinose,0
GIK16396-1,,61.8722,-11.2423,1145,North Atlantic,5.4,symbiont-obligate,spinose,0
GIK16396-1,,61.8722,-11.2423,1145,North Atlantic,5.4,undetermined,non-spinose,0
GIK16397-2,,61.8725,-11.1787,1145,North Atlantic,0.1,symbiont-barren,non-spinose,0.98
GIK16397-2,,61.8725,-11.1787,1145,North Atlantic,0.1,symbiont-barren,spinose,0.014
GIK16397-2,,61.8725,-11.1787,1145,North Atlantic,0.1,symbiont-bearing,non-spinose,0
GIK16397-2,,61.8725,-11.1787,1145,North Atlantic,0.1,symbiont-bearing,spinose,0
GIK16397-2,,61.8725,-11.1787,1145,North Atlantic,0.1,symbiont-facultative,non-spinose,0.006
GIK16397-2,,61.8725,-11.1787,1145,North Atlantic,0.1,symbiont-facultative,spinose,0
GIK16397-2,,61.8725,-11.1787,1145,North Atlantic,0.1,symbiont-obligate,spinose,0
GIK16397-2,,61.8725,-11.1787,1145,North Atlantic,0.1,undetermined,non-spinose,0
GIK16397-2,,61.8725,-11.1787,1145,North Atlantic,0.6,symbiont-barren,non-spinose,0.985
GIK16397-2,,61.8725,-11.1787,1145,North Atlantic,0.6,symbiont-barren,spinose,0.015
GIK16397-2,,61.8725,-11.1787,1145,North Atlantic,0.6,symbiont-bearing,non-spinose,0
GIK16397-2,,61.8725,-11.1787,1145,North Atlantic,0.6,symbiont-bearing,spinose,0
GIK16397-2,,61.8725,-11.1787,1145,North Atlantic,0.6,symbiont-facultative,non-spinose,0
GIK16397-2,,61.8725,-11.1787,1145,North Atlantic,0.6,symbiont-facultative,spinose,0
GIK16397-2,,61.8725,-11.1787,1145,North Atlantic,0.6,symbiont-obligate,spinose,0
GIK16397-2,,61.8725,-11.1787,1145,North Atlantic,0.6,undetermined,non-spinose,0
GIK16397-2,,61.8725,-11.1787,1145,North Atlantic,0.7,symbiont-barren,non-spinose,0.983
GIK16397-2,,61.8725,-11.1787,1145,North Atlantic,0.7,symbiont-barren,spinose,0.017
GIK16397-2,,61.8725,-11.1787,1145,North Atlantic,0.7,symbiont-bearing,non-spinose,0
GIK16397-2,,61.8725,-11.1787,1145,North Atlantic,0.7,symbiont-bearing,spinose,0
GIK16397-2,,61.8725,-11.1787,1145,North Atlantic,0.7,symbiont-facultative,non-spinose,0
GIK16397-2,,61.8725,-11.1787,1145,North Atlantic,0.7,symbiont-facultative,spinose,0
GIK16397-2,,61.8725,-11.1787,1145,North Atlantic,0.7,symbiont-obligate,spinose,0
GIK16397-2,,61.8725,-11.1787,1145,North Atlantic,0.7,undetermined,non-spinose,0
GIK16397-2,,61.8725,-11.1787,1145,North Atlantic,0.82,symbiont-barren,non-spinose,0.983
GIK16397-2,,61.8725,-11.1787,1145,North Atlantic,0.82,symbiont-barren,spinose,0.017
GIK16397-2,,61.8725,-11.1787,1145,North Atlantic,0.82,symbiont-bearing,non-spinose,0
GIK16397-2,,61.8725,-11.1787,1145,North Atlantic,0.82,symbiont-bearing,spinose,0
GIK16397-2,,61.8725,-11.1787,1145,North Atlantic,0.82,symbiont-facultative,non-spinose,0
GIK16397-2,,61.8725,-11.1787,1145,North Atlantic,0.82,symbiont-facultative,spinose,0
GIK16397-2,,61.8725,-11.1787,1145,North Atlantic,0.82,symbiont-obligate,spinose,0
GIK16397-2,,61.8725,-11.1787,1145,North Atlantic,0.82,undetermined,non-spinose,0
GIK16397-2,,61.8725,-11.1787,1145,North Atlantic,1.02,symbiont-barren,non-spinose,0.976
GIK16397-2,,61.8725,-11.1787,1145,North Atlantic,1.02,symbiont-barren,spinose,0.02
GIK16397-2,,61.8725,-11.1787,1145,North Atlantic,1.02,symbiont-bearing,non-spinose,0
GIK16397-2,,61.8725,-11.1787,1145,North Atlantic,1.02,symbiont-bearing,spinose,0
GIK16397-2,,61.8725,-11.1787,1145,North Atlantic,1.02,symbiont-facultative,non-spinose,0.003
GIK16397-2,,61.8725,-11.1787,1145,North Atlantic,1.02,symbiont-facultative,spinose,0
GIK16397-2,,61.8725,-11.1787,1145,North Atlantic,1.02,symbiont-obligate,spinose,0
GIK16397-2,,61.8725,-11.1787,1145,North Atlantic,1.02,undetermined,non-spinose,0
GIK16397-2,,61.8725,-11.1787,1145,North Atlantic,1.2,symbiont-barren,non-spinose,0.974
GIK16397-2,,61.8725,-11.1787,1145,North Atlantic,1.2,symbiont-barren,spinose,0.023
GIK16397-2,,61.8725,-11.1787,1145,North Atlantic,1.2,symbiont-bearing,non-spinose,0
GIK16397-2,,61.8725,-11.1787,1145,North Atlantic,1.2,symbiont-bearing,spinose,0
GIK16397-2,,61.8725,-11.1787,1145,North Atlantic,1.2,symbiont-facultative,non-spinose,0.003
GIK16397-2,,61.8725,-11.1787,1145,North Atlantic,1.2,symbiont-facultative,spinose,0
GIK16397-2,,61.8725,-11.1787,1145,North Atlantic,1.2,symbiont-obligate,spinose,0
GIK16397-2,,61.8725,-11.1787,1145,North Atlantic,1.2,undetermined,non-spinose,0
GIK16397-2,,61.8725,-11.1787,1145,North Atlantic,1.6,symbiont-barren,non-spinose,0.969
GIK16397-2,,61.8725,-11.1787,1145,North Atlantic,1.6,symbiont-barren,spinose,0.027
GIK16397-2,,61.8725,-11.1787,1145,North Atlantic,1.6,symbiont-bearing,non-spinose,0
GIK16397-2,,61.8725,-11.1787,1145,North Atlantic,1.6,symbiont-bearing,spinose,0
GIK16397-2,,61.8725,-11.1787,1145,North Atlantic,1.6,symbiont-facultative,non-spinose,0.005
GIK16397-2,,61.8725,-11.1787,1145,North Atlantic,1.6,symbiont-facultative,spinose,0
GIK16397-2,,61.8725,-11.1787,1145,North Atlantic,1.6,symbiont-obligate,spinose,0
GIK16397-2,,61.8725,-11.1787,1145,North Atlantic,1.6,undetermined,non-spinose,0
GIK16415-2,,9.5667,-19.095,3851,North Atlantic,0.45,symbiont-barren,non-spinose,0.141
GIK16415-2,,9.5667,-19.095,3851,North Atlantic,0.45,symbiont-barren,spinose,0.057
GIK16415-2,,9.5667,-19.095,3851,North Atlantic,0.45,symbiont-bearing,non-spinose,0
GIK16415-2,,9.5667,-19.095,3851,North Atlantic,0.45,symbiont-bearing,spinose,0
GIK16415-2,,9.5667,-19.095,3851,North Atlantic,0.45,symbiont-facultative,non-spinose,0.622
GIK16415-2,,9.5667,-19.095,3851,North Atlantic,0.45,symbiont-facultative,spinose,0
GIK16415-2,,9.5667,-19.095,3851,North Atlantic,0.45,symbiont-obligate,spinose,0.182
GIK16415-2,,9.5667,-19.095,3851,North Atlantic,0.45,undetermined,non-spinose,0
GIK16457-2,,5.385,-21.7517,3303,North Atlantic,0.3,symbiont-barren,non-spinose,0.103
GIK16457-2,,5.385,-21.7517,3303,North Atlantic,0.3,symbiont-barren,spinose,0.06
GIK16457-2,,5.385,-21.7517,3303,North Atlantic,0.3,symbiont-bearing,non-spinose,0
GIK16457-2,,5.385,-21.7517,3303,North Atlantic,0.3,symbiont-bearing,spinose,0
GIK16457-2,,5.385,-21.7517,3303,North Atlantic,0.3,symbiont-facultative,non-spinose,0.24
GIK16457-2,,5.385,-21.7517,3303,North Atlantic,0.3,symbiont-facultative,spinose,0
GIK16457-2,,5.385,-21.7517,3303,North Atlantic,0.3,symbiont-obligate,spinose,0.592
GIK16457-2,,5.385,-21.7517,3303,North Atlantic,0.3,undetermined,non-spinose,0
GIK16458-1,,5.335,-22.0533,3518,North Atlantic,0.26,symbiont-barren,non-spinose,0.076
GIK16458-1,,5.335,-22.0533,3518,North Atlantic,0.26,symbiont-barren,spinose,0.044
GIK16458-1,,5.335,-22.0533,3518,North Atlantic,0.26,symbiont-bearing,non-spinose,0
GIK16458-1,,5.335,-22.0533,3518,North Atlantic,0.26,symbiont-bearing,spinose,0.005
GIK16458-1,,5.335,-22.0533,3518,North Atlantic,0.26,symbiont-facultative,non-spinose,0.175
GIK16458-1,,5.335,-22.0533,3518,North Atlantic,0.26,symbiont-facultative,spinose,0
GIK16458-1,,5.335,-22.0533,3518,North Atlantic,0.26,symbiont-obligate,spinose,0.7
GIK16458-1,,5.335,-22.0533,3518,North Atlantic,0.26,undetermined,non-spinose,0
GIK16458-1,,5.335,-22.0533,3518,North Atlantic,0.28,symbiont-barren,non-spinose,0.068
GIK16458-1,,5.335,-22.0533,3518,North Atlantic,0.28,symbiont-barren,spinose,0.05
GIK16458-1,,5.335,-22.0533,3518,North Atlantic,0.28,symbiont-bearing,non-spinose,0
GIK16458-1,,5.335,-22.0533,3518,North Atlantic,0.28,symbiont-bearing,spinose,0
GIK16458-1,,5.335,-22.0533,3518,North Atlantic,0.28,symbiont-facultative,non-spinose,0.167
GIK16458-1,,5.335,-22.0533,3518,North Atlantic,0.28,symbiont-facultative,spinose,0
GIK16458-1,,5.335,-22.0533,3518,North Atlantic,0.28,symbiont-obligate,spinose,0.716
GIK16458-1,,5.335,-22.0533,3518,North Atlantic,0.28,undetermined,non-spinose,0
GIK16458-1,,5.335,-22.0533,3518,North Atlantic,0.3,symbiont-barren,non-spinose,0.086
GIK16458-1,,5.335,-22.0533,3518,North Atlantic,0.3,symbiont-barren,spinose,0.052
GIK16458-1,,5.335,-22.0533,3518,North Atlantic,0.3,symbiont-bearing,non-spinose,0
GIK16458-1,,5.335,-22.0533,3518,North Atlantic,0.3,symbiont-bearing,spinose,0
GIK16458-1,,5.335,-22.0533,3518,North Atlantic,0.3,symbiont-facultative,non-spinose,0.182
GIK16458-1,,5.335,-22.0533,3518,North Atlantic,0.3,symbiont-facultative,spinose,0
GIK16458-1,,5.335,-22.0533,3518,North Atlantic,0.3,symbiont-obligate,spinose,0.681
GIK16458-1,,5.335,-22.0533,3518,North Atlantic,0.3,undetermined,non-spinose,0
GIK16458-2,,5.335,-22.055,3518,North Atlantic,0.29,symbiont-barren,non-spinose,0.057
GIK16458-2,,5.335,-22.055,3518,North Atlantic,0.29,symbiont-barren,spinose,0.042
GIK16458-2,,5.335,-22.055,3518,North Atlantic,0.29,symbiont-bearing,non-spinose,0
GIK16458-2,,5.335,-22.055,3518,North Atlantic,0.29,symbiont-bearing,spinose,0.017
GIK16458-2,,5.335,-22.055,3518,North Atlantic,0.29,symbiont-facultative,non-spinose,0.145
GIK16458-2,,5.335,-22.055,3518,North Atlantic,0.29,symbiont-facultative,spinose,0
GIK16458-2,,5.335,-22.055,3518,North Atlantic,0.29,symbiont-obligate,spinose,0.749
GIK16458-2,,5.335,-22.055,3518,North Atlantic,0.29,undetermined,non-spinose,0
GIK16458-2,,5.335,-22.055,3518,North Atlantic,0.32,symbiont-barren,non-spinose,0.023
GIK16458-2,,5.335,-22.055,3518,North Atlantic,0.32,symbiont-barren,spinose,0.049
GIK16458-2,,5.335,-22.055,3518,North Atlantic,0.32,symbiont-bearing,non-spinose,0
GIK16458-2,,5.335,-22.055,3518,North Atlantic,0.32,symbiont-bearing,spinose,0.008
GIK16458-2,,5.335,-22.055,3518,North Atlantic,0.32,symbiont-facultative,non-spinose,0.14
GIK16458-2,,5.335,-22.055,3518,North Atlantic,0.32,symbiont-facultative,spinose,0
GIK16458-2,,5.335,-22.055,3518,North Atlantic,0.32,symbiont-obligate,spinose,0.781
GIK16458-2,,5.335,-22.055,3518,North Atlantic,0.32,undetermined,non-spinose,0
GIK16772-2,,-1.35,-11.9617,3912,South Atlantic,0.3,symbiont-barren,non-spinose,0.143
GIK16772-2,,-1.35,-11.9617,3912,South Atlantic,0.3,symbiont-barren,spinose,0.08
GIK16772-2,,-1.35,-11.9617,3912,South Atlantic,0.3,symbiont-bearing,non-spinose,0
GIK16772-2,,-1.35,-11.9617,3912,South Atlantic,0.3,symbiont-bearing,spinose,0.01
GIK16772-2,,-1.35,-11.9617,3912,South Atlantic,0.3,symbiont-facultative,non-spinose,0.629
GIK16772-2,,-1.35,-11.9617,3912,South Atlantic,0.3,symbiont-facultative,spinose,0
GIK16772-2,,-1.35,-11.9617,3912,South Atlantic,0.3,symbiont-obligate,spinose,0.134
GIK16772-2,,-1.35,-11.9617,3912,South Atlantic,0.3,undetermined,non-spinose,0
GIK16772-2,,-1.35,-11.9617,3912,South Atlantic,0.4,symbiont-barren,non-spinose,0.317
GIK16772-2,,-1.35,-11.9617,3912,South Atlantic,0.4,symbiont-barren,spinose,0.066
GIK16772-2,,-1.35,-11.9617,3912,South Atlantic,0.4,symbiont-bearing,non-spinose,0
GIK16772-2,,-1.35,-11.9617,3912,South Atlantic,0.4,symbiont-bearing,spinose,0.006
GIK16772-2,,-1.35,-11.9617,3912,South Atlantic,0.4,symbiont-facultative,non-spinose,0.539
GIK16772-2,,-1.35,-11.9617,3912,South Atlantic,0.4,symbiont-facultative,spinose,0
GIK16772-2,,-1.35,-11.9617,3912,South Atlantic,0.4,symbiont-obligate,spinose,0.069
GIK16772-2,,-1.35,-11.9617,3912,South Atlantic,0.4,undetermined,non-spinose,0
GIK16776-1,,3.735,-11.3983,4242,North Atlantic,0.25,symbiont-barren,non-spinose,0.009
GIK16776-1,,3.735,-11.3983,4242,North Atlantic,0.25,symbiont-barren,spinose,0
GIK16776-1,,3.735,-11.3983,4242,North Atlantic,0.25,symbiont-bearing,non-spinose,0
GIK16776-1,,3.735,-11.3983,4242,North Atlantic,0.25,symbiont-bearing,spinose,0
GIK16776-1,,3.735,-11.3983,4242,North Atlantic,0.25,symbiont-facultative,non-spinose,0.678
GIK16776-1,,3.735,-11.3983,4242,North Atlantic,0.25,symbiont-facultative,spinose,0
GIK16776-1,,3.735,-11.3983,4242,North Atlantic,0.25,symbiont-obligate,spinose,0.312
GIK16776-1,,3.735,-11.3983,4242,North Atlantic,0.25,undetermined,non-spinose,0
GIK16776-1,,3.735,-11.3983,4242,North Atlantic,0.4,symbiont-barren,non-spinose,0.043
GIK16776-1,,3.735,-11.3983,4242,North Atlantic,0.4,symbiont-barren,spinose,0.056
GIK16776-1,,3.735,-11.3983,4242,North Atlantic,0.4,symbiont-bearing,non-spinose,0
GIK16776-1,,3.735,-11.3983,4242,North Atlantic,0.4,symbiont-bearing,spinose,0
GIK16776-1,,3.735,-11.3983,4242,North Atlantic,0.4,symbiont-facultative,non-spinose,0.55
GIK16776-1,,3.735,-11.3983,4242,North Atlantic,0.4,symbiont-facultative,spinose,0
GIK16776-1,,3.735,-11.3983,4242,North Atlantic,0.4,symbiont-obligate,spinose,0.35
GIK16776-1,,3.735,-11.3983,4242,North Atlantic,0.4,undetermined,non-spinose,0
GIK16867-2,,-2.2017,5.1017,3891,South Atlantic,0.55,symbiont-barren,non-spinose,0.143
GIK16867-2,,-2.2017,5.1017,3891,South Atlantic,0.55,symbiont-barren,spinose,0.107
GIK16867-2,,-2.2017,5.1017,3891,South Atlantic,0.55,symbiont-bearing,non-spinose,0
GIK16867-2,,-2.2017,5.1017,3891,South Atlantic,0.55,symbiont-bearing,spinose,0.006
GIK16867-2,,-2.2017,5.1017,3891,South Atlantic,0.55,symbiont-facultative,non-spinose,0.414
GIK16867-2,,-2.2017,5.1017,3891,South Atlantic,0.55,symbiont-facultative,spinose,0
GIK16867-2,,-2.2017,5.1017,3891,South Atlantic,0.55,symbiont-obligate,spinose,0.329
GIK16867-2,,-2.2017,5.1017,3891,South Atlantic,0.55,undetermined,non-spinose,0
GIK16867-2,,-2.2017,5.1017,3891,South Atlantic,0.65,symbiont-barren,non-spinose,0.154
GIK16867-2,,-2.2017,5.1017,3891,South Atlantic,0.65,symbiont-barren,spinose,0.166
GIK16867-2,,-2.2017,5.1017,3891,South Atlantic,0.65,symbiont-bearing,non-spinose,0
GIK16867-2,,-2.2017,5.1017,3891,South Atlantic,0.65,symbiont-bearing,spinose,0
GIK16867-2,,-2.2017,5.1017,3891,South Atlantic,0.65,symbiont-facultative,non-spinose,0.37
GIK16867-2,,-2.2017,5.1017,3891,South Atlantic,0.65,symbiont-facultative,spinose,0
GIK16867-2,,-2.2017,5.1017,3891,South Atlantic,0.65,symbiont-obligate,spinose,0.311
GIK16867-2,,-2.2017,5.1017,3891,South Atlantic,0.65,undetermined,non-spinose,0
GIK17045-3,,52.425,-16.665,3663,North Atlantic,0.95,symbiont-barren,non-spinose,0.879
GIK17045-3,,52.425,-16.665,3663,North Atlantic,0.95,symbiont-barren,spinose,0.107
GIK17045-3,,52.425,-16.665,3663,North Atlantic,0.95,symbiont-bearing,non-spinose,0
GIK17045-3,,52.425,-16.665,3663,North Atlantic,0.95,symbiont-bearing,spinose,0
GIK17045-3,,52.425,-16.665,3663,North Atlantic,0.95,symbiont-facultative,non-spinose,0.014
GIK17045-3,,52.425,-16.665,3663,North Atlantic,0.95,symbiont-facultative,spinose,0
GIK17045-3,,52.425,-16.665,3663,North Atlantic,0.95,symbiont-obligate,spinose,0
GIK17045-3,,52.425,-16.665,3663,North Atlantic,0.95,undetermined,non-spinose,0
GIK17049-6,,55.26,-26.725,3331,North Atlantic,1.6,symbiont-barren,spinose,0.037
GIK17049-6,,55.26,-26.725,3331,North Atlantic,1.6,symbiont-bearing,non-spinose,0
GIK17049-6,,55.26,-26.725,3331,North Atlantic,1.6,symbiont-bearing,spinose,0
GIK17049-6,,55.26,-26.725,3331,North Atlantic,1.6,symbiont-facultative,non-spinose,0.003
GIK17049-6,,55.26,-26.725,3331,North Atlantic,1.6,symbiont-facultative,spinose,0.001
GIK17049-6,,55.26,-26.725,3331,North Atlantic,1.6,symbiont-obligate,spinose,0
GIK17049-6,,55.26,-26.725,3331,North Atlantic,1.6,undetermined,non-spinose,0
GIK17050-1,,55.47,-27.8883,2795,North Atlantic,3.75,symbiont-barren,non-spinose,0.963
GIK17050-1,,55.47,-27.8883,2795,North Atlantic,3.75,symbiont-barren,spinose,0.037
GIK17050-1,,55.47,-27.8883,2795,North Atlantic,3.75,symbiont-bearing,non-spinose,0
GIK17050-1,,55.47,-27.8883,2795,North Atlantic,3.75,symbiont-bearing,spinose,0
GIK17050-1,,55.47,-27.8883,2795,North Atlantic,3.75,symbiont-facultative,non-spinose,0
GIK17050-1,,55.47,-27.8883,2795,North Atlantic,3.75,symbiont-facultative,spinose,0
GIK17050-1,,55.47,-27.8883,2795,North Atlantic,3.75,symbiont-obligate,spinose,0
GIK17050-1,,55.47,-27.8883,2795,North Atlantic,3.75,undetermined,non-spinose,0
GIK17050-1,,55.47,-27.8883,2795,North Atlantic,3.85,symbiont-barren,non-spinose,0.9
GIK17050-1,,55.47,-27.8883,2795,North Atlantic,3.85,symbiont-barren,spinose,0.093
GIK17050-1,,55.47,-27.8883,2795,North Atlantic,3.85,symbiont-bearing,non-spinose,0
GIK17050-1,,55.47,-27.8883,2795,North Atlantic,3.85,symbiont-bearing,spinose,0
GIK17050-1,,55.47,-27.8883,2795,North Atlantic,3.85,symbiont-facultative,non-spinose,0.004
GIK17050-1,,55.47,-27.8883,2795,North Atlantic,3.85,symbiont-facultative,spinose,0
GIK17050-1,,55.47,-27.8883,2795,North Atlantic,3.85,symbiont-obligate,spinose,0.003
GIK17050-1,,55.47,-27.8883,2795,North Atlantic,3.85,undetermined,non-spinose,0
GIK17050-1,,55.47,-27.8883,2795,North Atlantic,3.95,symbiont-barren,non-spinose,0.779
GIK17050-1,,55.47,-27.8883,2795,North Atlantic,3.95,symbiont-barren,spinose,0.209
GIK17050-1,,55.47,-27.8883,2795,North Atlantic,3.95,symbiont-bearing,non-spinose,0
GIK17050-1,,55.47,-27.8883,2795,North Atlantic,3.95,symbiont-bearing,spinose,0
GIK17050-1,,55.47,-27.8883,2795,North Atlantic,3.95,symbiont-facultative,non-spinose,0.012
GIK17050-1,,55.47,-27.8883,2795,North Atlantic,3.95,symbiont-facultative,spinose,0.002
GIK17050-1,,55.47,-27.8883,2795,North Atlantic,3.95,symbiont-obligate,spinose,0
GIK17050-1,,55.47,-27.8883,2795,North Atlantic,3.95,undetermined,non-spinose,0
GIK17051-3,,56.1633,-31.99,2295,North Atlantic,2.1,symbiont-barren,non-spinose,0.938
GIK17051-3,,56.1633,-31.99,2295,North Atlantic,2.1,symbiont-barren,spinose,0.049
GIK17051-3,,56.1633,-31.99,2295,North Atlantic,2.1,symbiont-bearing,non-spinose,0
GIK17051-3,,56.1633,-31.99,2295,North Atlantic,2.1,symbiont-bearing,spinose,0
GIK17051-3,,56.1633,-31.99,2295,North Atlantic,2.1,symbiont-facultative,non-spinose,0.014
GIK17051-3,,56.1633,-31.99,2295,North Atlantic,2.1,symbiont-facultative,spinose,0
GIK17051-3,,56.1633,-31.99,2295,North Atlantic,2.1,symbiont-obligate,spinose,0
GIK17051-3,,56.1633,-31.99,2295,North Atlantic,2.1,undetermined,non-spinose,0
GIK17055-1,,48.215,-27.0567,2558,North Atlantic,0.8,symbiont-barren,non-spinose,0.875
GIK17055-1,,48.215,-27.0567,2558,North Atlantic,0.8,symbiont-barren,spinose,0.124
GIK17055-1,,48.215,-27.0567,2558,North Atlantic,0.8,symbiont-bearing,non-spinose,0
GIK17055-1,,48.215,-27.0567,2558,North Atlantic,0.8,symbiont-bearing,spinose,0
GIK17055-1,,48.215,-27.0567,2558,North Atlantic,0.8,symbiont-facultative,non-spinose,0
GIK17055-1,,48.215,-27.0567,2558,North Atlantic,0.8,symbiont-facultative,spinose,0
GIK17055-1,,48.215,-27.0567,2558,North Atlantic,0.8,symbiont-obligate,spinose,0
GIK17055-1,,48.215,-27.0567,2558,North Atlantic,0.8,undetermined,non-spinose,0
GIK17055-1,,48.215,-27.0567,2558,North Atlantic,0.85,symbiont-barren,non-spinose,0.785
GIK17055-1,,48.215,-27.0567,2558,North Atlantic,0.85,symbiont-barren,spinose,0.215
GIK17055-1,,48.215,-27.0567,2558,North Atlantic,0.85,symbiont-bearing,non-spinose,0
GIK17055-1,,48.215,-27.0567,2558,North Atlantic,0.85,symbiont-bearing,spinose,0
GIK17055-1,,48.215,-27.0567,2558,North Atlantic,0.85,symbiont-facultative,non-spinose,0
GIK17055-1,,48.215,-27.0567,2558,North Atlantic,0.85,symbiont-facultative,spinose,0
GIK17055-1,,48.215,-27.0567,2558,North Atlantic,0.85,symbiont-obligate,spinose,0
GIK17055-1,,48.215,-27.0567,2558,North Atlantic,0.85,undetermined,non-spinose,0
GIK17724-2,,76,8.3333,2354,North Atlantic,0.47,symbiont-barren,non-spinose,0.998
GIK17724-2,,76,8.3333,2354,North Atlantic,0.47,symbiont-barren,spinose,0.001
GIK17724-2,,76,8.3333,2354,North Atlantic,0.47,symbiont-bearing,non-spinose,0
GIK17724-2,,76,8.3333,2354,North Atlantic,0.47,symbiont-bearing,spinose,0
GIK17724-2,,76,8.3333,2354,North Atlantic,0.47,symbiont-facultative,non-spinose,0
GIK17724-2,,76,8.3333,2354,North Atlantic,0.47,symbiont-facultative,spinose,0
GIK17724-2,,76,8.3333,2354,North Atlantic,0.47,symbiont-obligate,spinose,0
GIK17724-2,,76,8.3333,2354,North Atlantic,0.47,undetermined,non-spinose,0
GIK17724-2,,76,8.3333,2354,North Atlantic,0.53,symbiont-barren,non-spinose,0.999
GIK17724-2,,76,8.3333,2354,North Atlantic,0.53,symbiont-barren,spinose,0
GIK17724-2,,76,8.3333,2354,North Atlantic,0.53,symbiont-bearing,non-spinose,0
GIK17724-2,,76,8.3333,2354,North Atlantic,0.53,symbiont-bearing,spinose,0
GIK17724-2,,76,8.3333,2354,North Atlantic,0.53,symbiont-facultative,non-spinose,0
GIK17724-2,,76,8.3333,2354,North Atlantic,0.53,symbiont-facultative,spinose,0
GIK17724-2,,76,8.3333,2354,North Atlantic,0.53,symbiont-obligate,spinose,0
GIK17724-2,,76,8.3333,2354,North Atlantic,0.53,undetermined,non-spinose,0
GIK17724-2,,76,8.3333,2354,North Atlantic,0.57,symbiont-barren,non-spinose,0.998
GIK17724-2,,76,8.3333,2354,North Atlantic,0.57,symbiont-barren,spinose,0.002
GIK17724-2,,76,8.3333,2354,North Atlantic,0.57,symbiont-bearing,non-spinose,0
GIK17724-2,,76,8.3333,2354,North Atlantic,0.57,symbiont-bearing,spinose,0
GIK17724-2,,76,8.3333,2354,North Atlantic,0.57,symbiont-facultative,non-spinose,0
GIK17724-2,,76,8.3333,2354,North Atlantic,0.57,symbiont-facultative,spinose,0
GIK17724-2,,76,8.3333,2354,North Atlantic,0.57,symbiont-obligate,spinose,0
GIK17724-2,,76,8.3333,2354,North Atlantic,0.57,undetermined,non-spinose,0
GIK17724-2,,76,8.3333,2354,North Atlantic,0.58,symbiont-barren,non-spinose,1
GIK17724-2,,76,8.3333,2354,North Atlantic,0.58,symbiont-barren,spinose,0
GIK17724-2,,76,8.3333,2354,North Atlantic,0.58,symbiont-bearing,non-spinose,0
GIK17724-2,,76,8.3333,2354,North Atlantic,0.58,symbiont-bearing,spinose,0
GIK17724-2,,76,8.3333,2354,North Atlantic,0.58,symbiont-facultative,non-spinose,0
GIK17724-2,,76,8.3333,2354,North Atlantic,0.58,symbiont-facultative,spinose,0
GIK17724-2,,76,8.3333,2354,North Atlantic,0.58,symbiont-obligate,spinose,0
GIK17724-2,,76,8.3333,2354,North Atlantic,0.58,undetermined,non-spinose,0
GIK17724-2,,76,8.3333,2354,North Atlantic,0.62,symbiont-barren,non-spinose,1
GIK17724-2,,76,8.3333,2354,North Atlantic,0.62,symbiont-barren,spinose,0
GIK17724-2,,76,8.3333,2354,North Atlantic,0.62,symbiont-bearing,non-spinose,0
GIK17724-2,,76,8.3333,2354,North Atlantic,0.62,symbiont-bearing,spinose,0
GIK17724-2,,76,8.3333,2354,North Atlantic,0.62,symbiont-facultative,non-spinose,0
GIK17724-2,,76,8.3333,2354,North Atlantic,0.62,symbiont-facultative,spinose,0
GIK17724-2,,76,8.3333,2354,North Atlantic,0.62,symbiont-obligate,spinose,0
GIK17724-2,,76,8.3333,2354,North Atlantic,0.62,undetermined,non-spinose,0
GIK17725-1,,77.46,4.58,2577,North Atlantic,0.3,symbiont-barren,non-spinose,0.992
GIK17725-1,,77.46,4.58,2577,North Atlantic,0.3,symbiont-barren,spinose,0
GIK17725-1,,77.46,4.58,2577,North Atlantic,0.3,symbiont-bearing,non-spinose,0
GIK17725-1,,77.46,4.58,2577,North Atlantic,0.3,symbiont-bearing,spinose,0
GIK17725-1,,77.46,4.58,2577,North Atlantic,0.3,symbiont-facultative,non-spinose,0.008
GIK17725-1,,77.46,4.58,2577,North Atlantic,0.3,symbiont-facultative,spinose,0
GIK17725-1,,77.46,4.58,2577,North Atlantic,0.3,symbiont-obligate,spinose,0
GIK17725-1,,77.46,4.58,2577,North Atlantic,0.3,undetermined,non-spinose,0
GIK17730-4,,72.1117,7.3883,2749,North Atlantic,1.4,symbiont-barren,non-spinose,0.995
GIK17730-4,,72.1117,7.3883,2749,North Atlantic,1.4,symbiont-barren,spinose,0
GIK17730-4,,72.1117,7.3883,2749,North Atlantic,1.4,symbiont-bearing,non-spinose,0
GIK17730-4,,72.1117,7.3883,2749,North Atlantic,1.4,symbiont-bearing,spinose,0
GIK17730-4,,72.1117,7.3883,2749,North Atlantic,1.4,symbiont-facultative,non-spinose,0.004
GIK17730-4,,72.1117,7.3883,2749,North Atlantic,1.4,symbiont-facultative,spinose,0
GIK17730-4,,72.1117,7.3883,2749,North Atlantic,1.4,symbiont-obligate,spinose,0
GIK17730-4,,72.1117,7.3883,2749,North Atlantic,1.4,undetermined,non-spinose,0
GIK17730-4,,72.1117,7.3883,2749,North Atlantic,1.45,symbiont-barren,non-spinose,0.983
GIK17730-4,,72.1117,7.3883,2749,North Atlantic,1.45,symbiont-barren,spinose,0.012
GIK17730-4,,72.1117,7.3883,2749,North Atlantic,1.45,symbiont-bearing,non-spinose,0.002
GIK17730-4,,72.1117,7.3883,2749,North Atlantic,1.45,symbiont-bearing,spinose,0
GIK17730-4,,72.1117,7.3883,2749,North Atlantic,1.45,symbiont-facultative,non-spinose,0.004
GIK17730-4,,72.1117,7.3883,2749,North Atlantic,1.45,symbiont-facultative,spinose,0
GIK17730-4,,72.1117,7.3883,2749,North Atlantic,1.45,symbiont-obligate,spinose,0
GIK17730-4,,72.1117,7.3883,2749,North Atlantic,1.45,undetermined,non-spinose,0
GIK17730-4,,72.1117,7.3883,2749,North Atlantic,1.47,symbiont-barren,non-spinose,0.998
GIK17730-4,,72.1117,7.3883,2749,North Atlantic,1.47,symbiont-barren,spinose,0.003
GIK17730-4,,72.1117,7.3883,2749,North Atlantic,1.47,symbiont-bearing,non-spinose,0
GIK17730-4,,72.1117,7.3883,2749,North Atlantic,1.47,symbiont-bearing,spinose,0
GIK17730-4,,72.1117,7.3883,2749,North Atlantic,1.47,symbiont-facultative,non-spinose,0
GIK17730-4,,72.1117,7.3883,2749,North Atlantic,1.47,symbiont-facultative,spinose,0
GIK17730-4,,72.1117,7.3883,2749,North Atlantic,1.47,symbiont-obligate,spinose,0
GIK17730-4,,72.1117,7.3883,2749,North Atlantic,1.47,undetermined,non-spinose,0
GIK17730-4,,72.1117,7.3883,2749,North Atlantic,1.5,symbiont-barren,spinose,0.025
GIK17730-4,,72.1117,7.3883,2749,North Atlantic,1.5,symbiont-bearing,non-spinose,0.006
GIK17730-4,,72.1117,7.3883,2749,North Atlantic,1.5,symbiont-bearing,spinose,0
GIK17730-4,,72.1117,7.3883,2749,North Atlantic,1.5,symbiont-facultative,non-spinose,0
GIK17730-4,,72.1117,7.3883,2749,North Atlantic,1.5,symbiont-facultative,spinose,0
GIK17730-4,,72.1117,7.3883,2749,North Atlantic,1.5,symbiont-obligate,spinose,0
GIK17730-4,,72.1117,7.3883,2749,North Atlantic,1.5,undetermined,non-spinose,0
GIK17730-4,,72.1117,7.3883,2749,North Atlantic,1.55,symbiont-barren,spinose,0.019
GIK17730-4,,72.1117,7.3883,2749,North Atlantic,1.55,symbiont-bearing,non-spinose,0.002
GIK17730-4,,72.1117,7.3883,2749,North Atlantic,1.55,symbiont-bearing,spinose,0
GIK17730-4,,72.1117,7.3883,2749,North Atlantic,1.55,symbiont-facultative,non-spinose,0.013
GIK17730-4,,72.1117,7.3883,2749,North Atlantic,1.55,symbiont-facultative,spinose,0
GIK17730-4,,72.1117,7.3883,2749,North Atlantic,1.55,symbiont-obligate,spinose,0
GIK17730-4,,72.1117,7.3883,2749,North Atlantic,1.55,undetermined,non-spinose,0
GIK17730-4,,72.1117,7.3883,2749,North Atlantic,1.57,symbiont-barren,non-spinose,1
GIK17730-4,,72.1117,7.3883,2749,North Atlantic,1.57,symbiont-barren,spinose,0
GIK17730-4,,72.1117,7.3883,2749,North Atlantic,1.57,symbiont-bearing,non-spinose,0.001
GIK17730-4,,72.1117,7.3883,2749,North Atlantic,1.57,symbiont-bearing,spinose,0
GIK17730-4,,72.1117,7.3883,2749,North Atlantic,1.57,symbiont-facultative,non-spinose,0
GIK17730-4,,72.1117,7.3883,2749,North Atlantic,1.57,symbiont-facultative,spinose,0
GIK17730-4,,72.1117,7.3883,2749,North Atlantic,1.57,symbiont-obligate,spinose,0
GIK17730-4,,72.1117,7.3883,2749,North Atlantic,1.57,undetermined,non-spinose,0
GIK17940-2,,20.11666667,117.3833333,1727,Pacific,875,symbiont-barren,non-spinose,0.123
GIK17940-2,,20.11666667,117.3833333,1727,Pacific,875,symbiont-barren,spinose,0.165
GIK17940-2,,20.11666667,117.3833333,1727,Pacific,875,symbiont-bearing,non-spinose,0
GIK17940-2,,20.11666667,117.3833333,1727,Pacific,875,symbiont-bearing,spinose,0.031
GIK17940-2,,20.11666667,117.3833333,1727,Pacific,875,symbiont-facultative,non-spinose,0.412
GIK17940-2,,20.11666667,117.3833333,1727,Pacific,875,symbiont-facultative,spinose,0
GIK17940-2,,20.11666667,117.3833333,1727,Pacific,875,symbiont-obligate,spinose,0.208
GIK17940-2,,20.11666667,117.3833333,1727,Pacific,875,undetermined,non-spinose,0
GIK17940-2,,20.11666667,117.3833333,1727,Pacific,885,symbiont-barren,non-spinose,0.127
GIK17940-2,,20.11666667,117.3833333,1727,Pacific,885,symbiont-barren,spinose,0.156
GIK17940-2,,20.11666667,117.3833333,1727,Pacific,885,symbiont-bearing,non-spinose,0
GIK17940-2,,20.11666667,117.3833333,1727,Pacific,885,symbiont-bearing,spinose,0.035
GIK17940-2,,20.11666667,117.3833333,1727,Pacific,885,symbiont-facultative,non-spinose,0.433
GIK17940-2,,20.11666667,117.3833333,1727,Pacific,885,symbiont-facultative,spinose,0
GIK17940-2,,20.11666667,117.3833333,1727,Pacific,885,symbiont-obligate,spinose,0.196
GIK17940-2,,20.11666667,117.3833333,1727,Pacific,885,undetermined,non-spinose,0
GIK17940-2,,20.11666667,117.3833333,1727,Pacific,895,symbiont-barren,non-spinose,0.109
GIK17940-2,,20.11666667,117.3833333,1727,Pacific,895,symbiont-barren,spinose,0.143
GIK17940-2,,20.11666667,117.3833333,1727,Pacific,895,symbiont-bearing,non-spinose,0
GIK17940-2,,20.11666667,117.3833333,1727,Pacific,895,symbiont-bearing,spinose,0.02
GIK17940-2,,20.11666667,117.3833333,1727,Pacific,895,symbiont-facultative,non-spinose,0.427
GIK17940-2,,20.11666667,117.3833333,1727,Pacific,895,symbiont-facultative,spinose,0
GIK17940-2,,20.11666667,117.3833333,1727,Pacific,895,symbiont-obligate,spinose,0.235
GIK17940-2,,20.11666667,117.3833333,1727,Pacific,895,undetermined,non-spinose,0
GIK17940-2,,20.11666667,117.3833333,1727,Pacific,905,symbiont-barren,non-spinose,0.111
GIK17940-2,,20.11666667,117.3833333,1727,Pacific,905,symbiont-barren,spinose,0.149
GIK17940-2,,20.11666667,117.3833333,1727,Pacific,905,symbiont-bearing,non-spinose,0
GIK17940-2,,20.11666667,117.3833333,1727,Pacific,905,symbiont-bearing,spinose,0.019
GIK17940-2,,20.11666667,117.3833333,1727,Pacific,905,symbiont-facultative,non-spinose,0.423
GIK17940-2,,20.11666667,117.3833333,1727,Pacific,905,symbiont-facultative,spinose,0
GIK17940-2,,20.11666667,117.3833333,1727,Pacific,905,symbiont-obligate,spinose,0.247
GIK17940-2,,20.11666667,117.3833333,1727,Pacific,905,undetermined,non-spinose,0
GIK17940-2,,20.11666667,117.3833333,1727,Pacific,915,symbiont-barren,non-spinose,0.125
GIK17940-2,,20.11666667,117.3833333,1727,Pacific,915,symbiont-barren,spinose,0.15
GIK17940-2,,20.11666667,117.3833333,1727,Pacific,915,symbiont-bearing,non-spinose,0
GIK17940-2,,20.11666667,117.3833333,1727,Pacific,915,symbiont-bearing,spinose,0.023
GIK17940-2,,20.11666667,117.3833333,1727,Pacific,915,symbiont-facultative,non-spinose,0.338
GIK17940-2,,20.11666667,117.3833333,1727,Pacific,915,symbiont-facultative,spinose,0
GIK17940-2,,20.11666667,117.3833333,1727,Pacific,915,symbiont-obligate,spinose,0.318
GIK17940-2,,20.11666667,117.3833333,1727,Pacific,915,undetermined,non-spinose,0
GIK17940-2,,20.11666667,117.3833333,1727,Pacific,925,symbiont-barren,non-spinose,0.122
GIK17940-2,,20.11666667,117.3833333,1727,Pacific,925,symbiont-barren,spinose,0.124
GIK17940-2,,20.11666667,117.3833333,1727,Pacific,925,symbiont-bearing,non-spinose,0
GIK17940-2,,20.11666667,117.3833333,1727,Pacific,925,symbiont-bearing,spinose,0.011
GIK17940-2,,20.11666667,117.3833333,1727,Pacific,925,symbiont-facultative,non-spinose,0.401
GIK17940-2,,20.11666667,117.3833333,1727,Pacific,925,symbiont-facultative,spinose,0
GIK17940-2,,20.11666667,117.3833333,1727,Pacific,925,symbiont-obligate,spinose,0.243
GIK17940-2,,20.11666667,117.3833333,1727,Pacific,925,undetermined,non-spinose,0
GIK17940-2,,20.11666667,117.3833333,1727,Pacific,935,symbiont-barren,non-spinose,0.119
GIK17940-2,,20.11666667,117.3833333,1727,Pacific,935,symbiont-barren,spinose,0.164
GIK17940-2,,20.11666667,117.3833333,1727,Pacific,935,symbiont-bearing,non-spinose,0
GIK17940-2,,20.11666667,117.3833333,1727,Pacific,935,symbiont-bearing,spinose,0.017
GIK17940-2,,20.11666667,117.3833333,1727,Pacific,935,symbiont-facultative,non-spinose,0.408
GIK17940-2,,20.11666667,117.3833333,1727,Pacific,935,symbiont-facultative,spinose,0
GIK17940-2,,20.11666667,117.3833333,1727,Pacific,935,symbiont-obligate,spinose,0.249
GIK17940-2,,20.11666667,117.3833333,1727,Pacific,935,undetermined,non-spinose,0
GIK17954,,14.79666667,111.525,1520,Pacific,102.5,symbiont-barren,non-spinose,0.154
GIK17954,,14.79666667,111.525,1520,Pacific,102.5,symbiont-barren,spinose,0.104
GIK17954,,14.79666667,111.525,1520,Pacific,102.5,symbiont-bearing,non-spinose,0
GIK17954,,14.79666667,111.525,1520,Pacific,102.5,symbiont-bearing,spinose,0.01
GIK17954,,14.79666667,111.525,1520,Pacific,102.5,symbiont-facultative,non-spinose,0.259
GIK17954,,14.79666667,111.525,1520,Pacific,102.5,symbiont-facultative,spinose,0
GIK17954,,14.79666667,111.525,1520,Pacific,102.5,symbiont-obligate,spinose,0.441
GIK17954,,14.79666667,111.525,1520,Pacific,102.5,undetermined,non-spinose,0
GIK17954,,14.79666667,111.525,1520,Pacific,112.5,symbiont-barren,non-spinose,0.166
GIK17954,,14.79666667,111.525,1520,Pacific,112.5,symbiont-barren,spinose,0.082
GIK17954,,14.79666667,111.525,1520,Pacific,112.5,symbiont-bearing,non-spinose,0
GIK17954,,14.79666667,111.525,1520,Pacific,112.5,symbiont-bearing,spinose,0.025
GIK17954,,14.79666667,111.525,1520,Pacific,112.5,symbiont-facultative,non-spinose,0.248
GIK17954,,14.79666667,111.525,1520,Pacific,112.5,symbiont-facultative,spinose,0
GIK17954,,14.79666667,111.525,1520,Pacific,112.5,symbiont-obligate,spinose,0.44
GIK17954,,14.79666667,111.525,1520,Pacific,112.5,undetermined,non-spinose,0
GIK17954,,14.79666667,111.525,1520,Pacific,122.5,symbiont-barren,non-spinose,0.166
GIK17954,,14.79666667,111.525,1520,Pacific,122.5,symbiont-barren,spinose,0.079
GIK17954,,14.79666667,111.525,1520,Pacific,122.5,symbiont-bearing,non-spinose,0
GIK17954,,14.79666667,111.525,1520,Pacific,122.5,symbiont-bearing,spinose,0.027
GIK17954,,14.79666667,111.525,1520,Pacific,122.5,symbiont-facultative,non-spinose,0.21
GIK17954,,14.79666667,111.525,1520,Pacific,122.5,symbiont-facultative,spinose,0
GIK17954,,14.79666667,111.525,1520,Pacific,122.5,symbiont-obligate,spinose,0.506
GIK17954,,14.79666667,111.525,1520,Pacific,122.5,undetermined,non-spinose,0
GIK23056-2,,68.5017,3.8383,2665,North Atlantic,0.3,symbiont-barren,non-spinose,0.949
GIK23056-2,,68.5017,3.8383,2665,North Atlantic,0.3,symbiont-barren,spinose,0.043
GIK23056-2,,68.5017,3.8383,2665,North Atlantic,0.3,symbiont-bearing,non-spinose,0.002
GIK23056-2,,68.5017,3.8383,2665,North Atlantic,0.3,symbiont-bearing,spinose,0
GIK23056-2,,68.5017,3.8383,2665,North Atlantic,0.3,symbiont-facultative,non-spinose,0.005
GIK23056-2,,68.5017,3.8383,2665,North Atlantic,0.3,symbiont-facultative,spinose,0
GIK23056-2,,68.5017,3.8383,2665,North Atlantic,0.3,symbiont-obligate,spinose,0
GIK23056-2,,68.5017,3.8383,2665,North Atlantic,0.3,undetermined,non-spinose,0
GIK23056-2,,68.5017,3.8383,2665,North Atlantic,0.35,symbiont-barren,non-spinose,0.981
GIK23056-2,,68.5017,3.8383,2665,North Atlantic,0.35,symbiont-barren,spinose,0.019
GIK23056-2,,68.5017,3.8383,2665,North Atlantic,0.35,symbiont-bearing,non-spinose,0
GIK23056-2,,68.5017,3.8383,2665,North Atlantic,0.35,symbiont-bearing,spinose,0
GIK23056-2,,68.5017,3.8383,2665,North Atlantic,0.35,symbiont-facultative,non-spinose,0
GIK23056-2,,68.5017,3.8383,2665,North Atlantic,0.35,symbiont-facultative,spinose,0
GIK23056-2,,68.5017,3.8383,2665,North Atlantic,0.35,symbiont-obligate,spinose,0
GIK23056-2,,68.5017,3.8383,2665,North Atlantic,0.35,undetermined,non-spinose,0
GIK23065-2,,68.495,0.8317,2804,North Atlantic,0.3,symbiont-barren,non-spinose,0.932
GIK23065-2,,68.495,0.8317,2804,North Atlantic,0.3,symbiont-barren,spinose,0.066
GIK23065-2,,68.495,0.8317,2804,North Atlantic,0.3,symbiont-bearing,non-spinose,0
GIK23065-2,,68.495,0.8317,2804,North Atlantic,0.3,symbiont-bearing,spinose,0
GIK23065-2,,68.495,0.8317,2804,North Atlantic,0.3,symbiont-facultative,non-spinose,0.002
GIK23065-2,,68.495,0.8317,2804,North Atlantic,0.3,symbiont-facultative,spinose,0
GIK23065-2,,68.495,0.8317,2804,North Atlantic,0.3,symbiont-obligate,spinose,0
GIK23065-2,,68.495,0.8317,2804,North Atlantic,0.3,undetermined,non-spinose,0
GIK23065-2,,68.495,0.8317,2804,North Atlantic,0.32,symbiont-barren,non-spinose,0.998
GIK23065-2,,68.495,0.8317,2804,North Atlantic,0.32,symbiont-barren,spinose,0.003
GIK23065-2,,68.495,0.8317,2804,North Atlantic,0.32,symbiont-bearing,non-spinose,0
GIK23065-2,,68.495,0.8317,2804,North Atlantic,0.32,symbiont-bearing,spinose,0
GIK23065-2,,68.495,0.8317,2804,North Atlantic,0.32,symbiont-facultative,non-spinose,0
GIK23065-2,,68.495,0.8317,2804,North Atlantic,0.32,symbiont-facultative,spinose,0
GIK23065-2,,68.495,0.8317,2804,North Atlantic,0.32,symbiont-obligate,spinose,0
GIK23065-2,,68.495,0.8317,2804,North Atlantic,0.32,undetermined,non-spinose,0
GIK23065-2,,68.495,0.8317,2804,North Atlantic,0.34,symbiont-barren,non-spinose,0.999
GIK23065-2,,68.495,0.8317,2804,North Atlantic,0.34,symbiont-barren,spinose,0
GIK23065-2,,68.495,0.8317,2804,North Atlantic,0.34,symbiont-bearing,non-spinose,0
GIK23065-2,,68.495,0.8317,2804,North Atlantic,0.34,symbiont-bearing,spinose,0
GIK23065-2,,68.495,0.8317,2804,North Atlantic,0.34,symbiont-facultative,non-spinose,0.001
GIK23065-2,,68.495,0.8317,2804,North Atlantic,0.34,symbiont-facultative,spinose,0
GIK23065-2,,68.495,0.8317,2804,North Atlantic,0.34,symbiont-obligate,spinose,0
GIK23065-2,,68.495,0.8317,2804,North Atlantic,0.34,undetermined,non-spinose,0
GIK23071-3,,67.085,2.9083,1308,North Atlantic,1.17,symbiont-barren,non-spinose,0.998
GIK23071-3,,67.085,2.9083,1308,North Atlantic,1.17,symbiont-barren,spinose,0
GIK23071-3,,67.085,2.9083,1308,North Atlantic,1.17,symbiont-bearing,non-spinose,0
GIK23071-3,,67.085,2.9083,1308,North Atlantic,1.17,symbiont-bearing,spinose,0
GIK23071-3,,67.085,2.9083,1308,North Atlantic,1.17,symbiont-facultative,non-spinose,0.002
GIK23071-3,,67.085,2.9083,1308,North Atlantic,1.17,symbiont-facultative,spinose,0
GIK23071-3,,67.085,2.9083,1308,North Atlantic,1.17,symbiont-obligate,spinose,0
GIK23071-3,,67.085,2.9083,1308,North Atlantic,1.17,undetermined,non-spinose,0
GIK23071-3,,67.085,2.9083,1308,North Atlantic,1.18,symbiont-barren,non-spinose,1
GIK23071-3,,67.085,2.9083,1308,North Atlantic,1.18,symbiont-barren,spinose,0
GIK23071-3,,67.085,2.9083,1308,North Atlantic,1.18,symbiont-bearing,non-spinose,0
GIK23071-3,,67.085,2.9083,1308,North Atlantic,1.18,symbiont-bearing,spinose,0
GIK23071-3,,67.085,2.9083,1308,North Atlantic,1.18,symbiont-facultative,non-spinose,0
GIK23071-3,,67.085,2.9083,1308,North Atlantic,1.18,symbiont-facultative,spinose,0
GIK23071-3,,67.085,2.9083,1308,North Atlantic,1.18,symbiont-obligate,spinose,0
GIK23071-3,,67.085,2.9083,1308,North Atlantic,1.18,undetermined,non-spinose,0
GIK23071-3,,67.085,2.9083,1308,North Atlantic,1.2,symbiont-barren,non-spinose,1
GIK23071-3,,67.085,2.9083,1308,North Atlantic,1.2,symbiont-barren,spinose,0
GIK23071-3,,67.085,2.9083,1308,North Atlantic,1.2,symbiont-bearing,non-spinose,0
GIK23071-3,,67.085,2.9083,1308,North Atlantic,1.2,symbiont-bearing,spinose,0
GIK23071-3,,67.085,2.9083,1308,North Atlantic,1.2,symbiont-facultative,non-spinose,0
GIK23071-3,,67.085,2.9083,1308,North Atlantic,1.2,symbiont-facultative,spinose,0
GIK23071-3,,67.085,2.9083,1308,North Atlantic,1.2,symbiont-obligate,spinose,0
GIK23071-3,,67.085,2.9083,1308,North Atlantic,1.2,undetermined,non-spinose,0
GIK23071-3,,67.085,2.9083,1308,North Atlantic,1.28,symbiont-barren,non-spinose,1
GIK23071-3,,67.085,2.9083,1308,North Atlantic,1.28,symbiont-barren,spinose,0
GIK23071-3,,67.085,2.9083,1308,North Atlantic,1.28,symbiont-bearing,non-spinose,0
GIK23071-3,,67.085,2.9083,1308,North Atlantic,1.28,symbiont-bearing,spinose,0
GIK23071-3,,67.085,2.9083,1308,North Atlantic,1.28,symbiont-facultative,non-spinose,0
GIK23071-3,,67.085,2.9083,1308,North Atlantic,1.28,symbiont-facultative,spinose,0
GIK23071-3,,67.085,2.9083,1308,North Atlantic,1.28,symbiont-obligate,spinose,0
GIK23071-3,,67.085,2.9083,1308,North Atlantic,1.28,undetermined,non-spinose,0
GIK23071-3,,67.085,2.9083,1308,North Atlantic,1.29,symbiont-barren,non-spinose,1
GIK23071-3,,67.085,2.9083,1308,North Atlantic,1.29,symbiont-barren,spinose,0
GIK23071-3,,67.085,2.9083,1308,North Atlantic,1.29,symbiont-bearing,non-spinose,0
GIK23071-3,,67.085,2.9083,1308,North Atlantic,1.29,symbiont-bearing,spinose,0
GIK23071-3,,67.085,2.9083,1308,North Atlantic,1.29,symbiont-facultative,non-spinose,0
GIK23071-3,,67.085,2.9083,1308,North Atlantic,1.29,symbiont-facultative,spinose,0
GIK23071-3,,67.085,2.9083,1308,North Atlantic,1.29,symbiont-obligate,spinose,0
GIK23071-3,,67.085,2.9083,1308,North Atlantic,1.29,undetermined,non-spinose,0
GIK23071-3,,67.085,2.9083,1308,North Atlantic,1.3,symbiont-barren,non-spinose,0.999
GIK23071-3,,67.085,2.9083,1308,North Atlantic,1.3,symbiont-barren,spinose,0
GIK23071-3,,67.085,2.9083,1308,North Atlantic,1.3,symbiont-bearing,non-spinose,0
GIK23071-3,,67.085,2.9083,1308,North Atlantic,1.3,symbiont-bearing,spinose,0
GIK23071-3,,67.085,2.9083,1308,North Atlantic,1.3,symbiont-facultative,non-spinose,0
GIK23071-3,,67.085,2.9083,1308,North Atlantic,1.3,symbiont-facultative,spinose,0
GIK23071-3,,67.085,2.9083,1308,North Atlantic,1.3,symbiont-obligate,spinose,0
GIK23071-3,,67.085,2.9083,1308,North Atlantic,1.3,undetermined,non-spinose,0
GIK23071-3,,67.085,2.9083,1308,North Atlantic,1.32,symbiont-barren,non-spinose,0.998
GIK23071-3,,67.085,2.9083,1308,North Atlantic,1.32,symbiont-barren,spinose,0
GIK23071-3,,67.085,2.9083,1308,North Atlantic,1.32,symbiont-bearing,non-spinose,0
GIK23071-3,,67.085,2.9083,1308,North Atlantic,1.32,symbiont-bearing,spinose,0
GIK23071-3,,67.085,2.9083,1308,North Atlantic,1.32,symbiont-facultative,non-spinose,0.002
GIK23071-3,,67.085,2.9083,1308,North Atlantic,1.32,symbiont-facultative,spinose,0
GIK23071-3,,67.085,2.9083,1308,North Atlantic,1.32,symbiont-obligate,spinose,0
GIK23071-3,,67.085,2.9083,1308,North Atlantic,1.32,undetermined,non-spinose,0
GIK23071-3,,67.085,2.9083,1308,North Atlantic,1.34,symbiont-barren,non-spinose,0.999
GIK23071-3,,67.085,2.9083,1308,North Atlantic,1.34,symbiont-barren,spinose,0
GIK23071-3,,67.085,2.9083,1308,North Atlantic,1.34,symbiont-bearing,non-spinose,0
GIK23071-3,,67.085,2.9083,1308,North Atlantic,1.34,symbiont-bearing,spinose,0
GIK23071-3,,67.085,2.9083,1308,North Atlantic,1.34,symbiont-facultative,non-spinose,0.001
GIK23071-3,,67.085,2.9083,1308,North Atlantic,1.34,symbiont-facultative,spinose,0
GIK23071-3,,67.085,2.9083,1308,North Atlantic,1.34,symbiont-obligate,spinose,0
GIK23071-3,,67.085,2.9083,1308,North Atlantic,1.34,undetermined,non-spinose,0
GIK23071-3,,67.085,2.9083,1308,North Atlantic,1.36,symbiont-barren,non-spinose,1
GIK23071-3,,67.085,2.9083,1308,North Atlantic,1.36,symbiont-barren,spinose,0
GIK23071-3,,67.085,2.9083,1308,North Atlantic,1.36,symbiont-bearing,non-spinose,0
GIK23071-3,,67.085,2.9083,1308,North Atlantic,1.36,symbiont-bearing,spinose,0
GIK23071-3,,67.085,2.9083,1308,North Atlantic,1.36,symbiont-facultative,non-spinose,0
GIK23071-3,,67.085,2.9083,1308,North Atlantic,1.36,symbiont-facultative,spinose,0
GIK23071-3,,67.085,2.9083,1308,North Atlantic,1.36,symbiont-obligate,spinose,0
GIK23071-3,,67.085,2.9083,1308,North Atlantic,1.36,undetermined,non-spinose,0
GIK23071-3,,67.085,2.9083,1308,North Atlantic,1.38,symbiont-barren,non-spinose,1
GIK23071-3,,67.085,2.9083,1308,North Atlantic,1.38,symbiont-barren,spinose,0
GIK23071-3,,67.085,2.9083,1308,North Atlantic,1.38,symbiont-bearing,non-spinose,0
GIK23071-3,,67.085,2.9083,1308,North Atlantic,1.38,symbiont-bearing,spinose,0
GIK23071-3,,67.085,2.9083,1308,North Atlantic,1.38,symbiont-facultative,non-spinose,0
GIK23071-3,,67.085,2.9083,1308,North Atlantic,1.38,symbiont-facultative,spinose,0
GIK23071-3,,67.085,2.9083,1308,North Atlantic,1.38,symbiont-obligate,spinose,0
GIK23071-3,,67.085,2.9083,1308,North Atlantic,1.38,undetermined,non-spinose,0
GIK23071-3,,67.085,2.9083,1308,North Atlantic,1.41,symbiont-barren,non-spinose,1
GIK23071-3,,67.085,2.9083,1308,North Atlantic,1.41,symbiont-barren,spinose,0
GIK23071-3,,67.085,2.9083,1308,North Atlantic,1.41,symbiont-bearing,non-spinose,0
GIK23071-3,,67.085,2.9083,1308,North Atlantic,1.41,symbiont-bearing,spinose,0
GIK23071-3,,67.085,2.9083,1308,North Atlantic,1.41,symbiont-facultative,non-spinose,0
GIK23071-3,,67.085,2.9083,1308,North Atlantic,1.41,symbiont-facultative,spinose,0
GIK23071-3,,67.085,2.9083,1308,North Atlantic,1.41,symbiont-obligate,spinose,0
GIK23071-3,,67.085,2.9083,1308,North Atlantic,1.41,undetermined,non-spinose,0
GIK23071-3,,67.085,2.9083,1308,North Atlantic,1.43,symbiont-barren,non-spinose,0.999
GIK23071-3,,67.085,2.9083,1308,North Atlantic,1.43,symbiont-barren,spinose,0
GIK23071-3,,67.085,2.9083,1308,North Atlantic,1.43,symbiont-bearing,non-spinose,0
GIK23071-3,,67.085,2.9083,1308,North Atlantic,1.43,symbiont-bearing,spinose,0
GIK23071-3,,67.085,2.9083,1308,North Atlantic,1.43,symbiont-facultative,non-spinose,0.001
GIK23071-3,,67.085,2.9083,1308,North Atlantic,1.43,symbiont-facultative,spinose,0
GIK23071-3,,67.085,2.9083,1308,North Atlantic,1.43,symbiont-obligate,spinose,0
GIK23071-3,,67.085,2.9083,1308,North Atlantic,1.43,undetermined,non-spinose,0
GIK23071-3,,67.085,2.9083,1308,North Atlantic,1.45,symbiont-barren,non-spinose,0.997
GIK23071-3,,67.085,2.9083,1308,North Atlantic,1.45,symbiont-barren,spinose,0
GIK23071-3,,67.085,2.9083,1308,North Atlantic,1.45,symbiont-bearing,non-spinose,0
GIK23071-3,,67.085,2.9083,1308,North Atlantic,1.45,symbiont-bearing,spinose,0
GIK23071-3,,67.085,2.9083,1308,North Atlantic,1.45,symbiont-facultative,non-spinose,0.003
GIK23071-3,,67.085,2.9083,1308,North Atlantic,1.45,symbiont-facultative,spinose,0
GIK23071-3,,67.085,2.9083,1308,North Atlantic,1.45,symbiont-obligate,spinose,0
GIK23071-3,,67.085,2.9083,1308,North Atlantic,1.45,undetermined,non-spinose,0
GIK23071-3,,67.085,2.9083,1308,North Atlantic,1.47,symbiont-barren,non-spinose,0.995
GIK23071-3,,67.085,2.9083,1308,North Atlantic,1.47,symbiont-barren,spinose,0
GIK23071-3,,67.085,2.9083,1308,North Atlantic,1.47,symbiont-bearing,non-spinose,0
GIK23071-3,,67.085,2.9083,1308,North Atlantic,1.47,symbiont-bearing,spinose,0
GIK23071-3,,67.085,2.9083,1308,North Atlantic,1.47,symbiont-facultative,non-spinose,0.005
GIK23071-3,,67.085,2.9083,1308,North Atlantic,1.47,symbiont-facultative,spinose,0
GIK23071-3,,67.085,2.9083,1308,North Atlantic,1.47,symbiont-obligate,spinose,0
GIK23071-3,,67.085,2.9083,1308,North Atlantic,1.47,undetermined,non-spinose,0
GIK23071-3,,67.085,2.9083,1308,North Atlantic,1.49,symbiont-barren,non-spinose,1
GIK23071-3,,67.085,2.9083,1308,North Atlantic,1.49,symbiont-barren,spinose,0
GIK23071-3,,67.085,2.9083,1308,North Atlantic,1.49,symbiont-bearing,non-spinose,0
GIK23071-3,,67.085,2.9083,1308,North Atlantic,1.49,symbiont-bearing,spinose,0
GIK23071-3,,67.085,2.9083,1308,North Atlantic,1.49,symbiont-facultative,non-spinose,0
GIK23071-3,,67.085,2.9083,1308,North Atlantic,1.49,symbiont-facultative,spinose,0
GIK23071-3,,67.085,2.9083,1308,North Atlantic,1.49,symbiont-obligate,spinose,0
GIK23071-3,,67.085,2.9083,1308,North Atlantic,1.49,undetermined,non-spinose,0
GIK23071-3,,67.085,2.9083,1308,North Atlantic,1.53,symbiont-barren,non-spinose,0.998
GIK23071-3,,67.085,2.9083,1308,North Atlantic,1.53,symbiont-barren,spinose,0.001
GIK23071-3,,67.085,2.9083,1308,North Atlantic,1.53,symbiont-bearing,non-spinose,0
GIK23071-3,,67.085,2.9083,1308,North Atlantic,1.53,symbiont-bearing,spinose,0
GIK23071-3,,67.085,2.9083,1308,North Atlantic,1.53,symbiont-facultative,non-spinose,0.001
GIK23071-3,,67.085,2.9083,1308,North Atlantic,1.53,symbiont-facultative,spinose,0
GIK23071-3,,67.085,2.9083,1308,North Atlantic,1.53,symbiont-obligate,spinose,0
GIK23071-3,,67.085,2.9083,1308,North Atlantic,1.53,undetermined,non-spinose,0
GIK23071-3,,67.085,2.9083,1308,North Atlantic,1.55,symbiont-barren,non-spinose,0.998
GIK23071-3,,67.085,2.9083,1308,North Atlantic,1.55,symbiont-barren,spinose,0.001
GIK23071-3,,67.085,2.9083,1308,North Atlantic,1.55,symbiont-bearing,non-spinose,0
GIK23071-3,,67.085,2.9083,1308,North Atlantic,1.55,symbiont-bearing,spinose,0
GIK23071-3,,67.085,2.9083,1308,North Atlantic,1.55,symbiont-facultative,non-spinose,0.001
GIK23071-3,,67.085,2.9083,1308,North Atlantic,1.55,symbiont-facultative,spinose,0
GIK23071-3,,67.085,2.9083,1308,North Atlantic,1.55,symbiont-obligate,spinose,0
GIK23071-3,,67.085,2.9083,1308,North Atlantic,1.55,undetermined,non-spinose,0
GIK23071-3,,67.085,2.9083,1308,North Atlantic,1.57,symbiont-barren,non-spinose,0.999
GIK23071-3,,67.085,2.9083,1308,North Atlantic,1.57,symbiont-barren,spinose,0
GIK23071-3,,67.085,2.9083,1308,North Atlantic,1.57,symbiont-bearing,non-spinose,0
GIK23071-3,,67.085,2.9083,1308,North Atlantic,1.57,symbiont-bearing,spinose,0
GIK23071-3,,67.085,2.9083,1308,North Atlantic,1.57,symbiont-facultative,non-spinose,0.001
GIK23071-3,,67.085,2.9083,1308,North Atlantic,1.57,symbiont-facultative,spinose,0
GIK23071-3,,67.085,2.9083,1308,North Atlantic,1.57,symbiont-obligate,spinose,0
GIK23071-3,,67.085,2.9083,1308,North Atlantic,1.57,undetermined,non-spinose,0
GIK23071-3,,67.085,2.9083,1308,North Atlantic,1.59,symbiont-barren,non-spinose,1
GIK23071-3,,67.085,2.9083,1308,North Atlantic,1.59,symbiont-barren,spinose,0
GIK23071-3,,67.085,2.9083,1308,North Atlantic,1.59,symbiont-bearing,non-spinose,0
GIK23071-3,,67.085,2.9083,1308,North Atlantic,1.59,symbiont-bearing,spinose,0
GIK23071-3,,67.085,2.9083,1308,North Atlantic,1.59,symbiont-facultative,non-spinose,0
GIK23071-3,,67.085,2.9083,1308,North Atlantic,1.59,symbiont-facultative,spinose,0
GIK23071-3,,67.085,2.9083,1308,North Atlantic,1.59,symbiont-obligate,spinose,0
GIK23071-3,,67.085,2.9083,1308,North Atlantic,1.59,undetermined,non-spinose,0
GIK23071-3,,67.085,2.9083,1308,North Atlantic,1.61,symbiont-barren,non-spinose,0.998
GIK23071-3,,67.085,2.9083,1308,North Atlantic,1.61,symbiont-barren,spinose,0.002
GIK23071-3,,67.085,2.9083,1308,North Atlantic,1.61,symbiont-bearing,non-spinose,0
GIK23071-3,,67.085,2.9083,1308,North Atlantic,1.61,symbiont-bearing,spinose,0
GIK23071-3,,67.085,2.9083,1308,North Atlantic,1.61,symbiont-facultative,non-spinose,0
GIK23071-3,,67.085,2.9083,1308,North Atlantic,1.61,symbiont-facultative,spinose,0
GIK23071-3,,67.085,2.9083,1308,North Atlantic,1.61,symbiont-obligate,spinose,0
GIK23071-3,,67.085,2.9083,1308,North Atlantic,1.61,undetermined,non-spinose,0
GIK23071-3,,67.085,2.9083,1308,North Atlantic,1.62,symbiont-barren,non-spinose,0.999
GIK23071-3,,67.085,2.9083,1308,North Atlantic,1.62,symbiont-barren,spinose,0.001
GIK23071-3,,67.085,2.9083,1308,North Atlantic,1.62,symbiont-bearing,non-spinose,0
GIK23071-3,,67.085,2.9083,1308,North Atlantic,1.62,symbiont-bearing,spinose,0
GIK23071-3,,67.085,2.9083,1308,North Atlantic,1.62,symbiont-facultative,non-spinose,0
GIK23071-3,,67.085,2.9083,1308,North Atlantic,1.62,symbiont-facultative,spinose,0
GIK23071-3,,67.085,2.9083,1308,North Atlantic,1.62,symbiont-obligate,spinose,0
GIK23071-3,,67.085,2.9083,1308,North Atlantic,1.62,undetermined,non-spinose,0
GIK23071-3,,67.085,2.9083,1308,North Atlantic,1.64,symbiont-barren,non-spinose,0.99
GIK23071-3,,67.085,2.9083,1308,North Atlantic,1.64,symbiont-barren,spinose,0.008
GIK23071-3,,67.085,2.9083,1308,North Atlantic,1.64,symbiont-bearing,non-spinose,0
GIK23071-3,,67.085,2.9083,1308,North Atlantic,1.64,symbiont-bearing,spinose,0
GIK23071-3,,67.085,2.9083,1308,North Atlantic,1.64,symbiont-facultative,non-spinose,0.002
GIK23071-3,,67.085,2.9083,1308,North Atlantic,1.64,symbiont-facultative,spinose,0
GIK23071-3,,67.085,2.9083,1308,North Atlantic,1.64,symbiont-obligate,spinose,0
GIK23071-3,,67.085,2.9083,1308,North Atlantic,1.64,undetermined,non-spinose,0
GIK23074-1,,66.6667,4.905,1157,North Atlantic,2.06,symbiont-barren,non-spinose,0.998
GIK23074-1,,66.6667,4.905,1157,North Atlantic,2.06,symbiont-barren,spinose,0.002
GIK23074-1,,66.6667,4.905,1157,North Atlantic,2.06,symbiont-bearing,non-spinose,0
GIK23074-1,,66.6667,4.905,1157,North Atlantic,2.06,symbiont-bearing,spinose,0
GIK23074-1,,66.6667,4.905,1157,North Atlantic,2.06,symbiont-facultative,non-spinose,0
GIK23074-1,,66.6667,4.905,1157,North Atlantic,2.06,symbiont-facultative,spinose,0
GIK23074-1,,66.6667,4.905,1157,North Atlantic,2.06,symbiont-obligate,spinose,0
GIK23074-1,,66.6667,4.905,1157,North Atlantic,2.06,undetermined,non-spinose,0
GIK23074-1,,66.6667,4.905,1157,North Atlantic,2.1,symbiont-barren,non-spinose,0.979
GIK23074-1,,66.6667,4.905,1157,North Atlantic,2.1,symbiont-barren,spinose,0.004
GIK23074-1,,66.6667,4.905,1157,North Atlantic,2.1,symbiont-bearing,non-spinose,0
GIK23074-1,,66.6667,4.905,1157,North Atlantic,2.1,symbiont-bearing,spinose,0
GIK23074-1,,66.6667,4.905,1157,North Atlantic,2.1,symbiont-facultative,non-spinose,0.017
GIK23074-1,,66.6667,4.905,1157,North Atlantic,2.1,symbiont-facultative,spinose,0
GIK23074-1,,66.6667,4.905,1157,North Atlantic,2.1,symbiont-obligate,spinose,0
GIK23074-1,,66.6667,4.905,1157,North Atlantic,2.1,undetermined,non-spinose,0
GIK23074-1,,66.6667,4.905,1157,North Atlantic,2.22,symbiont-barren,non-spinose,0.996
GIK23074-1,,66.6667,4.905,1157,North Atlantic,2.22,symbiont-barren,spinose,0.002
GIK23074-1,,66.6667,4.905,1157,North Atlantic,2.22,symbiont-bearing,non-spinose,0
GIK23074-1,,66.6667,4.905,1157,North Atlantic,2.22,symbiont-bearing,spinose,0
GIK23074-1,,66.6667,4.905,1157,North Atlantic,2.22,symbiont-facultative,non-spinose,0.001
GIK23074-1,,66.6667,4.905,1157,North Atlantic,2.22,symbiont-facultative,spinose,0
GIK23074-1,,66.6667,4.905,1157,North Atlantic,2.22,symbiont-obligate,spinose,0
GIK23074-1,,66.6667,4.905,1157,North Atlantic,2.22,undetermined,non-spinose,0
GIK23074-1,,66.6667,4.905,1157,North Atlantic,2.32,symbiont-barren,non-spinose,1
GIK23074-1,,66.6667,4.905,1157,North Atlantic,2.32,symbiont-barren,spinose,0
GIK23074-1,,66.6667,4.905,1157,North Atlantic,2.32,symbiont-bearing,non-spinose,0
GIK23074-1,,66.6667,4.905,1157,North Atlantic,2.32,symbiont-bearing,spinose,0
GIK23074-1,,66.6667,4.905,1157,North Atlantic,2.32,symbiont-facultative,non-spinose,0.001
GIK23074-1,,66.6667,4.905,1157,North Atlantic,2.32,symbiont-facultative,spinose,0
GIK23074-1,,66.6667,4.905,1157,North Atlantic,2.32,symbiont-obligate,spinose,0
GIK23074-1,,66.6667,4.905,1157,North Atlantic,2.32,undetermined,non-spinose,0
GIK23074-1,,66.6667,4.905,1157,North Atlantic,2.42,symbiont-barren,non-spinose,1
GIK23074-1,,66.6667,4.905,1157,North Atlantic,2.42,symbiont-barren,spinose,0
GIK23074-1,,66.6667,4.905,1157,North Atlantic,2.42,symbiont-bearing,non-spinose,0
GIK23074-1,,66.6667,4.905,1157,North Atlantic,2.42,symbiont-bearing,spinose,0
GIK23074-1,,66.6667,4.905,1157,North Atlantic,2.42,symbiont-facultative,non-spinose,0
GIK23074-1,,66.6667,4.905,1157,North Atlantic,2.42,symbiont-facultative,spinose,0
GIK23074-1,,66.6667,4.905,1157,North Atlantic,2.42,symbiont-obligate,spinose,0
GIK23074-1,,66.6667,4.905,1157,North Atlantic,2.42,undetermined,non-spinose,0
GIK23074-1,,66.6667,4.905,1157,North Atlantic,2.52,symbiont-barren,non-spinose,1
GIK23074-1,,66.6667,4.905,1157,North Atlantic,2.52,symbiont-barren,spinose,0
GIK23074-1,,66.6667,4.905,1157,North Atlantic,2.52,symbiont-bearing,non-spinose,0
GIK23074-1,,66.6667,4.905,1157,North Atlantic,2.52,symbiont-bearing,spinose,0
GIK23074-1,,66.6667,4.905,1157,North Atlantic,2.52,symbiont-facultative,non-spinose,0
GIK23074-1,,66.6667,4.905,1157,North Atlantic,2.52,symbiont-facultative,spinose,0
GIK23074-1,,66.6667,4.905,1157,North Atlantic,2.52,symbiont-obligate,spinose,0
GIK23074-1,,66.6667,4.905,1157,North Atlantic,2.52,undetermined,non-spinose,0
GIK23074-1,,66.6667,4.905,1157,North Atlantic,2.62,symbiont-barren,non-spinose,0.988
GIK23074-1,,66.6667,4.905,1157,North Atlantic,2.62,symbiont-barren,spinose,0.001
GIK23074-1,,66.6667,4.905,1157,North Atlantic,2.62,symbiont-bearing,non-spinose,0
GIK23074-1,,66.6667,4.905,1157,North Atlantic,2.62,symbiont-bearing,spinose,0
GIK23074-1,,66.6667,4.905,1157,North Atlantic,2.62,symbiont-facultative,non-spinose,0.011
GIK23074-1,,66.6667,4.905,1157,North Atlantic,2.62,symbiont-facultative,spinose,0
GIK23074-1,,66.6667,4.905,1157,North Atlantic,2.62,symbiont-obligate,spinose,0
GIK23074-1,,66.6667,4.905,1157,North Atlantic,2.62,undetermined,non-spinose,0
GIK23074-1,,66.6667,4.905,1157,North Atlantic,2.71,symbiont-barren,non-spinose,0.995
GIK23074-1,,66.6667,4.905,1157,North Atlantic,2.71,symbiont-barren,spinose,0.001
GIK23074-1,,66.6667,4.905,1157,North Atlantic,2.71,symbiont-bearing,non-spinose,0
GIK23074-1,,66.6667,4.905,1157,North Atlantic,2.71,symbiont-bearing,spinose,0
GIK23074-1,,66.6667,4.905,1157,North Atlantic,2.71,symbiont-facultative,non-spinose,0.004
GIK23074-1,,66.6667,4.905,1157,North Atlantic,2.71,symbiont-facultative,spinose,0
GIK23074-1,,66.6667,4.905,1157,North Atlantic,2.71,symbiont-obligate,spinose,0
GIK23074-1,,66.6667,4.905,1157,North Atlantic,2.71,undetermined,non-spinose,0
GIK23074-1,,66.6667,4.905,1157,North Atlantic,2.81,symbiont-barren,non-spinose,0.995
GIK23074-1,,66.6667,4.905,1157,North Atlantic,2.81,symbiont-barren,spinose,0
GIK23074-1,,66.6667,4.905,1157,North Atlantic,2.81,symbiont-bearing,non-spinose,0
GIK23074-1,,66.6667,4.905,1157,North Atlantic,2.81,symbiont-bearing,spinose,0
GIK23074-1,,66.6667,4.905,1157,North Atlantic,2.81,symbiont-facultative,non-spinose,0.005
GIK23074-1,,66.6667,4.905,1157,North Atlantic,2.81,symbiont-facultative,spinose,0
GIK23074-1,,66.6667,4.905,1157,North Atlantic,2.81,symbiont-obligate,spinose,0
GIK23074-1,,66.6667,4.905,1157,North Atlantic,2.81,undetermined,non-spinose,0
GIK23074-1,,66.6667,4.905,1157,North Atlantic,2.91,symbiont-barren,non-spinose,1
GIK23074-1,,66.6667,4.905,1157,North Atlantic,2.91,symbiont-barren,spinose,0
GIK23074-1,,66.6667,4.905,1157,North Atlantic,2.91,symbiont-bearing,non-spinose,0
GIK23074-1,,66.6667,4.905,1157,North Atlantic,2.91,symbiont-bearing,spinose,0
GIK23074-1,,66.6667,4.905,1157,North Atlantic,2.91,symbiont-facultative,non-spinose,0
GIK23074-1,,66.6667,4.905,1157,North Atlantic,2.91,symbiont-facultative,spinose,0
GIK23074-1,,66.6667,4.905,1157,North Atlantic,2.91,symbiont-obligate,spinose,0
GIK23074-1,,66.6667,4.905,1157,North Atlantic,2.91,undetermined,non-spinose,0
GIK23074-1,,66.6667,4.905,1157,North Atlantic,3.01,symbiont-barren,non-spinose,1
GIK23074-1,,66.6667,4.905,1157,North Atlantic,3.01,symbiont-barren,spinose,0
GIK23074-1,,66.6667,4.905,1157,North Atlantic,3.01,symbiont-bearing,non-spinose,0
GIK23074-1,,66.6667,4.905,1157,North Atlantic,3.01,symbiont-bearing,spinose,0
GIK23074-1,,66.6667,4.905,1157,North Atlantic,3.01,symbiont-facultative,non-spinose,0
GIK23074-1,,66.6667,4.905,1157,North Atlantic,3.01,symbiont-facultative,spinose,0
GIK23074-1,,66.6667,4.905,1157,North Atlantic,3.01,symbiont-obligate,spinose,0
GIK23074-1,,66.6667,4.905,1157,North Atlantic,3.01,undetermined,non-spinose,0
GIK23074-1,,66.6667,4.905,1157,North Atlantic,3.11,symbiont-barren,non-spinose,0.994
GIK23074-1,,66.6667,4.905,1157,North Atlantic,3.11,symbiont-barren,spinose,0
GIK23074-1,,66.6667,4.905,1157,North Atlantic,3.11,symbiont-bearing,non-spinose,0
GIK23074-1,,66.6667,4.905,1157,North Atlantic,3.11,symbiont-bearing,spinose,0
GIK23074-1,,66.6667,4.905,1157,North Atlantic,3.11,symbiont-facultative,non-spinose,0.001
GIK23074-1,,66.6667,4.905,1157,North Atlantic,3.11,symbiont-facultative,spinose,0
GIK23074-1,,66.6667,4.905,1157,North Atlantic,3.11,symbiont-obligate,spinose,0
GIK23074-1,,66.6667,4.905,1157,North Atlantic,3.11,undetermined,non-spinose,0
GIK23074-1,,66.6667,4.905,1157,North Atlantic,3.21,symbiont-barren,non-spinose,1
GIK23074-1,,66.6667,4.905,1157,North Atlantic,3.21,symbiont-barren,spinose,0
GIK23074-1,,66.6667,4.905,1157,North Atlantic,3.21,symbiont-bearing,non-spinose,0
GIK23074-1,,66.6667,4.905,1157,North Atlantic,3.21,symbiont-bearing,spinose,0
GIK23074-1,,66.6667,4.905,1157,North Atlantic,3.21,symbiont-facultative,non-spinose,0
GIK23074-1,,66.6667,4.905,1157,North Atlantic,3.21,symbiont-facultative,spinose,0
GIK23074-1,,66.6667,4.905,1157,North Atlantic,3.21,symbiont-obligate,spinose,0
GIK23074-1,,66.6667,4.905,1157,North Atlantic,3.21,undetermined,non-spinose,0
GIK23074-1,,66.6667,4.905,1157,North Atlantic,3.31,symbiont-barren,non-spinose,0.997
GIK23074-1,,66.6667,4.905,1157,North Atlantic,3.31,symbiont-barren,spinose,0
GIK23074-1,,66.6667,4.905,1157,North Atlantic,3.31,symbiont-bearing,non-spinose,0
GIK23074-1,,66.6667,4.905,1157,North Atlantic,3.31,symbiont-bearing,spinose,0
GIK23074-1,,66.6667,4.905,1157,North Atlantic,3.31,symbiont-facultative,non-spinose,0.004
GIK23074-1,,66.6667,4.905,1157,North Atlantic,3.31,symbiont-facultative,spinose,0
GIK23074-1,,66.6667,4.905,1157,North Atlantic,3.31,symbiont-obligate,spinose,0
GIK23074-1,,66.6667,4.905,1157,North Atlantic,3.31,undetermined,non-spinose,0
GIK23074-1,,66.6667,4.905,1157,North Atlantic,3.51,symbiont-barren,non-spinose,0.988
GIK23074-1,,66.6667,4.905,1157,North Atlantic,3.51,symbiont-barren,spinose,0.004
GIK23074-1,,66.6667,4.905,1157,North Atlantic,3.51,symbiont-bearing,non-spinose,0
GIK23074-1,,66.6667,4.905,1157,North Atlantic,3.51,symbiont-bearing,spinose,0
GIK23074-1,,66.6667,4.905,1157,North Atlantic,3.51,symbiont-facultative,non-spinose,0.007
GIK23074-1,,66.6667,4.905,1157,North Atlantic,3.51,symbiont-facultative,spinose,0
GIK23074-1,,66.6667,4.905,1157,North Atlantic,3.51,symbiont-obligate,spinose,0
GIK23074-1,,66.6667,4.905,1157,North Atlantic,3.51,undetermined,non-spinose,0
GIK23074-1,,66.6667,4.905,1157,North Atlantic,3.71,symbiont-barren,non-spinose,1
GIK23074-1,,66.6667,4.905,1157,North Atlantic,3.71,symbiont-barren,spinose,0
GIK23074-1,,66.6667,4.905,1157,North Atlantic,3.71,symbiont-bearing,non-spinose,0
GIK23074-1,,66.6667,4.905,1157,North Atlantic,3.71,symbiont-bearing,spinose,0
GIK23074-1,,66.6667,4.905,1157,North Atlantic,3.71,symbiont-facultative,non-spinose,0
GIK23074-1,,66.6667,4.905,1157,North Atlantic,3.71,symbiont-facultative,spinose,0
GIK23074-1,,66.6667,4.905,1157,North Atlantic,3.71,symbiont-obligate,spinose,0
GIK23074-1,,66.6667,4.905,1157,North Atlantic,3.71,undetermined,non-spinose,0
GIK23074-1,,66.6667,4.905,1157,North Atlantic,3.91,symbiont-barren,non-spinose,0.977
GIK23074-1,,66.6667,4.905,1157,North Atlantic,3.91,symbiont-barren,spinose,0.016
GIK23074-1,,66.6667,4.905,1157,North Atlantic,3.91,symbiont-bearing,non-spinose,0
GIK23074-1,,66.6667,4.905,1157,North Atlantic,3.91,symbiont-bearing,spinose,0
GIK23074-1,,66.6667,4.905,1157,North Atlantic,3.91,symbiont-facultative,non-spinose,0.008
GIK23074-1,,66.6667,4.905,1157,North Atlantic,3.91,symbiont-facultative,spinose,0
GIK23074-1,,66.6667,4.905,1157,North Atlantic,3.91,symbiont-obligate,spinose,0
GIK23074-1,,66.6667,4.905,1157,North Atlantic,3.91,undetermined,non-spinose,0
GIK23074-1,,66.6667,4.905,1157,North Atlantic,3.93,symbiont-barren,non-spinose,0.981
GIK23074-1,,66.6667,4.905,1157,North Atlantic,3.93,symbiont-barren,spinose,0.019
GIK23074-1,,66.6667,4.905,1157,North Atlantic,3.93,symbiont-bearing,non-spinose,0
GIK23074-1,,66.6667,4.905,1157,North Atlantic,3.93,symbiont-bearing,spinose,0
GIK23074-1,,66.6667,4.905,1157,North Atlantic,3.93,symbiont-facultative,non-spinose,0
GIK23074-1,,66.6667,4.905,1157,North Atlantic,3.93,symbiont-facultative,spinose,0
GIK23074-1,,66.6667,4.905,1157,North Atlantic,3.93,symbiont-obligate,spinose,0
GIK23074-1,,66.6667,4.905,1157,North Atlantic,3.93,undetermined,non-spinose,0
GIK23074-1,,66.6667,4.905,1157,North Atlantic,3.95,symbiont-barren,non-spinose,0.973
GIK23074-1,,66.6667,4.905,1157,North Atlantic,3.95,symbiont-barren,spinose,0.027
GIK23074-1,,66.6667,4.905,1157,North Atlantic,3.95,symbiont-bearing,non-spinose,0
GIK23074-1,,66.6667,4.905,1157,North Atlantic,3.95,symbiont-bearing,spinose,0
GIK23074-1,,66.6667,4.905,1157,North Atlantic,3.95,symbiont-facultative,non-spinose,0
GIK23074-1,,66.6667,4.905,1157,North Atlantic,3.95,symbiont-facultative,spinose,0
GIK23074-1,,66.6667,4.905,1157,North Atlantic,3.95,symbiont-obligate,spinose,0
GIK23074-1,,66.6667,4.905,1157,North Atlantic,3.95,undetermined,non-spinose,0
GIK23074-1,,66.6667,4.905,1157,North Atlantic,4.11,symbiont-barren,non-spinose,0.993
GIK23074-1,,66.6667,4.905,1157,North Atlantic,4.11,symbiont-barren,spinose,0.002
GIK23074-1,,66.6667,4.905,1157,North Atlantic,4.11,symbiont-bearing,non-spinose,0
GIK23074-1,,66.6667,4.905,1157,North Atlantic,4.11,symbiont-bearing,spinose,0
GIK23074-1,,66.6667,4.905,1157,North Atlantic,4.11,symbiont-facultative,non-spinose,0.004
GIK23074-1,,66.6667,4.905,1157,North Atlantic,4.11,symbiont-facultative,spinose,0
GIK23074-1,,66.6667,4.905,1157,North Atlantic,4.11,symbiont-obligate,spinose,0
GIK23074-1,,66.6667,4.905,1157,North Atlantic,4.11,undetermined,non-spinose,0
GIK23074-1,,66.6667,4.905,1157,North Atlantic,4.17,symbiont-barren,non-spinose,1
GIK23074-1,,66.6667,4.905,1157,North Atlantic,4.17,symbiont-barren,spinose,0
GIK23074-1,,66.6667,4.905,1157,North Atlantic,4.17,symbiont-bearing,non-spinose,0
GIK23074-1,,66.6667,4.905,1157,North Atlantic,4.17,symbiont-bearing,spinose,0
GIK23074-1,,66.6667,4.905,1157,North Atlantic,4.17,symbiont-facultative,non-spinose,0
GIK23074-1,,66.6667,4.905,1157,North Atlantic,4.17,symbiont-facultative,spinose,0
GIK23074-1,,66.6667,4.905,1157,North Atlantic,4.17,symbiont-obligate,spinose,0
GIK23074-1,,66.6667,4.905,1157,North Atlantic,4.17,undetermined,non-spinose,0
GIK23262-2,,72.2252,14.4273,1130,North Atlantic,2.6,symbiont-barren,non-spinose,0.991
GIK23262-2,,72.2252,14.4273,1130,North Atlantic,2.6,symbiont-barren,spinose,0.007
GIK23262-2,,72.2252,14.4273,1130,North Atlantic,2.6,symbiont-bearing,non-spinose,0
GIK23262-2,,72.2252,14.4273,1130,North Atlantic,2.6,symbiont-bearing,spinose,0
GIK23262-2,,72.2252,14.4273,1130,North Atlantic,2.6,symbiont-facultative,non-spinose,0.002
GIK23262-2,,72.2252,14.4273,1130,North Atlantic,2.6,symbiont-facultative,spinose,0
GIK23262-2,,72.2252,14.4273,1130,North Atlantic,2.6,symbiont-obligate,spinose,0
GIK23262-2,,72.2252,14.4273,1130,North Atlantic,2.6,undetermined,non-spinose,0
GIK23294-4,,72.3797,-10.5923,2215,North Atlantic,1.2,symbiont-barren,non-spinose,0.996
GIK23294-4,,72.3797,-10.5923,2215,North Atlantic,1.2,symbiont-barren,spinose,0.004
GIK23294-4,,72.3797,-10.5923,2215,North Atlantic,1.2,symbiont-bearing,non-spinose,0
GIK23294-4,,72.3797,-10.5923,2215,North Atlantic,1.2,symbiont-bearing,spinose,0
GIK23294-4,,72.3797,-10.5923,2215,North Atlantic,1.2,symbiont-facultative,non-spinose,0
GIK23294-4,,72.3797,-10.5923,2215,North Atlantic,1.2,symbiont-facultative,spinose,0
GIK23294-4,,72.3797,-10.5923,2215,North Atlantic,1.2,symbiont-obligate,spinose,0
GIK23294-4,,72.3797,-10.5923,2215,North Atlantic,1.2,undetermined,non-spinose,0
GIK23351-1,,70.3622,-18.2053,1672,North Atlantic,0.6,symbiont-barren,non-spinose,0.994
GIK23351-1,,70.3622,-18.2053,1672,North Atlantic,0.6,symbiont-barren,spinose,0.001
GIK23351-1,,70.3622,-18.2053,1672,North Atlantic,0.6,symbiont-bearing,non-spinose,0
GIK23351-1,,70.3622,-18.2053,1672,North Atlantic,0.6,symbiont-bearing,spinose,0
GIK23351-1,,70.3622,-18.2053,1672,North Atlantic,0.6,symbiont-facultative,non-spinose,0.005
GIK23351-1,,70.3622,-18.2053,1672,North Atlantic,0.6,symbiont-facultative,spinose,0
GIK23351-1,,70.3622,-18.2053,1672,North Atlantic,0.6,symbiont-obligate,spinose,0
GIK23351-1,,70.3622,-18.2053,1672,North Atlantic,0.6,undetermined,non-spinose,0
GIK23354-6,,70.3315,-10.6288,1747,North Atlantic,0.8,symbiont-barren,non-spinose,0
GIK23354-6,,70.3315,-10.6288,1747,North Atlantic,0.8,symbiont-barren,spinose,0
GIK23354-6,,70.3315,-10.6288,1747,North Atlantic,0.8,symbiont-bearing,non-spinose,0
GIK23354-6,,70.3315,-10.6288,1747,North Atlantic,0.8,symbiont-bearing,spinose,0
GIK23354-6,,70.3315,-10.6288,1747,North Atlantic,0.8,symbiont-facultative,non-spinose,0
GIK23354-6,,70.3315,-10.6288,1747,North Atlantic,0.8,symbiont-facultative,spinose,0
GIK23354-6,,70.3315,-10.6288,1747,North Atlantic,0.8,symbiont-obligate,spinose,0
GIK23354-6,,70.3315,-10.6288,1747,North Atlantic,0.8,undetermined,non-spinose,0
GIK23419-8,,54.9617,-19.755,1491,North Atlantic,0.4,symbiont-barren,non-spinose,0.909
GIK23419-8,,54.9617,-19.755,1491,North Atlantic,0.4,symbiont-barren,spinose,0.051
GIK23419-8,,54.9617,-19.755,1491,North Atlantic,0.4,symbiont-bearing,non-spinose,0
GIK23419-8,,54.9617,-19.755,1491,North Atlantic,0.4,symbiont-bearing,spinose,0
GIK23419-8,,54.9617,-19.755,1491,North Atlantic,0.4,symbiont-facultative,non-spinose,0.035
GIK23419-8,,54.9617,-19.755,1491,North Atlantic,0.4,symbiont-facultative,spinose,0.001
GIK23419-8,,54.9617,-19.755,1491,North Atlantic,0.4,symbiont-obligate,spinose,0.005
GIK23419-8,,54.9617,-19.755,1491,North Atlantic,0.4,undetermined,non-spinose,0
GIK23519-5,,64.7973,-29.5958,1893,North Atlantic,0.68,symbiont-barren,non-spinose,0.984
GIK23519-5,,64.7973,-29.5958,1893,North Atlantic,0.68,symbiont-barren,spinose,0.011
GIK23519-5,,64.7973,-29.5958,1893,North Atlantic,0.68,symbiont-bearing,non-spinose,0
GIK23519-5,,64.7973,-29.5958,1893,North Atlantic,0.68,symbiont-bearing,spinose,0
GIK23519-5,,64.7973,-29.5958,1893,North Atlantic,0.68,symbiont-facultative,non-spinose,0.003
GIK23519-5,,64.7973,-29.5958,1893,North Atlantic,0.68,symbiont-facultative,spinose,0
GIK23519-5,,64.7973,-29.5958,1893,North Atlantic,0.68,symbiont-obligate,spinose,0
GIK23519-5,,64.7973,-29.5958,1893,North Atlantic,0.68,undetermined,non-spinose,0
GIK23519-5,,64.7973,-29.5958,1893,North Atlantic,0.78,symbiont-barren,non-spinose,0.978
GIK23519-5,,64.7973,-29.5958,1893,North Atlantic,0.78,symbiont-barren,spinose,0.022
GIK23519-5,,64.7973,-29.5958,1893,North Atlantic,0.78,symbiont-bearing,non-spinose,0
GIK23519-5,,64.7973,-29.5958,1893,North Atlantic,0.78,symbiont-bearing,spinose,0
GIK23519-5,,64.7973,-29.5958,1893,North Atlantic,0.78,symbiont-facultative,non-spinose,0
GIK23519-5,,64.7973,-29.5958,1893,North Atlantic,0.78,symbiont-facultative,spinose,0
GIK23519-5,,64.7973,-29.5958,1893,North Atlantic,0.78,symbiont-obligate,spinose,0
GIK23519-5,,64.7973,-29.5958,1893,North Atlantic,0.78,undetermined,non-spinose,0
GIK23519-5,,64.7973,-29.5958,1893,North Atlantic,0.88,symbiont-barren,non-spinose,0.996
GIK23519-5,,64.7973,-29.5958,1893,North Atlantic,0.88,symbiont-barren,spinose,0.004
GIK23519-5,,64.7973,-29.5958,1893,North Atlantic,0.88,symbiont-bearing,non-spinose,0
GIK23519-5,,64.7973,-29.5958,1893,North Atlantic,0.88,symbiont-bearing,spinose,0
GIK23519-5,,64.7973,-29.5958,1893,North Atlantic,0.88,symbiont-facultative,non-spinose,0
GIK23519-5,,64.7973,-29.5958,1893,North Atlantic,0.88,symbiont-facultative,spinose,0
GIK23519-5,,64.7973,-29.5958,1893,North Atlantic,0.88,symbiont-obligate,spinose,0
GIK23519-5,,64.7973,-29.5958,1893,North Atlantic,0.88,undetermined,non-spinose,0
GL-1090,,-24.92,-42.51,2225,South Atlantic,,symbiont-barren,non-spinose,0.0331
GL-1090,,-24.92,-42.51,2225,South Atlantic,,symbiont-barren,spinose,0.0177
GL-1090,,-24.92,-42.51,2225,South Atlantic,,symbiont-bearing,non-spinose,0
GL-1090,,-24.92,-42.51,2225,South Atlantic,,symbiont-bearing,spinose,0.0442
GL-1090,,-24.92,-42.51,2225,South Atlantic,,symbiont-facultative,non-spinose,0.2478
GL-1090,,-24.92,-42.51,2225,South Atlantic,,symbiont-facultative,spinose,0
GL-1090,,-24.92,-42.51,2225,South Atlantic,,symbiont-obligate,spinose,0.6548
GL-1090,,-24.92,-42.51,2225,South Atlantic,,undetermined,non-spinose,0
GL-77,gravity corer,-21.20611,-40.04722,1287,South Atlantic,,symbiont-barren,non-spinose,0.0972394755003451
GL-77,gravity corer,-21.20611,-40.04722,1287,South Atlantic,,symbiont-barren,spinose,0.0623878536922015
GL-77,gravity corer,-21.20611,-40.04722,1287,South Atlantic,,symbiont-bearing,non-spinose,0
GL-77,gravity corer,-21.20611,-40.04722,1287,South Atlantic,,symbiont-bearing,spinose,0.0785369220151829
GL-77,gravity corer,-21.20611,-40.04722,1287,South Atlantic,,symbiont-facultative,non-spinose,0.634920634920635
GL-77,gravity corer,-21.20611,-40.04722,1287,South Atlantic,,symbiont-facultative,spinose,0
GL-77,gravity corer,-21.20611,-40.04722,1287,South Atlantic,,undetermined,non-spinose,0
GeoB 3302-1,,-33.218333,-72.09,1498,Pacific,,symbiont-bearing,non-spinose,0
GeoB 3302-1,,-33.218333,-72.09,1498,Pacific,,symbiont-bearing,spinose,0
GeoB 3302-1,,-33.218333,-72.09,1498,Pacific,,symbiont-facultative,spinose,0
GeoB 3302-1,,-33.218333,-72.09,1498,Pacific,,undetermined,non-spinose,0
GeoB10029-4,,-1.4945,100.128,964,Indian,,symbiont-barren,non-spinose,0.235393147157853
GeoB10029-4,,-1.4945,100.128,964,Indian,,symbiont-barren,spinose,0.0731828084769261
GeoB10029-4,,-1.4945,100.128,964,Indian,,symbiont-bearing,non-spinose,0
GeoB10029-4,,-1.4945,100.128,964,Indian,,symbiont-bearing,spinose,0.117448999801941
GeoB10029-4,,-1.4945,100.128,964,Indian,,symbiont-facultative,non-spinose,0.788671023965142
GeoB10029-4,,-1.4945,100.128,964,Indian,,symbiont-facultative,spinose,0
GeoB10029-4,,-1.4945,100.128,964,Indian,,symbiont-obligate,spinose,0.764507823331353
GeoB10029-4,,-1.4945,100.128,964,Indian,,undetermined,non-spinose,0.0207961972667855
GeoB10038-4,,-5.9375,103.246,1891,Indian,,symbiont-barren,non-spinose,0.258888014592797
GeoB10038-4,,-5.9375,103.246,1891,Indian,,symbiont-barren,spinose,0.239323652491148
GeoB10038-4,,-5.9375,103.246,1891,Indian,,symbiont-bearing,non-spinose,0.00261096605744125
GeoB10038-4,,-5.9375,103.246,1891,Indian,,symbiont-bearing,spinose,0.0890768625487321
GeoB10038-4,,-5.9375,103.246,1891,Indian,,symbiont-facultative,non-spinose,0.7660502879216
GeoB10038-4,,-5.9375,103.246,1891,Indian,,symbiont-facultative,spinose,0.00261096605744125
GeoB10038-4,,-5.9375,103.246,1891,Indian,,symbiont-obligate,spinose,0.572266533137809
GeoB10038-4,,-5.9375,103.246,1891,Indian,,undetermined,non-spinose,0.0639507850781502
GeoB10042-1,,-7.1135,104.6425,2460,Indian,,symbiont-barren,non-spinose,0.345253353840895
GeoB10042-1,,-7.1135,104.6425,2460,Indian,,symbiont-barren,spinose,0.194608220114501
GeoB10042-1,,-7.1135,104.6425,2460,Indian,,symbiont-bearing,non-spinose,0
GeoB10042-1,,-7.1135,104.6425,2460,Indian,,symbiont-bearing,spinose,0.0464410834828676
GeoB10042-1,,-7.1135,104.6425,2460,Indian,,symbiont-facultative,non-spinose,1.05246517986841
GeoB10042-1,,-7.1135,104.6425,2460,Indian,,symbiont-facultative,spinose,0
GeoB10042-1,,-7.1135,104.6425,2460,Indian,,symbiont-obligate,spinose,0.327907374177561
GeoB10042-1,,-7.1135,104.6425,2460,Indian,,undetermined,non-spinose,0.0333247885157652
GeoB10043-3,,-7.30917,105.05867,2172,Indian,,symbiont-barren,non-spinose,0.292429046182054
GeoB10043-3,,-7.30917,105.05867,2172,Indian,,symbiont-barren,spinose,0.309518125214867
GeoB10043-3,,-7.30917,105.05867,2172,Indian,,symbiont-bearing,non-spinose,0
GeoB10043-3,,-7.30917,105.05867,2172,Indian,,symbiont-bearing,spinose,0.0473423354597196
GeoB10043-3,,-7.30917,105.05867,2172,Indian,,symbiont-facultative,non-spinose,0.938528973604798
GeoB10043-3,,-7.30917,105.05867,2172,Indian,,symbiont-facultative,spinose,0
GeoB10043-3,,-7.30917,105.05867,2172,Indian,,symbiont-obligate,spinose,0.356129913289278
GeoB10043-3,,-7.30917,105.05867,2172,Indian,,undetermined,non-spinose,0.0560516062492838
GeoB10053-7,,-8.6765,112.8725,1372,Indian,,symbiont-barren,non-spinose,0.439725147897336
GeoB10053-7,,-8.6765,112.8725,1372,Indian,,symbiont-barren,spinose,0.485225552990813
GeoB10053-7,,-8.6765,112.8725,1372,Indian,,symbiont-bearing,non-spinose,0.00239234449760766
GeoB10053-7,,-8.6765,112.8725,1372,Indian,,symbiont-bearing,spinose,0.114939541709342
GeoB10053-7,,-8.6765,112.8725,1372,Indian,,symbiont-facultative,non-spinose,0.524351468272773
GeoB10053-7,,-8.6765,112.8725,1372,Indian,,symbiont-facultative,spinose,0
GeoB10053-7,,-8.6765,112.8725,1372,Indian,,symbiont-obligate,spinose,0.391060427717566
GeoB10053-7,,-8.6765,112.8725,1372,Indian,,undetermined,non-spinose,0.0423055169145635
GeoB10069-3,,-9.59483,120.917,1250,Indian,,symbiont-barren,non-spinose,0.410706256405842
GeoB10069-3,,-9.59483,120.917,1250,Indian,,symbiont-barren,spinose,0.620487954398794
GeoB10069-3,,-9.59483,120.917,1250,Indian,,symbiont-bearing,non-spinose,0.00301810865191147
GeoB10069-3,,-9.59483,120.917,1250,Indian,,symbiont-bearing,spinose,0.322879844190637
GeoB10069-3,,-9.59483,120.917,1250,Indian,,symbiont-facultative,non-spinose,0.882649104925189
GeoB10069-3,,-9.59483,120.917,1250,Indian,,symbiont-facultative,spinose,0
GeoB10069-3,,-9.59483,120.917,1250,Indian,,symbiont-obligate,spinose,0.656036365508886
GeoB10069-3,,-9.59483,120.917,1250,Indian,,undetermined,non-spinose,0.0987973242008576
GeoB1008-3,,-6.5823,10.3186,3124,South Atlantic,2.18,symbiont-barren,non-spinose,0.139
GeoB1008-3,,-6.5823,10.3186,3124,South Atlantic,2.18,symbiont-barren,spinose,0.4131
GeoB1008-3,,-6.5823,10.3186,3124,South Atlantic,2.18,symbiont-bearing,non-spinose,0
GeoB1008-3,,-6.5823,10.3186,3124,South Atlantic,2.18,symbiont-bearing,spinose,7e-04
GeoB1008-3,,-6.5823,10.3186,3124,South Atlantic,2.18,symbiont-facultative,non-spinose,0.2693
GeoB1008-3,,-6.5823,10.3186,3124,South Atlantic,2.18,symbiont-facultative,spinose,0
GeoB1008-3,,-6.5823,10.3186,3124,South Atlantic,2.18,symbiont-obligate,spinose,0.1778
GeoB1008-3,,-6.5823,10.3186,3124,South Atlantic,2.18,undetermined,non-spinose,0
GeoB1008-3,,-6.5823,10.3186,3124,South Atlantic,2.23,symbiont-barren,non-spinose,0.1867
GeoB1008-3,,-6.5823,10.3186,3124,South Atlantic,2.23,symbiont-barren,spinose,0.2045
GeoB1008-3,,-6.5823,10.3186,3124,South Atlantic,2.23,symbiont-bearing,non-spinose,0
GeoB1008-3,,-6.5823,10.3186,3124,South Atlantic,2.23,symbiont-bearing,spinose,0
GeoB1008-3,,-6.5823,10.3186,3124,South Atlantic,2.23,symbiont-facultative,non-spinose,0.4367
GeoB1008-3,,-6.5823,10.3186,3124,South Atlantic,2.23,symbiont-facultative,spinose,0
GeoB1008-3,,-6.5823,10.3186,3124,South Atlantic,2.23,symbiont-obligate,spinose,0.1655
GeoB1008-3,,-6.5823,10.3186,3124,South Atlantic,2.23,undetermined,non-spinose,0.0065
GeoB1008-3,,-6.5823,10.3186,3124,South Atlantic,2.28,symbiont-barren,non-spinose,0.1271
GeoB1008-3,,-6.5823,10.3186,3124,South Atlantic,2.28,symbiont-barren,spinose,0.3633
GeoB1008-3,,-6.5823,10.3186,3124,South Atlantic,2.28,symbiont-bearing,non-spinose,0
GeoB1008-3,,-6.5823,10.3186,3124,South Atlantic,2.28,symbiont-bearing,spinose,0.006
GeoB1008-3,,-6.5823,10.3186,3124,South Atlantic,2.28,symbiont-facultative,non-spinose,0.3662
GeoB1008-3,,-6.5823,10.3186,3124,South Atlantic,2.28,symbiont-facultative,spinose,0
GeoB1008-3,,-6.5823,10.3186,3124,South Atlantic,2.28,symbiont-obligate,spinose,0.1361
GeoB1008-3,,-6.5823,10.3186,3124,South Atlantic,2.28,undetermined,non-spinose,0.0015
GeoB1008-3,,-6.5823,10.3186,3124,South Atlantic,2.33,symbiont-barren,non-spinose,0.237
GeoB1008-3,,-6.5823,10.3186,3124,South Atlantic,2.33,symbiont-barren,spinose,0.1996
GeoB1008-3,,-6.5823,10.3186,3124,South Atlantic,2.33,symbiont-bearing,non-spinose,0
GeoB1008-3,,-6.5823,10.3186,3124,South Atlantic,2.33,symbiont-bearing,spinose,0
GeoB1008-3,,-6.5823,10.3186,3124,South Atlantic,2.33,symbiont-facultative,non-spinose,0.3825
GeoB1008-3,,-6.5823,10.3186,3124,South Atlantic,2.33,symbiont-facultative,spinose,0
GeoB1008-3,,-6.5823,10.3186,3124,South Atlantic,2.33,symbiont-obligate,spinose,0.1708
GeoB1008-3,,-6.5823,10.3186,3124,South Atlantic,2.33,undetermined,non-spinose,0.0099
GeoB1008-3,,-6.5823,10.3186,3124,South Atlantic,2.38,symbiont-barren,non-spinose,0.2342
GeoB1008-3,,-6.5823,10.3186,3124,South Atlantic,2.38,symbiont-barren,spinose,0.2045
GeoB1008-3,,-6.5823,10.3186,3124,South Atlantic,2.38,symbiont-bearing,non-spinose,0
GeoB1008-3,,-6.5823,10.3186,3124,South Atlantic,2.38,symbiont-bearing,spinose,0
GeoB1008-3,,-6.5823,10.3186,3124,South Atlantic,2.38,symbiont-facultative,non-spinose,0.3432
GeoB1008-3,,-6.5823,10.3186,3124,South Atlantic,2.38,symbiont-facultative,spinose,0
GeoB1008-3,,-6.5823,10.3186,3124,South Atlantic,2.38,symbiont-obligate,spinose,0.2091
GeoB1008-3,,-6.5823,10.3186,3124,South Atlantic,2.38,undetermined,non-spinose,0.0091
GeoB1008-3,,-6.5823,10.3186,3124,South Atlantic,2.43,symbiont-barren,non-spinose,0.2206
GeoB1008-3,,-6.5823,10.3186,3124,South Atlantic,2.43,symbiont-barren,spinose,0.2753
GeoB1008-3,,-6.5823,10.3186,3124,South Atlantic,2.43,symbiont-bearing,non-spinose,0
GeoB1008-3,,-6.5823,10.3186,3124,South Atlantic,2.43,symbiont-bearing,spinose,0
GeoB1008-3,,-6.5823,10.3186,3124,South Atlantic,2.43,symbiont-facultative,non-spinose,0.1593
GeoB1008-3,,-6.5823,10.3186,3124,South Atlantic,2.43,symbiont-facultative,spinose,0
GeoB1008-3,,-6.5823,10.3186,3124,South Atlantic,2.43,symbiont-obligate,spinose,0.3201
GeoB1008-3,,-6.5823,10.3186,3124,South Atlantic,2.43,undetermined,non-spinose,0.0249
GeoB1008-3,,-6.5823,10.3186,3124,South Atlantic,2.48,symbiont-barren,non-spinose,0.1415
GeoB1008-3,,-6.5823,10.3186,3124,South Atlantic,2.48,symbiont-barren,spinose,0.2217
GeoB1008-3,,-6.5823,10.3186,3124,South Atlantic,2.48,symbiont-bearing,non-spinose,0
GeoB1008-3,,-6.5823,10.3186,3124,South Atlantic,2.48,symbiont-bearing,spinose,0
GeoB1008-3,,-6.5823,10.3186,3124,South Atlantic,2.48,symbiont-facultative,non-spinose,0.1509
GeoB1008-3,,-6.5823,10.3186,3124,South Atlantic,2.48,symbiont-facultative,spinose,0
GeoB1008-3,,-6.5823,10.3186,3124,South Atlantic,2.48,symbiont-obligate,spinose,0.4339
GeoB1008-3,,-6.5823,10.3186,3124,South Atlantic,2.48,undetermined,non-spinose,0.0519
GeoB1008-3,,-6.5823,10.3186,3124,South Atlantic,2.53,symbiont-barren,non-spinose,0.226
GeoB1008-3,,-6.5823,10.3186,3124,South Atlantic,2.53,symbiont-barren,spinose,0.3979
GeoB1008-3,,-6.5823,10.3186,3124,South Atlantic,2.53,symbiont-bearing,non-spinose,0
GeoB1008-3,,-6.5823,10.3186,3124,South Atlantic,2.53,symbiont-bearing,spinose,0.0087
GeoB1008-3,,-6.5823,10.3186,3124,South Atlantic,2.53,symbiont-facultative,non-spinose,0.137
GeoB1008-3,,-6.5823,10.3186,3124,South Atlantic,2.53,symbiont-facultative,spinose,0
GeoB1008-3,,-6.5823,10.3186,3124,South Atlantic,2.53,symbiont-obligate,spinose,0.2174
GeoB1008-3,,-6.5823,10.3186,3124,South Atlantic,2.53,undetermined,non-spinose,0.013
GeoB1008-3,,-6.5823,10.3186,3124,South Atlantic,2.58,symbiont-barren,non-spinose,0.1473
GeoB1008-3,,-6.5823,10.3186,3124,South Atlantic,2.58,symbiont-barren,spinose,0.2898
GeoB1008-3,,-6.5823,10.3186,3124,South Atlantic,2.58,symbiont-bearing,non-spinose,0
GeoB1008-3,,-6.5823,10.3186,3124,South Atlantic,2.58,symbiont-bearing,spinose,0
GeoB1008-3,,-6.5823,10.3186,3124,South Atlantic,2.58,symbiont-facultative,non-spinose,0.1739
GeoB1008-3,,-6.5823,10.3186,3124,South Atlantic,2.58,symbiont-facultative,spinose,0
GeoB1008-3,,-6.5823,10.3186,3124,South Atlantic,2.58,symbiont-obligate,spinose,0.3744
GeoB1008-3,,-6.5823,10.3186,3124,South Atlantic,2.58,undetermined,non-spinose,0.0145
GeoB1008-3,,-6.5823,10.3186,3124,South Atlantic,2.63,symbiont-barren,non-spinose,0.1854
GeoB1008-3,,-6.5823,10.3186,3124,South Atlantic,2.63,symbiont-barren,spinose,0.4057
GeoB1008-3,,-6.5823,10.3186,3124,South Atlantic,2.63,symbiont-bearing,non-spinose,0
GeoB1008-3,,-6.5823,10.3186,3124,South Atlantic,2.63,symbiont-bearing,spinose,0.005
GeoB1008-3,,-6.5823,10.3186,3124,South Atlantic,2.63,symbiont-facultative,non-spinose,0.2204
GeoB1008-3,,-6.5823,10.3186,3124,South Atlantic,2.63,symbiont-facultative,spinose,0
GeoB1008-3,,-6.5823,10.3186,3124,South Atlantic,2.63,symbiont-obligate,spinose,0.1723
GeoB1008-3,,-6.5823,10.3186,3124,South Atlantic,2.63,undetermined,non-spinose,0.0116
GeoB1016-3,,-11.7705,11.6819,3411,South Atlantic,0.73,symbiont-barren,non-spinose,0.1848
GeoB1016-3,,-11.7705,11.6819,3411,South Atlantic,0.73,symbiont-barren,spinose,0.2817
GeoB1016-3,,-11.7705,11.6819,3411,South Atlantic,0.73,symbiont-bearing,non-spinose,0
GeoB1016-3,,-11.7705,11.6819,3411,South Atlantic,0.73,symbiont-bearing,spinose,0.0078
GeoB1016-3,,-11.7705,11.6819,3411,South Atlantic,0.73,symbiont-facultative,non-spinose,0.3224
GeoB1016-3,,-11.7705,11.6819,3411,South Atlantic,0.73,symbiont-facultative,spinose,0
GeoB1016-3,,-11.7705,11.6819,3411,South Atlantic,0.73,symbiont-obligate,spinose,0.1744
GeoB1016-3,,-11.7705,11.6819,3411,South Atlantic,0.73,undetermined,non-spinose,0.0291
GeoB1016-3,,-11.7705,11.6819,3411,South Atlantic,0.78,symbiont-barren,non-spinose,0.1185
GeoB1016-3,,-11.7705,11.6819,3411,South Atlantic,0.78,symbiont-barren,spinose,0.0983
GeoB1016-3,,-11.7705,11.6819,3411,South Atlantic,0.78,symbiont-bearing,non-spinose,0
GeoB1016-3,,-11.7705,11.6819,3411,South Atlantic,0.78,symbiont-bearing,spinose,0.0145
GeoB1016-3,,-11.7705,11.6819,3411,South Atlantic,0.78,symbiont-facultative,non-spinose,0.4654
GeoB1016-3,,-11.7705,11.6819,3411,South Atlantic,0.78,symbiont-facultative,spinose,0
GeoB1016-3,,-11.7705,11.6819,3411,South Atlantic,0.78,symbiont-obligate,spinose,0.2833
GeoB1016-3,,-11.7705,11.6819,3411,South Atlantic,0.78,undetermined,non-spinose,0.0202
GeoB1016-3,,-11.7705,11.6819,3411,South Atlantic,0.88,symbiont-barren,non-spinose,0.252
GeoB1016-3,,-11.7705,11.6819,3411,South Atlantic,0.88,symbiont-barren,spinose,0.0879
GeoB1016-3,,-11.7705,11.6819,3411,South Atlantic,0.88,symbiont-bearing,non-spinose,0
GeoB1016-3,,-11.7705,11.6819,3411,South Atlantic,0.88,symbiont-bearing,spinose,0.002
GeoB1016-3,,-11.7705,11.6819,3411,South Atlantic,0.88,symbiont-facultative,non-spinose,0.2949
GeoB1016-3,,-11.7705,11.6819,3411,South Atlantic,0.88,symbiont-facultative,spinose,0
GeoB1016-3,,-11.7705,11.6819,3411,South Atlantic,0.88,symbiont-obligate,spinose,0.3341
GeoB1016-3,,-11.7705,11.6819,3411,South Atlantic,0.88,undetermined,non-spinose,0.0293
GeoB1028-5,,-20.104,9.1858,2209,South Atlantic,0.93,symbiont-barren,non-spinose,0.4782
GeoB1028-5,,-20.104,9.1858,2209,South Atlantic,0.93,symbiont-barren,spinose,0.3357
GeoB1028-5,,-20.104,9.1858,2209,South Atlantic,0.93,symbiont-bearing,non-spinose,0
GeoB1028-5,,-20.104,9.1858,2209,South Atlantic,0.93,symbiont-bearing,spinose,0.005
GeoB1028-5,,-20.104,9.1858,2209,South Atlantic,0.93,symbiont-facultative,non-spinose,0.1611
GeoB1028-5,,-20.104,9.1858,2209,South Atlantic,0.93,symbiont-facultative,spinose,0
GeoB1028-5,,-20.104,9.1858,2209,South Atlantic,0.93,symbiont-obligate,spinose,0.0201
GeoB1028-5,,-20.104,9.1858,2209,South Atlantic,0.93,undetermined,non-spinose,0
GeoB1028-5,,-20.104,9.1858,2209,South Atlantic,0.98,symbiont-barren,non-spinose,0.464
GeoB1028-5,,-20.104,9.1858,2209,South Atlantic,0.98,symbiont-barren,spinose,0.317
GeoB1028-5,,-20.104,9.1858,2209,South Atlantic,0.98,symbiont-bearing,non-spinose,0
GeoB1028-5,,-20.104,9.1858,2209,South Atlantic,0.98,symbiont-bearing,spinose,0.001
GeoB1028-5,,-20.104,9.1858,2209,South Atlantic,0.98,symbiont-facultative,non-spinose,0.099
GeoB1028-5,,-20.104,9.1858,2209,South Atlantic,0.98,symbiont-facultative,spinose,0
GeoB1028-5,,-20.104,9.1858,2209,South Atlantic,0.98,symbiont-obligate,spinose,0.09
GeoB1028-5,,-20.104,9.1858,2209,South Atlantic,0.98,undetermined,non-spinose,0
GeoB1028-5,,-20.104,9.1858,2209,South Atlantic,1.03,symbiont-barren,non-spinose,0.4769
GeoB1028-5,,-20.104,9.1858,2209,South Atlantic,1.03,symbiont-barren,spinose,0.3
GeoB1028-5,,-20.104,9.1858,2209,South Atlantic,1.03,symbiont-bearing,non-spinose,0
GeoB1028-5,,-20.104,9.1858,2209,South Atlantic,1.03,symbiont-bearing,spinose,0
GeoB1028-5,,-20.104,9.1858,2209,South Atlantic,1.03,symbiont-facultative,non-spinose,0.166
GeoB1028-5,,-20.104,9.1858,2209,South Atlantic,1.03,symbiont-facultative,spinose,0
GeoB1028-5,,-20.104,9.1858,2209,South Atlantic,1.03,symbiont-obligate,spinose,0.0573
GeoB1028-5,,-20.104,9.1858,2209,South Atlantic,1.03,undetermined,non-spinose,0
GeoB1028-5,,-20.104,9.1858,2209,South Atlantic,1.08,symbiont-barren,non-spinose,0.437
GeoB1028-5,,-20.104,9.1858,2209,South Atlantic,1.08,symbiont-barren,spinose,0.19
GeoB1028-5,,-20.104,9.1858,2209,South Atlantic,1.08,symbiont-bearing,non-spinose,0
GeoB1028-5,,-20.104,9.1858,2209,South Atlantic,1.08,symbiont-bearing,spinose,0.006
GeoB1028-5,,-20.104,9.1858,2209,South Atlantic,1.08,symbiont-facultative,non-spinose,0.102
GeoB1028-5,,-20.104,9.1858,2209,South Atlantic,1.08,symbiont-facultative,spinose,0
GeoB1028-5,,-20.104,9.1858,2209,South Atlantic,1.08,symbiont-obligate,spinose,0.23
GeoB1028-5,,-20.104,9.1858,2209,South Atlantic,1.08,undetermined,non-spinose,0
GeoB1031-4,,-21.88,7.1017,3105,South Atlantic,0.28,symbiont-barren,non-spinose,0.3671
GeoB1031-4,,-21.88,7.1017,3105,South Atlantic,0.28,symbiont-barren,spinose,0.2007
GeoB1031-4,,-21.88,7.1017,3105,South Atlantic,0.28,symbiont-bearing,non-spinose,0
GeoB1031-4,,-21.88,7.1017,3105,South Atlantic,0.28,symbiont-bearing,spinose,0.0113
GeoB1031-4,,-21.88,7.1017,3105,South Atlantic,0.28,symbiont-facultative,non-spinose,0.3054
GeoB1031-4,,-21.88,7.1017,3105,South Atlantic,0.28,symbiont-facultative,spinose,0
GeoB1031-4,,-21.88,7.1017,3105,South Atlantic,0.28,symbiont-obligate,spinose,0.1154
GeoB1031-4,,-21.88,7.1017,3105,South Atlantic,0.28,undetermined,non-spinose,0
GeoB1031-4,,-21.88,7.1017,3105,South Atlantic,0.33,symbiont-barren,non-spinose,0.4342
GeoB1031-4,,-21.88,7.1017,3105,South Atlantic,0.33,symbiont-barren,spinose,0.2327
GeoB1031-4,,-21.88,7.1017,3105,South Atlantic,0.33,symbiont-bearing,non-spinose,0
GeoB1031-4,,-21.88,7.1017,3105,South Atlantic,0.33,symbiont-bearing,spinose,0.0117
GeoB1031-4,,-21.88,7.1017,3105,South Atlantic,0.33,symbiont-facultative,non-spinose,0.213
GeoB1031-4,,-21.88,7.1017,3105,South Atlantic,0.33,symbiont-facultative,spinose,0
GeoB1031-4,,-21.88,7.1017,3105,South Atlantic,0.33,symbiont-obligate,spinose,0.1086
GeoB1031-4,,-21.88,7.1017,3105,South Atlantic,0.33,undetermined,non-spinose,0
GeoB1032-3,,-22.915,6.0367,2505,South Atlantic,0.38,symbiont-barren,non-spinose,0.4415
GeoB1032-3,,-22.915,6.0367,2505,South Atlantic,0.38,symbiont-barren,spinose,0.1628
GeoB1032-3,,-22.915,6.0367,2505,South Atlantic,0.38,symbiont-bearing,non-spinose,0
GeoB1032-3,,-22.915,6.0367,2505,South Atlantic,0.38,symbiont-bearing,spinose,0.0198
GeoB1032-3,,-22.915,6.0367,2505,South Atlantic,0.38,symbiont-facultative,non-spinose,0.2648
GeoB1032-3,,-22.915,6.0367,2505,South Atlantic,0.38,symbiont-facultative,spinose,0
GeoB1032-3,,-22.915,6.0367,2505,South Atlantic,0.38,symbiont-obligate,spinose,0.1111
GeoB1032-3,,-22.915,6.0367,2505,South Atlantic,0.38,undetermined,non-spinose,0
GeoB1032-3,,-22.915,6.0367,2505,South Atlantic,0.43,symbiont-barren,non-spinose,0.4415
GeoB1032-3,,-22.915,6.0367,2505,South Atlantic,0.43,symbiont-barren,spinose,0.1412
GeoB1032-3,,-22.915,6.0367,2505,South Atlantic,0.43,symbiont-bearing,non-spinose,0
GeoB1032-3,,-22.915,6.0367,2505,South Atlantic,0.43,symbiont-bearing,spinose,0.0159
GeoB1032-3,,-22.915,6.0367,2505,South Atlantic,0.43,symbiont-facultative,non-spinose,0.2237
GeoB1032-3,,-22.915,6.0367,2505,South Atlantic,0.43,symbiont-facultative,spinose,0
GeoB1032-3,,-22.915,6.0367,2505,South Atlantic,0.43,symbiont-obligate,spinose,0.1778
GeoB1032-3,,-22.915,6.0367,2505,South Atlantic,0.43,undetermined,non-spinose,0
GeoB1034-3,,-21.735,5.4217,3772,South Atlantic,0.23,symbiont-barren,non-spinose,0.3647
GeoB1034-3,,-21.735,5.4217,3772,South Atlantic,0.23,symbiont-barren,spinose,0.1934
GeoB1034-3,,-21.735,5.4217,3772,South Atlantic,0.23,symbiont-bearing,non-spinose,0
GeoB1034-3,,-21.735,5.4217,3772,South Atlantic,0.23,symbiont-bearing,spinose,0.0071
GeoB1034-3,,-21.735,5.4217,3772,South Atlantic,0.23,symbiont-facultative,non-spinose,0.2789
GeoB1034-3,,-21.735,5.4217,3772,South Atlantic,0.23,symbiont-facultative,spinose,0
GeoB1034-3,,-21.735,5.4217,3772,South Atlantic,0.23,symbiont-obligate,spinose,0.1561
GeoB1034-3,,-21.735,5.4217,3772,South Atlantic,0.23,undetermined,non-spinose,0
GeoB1041-3,,-3.475,-7.6,4033,South Atlantic,0.53,symbiont-barren,non-spinose,0.1863
GeoB1041-3,,-3.475,-7.6,4033,South Atlantic,0.53,symbiont-barren,spinose,0.1811
GeoB1041-3,,-3.475,-7.6,4033,South Atlantic,0.53,symbiont-bearing,non-spinose,0
GeoB1041-3,,-3.475,-7.6,4033,South Atlantic,0.53,symbiont-bearing,spinose,0
GeoB1041-3,,-3.475,-7.6,4033,South Atlantic,0.53,symbiont-facultative,non-spinose,0.4508
GeoB1041-3,,-3.475,-7.6,4033,South Atlantic,0.53,symbiont-facultative,spinose,0
GeoB1041-3,,-3.475,-7.6,4033,South Atlantic,0.53,symbiont-obligate,spinose,0.1819
GeoB1041-3,,-3.475,-7.6,4033,South Atlantic,0.53,undetermined,non-spinose,0
GeoB1041-3,,-3.475,-7.6,4033,South Atlantic,0.58,symbiont-barren,non-spinose,0.2191
GeoB1041-3,,-3.475,-7.6,4033,South Atlantic,0.58,symbiont-barren,spinose,0.1308
GeoB1041-3,,-3.475,-7.6,4033,South Atlantic,0.58,symbiont-bearing,non-spinose,0
GeoB1041-3,,-3.475,-7.6,4033,South Atlantic,0.58,symbiont-bearing,spinose,0
GeoB1041-3,,-3.475,-7.6,4033,South Atlantic,0.58,symbiont-facultative,non-spinose,0.4829
GeoB1041-3,,-3.475,-7.6,4033,South Atlantic,0.58,symbiont-facultative,spinose,0
GeoB1041-3,,-3.475,-7.6,4033,South Atlantic,0.58,symbiont-obligate,spinose,0.1673
GeoB1041-3,,-3.475,-7.6,4033,South Atlantic,0.58,undetermined,non-spinose,0
GeoB1101-5,,1.6583,-10.98,4588,North Atlantic,0.33,symbiont-barren,non-spinose,0.1838
GeoB1101-5,,1.6583,-10.98,4588,North Atlantic,0.33,symbiont-barren,spinose,0.0317
GeoB1101-5,,1.6583,-10.98,4588,North Atlantic,0.33,symbiont-bearing,non-spinose,0
GeoB1101-5,,1.6583,-10.98,4588,North Atlantic,0.33,symbiont-bearing,spinose,0
GeoB1101-5,,1.6583,-10.98,4588,North Atlantic,0.33,symbiont-facultative,non-spinose,0.4927
GeoB1101-5,,1.6583,-10.98,4588,North Atlantic,0.33,symbiont-facultative,spinose,0
GeoB1101-5,,1.6583,-10.98,4588,North Atlantic,0.33,symbiont-obligate,spinose,0.292
GeoB1101-5,,1.6583,-10.98,4588,North Atlantic,0.33,undetermined,non-spinose,0
GeoB1101-5,,1.6583,-10.98,4588,North Atlantic,0.38,symbiont-barren,non-spinose,0.1238
GeoB1101-5,,1.6583,-10.98,4588,North Atlantic,0.38,symbiont-barren,spinose,0.0248
GeoB1101-5,,1.6583,-10.98,4588,North Atlantic,0.38,symbiont-bearing,non-spinose,0
GeoB1101-5,,1.6583,-10.98,4588,North Atlantic,0.38,symbiont-bearing,spinose,0.0013
GeoB1101-5,,1.6583,-10.98,4588,North Atlantic,0.38,symbiont-facultative,non-spinose,0.605
GeoB1101-5,,1.6583,-10.98,4588,North Atlantic,0.38,symbiont-facultative,spinose,0
GeoB1101-5,,1.6583,-10.98,4588,North Atlantic,0.38,symbiont-obligate,spinose,0.2308
GeoB1101-5,,1.6583,-10.98,4588,North Atlantic,0.38,undetermined,non-spinose,0.0143
GeoB1105-4,,-1.665,-12.4283,3225,South Atlantic,0.78,symbiont-barren,non-spinose,0.2059
GeoB1105-4,,-1.665,-12.4283,3225,South Atlantic,0.78,symbiont-barren,spinose,0.1917
GeoB1105-4,,-1.665,-12.4283,3225,South Atlantic,0.78,symbiont-bearing,non-spinose,0
GeoB1105-4,,-1.665,-12.4283,3225,South Atlantic,0.78,symbiont-bearing,spinose,0.0326
GeoB1105-4,,-1.665,-12.4283,3225,South Atlantic,0.78,symbiont-facultative,non-spinose,0.3868
GeoB1105-4,,-1.665,-12.4283,3225,South Atlantic,0.78,symbiont-facultative,spinose,0
GeoB1105-4,,-1.665,-12.4283,3225,South Atlantic,0.78,symbiont-obligate,spinose,0.1831
GeoB1105-4,,-1.665,-12.4283,3225,South Atlantic,0.78,undetermined,non-spinose,0
GeoB1105-4,,-1.665,-12.4283,3225,South Atlantic,0.83,symbiont-barren,non-spinose,0.2493
GeoB1105-4,,-1.665,-12.4283,3225,South Atlantic,0.83,symbiont-barren,spinose,0.1551
GeoB1105-4,,-1.665,-12.4283,3225,South Atlantic,0.83,symbiont-bearing,non-spinose,0
GeoB1105-4,,-1.665,-12.4283,3225,South Atlantic,0.83,symbiont-bearing,spinose,0.0036
GeoB1105-4,,-1.665,-12.4283,3225,South Atlantic,0.83,symbiont-facultative,non-spinose,0.3934
GeoB1105-4,,-1.665,-12.4283,3225,South Atlantic,0.83,symbiont-facultative,spinose,0
GeoB1105-4,,-1.665,-12.4283,3225,South Atlantic,0.83,symbiont-obligate,spinose,0.1932
GeoB1105-4,,-1.665,-12.4283,3225,South Atlantic,0.83,undetermined,non-spinose,0
GeoB1105-4,,-1.665,-12.4283,3225,South Atlantic,0.93,symbiont-barren,non-spinose,0.3992
GeoB1105-4,,-1.665,-12.4283,3225,South Atlantic,0.93,symbiont-barren,spinose,0.0991
GeoB1105-4,,-1.665,-12.4283,3225,South Atlantic,0.93,symbiont-bearing,non-spinose,0
GeoB1105-4,,-1.665,-12.4283,3225,South Atlantic,0.93,symbiont-bearing,spinose,0.0101
GeoB1105-4,,-1.665,-12.4283,3225,South Atlantic,0.93,symbiont-facultative,non-spinose,0.3193
GeoB1105-4,,-1.665,-12.4283,3225,South Atlantic,0.93,symbiont-facultative,spinose,0
GeoB1105-4,,-1.665,-12.4283,3225,South Atlantic,0.93,symbiont-obligate,spinose,0.1654
GeoB1105-4,,-1.665,-12.4283,3225,South Atlantic,0.93,undetermined,non-spinose,0
GeoB1105-4,,-1.665,-12.4283,3225,South Atlantic,1.03,symbiont-barren,non-spinose,0.3389
GeoB1105-4,,-1.665,-12.4283,3225,South Atlantic,1.03,symbiont-barren,spinose,0.1171
GeoB1105-4,,-1.665,-12.4283,3225,South Atlantic,1.03,symbiont-bearing,non-spinose,0
GeoB1105-4,,-1.665,-12.4283,3225,South Atlantic,1.03,symbiont-bearing,spinose,0.0075
GeoB1105-4,,-1.665,-12.4283,3225,South Atlantic,1.03,symbiont-facultative,non-spinose,0.3142
GeoB1105-4,,-1.665,-12.4283,3225,South Atlantic,1.03,symbiont-facultative,spinose,0
GeoB1105-4,,-1.665,-12.4283,3225,South Atlantic,1.03,symbiont-obligate,spinose,0.2172
GeoB1105-4,,-1.665,-12.4283,3225,South Atlantic,1.03,undetermined,non-spinose,0
GeoB1112-4,,-5.7783,-10.75,3125,South Atlantic,0.48,symbiont-barren,non-spinose,0.1936
GeoB1112-4,,-5.7783,-10.75,3125,South Atlantic,0.48,symbiont-barren,spinose,0.1492
GeoB1112-4,,-5.7783,-10.75,3125,South Atlantic,0.48,symbiont-bearing,non-spinose,0
GeoB1112-4,,-5.7783,-10.75,3125,South Atlantic,0.48,symbiont-bearing,spinose,0.0099
GeoB1112-4,,-5.7783,-10.75,3125,South Atlantic,0.48,symbiont-facultative,non-spinose,0.3194
GeoB1112-4,,-5.7783,-10.75,3125,South Atlantic,0.48,symbiont-facultative,spinose,0
GeoB1112-4,,-5.7783,-10.75,3125,South Atlantic,0.48,symbiont-obligate,spinose,0.3281
GeoB1112-4,,-5.7783,-10.75,3125,South Atlantic,0.48,undetermined,non-spinose,0
GeoB1112-4,,-5.7783,-10.75,3125,South Atlantic,0.53,symbiont-barren,non-spinose,0.2138
GeoB1112-4,,-5.7783,-10.75,3125,South Atlantic,0.53,symbiont-barren,spinose,0.1428
GeoB1112-4,,-5.7783,-10.75,3125,South Atlantic,0.53,symbiont-bearing,non-spinose,0
GeoB1112-4,,-5.7783,-10.75,3125,South Atlantic,0.53,symbiont-bearing,spinose,0.0136
GeoB1112-4,,-5.7783,-10.75,3125,South Atlantic,0.53,symbiont-facultative,non-spinose,0.2591
GeoB1112-4,,-5.7783,-10.75,3125,South Atlantic,0.53,symbiont-facultative,spinose,0
GeoB1112-4,,-5.7783,-10.75,3125,South Atlantic,0.53,symbiont-obligate,spinose,0.3638
GeoB1112-4,,-5.7783,-10.75,3125,South Atlantic,0.53,undetermined,non-spinose,0
GeoB1112-4,,-5.7783,-10.75,3125,South Atlantic,0.58,symbiont-barren,non-spinose,0.1819
GeoB1112-4,,-5.7783,-10.75,3125,South Atlantic,0.58,symbiont-barren,spinose,0.1408
GeoB1112-4,,-5.7783,-10.75,3125,South Atlantic,0.58,symbiont-bearing,non-spinose,0
GeoB1112-4,,-5.7783,-10.75,3125,South Atlantic,0.58,symbiont-bearing,spinose,0.0015
GeoB1112-4,,-5.7783,-10.75,3125,South Atlantic,0.58,symbiont-facultative,non-spinose,0.3226
GeoB1112-4,,-5.7783,-10.75,3125,South Atlantic,0.58,symbiont-facultative,spinose,0
GeoB1112-4,,-5.7783,-10.75,3125,South Atlantic,0.58,symbiont-obligate,spinose,0.3533
GeoB1112-4,,-5.7783,-10.75,3125,South Atlantic,0.58,undetermined,non-spinose,0
GeoB1115-4,,-3.5583,-12.58,2921,South Atlantic,0.63,symbiont-barren,non-spinose,0.1487
GeoB1115-4,,-3.5583,-12.58,2921,South Atlantic,0.63,symbiont-barren,spinose,0.1853
GeoB1115-4,,-3.5583,-12.58,2921,South Atlantic,0.63,symbiont-bearing,non-spinose,0
GeoB1115-4,,-3.5583,-12.58,2921,South Atlantic,0.63,symbiont-bearing,spinose,0.0123
GeoB1115-4,,-3.5583,-12.58,2921,South Atlantic,0.63,symbiont-facultative,non-spinose,0.3849
GeoB1115-4,,-3.5583,-12.58,2921,South Atlantic,0.63,symbiont-facultative,spinose,0
GeoB1115-4,,-3.5583,-12.58,2921,South Atlantic,0.63,symbiont-obligate,spinose,0.2616
GeoB1115-4,,-3.5583,-12.58,2921,South Atlantic,0.63,undetermined,non-spinose,0.0071
GeoB1115-4,,-3.5583,-12.58,2921,South Atlantic,0.68,symbiont-barren,non-spinose,0.086
GeoB1115-4,,-3.5583,-12.58,2921,South Atlantic,0.68,symbiont-barren,spinose,0.2062
GeoB1115-4,,-3.5583,-12.58,2921,South Atlantic,0.68,symbiont-bearing,non-spinose,0
GeoB1115-4,,-3.5583,-12.58,2921,South Atlantic,0.68,symbiont-bearing,spinose,0.0031
GeoB1115-4,,-3.5583,-12.58,2921,South Atlantic,0.68,symbiont-facultative,non-spinose,0.4166
GeoB1115-4,,-3.5583,-12.58,2921,South Atlantic,0.68,symbiont-facultative,spinose,0
GeoB1115-4,,-3.5583,-12.58,2921,South Atlantic,0.68,symbiont-obligate,spinose,0.287
GeoB1115-4,,-3.5583,-12.58,2921,South Atlantic,0.68,undetermined,non-spinose,0.001
GeoB1117-2,,-3.815,-14.8967,3984,South Atlantic,0.53,symbiont-barren,non-spinose,0.2309
GeoB1117-2,,-3.815,-14.8967,3984,South Atlantic,0.53,symbiont-barren,spinose,0.0812
GeoB1117-2,,-3.815,-14.8967,3984,South Atlantic,0.53,symbiont-bearing,non-spinose,0
GeoB1117-2,,-3.815,-14.8967,3984,South Atlantic,0.53,symbiont-bearing,spinose,0.0127
GeoB1117-2,,-3.815,-14.8967,3984,South Atlantic,0.53,symbiont-facultative,non-spinose,0.2411
GeoB1117-2,,-3.815,-14.8967,3984,South Atlantic,0.53,symbiont-facultative,spinose,0
GeoB1117-2,,-3.815,-14.8967,3984,South Atlantic,0.53,symbiont-obligate,spinose,0.4341
GeoB1117-2,,-3.815,-14.8967,3984,South Atlantic,0.53,undetermined,non-spinose,0
GeoB1117-2,,-3.815,-14.8967,3984,South Atlantic,0.58,symbiont-barren,non-spinose,0.176
GeoB1117-2,,-3.815,-14.8967,3984,South Atlantic,0.58,symbiont-barren,spinose,0.1465
GeoB1117-2,,-3.815,-14.8967,3984,South Atlantic,0.58,symbiont-bearing,non-spinose,0
GeoB1117-2,,-3.815,-14.8967,3984,South Atlantic,0.58,symbiont-bearing,spinose,0.0325
GeoB1117-2,,-3.815,-14.8967,3984,South Atlantic,0.58,symbiont-facultative,non-spinose,0.3876
GeoB1117-2,,-3.815,-14.8967,3984,South Atlantic,0.58,symbiont-facultative,spinose,0
GeoB1117-2,,-3.815,-14.8967,3984,South Atlantic,0.58,symbiont-obligate,spinose,0.2573
GeoB1117-2,,-3.815,-14.8967,3984,South Atlantic,0.58,undetermined,non-spinose,0
GeoB1117-2,,-3.815,-14.8967,3984,South Atlantic,0.63,symbiont-barren,non-spinose,0.2793
GeoB1117-2,,-3.815,-14.8967,3984,South Atlantic,0.63,symbiont-barren,spinose,0.1001
GeoB1117-2,,-3.815,-14.8967,3984,South Atlantic,0.63,symbiont-bearing,non-spinose,0
GeoB1117-2,,-3.815,-14.8967,3984,South Atlantic,0.63,symbiont-bearing,spinose,0.0122
GeoB1117-2,,-3.815,-14.8967,3984,South Atlantic,0.63,symbiont-facultative,non-spinose,0.43
GeoB1117-2,,-3.815,-14.8967,3984,South Atlantic,0.63,symbiont-facultative,spinose,0
GeoB1117-2,,-3.815,-14.8967,3984,South Atlantic,0.63,symbiont-obligate,spinose,0.1784
GeoB1117-2,,-3.815,-14.8967,3984,South Atlantic,0.63,undetermined,non-spinose,0
GeoB1214-1,,-24.69,7.24,3210,South Atlantic,0.23,symbiont-barren,non-spinose,0.3863
GeoB1214-1,,-24.69,7.24,3210,South Atlantic,0.23,symbiont-barren,spinose,0.205
GeoB1214-1,,-24.69,7.24,3210,South Atlantic,0.23,symbiont-bearing,non-spinose,0
GeoB1214-1,,-24.69,7.24,3210,South Atlantic,0.23,symbiont-bearing,spinose,0.0286
GeoB1214-1,,-24.69,7.24,3210,South Atlantic,0.23,symbiont-facultative,non-spinose,0.2517
GeoB1214-1,,-24.69,7.24,3210,South Atlantic,0.23,symbiont-facultative,spinose,0
GeoB1214-1,,-24.69,7.24,3210,South Atlantic,0.23,symbiont-obligate,spinose,0.1229
GeoB1214-1,,-24.69,7.24,3210,South Atlantic,0.23,undetermined,non-spinose,0.0052
GeoB1214-1,,-24.69,7.24,3210,South Atlantic,0.28,symbiont-barren,non-spinose,0.4262
GeoB1214-1,,-24.69,7.24,3210,South Atlantic,0.28,symbiont-barren,spinose,0.2272
GeoB1214-1,,-24.69,7.24,3210,South Atlantic,0.28,symbiont-bearing,non-spinose,0
GeoB1214-1,,-24.69,7.24,3210,South Atlantic,0.28,symbiont-bearing,spinose,0.0225
GeoB1214-1,,-24.69,7.24,3210,South Atlantic,0.28,symbiont-facultative,non-spinose,0.2141
GeoB1214-1,,-24.69,7.24,3210,South Atlantic,0.28,symbiont-facultative,spinose,0
GeoB1214-1,,-24.69,7.24,3210,South Atlantic,0.28,symbiont-obligate,spinose,0.11
GeoB1214-1,,-24.69,7.24,3210,South Atlantic,0.28,undetermined,non-spinose,0
GeoB1220-1,,-24.0333,5.3067,2265,South Atlantic,0.33,symbiont-barren,non-spinose,0.4746
GeoB1220-1,,-24.0333,5.3067,2265,South Atlantic,0.33,symbiont-barren,spinose,0.17
GeoB1220-1,,-24.0333,5.3067,2265,South Atlantic,0.33,symbiont-bearing,non-spinose,0
GeoB1220-1,,-24.0333,5.3067,2265,South Atlantic,0.33,symbiont-bearing,spinose,0.016
GeoB1220-1,,-24.0333,5.3067,2265,South Atlantic,0.33,symbiont-facultative,non-spinose,0.176
GeoB1220-1,,-24.0333,5.3067,2265,South Atlantic,0.33,symbiont-facultative,spinose,0.008
GeoB1220-1,,-24.0333,5.3067,2265,South Atlantic,0.33,symbiont-obligate,spinose,0.1553
GeoB1220-1,,-24.0333,5.3067,2265,South Atlantic,0.33,undetermined,non-spinose,0
GeoB1220-1,,-24.0333,5.3067,2265,South Atlantic,0.38,symbiont-barren,non-spinose,0.418
GeoB1220-1,,-24.0333,5.3067,2265,South Atlantic,0.38,symbiont-barren,spinose,0.1834
GeoB1220-1,,-24.0333,5.3067,2265,South Atlantic,0.38,symbiont-bearing,non-spinose,0
GeoB1220-1,,-24.0333,5.3067,2265,South Atlantic,0.38,symbiont-bearing,spinose,0.0426
GeoB1220-1,,-24.0333,5.3067,2265,South Atlantic,0.38,symbiont-facultative,non-spinose,0.2079
GeoB1220-1,,-24.0333,5.3067,2265,South Atlantic,0.38,symbiont-facultative,spinose,0
GeoB1220-1,,-24.0333,5.3067,2265,South Atlantic,0.38,symbiont-obligate,spinose,0.148
GeoB1220-1,,-24.0333,5.3067,2265,South Atlantic,0.38,undetermined,non-spinose,0
GeoB12615-4,,-7.138333,39.840833,446,Indian,,symbiont-barren,non-spinose,0.20079575596817
GeoB12615-4,,-7.138333,39.840833,446,Indian,,symbiont-barren,spinose,0.150397877984085
GeoB12615-4,,-7.138333,39.840833,446,Indian,,symbiont-bearing,non-spinose,0.00610079575596817
GeoB12615-4,,-7.138333,39.840833,446,Indian,,symbiont-bearing,spinose,0.115915119363395
GeoB12615-4,,-7.138333,39.840833,446,Indian,,symbiont-facultative,non-spinose,0.50132625994695
GeoB12615-4,,-7.138333,39.840833,446,Indian,,symbiont-facultative,spinose,0.0026525198938992
GeoB12615-4,,-7.138333,39.840833,446,Indian,,symbiont-obligate,spinose,0.943501326259947
GeoB12615-4,,-7.138333,39.840833,446,Indian,,undetermined,non-spinose,0.0793103448275862
GeoB1306-1,,-35.2067,-26.765,4057,South Atlantic,0.19,symbiont-barren,non-spinose,0.6595
GeoB1306-1,,-35.2067,-26.765,4057,South Atlantic,0.19,symbiont-barren,spinose,0.1402
GeoB1306-1,,-35.2067,-26.765,4057,South Atlantic,0.19,symbiont-bearing,non-spinose,0
GeoB1306-1,,-35.2067,-26.765,4057,South Atlantic,0.19,symbiont-bearing,spinose,0
GeoB1306-1,,-35.2067,-26.765,4057,South Atlantic,0.19,symbiont-facultative,non-spinose,0.145
GeoB1306-1,,-35.2067,-26.765,4057,South Atlantic,0.19,symbiont-facultative,spinose,0
GeoB1306-1,,-35.2067,-26.765,4057,South Atlantic,0.19,symbiont-obligate,spinose,0.0514
GeoB1306-1,,-35.2067,-26.765,4057,South Atlantic,0.19,undetermined,non-spinose,0.0041
GeoB1309-2,,-31.6667,-28.6667,3963,South Atlantic,0.18,symbiont-barren,non-spinose,0.3537
GeoB1309-2,,-31.6667,-28.6667,3963,South Atlantic,0.18,symbiont-barren,spinose,0.0526
GeoB1309-2,,-31.6667,-28.6667,3963,South Atlantic,0.18,symbiont-bearing,non-spinose,0
GeoB1309-2,,-31.6667,-28.6667,3963,South Atlantic,0.18,symbiont-bearing,spinose,0.0274
GeoB1309-2,,-31.6667,-28.6667,3963,South Atlantic,0.18,symbiont-facultative,non-spinose,0.1522
GeoB1309-2,,-31.6667,-28.6667,3963,South Atlantic,0.18,symbiont-facultative,spinose,0
GeoB1309-2,,-31.6667,-28.6667,3963,South Atlantic,0.18,symbiont-obligate,spinose,0.4142
GeoB1309-2,,-31.6667,-28.6667,3963,South Atlantic,0.18,undetermined,non-spinose,0
GeoB1312-2,,-31.6617,-29.6567,3436,South Atlantic,0.13,symbiont-barren,non-spinose,0.2995
GeoB1312-2,,-31.6617,-29.6567,3436,South Atlantic,0.13,symbiont-barren,spinose,0.0063
GeoB1312-2,,-31.6617,-29.6567,3436,South Atlantic,0.13,symbiont-bearing,non-spinose,0
GeoB1312-2,,-31.6617,-29.6567,3436,South Atlantic,0.13,symbiont-bearing,spinose,0.0257
GeoB1312-2,,-31.6617,-29.6567,3436,South Atlantic,0.13,symbiont-facultative,non-spinose,0.1653
GeoB1312-2,,-31.6617,-29.6567,3436,South Atlantic,0.13,symbiont-facultative,spinose,0
GeoB1312-2,,-31.6617,-29.6567,3436,South Atlantic,0.13,symbiont-obligate,spinose,0.5032
GeoB1312-2,,-31.6617,-29.6567,3436,South Atlantic,0.13,undetermined,non-spinose,0
GeoB1413-4,,-15.68,-9.455,3789,South Atlantic,0.19,symbiont-barren,non-spinose,0.1654
GeoB1413-4,,-15.68,-9.455,3789,South Atlantic,0.19,symbiont-barren,spinose,0.1054
GeoB1413-4,,-15.68,-9.455,3789,South Atlantic,0.19,symbiont-bearing,non-spinose,0
GeoB1413-4,,-15.68,-9.455,3789,South Atlantic,0.19,symbiont-bearing,spinose,0.0394
GeoB1413-4,,-15.68,-9.455,3789,South Atlantic,0.19,symbiont-facultative,non-spinose,0.2865
GeoB1413-4,,-15.68,-9.455,3789,South Atlantic,0.19,symbiont-facultative,spinose,0
GeoB1413-4,,-15.68,-9.455,3789,South Atlantic,0.19,symbiont-obligate,spinose,0.4035
GeoB1413-4,,-15.68,-9.455,3789,South Atlantic,0.19,undetermined,non-spinose,0
GeoB1413-4,,-15.68,-9.455,3789,South Atlantic,0.23,symbiont-barren,non-spinose,0.1993
GeoB1413-4,,-15.68,-9.455,3789,South Atlantic,0.23,symbiont-barren,spinose,0.1069
GeoB1413-4,,-15.68,-9.455,3789,South Atlantic,0.23,symbiont-bearing,non-spinose,0
GeoB1413-4,,-15.68,-9.455,3789,South Atlantic,0.23,symbiont-bearing,spinose,0.0403
GeoB1413-4,,-15.68,-9.455,3789,South Atlantic,0.23,symbiont-facultative,non-spinose,0.2553
GeoB1413-4,,-15.68,-9.455,3789,South Atlantic,0.23,symbiont-facultative,spinose,0
GeoB1413-4,,-15.68,-9.455,3789,South Atlantic,0.23,symbiont-obligate,spinose,0.3981
GeoB1413-4,,-15.68,-9.455,3789,South Atlantic,0.23,undetermined,non-spinose,0
GeoB1417-1,,-20.3667,-12.7067,2845,South Atlantic,0.33,symbiont-barren,non-spinose,0.1663
GeoB1417-1,,-20.3667,-12.7067,2845,South Atlantic,0.33,symbiont-barren,spinose,0.1897
GeoB1417-1,,-20.3667,-12.7067,2845,South Atlantic,0.33,symbiont-bearing,non-spinose,0
GeoB1417-1,,-20.3667,-12.7067,2845,South Atlantic,0.33,symbiont-bearing,spinose,0.0806
GeoB1417-1,,-20.3667,-12.7067,2845,South Atlantic,0.33,symbiont-facultative,non-spinose,0.1756
GeoB1417-1,,-20.3667,-12.7067,2845,South Atlantic,0.33,symbiont-facultative,spinose,0
GeoB1417-1,,-20.3667,-12.7067,2845,South Atlantic,0.33,symbiont-obligate,spinose,0.3814
GeoB1417-1,,-20.3667,-12.7067,2845,South Atlantic,0.33,undetermined,non-spinose,0.0064
GeoB1417-1,,-20.3667,-12.7067,2845,South Atlantic,0.38,symbiont-barren,non-spinose,0.1133
GeoB1417-1,,-20.3667,-12.7067,2845,South Atlantic,0.38,symbiont-barren,spinose,0.1768
GeoB1417-1,,-20.3667,-12.7067,2845,South Atlantic,0.38,symbiont-bearing,non-spinose,0
GeoB1417-1,,-20.3667,-12.7067,2845,South Atlantic,0.38,symbiont-bearing,spinose,0.0643
GeoB1417-1,,-20.3667,-12.7067,2845,South Atlantic,0.38,symbiont-facultative,non-spinose,0.2242
GeoB1417-1,,-20.3667,-12.7067,2845,South Atlantic,0.38,symbiont-facultative,spinose,0.0035
GeoB1417-1,,-20.3667,-12.7067,2845,South Atlantic,0.38,symbiont-obligate,spinose,0.414
GeoB1417-1,,-20.3667,-12.7067,2845,South Atlantic,0.38,undetermined,non-spinose,0.0035
GeoB1419-2,,-15.5367,-17.0683,4024,South Atlantic,0.23,symbiont-barren,non-spinose,0.0564
GeoB1419-2,,-15.5367,-17.0683,4024,South Atlantic,0.23,symbiont-barren,spinose,0.1445
GeoB1419-2,,-15.5367,-17.0683,4024,South Atlantic,0.23,symbiont-bearing,non-spinose,0
GeoB1419-2,,-15.5367,-17.0683,4024,South Atlantic,0.23,symbiont-bearing,spinose,0.0778
GeoB1419-2,,-15.5367,-17.0683,4024,South Atlantic,0.23,symbiont-facultative,non-spinose,0.157
GeoB1419-2,,-15.5367,-17.0683,4024,South Atlantic,0.23,symbiont-facultative,spinose,0
GeoB1419-2,,-15.5367,-17.0683,4024,South Atlantic,0.23,symbiont-obligate,spinose,0.5612
GeoB1419-2,,-15.5367,-17.0683,4024,South Atlantic,0.23,undetermined,non-spinose,0.0029
GeoB1501-4,,-3.6783,-32.0067,4257,South Atlantic,0.33,symbiont-barren,non-spinose,0.2031
GeoB1501-4,,-3.6783,-32.0067,4257,South Atlantic,0.33,symbiont-barren,spinose,0.0157
GeoB1501-4,,-3.6783,-32.0067,4257,South Atlantic,0.33,symbiont-bearing,non-spinose,0
GeoB1501-4,,-3.6783,-32.0067,4257,South Atlantic,0.33,symbiont-bearing,spinose,0
GeoB1501-4,,-3.6783,-32.0067,4257,South Atlantic,0.33,symbiont-facultative,non-spinose,0.1669
GeoB1501-4,,-3.6783,-32.0067,4257,South Atlantic,0.33,symbiont-facultative,spinose,0
GeoB1501-4,,-3.6783,-32.0067,4257,South Atlantic,0.33,symbiont-obligate,spinose,0.6063
GeoB1501-4,,-3.6783,-32.0067,4257,South Atlantic,0.33,undetermined,non-spinose,0.0079
GeoB1501-4,,-3.6783,-32.0067,4257,South Atlantic,0.38,symbiont-barren,non-spinose,0.1538
GeoB1501-4,,-3.6783,-32.0067,4257,South Atlantic,0.38,symbiont-barren,spinose,0.0181
GeoB1501-4,,-3.6783,-32.0067,4257,South Atlantic,0.38,symbiont-bearing,non-spinose,0
GeoB1501-4,,-3.6783,-32.0067,4257,South Atlantic,0.38,symbiont-bearing,spinose,0
GeoB1501-4,,-3.6783,-32.0067,4257,South Atlantic,0.38,symbiont-facultative,non-spinose,0.1556
GeoB1501-4,,-3.6783,-32.0067,4257,South Atlantic,0.38,symbiont-facultative,spinose,0.0017
GeoB1501-4,,-3.6783,-32.0067,4257,South Atlantic,0.38,symbiont-obligate,spinose,0.6674
GeoB1501-4,,-3.6783,-32.0067,4257,South Atlantic,0.38,undetermined,non-spinose,0.0035
GeoB1503-1,,2.3117,-30.6467,2306,North Atlantic,0.28,symbiont-barren,non-spinose,0.1748
GeoB1503-1,,2.3117,-30.6467,2306,North Atlantic,0.28,symbiont-barren,spinose,0.0572
GeoB1503-1,,2.3117,-30.6467,2306,North Atlantic,0.28,symbiont-bearing,non-spinose,0
GeoB1503-1,,2.3117,-30.6467,2306,North Atlantic,0.28,symbiont-bearing,spinose,0.0501
GeoB1503-1,,2.3117,-30.6467,2306,North Atlantic,0.28,symbiont-facultative,non-spinose,0.3317
GeoB1503-1,,2.3117,-30.6467,2306,North Atlantic,0.28,symbiont-facultative,spinose,0
GeoB1503-1,,2.3117,-30.6467,2306,North Atlantic,0.28,symbiont-obligate,spinose,0.3864
GeoB1503-1,,2.3117,-30.6467,2306,North Atlantic,0.28,undetermined,non-spinose,0
GeoB1503-1,,2.3117,-30.6467,2306,North Atlantic,0.33,symbiont-barren,non-spinose,0.1946
GeoB1503-1,,2.3117,-30.6467,2306,North Atlantic,0.33,symbiont-barren,spinose,0.0823
GeoB1503-1,,2.3117,-30.6467,2306,North Atlantic,0.33,symbiont-bearing,non-spinose,0
GeoB1503-1,,2.3117,-30.6467,2306,North Atlantic,0.33,symbiont-bearing,spinose,0.0533
GeoB1503-1,,2.3117,-30.6467,2306,North Atlantic,0.33,symbiont-facultative,non-spinose,0.2836
GeoB1503-1,,2.3117,-30.6467,2306,North Atlantic,0.33,symbiont-facultative,spinose,0
GeoB1503-1,,2.3117,-30.6467,2306,North Atlantic,0.33,symbiont-obligate,spinose,0.3863
GeoB1503-1,,2.3117,-30.6467,2306,North Atlantic,0.33,undetermined,non-spinose,0
GeoB1505-1,,2.27,-33.01,3705,North Atlantic,0.48,symbiont-barren,non-spinose,0.1919
GeoB1505-1,,2.27,-33.01,3705,North Atlantic,0.48,symbiont-barren,spinose,0.0425
GeoB1505-1,,2.27,-33.01,3705,North Atlantic,0.48,symbiont-bearing,non-spinose,0
GeoB1505-1,,2.27,-33.01,3705,North Atlantic,0.48,symbiont-bearing,spinose,0.0139
GeoB1505-1,,2.27,-33.01,3705,North Atlantic,0.48,symbiont-facultative,non-spinose,0.2592
GeoB1505-1,,2.27,-33.01,3705,North Atlantic,0.48,symbiont-facultative,spinose,0
GeoB1505-1,,2.27,-33.01,3705,North Atlantic,0.48,symbiont-obligate,spinose,0.491
GeoB1505-1,,2.27,-33.01,3705,North Atlantic,0.48,undetermined,non-spinose,0.0017
GeoB1505-1,,2.27,-33.01,3705,North Atlantic,0.53,symbiont-barren,non-spinose,0.1984
GeoB1505-1,,2.27,-33.01,3705,North Atlantic,0.53,symbiont-barren,spinose,0.0295
GeoB1505-1,,2.27,-33.01,3705,North Atlantic,0.53,symbiont-bearing,non-spinose,0
GeoB1505-1,,2.27,-33.01,3705,North Atlantic,0.53,symbiont-bearing,spinose,0.0024
GeoB1505-1,,2.27,-33.01,3705,North Atlantic,0.53,symbiont-facultative,non-spinose,0.2409
GeoB1505-1,,2.27,-33.01,3705,North Atlantic,0.53,symbiont-facultative,spinose,0
GeoB1505-1,,2.27,-33.01,3705,North Atlantic,0.53,symbiont-obligate,spinose,0.5289
GeoB1505-1,,2.27,-33.01,3705,North Atlantic,0.53,undetermined,non-spinose,0
GeoB1508-4,,5.3333,-34.025,3682,North Atlantic,0.28,symbiont-barren,non-spinose,0.0902
GeoB1508-4,,5.3333,-34.025,3682,North Atlantic,0.28,symbiont-barren,spinose,0.003
GeoB1508-4,,5.3333,-34.025,3682,North Atlantic,0.28,symbiont-bearing,non-spinose,0
GeoB1508-4,,5.3333,-34.025,3682,North Atlantic,0.28,symbiont-bearing,spinose,0.0178
GeoB1508-4,,5.3333,-34.025,3682,North Atlantic,0.28,symbiont-facultative,non-spinose,0.1723
GeoB1508-4,,5.3333,-34.025,3682,North Atlantic,0.28,symbiont-facultative,spinose,0
GeoB1508-4,,5.3333,-34.025,3682,North Atlantic,0.28,symbiont-obligate,spinose,0.7169
GeoB1508-4,,5.3333,-34.025,3682,North Atlantic,0.28,undetermined,non-spinose,0
GeoB1515-1,,4.2383,-43.6667,3129,North Atlantic,0.48,symbiont-barren,non-spinose,0.1223
GeoB1515-1,,4.2383,-43.6667,3129,North Atlantic,0.48,symbiont-barren,spinose,0.013
GeoB1515-1,,4.2383,-43.6667,3129,North Atlantic,0.48,symbiont-bearing,non-spinose,0
GeoB1515-1,,4.2383,-43.6667,3129,North Atlantic,0.48,symbiont-bearing,spinose,0.0174
GeoB1515-1,,4.2383,-43.6667,3129,North Atlantic,0.48,symbiont-facultative,non-spinose,0.1686
GeoB1515-1,,4.2383,-43.6667,3129,North Atlantic,0.48,symbiont-facultative,spinose,0
GeoB1515-1,,4.2383,-43.6667,3129,North Atlantic,0.48,symbiont-obligate,spinose,0.6787
GeoB1515-1,,4.2383,-43.6667,3129,North Atlantic,0.48,undetermined,non-spinose,0
GeoB1515-1,,4.2383,-43.6667,3129,North Atlantic,0.53,symbiont-barren,non-spinose,0.1299
GeoB1515-1,,4.2383,-43.6667,3129,North Atlantic,0.53,symbiont-barren,spinose,0.0095
GeoB1515-1,,4.2383,-43.6667,3129,North Atlantic,0.53,symbiont-bearing,non-spinose,0
GeoB1515-1,,4.2383,-43.6667,3129,North Atlantic,0.53,symbiont-bearing,spinose,0.0142
GeoB1515-1,,4.2383,-43.6667,3129,North Atlantic,0.53,symbiont-facultative,non-spinose,0.1527
GeoB1515-1,,4.2383,-43.6667,3129,North Atlantic,0.53,symbiont-facultative,spinose,0
GeoB1515-1,,4.2383,-43.6667,3129,North Atlantic,0.53,symbiont-obligate,spinose,0.6867
GeoB1515-1,,4.2383,-43.6667,3129,North Atlantic,0.53,undetermined,non-spinose,0.0071
GeoB1515-1,,4.2383,-43.6667,3129,North Atlantic,0.63,symbiont-barren,non-spinose,0.1162
GeoB1515-1,,4.2383,-43.6667,3129,North Atlantic,0.63,symbiont-barren,spinose,0.0182
GeoB1515-1,,4.2383,-43.6667,3129,North Atlantic,0.63,symbiont-bearing,non-spinose,0
GeoB1515-1,,4.2383,-43.6667,3129,North Atlantic,0.63,symbiont-bearing,spinose,0.0093
GeoB1515-1,,4.2383,-43.6667,3129,North Atlantic,0.63,symbiont-facultative,non-spinose,0.1251
GeoB1515-1,,4.2383,-43.6667,3129,North Atlantic,0.63,symbiont-facultative,spinose,0
GeoB1515-1,,4.2383,-43.6667,3129,North Atlantic,0.63,symbiont-obligate,spinose,0.7304
GeoB1515-1,,4.2383,-43.6667,3129,North Atlantic,0.63,undetermined,non-spinose,0.001
GeoB1523-1,,3.8317,-41.6217,3292,North Atlantic,0.38,symbiont-barren,non-spinose,0.1445
GeoB1523-1,,3.8317,-41.6217,3292,North Atlantic,0.38,symbiont-barren,spinose,0.0048
GeoB1523-1,,3.8317,-41.6217,3292,North Atlantic,0.38,symbiont-bearing,non-spinose,0
GeoB1523-1,,3.8317,-41.6217,3292,North Atlantic,0.38,symbiont-bearing,spinose,0.0191
GeoB1523-1,,3.8317,-41.6217,3292,North Atlantic,0.38,symbiont-facultative,non-spinose,0.1527
GeoB1523-1,,3.8317,-41.6217,3292,North Atlantic,0.38,symbiont-facultative,spinose,0
GeoB1523-1,,3.8317,-41.6217,3292,North Atlantic,0.38,symbiont-obligate,spinose,0.679
GeoB1523-1,,3.8317,-41.6217,3292,North Atlantic,0.38,undetermined,non-spinose,0
GeoB1523-1,,3.8317,-41.6217,3292,North Atlantic,0.43,symbiont-barren,non-spinose,0.1267
GeoB1523-1,,3.8317,-41.6217,3292,North Atlantic,0.43,symbiont-barren,spinose,0.0139
GeoB1523-1,,3.8317,-41.6217,3292,North Atlantic,0.43,symbiont-bearing,non-spinose,0
GeoB1523-1,,3.8317,-41.6217,3292,North Atlantic,0.43,symbiont-bearing,spinose,0.0124
GeoB1523-1,,3.8317,-41.6217,3292,North Atlantic,0.43,symbiont-facultative,non-spinose,0.1575
GeoB1523-1,,3.8317,-41.6217,3292,North Atlantic,0.43,symbiont-facultative,spinose,0
GeoB1523-1,,3.8317,-41.6217,3292,North Atlantic,0.43,symbiont-obligate,spinose,0.6895
GeoB1523-1,,3.8317,-41.6217,3292,North Atlantic,0.43,undetermined,non-spinose,0
GeoB16224-1,,6.656333,-52.083167,2510,North Atlantic,,symbiont-barren,non-spinose,0.327087831719719
GeoB16224-1,,6.656333,-52.083167,2510,North Atlantic,,symbiont-barren,spinose,0.184814028000279
GeoB16224-1,,6.656333,-52.083167,2510,North Atlantic,,symbiont-bearing,non-spinose,0
GeoB16224-1,,6.656333,-52.083167,2510,North Atlantic,,symbiont-bearing,spinose,0.0485738664066309
GeoB16224-1,,6.656333,-52.083167,2510,North Atlantic,,symbiont-facultative,non-spinose,0.440473288291426
GeoB16224-1,,6.656333,-52.083167,2510,North Atlantic,,symbiont-facultative,spinose,0
GeoB16224-1,,6.656333,-52.083167,2510,North Atlantic,,symbiont-obligate,spinose,0.991397924357456
GeoB16224-1,,6.656333,-52.083167,2510,North Atlantic,,undetermined,non-spinose,0.0076530612244898
GeoB1701-4,,1.95,3.5517,4162,North Atlantic,0.98,symbiont-barren,non-spinose,0.1057
GeoB1701-4,,1.95,3.5517,4162,North Atlantic,0.98,symbiont-barren,spinose,0.0299
GeoB1701-4,,1.95,3.5517,4162,North Atlantic,0.98,symbiont-bearing,non-spinose,0
GeoB1701-4,,1.95,3.5517,4162,North Atlantic,0.98,symbiont-bearing,spinose,0.0088
GeoB1701-4,,1.95,3.5517,4162,North Atlantic,0.98,symbiont-facultative,non-spinose,0.4845
GeoB1701-4,,1.95,3.5517,4162,North Atlantic,0.98,symbiont-facultative,spinose,0.0018
GeoB1701-4,,1.95,3.5517,4162,North Atlantic,0.98,symbiont-obligate,spinose,0.3586
GeoB1701-4,,1.95,3.5517,4162,North Atlantic,0.98,undetermined,non-spinose,0.0106
GeoB1701-4,,1.95,3.5517,4162,North Atlantic,1.03,symbiont-barren,non-spinose,0.0679
GeoB1701-4,,1.95,3.5517,4162,North Atlantic,1.03,symbiont-barren,spinose,0.0342
GeoB1701-4,,1.95,3.5517,4162,North Atlantic,1.03,symbiont-bearing,non-spinose,0
GeoB1701-4,,1.95,3.5517,4162,North Atlantic,1.03,symbiont-bearing,spinose,0.0233
GeoB1701-4,,1.95,3.5517,4162,North Atlantic,1.03,symbiont-facultative,non-spinose,0.4329
GeoB1701-4,,1.95,3.5517,4162,North Atlantic,1.03,symbiont-facultative,spinose,0
GeoB1701-4,,1.95,3.5517,4162,North Atlantic,1.03,symbiont-obligate,spinose,0.4387
GeoB1701-4,,1.95,3.5517,4162,North Atlantic,1.03,undetermined,non-spinose,0.0032
GeoB1701-4,,1.95,3.5517,4162,North Atlantic,1.08,symbiont-barren,non-spinose,0.0715
GeoB1701-4,,1.95,3.5517,4162,North Atlantic,1.08,symbiont-barren,spinose,0.0461
GeoB1701-4,,1.95,3.5517,4162,North Atlantic,1.08,symbiont-bearing,non-spinose,0
GeoB1701-4,,1.95,3.5517,4162,North Atlantic,1.08,symbiont-bearing,spinose,0.0188
GeoB1701-4,,1.95,3.5517,4162,North Atlantic,1.08,symbiont-facultative,non-spinose,0.4412
GeoB1701-4,,1.95,3.5517,4162,North Atlantic,1.08,symbiont-facultative,spinose,0
GeoB1701-4,,1.95,3.5517,4162,North Atlantic,1.08,symbiont-obligate,spinose,0.415
GeoB1701-4,,1.95,3.5517,4162,North Atlantic,1.08,undetermined,non-spinose,0.0075
GeoB1701-4,,1.95,3.5517,4162,North Atlantic,1.13,symbiont-barren,non-spinose,0.1861
GeoB1701-4,,1.95,3.5517,4162,North Atlantic,1.13,symbiont-barren,spinose,0.0193
GeoB1701-4,,1.95,3.5517,4162,North Atlantic,1.13,symbiont-bearing,non-spinose,0
GeoB1701-4,,1.95,3.5517,4162,North Atlantic,1.13,symbiont-bearing,spinose,0.0281
GeoB1701-4,,1.95,3.5517,4162,North Atlantic,1.13,symbiont-facultative,non-spinose,0.403
GeoB1701-4,,1.95,3.5517,4162,North Atlantic,1.13,symbiont-facultative,spinose,0
GeoB1701-4,,1.95,3.5517,4162,North Atlantic,1.13,symbiont-obligate,spinose,0.3635
GeoB1701-4,,1.95,3.5517,4162,North Atlantic,1.13,undetermined,non-spinose,0
GeoB1701-4,,1.95,3.5517,4162,North Atlantic,1.18,symbiont-barren,non-spinose,0.2457
GeoB1701-4,,1.95,3.5517,4162,North Atlantic,1.18,symbiont-barren,spinose,0.0438
GeoB1701-4,,1.95,3.5517,4162,North Atlantic,1.18,symbiont-bearing,non-spinose,0
GeoB1701-4,,1.95,3.5517,4162,North Atlantic,1.18,symbiont-bearing,spinose,0.0097
GeoB1701-4,,1.95,3.5517,4162,North Atlantic,1.18,symbiont-facultative,non-spinose,0.3772
GeoB1701-4,,1.95,3.5517,4162,North Atlantic,1.18,symbiont-facultative,spinose,0.0024
GeoB1701-4,,1.95,3.5517,4162,North Atlantic,1.18,symbiont-obligate,spinose,0.3212
GeoB1701-4,,1.95,3.5517,4162,North Atlantic,1.18,undetermined,non-spinose,0
GeoB1706-2,,-19.5617,11.175,980,South Atlantic,1.23,symbiont-barren,non-spinose,0.6151
GeoB1706-2,,-19.5617,11.175,980,South Atlantic,1.23,symbiont-barren,spinose,0.2217
GeoB1706-2,,-19.5617,11.175,980,South Atlantic,1.23,symbiont-bearing,non-spinose,0
GeoB1706-2,,-19.5617,11.175,980,South Atlantic,1.23,symbiont-bearing,spinose,0.0209
GeoB1706-2,,-19.5617,11.175,980,South Atlantic,1.23,symbiont-facultative,non-spinose,0.113
GeoB1706-2,,-19.5617,11.175,980,South Atlantic,1.23,symbiont-facultative,spinose,0
GeoB1706-2,,-19.5617,11.175,980,South Atlantic,1.23,symbiont-obligate,spinose,0.021
GeoB1706-2,,-19.5617,11.175,980,South Atlantic,1.23,undetermined,non-spinose,0
GeoB1706-2,,-19.5617,11.175,980,South Atlantic,1.28,symbiont-barren,non-spinose,0.801
GeoB1706-2,,-19.5617,11.175,980,South Atlantic,1.28,symbiont-barren,spinose,0.1104
GeoB1706-2,,-19.5617,11.175,980,South Atlantic,1.28,symbiont-bearing,non-spinose,0
GeoB1706-2,,-19.5617,11.175,980,South Atlantic,1.28,symbiont-bearing,spinose,0.0221
GeoB1706-2,,-19.5617,11.175,980,South Atlantic,1.28,symbiont-facultative,non-spinose,0.0442
GeoB1706-2,,-19.5617,11.175,980,South Atlantic,1.28,symbiont-facultative,spinose,0
GeoB1706-2,,-19.5617,11.175,980,South Atlantic,1.28,symbiont-obligate,spinose,0.022
GeoB1706-2,,-19.5617,11.175,980,South Atlantic,1.28,undetermined,non-spinose,0
GeoB1706-2,,-19.5617,11.175,980,South Atlantic,1.33,symbiont-barren,non-spinose,0.8135
GeoB1706-2,,-19.5617,11.175,980,South Atlantic,1.33,symbiont-barren,spinose,0.1314
GeoB1706-2,,-19.5617,11.175,980,South Atlantic,1.33,symbiont-bearing,non-spinose,0
GeoB1706-2,,-19.5617,11.175,980,South Atlantic,1.33,symbiont-bearing,spinose,0
GeoB1706-2,,-19.5617,11.175,980,South Atlantic,1.33,symbiont-facultative,non-spinose,0.0423
GeoB1706-2,,-19.5617,11.175,980,South Atlantic,1.33,symbiont-facultative,spinose,0
GeoB1706-2,,-19.5617,11.175,980,South Atlantic,1.33,symbiont-obligate,spinose,0.0085
GeoB1706-2,,-19.5617,11.175,980,South Atlantic,1.33,undetermined,non-spinose,0
GeoB1706-2,,-19.5617,11.175,980,South Atlantic,1.38,symbiont-barren,non-spinose,0.8129
GeoB1706-2,,-19.5617,11.175,980,South Atlantic,1.38,symbiont-barren,spinose,0.0886
GeoB1706-2,,-19.5617,11.175,980,South Atlantic,1.38,symbiont-bearing,non-spinose,0
GeoB1706-2,,-19.5617,11.175,980,South Atlantic,1.38,symbiont-bearing,spinose,0.0148
GeoB1706-2,,-19.5617,11.175,980,South Atlantic,1.38,symbiont-facultative,non-spinose,0.0542
GeoB1706-2,,-19.5617,11.175,980,South Atlantic,1.38,symbiont-facultative,spinose,0
GeoB1706-2,,-19.5617,11.175,980,South Atlantic,1.38,symbiont-obligate,spinose,0.0197
GeoB1706-2,,-19.5617,11.175,980,South Atlantic,1.38,undetermined,non-spinose,0
GeoB1711-4,,-23.315,12.3767,1967,South Atlantic,1.73,symbiont-barren,non-spinose,0.823
GeoB1711-4,,-23.315,12.3767,1967,South Atlantic,1.73,symbiont-barren,spinose,0.122
GeoB1711-4,,-23.315,12.3767,1967,South Atlantic,1.73,symbiont-bearing,non-spinose,0
GeoB1711-4,,-23.315,12.3767,1967,South Atlantic,1.73,symbiont-bearing,spinose,0
GeoB1711-4,,-23.315,12.3767,1967,South Atlantic,1.73,symbiont-facultative,non-spinose,0.052
GeoB1711-4,,-23.315,12.3767,1967,South Atlantic,1.73,symbiont-facultative,spinose,0
GeoB1711-4,,-23.315,12.3767,1967,South Atlantic,1.73,symbiont-obligate,spinose,0.003
GeoB1711-4,,-23.315,12.3767,1967,South Atlantic,1.73,undetermined,non-spinose,0
GeoB1711-4,,-23.315,12.3767,1967,South Atlantic,1.78,symbiont-barren,non-spinose,0.738
GeoB1711-4,,-23.315,12.3767,1967,South Atlantic,1.78,symbiont-barren,spinose,0.184
GeoB1711-4,,-23.315,12.3767,1967,South Atlantic,1.78,symbiont-bearing,non-spinose,0
GeoB1711-4,,-23.315,12.3767,1967,South Atlantic,1.78,symbiont-bearing,spinose,0
GeoB1711-4,,-23.315,12.3767,1967,South Atlantic,1.78,symbiont-facultative,non-spinose,0.079
GeoB1711-4,,-23.315,12.3767,1967,South Atlantic,1.78,symbiont-facultative,spinose,0
GeoB1711-4,,-23.315,12.3767,1967,South Atlantic,1.78,symbiont-obligate,spinose,0
GeoB1711-4,,-23.315,12.3767,1967,South Atlantic,1.78,undetermined,non-spinose,0
GeoB1711-4,,-23.315,12.3767,1967,South Atlantic,1.83,symbiont-barren,non-spinose,0.813
GeoB1711-4,,-23.315,12.3767,1967,South Atlantic,1.83,symbiont-barren,spinose,0.127
GeoB1711-4,,-23.315,12.3767,1967,South Atlantic,1.83,symbiont-bearing,non-spinose,0
GeoB1711-4,,-23.315,12.3767,1967,South Atlantic,1.83,symbiont-bearing,spinose,0
GeoB1711-4,,-23.315,12.3767,1967,South Atlantic,1.83,symbiont-facultative,non-spinose,0.062
GeoB1711-4,,-23.315,12.3767,1967,South Atlantic,1.83,symbiont-facultative,spinose,0
GeoB1711-4,,-23.315,12.3767,1967,South Atlantic,1.83,symbiont-obligate,spinose,0
GeoB1711-4,,-23.315,12.3767,1967,South Atlantic,1.83,undetermined,non-spinose,0
GeoB1711-4,,-23.315,12.3767,1967,South Atlantic,1.88,symbiont-barren,non-spinose,0.75
GeoB1711-4,,-23.315,12.3767,1967,South Atlantic,1.88,symbiont-barren,spinose,0.112
GeoB1711-4,,-23.315,12.3767,1967,South Atlantic,1.88,symbiont-bearing,non-spinose,0
GeoB1711-4,,-23.315,12.3767,1967,South Atlantic,1.88,symbiont-bearing,spinose,0
GeoB1711-4,,-23.315,12.3767,1967,South Atlantic,1.88,symbiont-facultative,non-spinose,0.131
GeoB1711-4,,-23.315,12.3767,1967,South Atlantic,1.88,symbiont-facultative,spinose,0
GeoB1711-4,,-23.315,12.3767,1967,South Atlantic,1.88,symbiont-obligate,spinose,0.003
GeoB1711-4,,-23.315,12.3767,1967,South Atlantic,1.88,undetermined,non-spinose,0
GeoB1711-4,,-23.315,12.3767,1967,South Atlantic,1.93,symbiont-barren,non-spinose,0.666
GeoB1711-4,,-23.315,12.3767,1967,South Atlantic,1.93,symbiont-barren,spinose,0.175
GeoB1711-4,,-23.315,12.3767,1967,South Atlantic,1.93,symbiont-bearing,non-spinose,0
GeoB1711-4,,-23.315,12.3767,1967,South Atlantic,1.93,symbiont-bearing,spinose,0
GeoB1711-4,,-23.315,12.3767,1967,South Atlantic,1.93,symbiont-facultative,non-spinose,0.15
GeoB1711-4,,-23.315,12.3767,1967,South Atlantic,1.93,symbiont-facultative,spinose,0
GeoB1711-4,,-23.315,12.3767,1967,South Atlantic,1.93,symbiont-obligate,spinose,0.003
GeoB1711-4,,-23.315,12.3767,1967,South Atlantic,1.93,undetermined,non-spinose,0
GeoB1711-4,,-23.315,12.3767,1967,South Atlantic,1.98,symbiont-barren,non-spinose,0.763
GeoB1711-4,,-23.315,12.3767,1967,South Atlantic,1.98,symbiont-barren,spinose,0.131
GeoB1711-4,,-23.315,12.3767,1967,South Atlantic,1.98,symbiont-bearing,non-spinose,0
GeoB1711-4,,-23.315,12.3767,1967,South Atlantic,1.98,symbiont-bearing,spinose,0
GeoB1711-4,,-23.315,12.3767,1967,South Atlantic,1.98,symbiont-facultative,non-spinose,0.095
GeoB1711-4,,-23.315,12.3767,1967,South Atlantic,1.98,symbiont-facultative,spinose,0
GeoB1711-4,,-23.315,12.3767,1967,South Atlantic,1.98,symbiont-obligate,spinose,0.009
GeoB1711-4,,-23.315,12.3767,1967,South Atlantic,1.98,undetermined,non-spinose,0
GeoB1711-4,,-23.315,12.3767,1967,South Atlantic,2.03,symbiont-barren,non-spinose,0.811
GeoB1711-4,,-23.315,12.3767,1967,South Atlantic,2.03,symbiont-barren,spinose,0.1
GeoB1711-4,,-23.315,12.3767,1967,South Atlantic,2.03,symbiont-bearing,non-spinose,0
GeoB1711-4,,-23.315,12.3767,1967,South Atlantic,2.03,symbiont-bearing,spinose,0
GeoB1711-4,,-23.315,12.3767,1967,South Atlantic,2.03,symbiont-facultative,non-spinose,0.082
GeoB1711-4,,-23.315,12.3767,1967,South Atlantic,2.03,symbiont-facultative,spinose,0
GeoB1711-4,,-23.315,12.3767,1967,South Atlantic,2.03,symbiont-obligate,spinose,0
GeoB1711-4,,-23.315,12.3767,1967,South Atlantic,2.03,undetermined,non-spinose,0
GeoB1711-4,,-23.315,12.3767,1967,South Atlantic,2.08,symbiont-barren,non-spinose,0.823
GeoB1711-4,,-23.315,12.3767,1967,South Atlantic,2.08,symbiont-barren,spinose,0.104
GeoB1711-4,,-23.315,12.3767,1967,South Atlantic,2.08,symbiont-bearing,non-spinose,0
GeoB1711-4,,-23.315,12.3767,1967,South Atlantic,2.08,symbiont-bearing,spinose,0.002
GeoB1711-4,,-23.315,12.3767,1967,South Atlantic,2.08,symbiont-facultative,non-spinose,0.056
GeoB1711-4,,-23.315,12.3767,1967,South Atlantic,2.08,symbiont-facultative,spinose,0
GeoB1711-4,,-23.315,12.3767,1967,South Atlantic,2.08,symbiont-obligate,spinose,0.002
GeoB1711-4,,-23.315,12.3767,1967,South Atlantic,2.08,undetermined,non-spinose,0
GeoB1711-4,,-23.315,12.3767,1967,South Atlantic,2.13,symbiont-barren,non-spinose,0.846
GeoB1711-4,,-23.315,12.3767,1967,South Atlantic,2.13,symbiont-barren,spinose,0.087
GeoB1711-4,,-23.315,12.3767,1967,South Atlantic,2.13,symbiont-bearing,non-spinose,0
GeoB1711-4,,-23.315,12.3767,1967,South Atlantic,2.13,symbiont-bearing,spinose,0.003
GeoB1711-4,,-23.315,12.3767,1967,South Atlantic,2.13,symbiont-facultative,non-spinose,0.052
GeoB1711-4,,-23.315,12.3767,1967,South Atlantic,2.13,symbiont-facultative,spinose,0
GeoB1711-4,,-23.315,12.3767,1967,South Atlantic,2.13,symbiont-obligate,spinose,0
GeoB1711-4,,-23.315,12.3767,1967,South Atlantic,2.13,undetermined,non-spinose,0
GeoB1711-4,,-23.315,12.3767,1967,South Atlantic,2.18,symbiont-barren,non-spinose,0.737
GeoB1711-4,,-23.315,12.3767,1967,South Atlantic,2.18,symbiont-barren,spinose,0.19
GeoB1711-4,,-23.315,12.3767,1967,South Atlantic,2.18,symbiont-bearing,non-spinose,0
GeoB1711-4,,-23.315,12.3767,1967,South Atlantic,2.18,symbiont-bearing,spinose,0
GeoB1711-4,,-23.315,12.3767,1967,South Atlantic,2.18,symbiont-facultative,non-spinose,0.065
GeoB1711-4,,-23.315,12.3767,1967,South Atlantic,2.18,symbiont-facultative,spinose,0
GeoB1711-4,,-23.315,12.3767,1967,South Atlantic,2.18,symbiont-obligate,spinose,0.007
GeoB1711-4,,-23.315,12.3767,1967,South Atlantic,2.18,undetermined,non-spinose,0
GeoB1711-4,,-23.315,12.3767,1967,South Atlantic,2.23,symbiont-barren,non-spinose,0.795
GeoB1711-4,,-23.315,12.3767,1967,South Atlantic,2.23,symbiont-barren,spinose,0.142
GeoB1711-4,,-23.315,12.3767,1967,South Atlantic,2.23,symbiont-bearing,non-spinose,0
GeoB1711-4,,-23.315,12.3767,1967,South Atlantic,2.23,symbiont-bearing,spinose,0
GeoB1711-4,,-23.315,12.3767,1967,South Atlantic,2.23,symbiont-facultative,non-spinose,0.055
GeoB1711-4,,-23.315,12.3767,1967,South Atlantic,2.23,symbiont-facultative,spinose,0
GeoB1711-4,,-23.315,12.3767,1967,South Atlantic,2.23,symbiont-obligate,spinose,0.003
GeoB1711-4,,-23.315,12.3767,1967,South Atlantic,2.23,undetermined,non-spinose,0
GeoB1711-4,,-23.315,12.3767,1967,South Atlantic,2.28,symbiont-barren,non-spinose,0.739
GeoB1711-4,,-23.315,12.3767,1967,South Atlantic,2.28,symbiont-barren,spinose,0.178
GeoB1711-4,,-23.315,12.3767,1967,South Atlantic,2.28,symbiont-bearing,non-spinose,0
GeoB1711-4,,-23.315,12.3767,1967,South Atlantic,2.28,symbiont-bearing,spinose,0
GeoB1711-4,,-23.315,12.3767,1967,South Atlantic,2.28,symbiont-facultative,non-spinose,0.069
GeoB1711-4,,-23.315,12.3767,1967,South Atlantic,2.28,symbiont-facultative,spinose,0
GeoB1711-4,,-23.315,12.3767,1967,South Atlantic,2.28,symbiont-obligate,spinose,0.008
GeoB1711-4,,-23.315,12.3767,1967,South Atlantic,2.28,undetermined,non-spinose,0
GeoB1711-4,,-23.315,12.3767,1967,South Atlantic,2.33,symbiont-barren,non-spinose,0.691
GeoB1711-4,,-23.315,12.3767,1967,South Atlantic,2.33,symbiont-barren,spinose,0.192
GeoB1711-4,,-23.315,12.3767,1967,South Atlantic,2.33,symbiont-bearing,non-spinose,0
GeoB1711-4,,-23.315,12.3767,1967,South Atlantic,2.33,symbiont-bearing,spinose,0
GeoB1711-4,,-23.315,12.3767,1967,South Atlantic,2.33,symbiont-facultative,non-spinose,0.106
GeoB1711-4,,-23.315,12.3767,1967,South Atlantic,2.33,symbiont-facultative,spinose,0
GeoB1711-4,,-23.315,12.3767,1967,South Atlantic,2.33,symbiont-obligate,spinose,0.004
GeoB1711-4,,-23.315,12.3767,1967,South Atlantic,2.33,undetermined,non-spinose,0
GeoB1711-4,,-23.315,12.3767,1967,South Atlantic,2.38,symbiont-barren,non-spinose,0.803
GeoB1711-4,,-23.315,12.3767,1967,South Atlantic,2.38,symbiont-barren,spinose,0.154
GeoB1711-4,,-23.315,12.3767,1967,South Atlantic,2.38,symbiont-bearing,non-spinose,0
GeoB1711-4,,-23.315,12.3767,1967,South Atlantic,2.38,symbiont-bearing,spinose,0
GeoB1711-4,,-23.315,12.3767,1967,South Atlantic,2.38,symbiont-facultative,non-spinose,0.028
GeoB1711-4,,-23.315,12.3767,1967,South Atlantic,2.38,symbiont-facultative,spinose,0
GeoB1711-4,,-23.315,12.3767,1967,South Atlantic,2.38,symbiont-obligate,spinose,0.01
GeoB1711-4,,-23.315,12.3767,1967,South Atlantic,2.38,undetermined,non-spinose,0
GeoB1711-4,,-23.315,12.3767,1967,South Atlantic,2.43,symbiont-barren,non-spinose,0.895
GeoB1711-4,,-23.315,12.3767,1967,South Atlantic,2.43,symbiont-barren,spinose,0.065
GeoB1711-4,,-23.315,12.3767,1967,South Atlantic,2.43,symbiont-bearing,non-spinose,0
GeoB1711-4,,-23.315,12.3767,1967,South Atlantic,2.43,symbiont-bearing,spinose,0
GeoB1711-4,,-23.315,12.3767,1967,South Atlantic,2.43,symbiont-facultative,non-spinose,0.025
GeoB1711-4,,-23.315,12.3767,1967,South Atlantic,2.43,symbiont-facultative,spinose,0
GeoB1711-4,,-23.315,12.3767,1967,South Atlantic,2.43,symbiont-obligate,spinose,0.005
GeoB1711-4,,-23.315,12.3767,1967,South Atlantic,2.43,undetermined,non-spinose,0
GeoB1711-4,,-23.315,12.3767,1967,South Atlantic,2.48,symbiont-barren,non-spinose,0.763
GeoB1711-4,,-23.315,12.3767,1967,South Atlantic,2.48,symbiont-barren,spinose,0.118
GeoB1711-4,,-23.315,12.3767,1967,South Atlantic,2.48,symbiont-bearing,non-spinose,0
GeoB1711-4,,-23.315,12.3767,1967,South Atlantic,2.48,symbiont-bearing,spinose,0
GeoB1711-4,,-23.315,12.3767,1967,South Atlantic,2.48,symbiont-facultative,non-spinose,0.114
GeoB1711-4,,-23.315,12.3767,1967,South Atlantic,2.48,symbiont-facultative,spinose,0
GeoB1711-4,,-23.315,12.3767,1967,South Atlantic,2.48,symbiont-obligate,spinose,0
GeoB1711-4,,-23.315,12.3767,1967,South Atlantic,2.48,undetermined,non-spinose,0
GeoB1711-4,,-23.315,12.3767,1967,South Atlantic,2.53,symbiont-barren,non-spinose,0.762
GeoB1711-4,,-23.315,12.3767,1967,South Atlantic,2.53,symbiont-barren,spinose,0.173
GeoB1711-4,,-23.315,12.3767,1967,South Atlantic,2.53,symbiont-bearing,non-spinose,0
GeoB1711-4,,-23.315,12.3767,1967,South Atlantic,2.53,symbiont-bearing,spinose,0
GeoB1711-4,,-23.315,12.3767,1967,South Atlantic,2.53,symbiont-facultative,non-spinose,0.065
GeoB1711-4,,-23.315,12.3767,1967,South Atlantic,2.53,symbiont-facultative,spinose,0
GeoB1711-4,,-23.315,12.3767,1967,South Atlantic,2.53,symbiont-obligate,spinose,0
GeoB1711-4,,-23.315,12.3767,1967,South Atlantic,2.53,undetermined,non-spinose,0
GeoB1722-1,,-29.45,11.75,3973,South Atlantic,0.23,symbiont-barren,non-spinose,0.483
GeoB1722-1,,-29.45,11.75,3973,South Atlantic,0.23,symbiont-barren,spinose,0.1239
GeoB1722-1,,-29.45,11.75,3973,South Atlantic,0.23,symbiont-bearing,non-spinose,0
GeoB1722-1,,-29.45,11.75,3973,South Atlantic,0.23,symbiont-bearing,spinose,0.0126
GeoB1722-1,,-29.45,11.75,3973,South Atlantic,0.23,symbiont-facultative,non-spinose,0.325
GeoB1722-1,,-29.45,11.75,3973,South Atlantic,0.23,symbiont-facultative,spinose,0
GeoB1722-1,,-29.45,11.75,3973,South Atlantic,0.23,symbiont-obligate,spinose,0.0555
GeoB1722-1,,-29.45,11.75,3973,South Atlantic,0.23,undetermined,non-spinose,0
GeoB1722-1,,-29.45,11.75,3973,South Atlantic,0.28,symbiont-barren,non-spinose,0.6561
GeoB1722-1,,-29.45,11.75,3973,South Atlantic,0.28,symbiont-barren,spinose,0.1084
GeoB1722-1,,-29.45,11.75,3973,South Atlantic,0.28,symbiont-bearing,non-spinose,0
GeoB1722-1,,-29.45,11.75,3973,South Atlantic,0.28,symbiont-bearing,spinose,0.0052
GeoB1722-1,,-29.45,11.75,3973,South Atlantic,0.28,symbiont-facultative,non-spinose,0.1621
GeoB1722-1,,-29.45,11.75,3973,South Atlantic,0.28,symbiont-facultative,spinose,0
GeoB1722-1,,-29.45,11.75,3973,South Atlantic,0.28,symbiont-obligate,spinose,0.0681
GeoB1722-1,,-29.45,11.75,3973,South Atlantic,0.28,undetermined,non-spinose,0
GeoB18530-1,,42.8395,-49.23483333,1888,North Atlantic,,symbiont-barren,spinose,0.464829311885612
GeoB18530-1,,42.8395,-49.23483333,1888,North Atlantic,,symbiont-bearing,non-spinose,0
GeoB18530-1,,42.8395,-49.23483333,1888,North Atlantic,,symbiont-bearing,spinose,0
GeoB18530-1,,42.8395,-49.23483333,1888,North Atlantic,,symbiont-facultative,non-spinose,0.117747989276139
GeoB18530-1,,42.8395,-49.23483333,1888,North Atlantic,,symbiont-facultative,spinose,0
GeoB18530-1,,42.8395,-49.23483333,1888,North Atlantic,,symbiont-obligate,spinose,0
GeoB18530-1,,42.8395,-49.23483333,1888,North Atlantic,,undetermined,non-spinose,0
GeoB1903-3,,-8.675,-11.845,3161,South Atlantic,0.48,symbiont-barren,non-spinose,0.1046
GeoB1903-3,,-8.675,-11.845,3161,South Atlantic,0.48,symbiont-barren,spinose,0.0472
GeoB1903-3,,-8.675,-11.845,3161,South Atlantic,0.48,symbiont-bearing,non-spinose,0
GeoB1903-3,,-8.675,-11.845,3161,South Atlantic,0.48,symbiont-bearing,spinose,0.0444
GeoB1903-3,,-8.675,-11.845,3161,South Atlantic,0.48,symbiont-facultative,non-spinose,0.3525
GeoB1903-3,,-8.675,-11.845,3161,South Atlantic,0.48,symbiont-facultative,spinose,0.0029
GeoB1903-3,,-8.675,-11.845,3161,South Atlantic,0.48,symbiont-obligate,spinose,0.4454
GeoB1903-3,,-8.675,-11.845,3161,South Atlantic,0.48,undetermined,non-spinose,0.0029
GeoB1903-3,,-8.675,-11.845,3161,South Atlantic,0.53,symbiont-barren,non-spinose,0.2013
GeoB1903-3,,-8.675,-11.845,3161,South Atlantic,0.53,symbiont-barren,spinose,0.0531
GeoB1903-3,,-8.675,-11.845,3161,South Atlantic,0.53,symbiont-bearing,non-spinose,0
GeoB1903-3,,-8.675,-11.845,3161,South Atlantic,0.53,symbiont-bearing,spinose,0.0218
GeoB1903-3,,-8.675,-11.845,3161,South Atlantic,0.53,symbiont-facultative,non-spinose,0.3058
GeoB1903-3,,-8.675,-11.845,3161,South Atlantic,0.53,symbiont-facultative,spinose,0.0019
GeoB1903-3,,-8.675,-11.845,3161,South Atlantic,0.53,symbiont-obligate,spinose,0.4055
GeoB1903-3,,-8.675,-11.845,3161,South Atlantic,0.53,undetermined,non-spinose,0.0104
GeoB1903-3,,-8.675,-11.845,3161,South Atlantic,0.58,symbiont-barren,non-spinose,0.1996
GeoB1903-3,,-8.675,-11.845,3161,South Atlantic,0.58,symbiont-barren,spinose,0.0477
GeoB1903-3,,-8.675,-11.845,3161,South Atlantic,0.58,symbiont-bearing,non-spinose,0
GeoB1903-3,,-8.675,-11.845,3161,South Atlantic,0.58,symbiont-bearing,spinose,0.0652
GeoB1903-3,,-8.675,-11.845,3161,South Atlantic,0.58,symbiont-facultative,non-spinose,0.2344
GeoB1903-3,,-8.675,-11.845,3161,South Atlantic,0.58,symbiont-facultative,spinose,0.0012
GeoB1903-3,,-8.675,-11.845,3161,South Atlantic,0.58,symbiont-obligate,spinose,0.452
GeoB1903-3,,-8.675,-11.845,3161,South Atlantic,0.58,undetermined,non-spinose,0
GeoB1905-3,,-17.1433,-13.9867,2974,South Atlantic,0.38,symbiont-barren,non-spinose,0.0922
GeoB1905-3,,-17.1433,-13.9867,2974,South Atlantic,0.38,symbiont-barren,spinose,0.0955
GeoB1905-3,,-17.1433,-13.9867,2974,South Atlantic,0.38,symbiont-bearing,non-spinose,0
GeoB1905-3,,-17.1433,-13.9867,2974,South Atlantic,0.38,symbiont-bearing,spinose,0.093
GeoB1905-3,,-17.1433,-13.9867,2974,South Atlantic,0.38,symbiont-facultative,non-spinose,0.2484
GeoB1905-3,,-17.1433,-13.9867,2974,South Atlantic,0.38,symbiont-facultative,spinose,0.0024
GeoB1905-3,,-17.1433,-13.9867,2974,South Atlantic,0.38,symbiont-obligate,spinose,0.4676
GeoB1905-3,,-17.1433,-13.9867,2974,South Atlantic,0.38,undetermined,non-spinose,0
GeoB1905-3,,-17.1433,-13.9867,2974,South Atlantic,0.43,symbiont-barren,non-spinose,0.0755
GeoB1905-3,,-17.1433,-13.9867,2974,South Atlantic,0.43,symbiont-barren,spinose,0.0393
GeoB1905-3,,-17.1433,-13.9867,2974,South Atlantic,0.43,symbiont-bearing,non-spinose,0
GeoB1905-3,,-17.1433,-13.9867,2974,South Atlantic,0.43,symbiont-bearing,spinose,0.143
GeoB1905-3,,-17.1433,-13.9867,2974,South Atlantic,0.43,symbiont-facultative,non-spinose,0.1334
GeoB1905-3,,-17.1433,-13.9867,2974,South Atlantic,0.43,symbiont-facultative,spinose,0.0033
GeoB1905-3,,-17.1433,-13.9867,2974,South Atlantic,0.43,symbiont-obligate,spinose,0.6053
GeoB1905-3,,-17.1433,-13.9867,2974,South Atlantic,0.43,undetermined,non-spinose,0
GeoB2004-2,,-30.87,14.3433,2569,South Atlantic,0.68,symbiont-barren,non-spinose,0.6355
GeoB2004-2,,-30.87,14.3433,2569,South Atlantic,0.68,symbiont-barren,spinose,0.1323
GeoB2004-2,,-30.87,14.3433,2569,South Atlantic,0.68,symbiont-bearing,non-spinose,0
GeoB2004-2,,-30.87,14.3433,2569,South Atlantic,0.68,symbiont-bearing,spinose,0.0022
GeoB2004-2,,-30.87,14.3433,2569,South Atlantic,0.68,symbiont-facultative,non-spinose,0.1619
GeoB2004-2,,-30.87,14.3433,2569,South Atlantic,0.68,symbiont-facultative,spinose,0.0044
GeoB2004-2,,-30.87,14.3433,2569,South Atlantic,0.68,symbiont-obligate,spinose,0.064
GeoB2004-2,,-30.87,14.3433,2569,South Atlantic,0.68,undetermined,non-spinose,0
GeoB2004-2,,-30.87,14.3433,2569,South Atlantic,0.73,symbiont-barren,non-spinose,0.6445
GeoB2004-2,,-30.87,14.3433,2569,South Atlantic,0.73,symbiont-barren,spinose,0.1442
GeoB2004-2,,-30.87,14.3433,2569,South Atlantic,0.73,symbiont-bearing,non-spinose,0
GeoB2004-2,,-30.87,14.3433,2569,South Atlantic,0.73,symbiont-bearing,spinose,0.0069
GeoB2004-2,,-30.87,14.3433,2569,South Atlantic,0.73,symbiont-facultative,non-spinose,0.1423
GeoB2004-2,,-30.87,14.3433,2569,South Atlantic,0.73,symbiont-facultative,spinose,0
GeoB2004-2,,-30.87,14.3433,2569,South Atlantic,0.73,symbiont-obligate,spinose,0.0623
GeoB2004-2,,-30.87,14.3433,2569,South Atlantic,0.73,undetermined,non-spinose,0
GeoB2004-2,,-30.87,14.3433,2569,South Atlantic,0.78,symbiont-barren,non-spinose,0.7248
GeoB2004-2,,-30.87,14.3433,2569,South Atlantic,0.78,symbiont-barren,spinose,0.1229
GeoB2004-2,,-30.87,14.3433,2569,South Atlantic,0.78,symbiont-bearing,non-spinose,0
GeoB2004-2,,-30.87,14.3433,2569,South Atlantic,0.78,symbiont-bearing,spinose,0.0107
GeoB2004-2,,-30.87,14.3433,2569,South Atlantic,0.78,symbiont-facultative,non-spinose,0.1046
GeoB2004-2,,-30.87,14.3433,2569,South Atlantic,0.78,symbiont-facultative,spinose,0.0015
GeoB2004-2,,-30.87,14.3433,2569,South Atlantic,0.78,symbiont-obligate,spinose,0.0356
GeoB2004-2,,-30.87,14.3433,2569,South Atlantic,0.78,undetermined,non-spinose,0
GeoB2016-1,,-31.9,-1.33,3385,South Atlantic,0.18,symbiont-barren,non-spinose,0.3453
GeoB2016-1,,-31.9,-1.33,3385,South Atlantic,0.18,symbiont-barren,spinose,0.3321
GeoB2016-1,,-31.9,-1.33,3385,South Atlantic,0.18,symbiont-bearing,non-spinose,0
GeoB2016-1,,-31.9,-1.33,3385,South Atlantic,0.18,symbiont-bearing,spinose,0.0114
GeoB2016-1,,-31.9,-1.33,3385,South Atlantic,0.18,symbiont-facultative,non-spinose,0.1818
GeoB2016-1,,-31.9,-1.33,3385,South Atlantic,0.18,symbiont-facultative,spinose,0
GeoB2016-1,,-31.9,-1.33,3385,South Atlantic,0.18,symbiont-obligate,spinose,0.1225
GeoB2016-1,,-31.9,-1.33,3385,South Atlantic,0.18,undetermined,non-spinose,0.0069
GeoB2019-1,,-36.06,-8.7783,3825,South Atlantic,0.33,symbiont-barren,non-spinose,0.3927
GeoB2019-1,,-36.06,-8.7783,3825,South Atlantic,0.33,symbiont-barren,spinose,0.3755
GeoB2019-1,,-36.06,-8.7783,3825,South Atlantic,0.33,symbiont-bearing,non-spinose,0
GeoB2019-1,,-36.06,-8.7783,3825,South Atlantic,0.33,symbiont-bearing,spinose,0.0037
GeoB2019-1,,-36.06,-8.7783,3825,South Atlantic,0.33,symbiont-facultative,non-spinose,0.2068
GeoB2019-1,,-36.06,-8.7783,3825,South Atlantic,0.33,symbiont-facultative,spinose,0
GeoB2019-1,,-36.06,-8.7783,3825,South Atlantic,0.33,symbiont-obligate,spinose,0.0173
GeoB2019-1,,-36.06,-8.7783,3825,South Atlantic,0.33,undetermined,non-spinose,0.0037
GeoB2021-5,,-36.8333,-14.4033,3575,South Atlantic,0.13,symbiont-barren,non-spinose,0.3979
GeoB2021-5,,-36.8333,-14.4033,3575,South Atlantic,0.13,symbiont-barren,spinose,0.3343
GeoB2021-5,,-36.8333,-14.4033,3575,South Atlantic,0.13,symbiont-bearing,non-spinose,0
GeoB2021-5,,-36.8333,-14.4033,3575,South Atlantic,0.13,symbiont-bearing,spinose,0
GeoB2021-5,,-36.8333,-14.4033,3575,South Atlantic,0.13,symbiont-facultative,non-spinose,0.2553
GeoB2021-5,,-36.8333,-14.4033,3575,South Atlantic,0.13,symbiont-facultative,spinose,0
GeoB2021-5,,-36.8333,-14.4033,3575,South Atlantic,0.13,symbiont-obligate,spinose,0.0126
GeoB2021-5,,-36.8333,-14.4033,3575,South Atlantic,0.13,undetermined,non-spinose,0
GeoB20616-1,,-25.589,33.334,460,Indian,,symbiont-barren,non-spinose,0.249123418088935
GeoB20616-1,,-25.589,33.334,460,Indian,,symbiont-barren,spinose,0.136305584581447
GeoB20616-1,,-25.589,33.334,460,Indian,,symbiont-bearing,non-spinose,0
GeoB20616-1,,-25.589,33.334,460,Indian,,symbiont-bearing,spinose,0.0679089748055265
GeoB20616-1,,-25.589,33.334,460,Indian,,symbiont-facultative,non-spinose,0.817996052478811
GeoB20616-1,,-25.589,33.334,460,Indian,,symbiont-facultative,spinose,0
GeoB20616-1,,-25.589,33.334,460,Indian,,symbiont-obligate,spinose,0.701567398119122
GeoB20616-1,,-25.589,33.334,460,Indian,,undetermined,non-spinose,0.0270985719261581
GeoB2104-3,,-27.285,-46.373333,1503,South Atlantic,,symbiont-barren,non-spinose,0.233838284477671
GeoB2104-3,,-27.285,-46.373333,1503,South Atlantic,,symbiont-barren,spinose,0.104200275427897
GeoB2104-3,,-27.285,-46.373333,1503,South Atlantic,,symbiont-bearing,non-spinose,0.00294117647058824
GeoB2104-3,,-27.285,-46.373333,1503,South Atlantic,,symbiont-bearing,spinose,0.110603974031084
GeoB2104-3,,-27.285,-46.373333,1503,South Atlantic,,symbiont-facultative,non-spinose,0.504869171748967
GeoB2104-3,,-27.285,-46.373333,1503,South Atlantic,,symbiont-facultative,spinose,0
GeoB2104-3,,-27.285,-46.373333,1503,South Atlantic,,symbiont-obligate,spinose,1.03766476490262
GeoB2104-3,,-27.285,-46.373333,1503,South Atlantic,,undetermined,non-spinose,0
GeoB2109-1,,-27.9117,-45.8817,2504,South Atlantic,0.48,symbiont-barren,non-spinose,0.1371
GeoB2109-1,,-27.9117,-45.8817,2504,South Atlantic,0.48,symbiont-barren,spinose,0.0392
GeoB2109-1,,-27.9117,-45.8817,2504,South Atlantic,0.48,symbiont-bearing,non-spinose,0
GeoB2109-1,,-27.9117,-45.8817,2504,South Atlantic,0.48,symbiont-bearing,spinose,0.0456
GeoB2109-1,,-27.9117,-45.8817,2504,South Atlantic,0.48,symbiont-facultative,non-spinose,0.3021
GeoB2109-1,,-27.9117,-45.8817,2504,South Atlantic,0.48,symbiont-facultative,spinose,0
GeoB2109-1,,-27.9117,-45.8817,2504,South Atlantic,0.48,symbiont-obligate,spinose,0.4715
GeoB2109-1,,-27.9117,-45.8817,2504,South Atlantic,0.48,undetermined,non-spinose,0.0046
GeoB2109-1,,-27.9117,-45.8817,2504,South Atlantic,0.53,symbiont-barren,non-spinose,0.1485
GeoB2109-1,,-27.9117,-45.8817,2504,South Atlantic,0.53,symbiont-barren,spinose,0.0659
GeoB2109-1,,-27.9117,-45.8817,2504,South Atlantic,0.53,symbiont-bearing,non-spinose,0
GeoB2109-1,,-27.9117,-45.8817,2504,South Atlantic,0.53,symbiont-bearing,spinose,0.0568
GeoB2109-1,,-27.9117,-45.8817,2504,South Atlantic,0.53,symbiont-facultative,non-spinose,0.2552
GeoB2109-1,,-27.9117,-45.8817,2504,South Atlantic,0.53,symbiont-facultative,spinose,0
GeoB2109-1,,-27.9117,-45.8817,2504,South Atlantic,0.53,symbiont-obligate,spinose,0.4736
GeoB2109-1,,-27.9117,-45.8817,2504,South Atlantic,0.53,undetermined,non-spinose,0
GeoB2109-1,,-27.9117,-45.8817,2504,South Atlantic,0.58,symbiont-barren,non-spinose,0.1655
GeoB2109-1,,-27.9117,-45.8817,2504,South Atlantic,0.58,symbiont-barren,spinose,0.0486
GeoB2109-1,,-27.9117,-45.8817,2504,South Atlantic,0.58,symbiont-bearing,non-spinose,0
GeoB2109-1,,-27.9117,-45.8817,2504,South Atlantic,0.58,symbiont-bearing,spinose,0.054
GeoB2109-1,,-27.9117,-45.8817,2504,South Atlantic,0.58,symbiont-facultative,non-spinose,0.3668
GeoB2109-1,,-27.9117,-45.8817,2504,South Atlantic,0.58,symbiont-facultative,spinose,0
GeoB2109-1,,-27.9117,-45.8817,2504,South Atlantic,0.58,symbiont-obligate,spinose,0.3578
GeoB2109-1,,-27.9117,-45.8817,2504,South Atlantic,0.58,undetermined,non-spinose,0.0072
GeoB2109-1,,-27.9117,-45.8817,2504,South Atlantic,0.63,symbiont-barren,non-spinose,0.1472
GeoB2109-1,,-27.9117,-45.8817,2504,South Atlantic,0.63,symbiont-barren,spinose,0.0407
GeoB2109-1,,-27.9117,-45.8817,2504,South Atlantic,0.63,symbiont-bearing,non-spinose,0
GeoB2109-1,,-27.9117,-45.8817,2504,South Atlantic,0.63,symbiont-bearing,spinose,0.0979
GeoB2109-1,,-27.9117,-45.8817,2504,South Atlantic,0.63,symbiont-facultative,non-spinose,0.2591
GeoB2109-1,,-27.9117,-45.8817,2504,South Atlantic,0.63,symbiont-facultative,spinose,0
GeoB2109-1,,-27.9117,-45.8817,2504,South Atlantic,0.63,symbiont-obligate,spinose,0.452
GeoB2109-1,,-27.9117,-45.8817,2504,South Atlantic,0.63,undetermined,non-spinose,0.003
GeoB2116-4,,-25.5117,-35.9983,4167,South Atlantic,0.28,symbiont-barren,non-spinose,0.3837
GeoB2116-4,,-25.5117,-35.9983,4167,South Atlantic,0.28,symbiont-barren,spinose,0.0443
GeoB2116-4,,-25.5117,-35.9983,4167,South Atlantic,0.28,symbiont-bearing,non-spinose,0
GeoB2116-4,,-25.5117,-35.9983,4167,South Atlantic,0.28,symbiont-bearing,spinose,0
GeoB2116-4,,-25.5117,-35.9983,4167,South Atlantic,0.28,symbiont-facultative,non-spinose,0.2219
GeoB2116-4,,-25.5117,-35.9983,4167,South Atlantic,0.28,symbiont-facultative,spinose,0
GeoB2116-4,,-25.5117,-35.9983,4167,South Atlantic,0.28,symbiont-obligate,spinose,0.3499
GeoB2116-4,,-25.5117,-35.9983,4167,South Atlantic,0.28,undetermined,non-spinose,0
GeoB2117-1,,-23.0383,-36.6517,4045,South Atlantic,0.23,symbiont-barren,non-spinose,0.0536
GeoB2117-1,,-23.0383,-36.6517,4045,South Atlantic,0.23,symbiont-barren,spinose,0.0919
GeoB2117-1,,-23.0383,-36.6517,4045,South Atlantic,0.23,symbiont-bearing,non-spinose,0
GeoB2117-1,,-23.0383,-36.6517,4045,South Atlantic,0.23,symbiont-bearing,spinose,0.0258
GeoB2117-1,,-23.0383,-36.6517,4045,South Atlantic,0.23,symbiont-facultative,non-spinose,0.0902
GeoB2117-1,,-23.0383,-36.6517,4045,South Atlantic,0.23,symbiont-facultative,spinose,0
GeoB2117-1,,-23.0383,-36.6517,4045,South Atlantic,0.23,symbiont-obligate,spinose,0.7385
GeoB2117-1,,-23.0383,-36.6517,4045,South Atlantic,0.23,undetermined,non-spinose,0
GeoB2125-1,,-20.8233,-39.8633,1503,South Atlantic,0.33,symbiont-barren,non-spinose,0.036
GeoB2125-1,,-20.8233,-39.8633,1503,South Atlantic,0.33,symbiont-barren,spinose,0.0217
GeoB2125-1,,-20.8233,-39.8633,1503,South Atlantic,0.33,symbiont-bearing,non-spinose,0
GeoB2125-1,,-20.8233,-39.8633,1503,South Atlantic,0.33,symbiont-bearing,spinose,0.0502
GeoB2125-1,,-20.8233,-39.8633,1503,South Atlantic,0.33,symbiont-facultative,non-spinose,0.3325
GeoB2125-1,,-20.8233,-39.8633,1503,South Atlantic,0.33,symbiont-facultative,spinose,0
GeoB2125-1,,-20.8233,-39.8633,1503,South Atlantic,0.33,symbiont-obligate,spinose,0.559
GeoB2125-1,,-20.8233,-39.8633,1503,South Atlantic,0.33,undetermined,non-spinose,0
GeoB2125-1,,-20.8233,-39.8633,1503,South Atlantic,0.38,symbiont-barren,non-spinose,0.025
GeoB2125-1,,-20.8233,-39.8633,1503,South Atlantic,0.38,symbiont-barren,spinose,0.0143
GeoB2125-1,,-20.8233,-39.8633,1503,South Atlantic,0.38,symbiont-bearing,non-spinose,0
GeoB2125-1,,-20.8233,-39.8633,1503,South Atlantic,0.38,symbiont-bearing,spinose,0.0537
GeoB2125-1,,-20.8233,-39.8633,1503,South Atlantic,0.38,symbiont-facultative,non-spinose,0.3503
GeoB2125-1,,-20.8233,-39.8633,1503,South Atlantic,0.38,symbiont-facultative,spinose,0.0072
GeoB2125-1,,-20.8233,-39.8633,1503,South Atlantic,0.38,symbiont-obligate,spinose,0.5479
GeoB2125-1,,-20.8233,-39.8633,1503,South Atlantic,0.38,undetermined,non-spinose,0
GeoB2202-4,,-8.1983,-34.265,1156,South Atlantic,0.78,symbiont-barren,non-spinose,0.0399
GeoB2202-4,,-8.1983,-34.265,1156,South Atlantic,0.78,symbiont-barren,spinose,0.0075
GeoB2202-4,,-8.1983,-34.265,1156,South Atlantic,0.78,symbiont-bearing,non-spinose,0
GeoB2202-4,,-8.1983,-34.265,1156,South Atlantic,0.78,symbiont-bearing,spinose,0.0283
GeoB2202-4,,-8.1983,-34.265,1156,South Atlantic,0.78,symbiont-facultative,non-spinose,0.156
GeoB2202-4,,-8.1983,-34.265,1156,South Atlantic,0.78,symbiont-facultative,spinose,0
GeoB2202-4,,-8.1983,-34.265,1156,South Atlantic,0.78,symbiont-obligate,spinose,0.7666
GeoB2202-4,,-8.1983,-34.265,1156,South Atlantic,0.78,undetermined,non-spinose,0
GeoB2202-4,,-8.1983,-34.265,1156,South Atlantic,0.83,symbiont-barren,non-spinose,0.0379
GeoB2202-4,,-8.1983,-34.265,1156,South Atlantic,0.83,symbiont-barren,spinose,0.0013
GeoB2202-4,,-8.1983,-34.265,1156,South Atlantic,0.83,symbiont-bearing,non-spinose,0
GeoB2202-4,,-8.1983,-34.265,1156,South Atlantic,0.83,symbiont-bearing,spinose,0.0378
GeoB2202-4,,-8.1983,-34.265,1156,South Atlantic,0.83,symbiont-facultative,non-spinose,0.1726
GeoB2202-4,,-8.1983,-34.265,1156,South Atlantic,0.83,symbiont-facultative,spinose,0
GeoB2202-4,,-8.1983,-34.265,1156,South Atlantic,0.83,symbiont-obligate,spinose,0.7406
GeoB2202-4,,-8.1983,-34.265,1156,South Atlantic,0.83,undetermined,non-spinose,0
GeoB2202-4,,-8.1983,-34.265,1156,South Atlantic,0.88,symbiont-barren,non-spinose,0.0333
GeoB2202-4,,-8.1983,-34.265,1156,South Atlantic,0.88,symbiont-barren,spinose,0.01
GeoB2202-4,,-8.1983,-34.265,1156,South Atlantic,0.88,symbiont-bearing,non-spinose,0
GeoB2202-4,,-8.1983,-34.265,1156,South Atlantic,0.88,symbiont-bearing,spinose,0.0618
GeoB2202-4,,-8.1983,-34.265,1156,South Atlantic,0.88,symbiont-facultative,non-spinose,0.1962
GeoB2202-4,,-8.1983,-34.265,1156,South Atlantic,0.88,symbiont-facultative,spinose,0
GeoB2202-4,,-8.1983,-34.265,1156,South Atlantic,0.88,symbiont-obligate,spinose,0.6874
GeoB2202-4,,-8.1983,-34.265,1156,South Atlantic,0.88,undetermined,non-spinose,0
GeoB2202-4,,-8.1983,-34.265,1156,South Atlantic,0.93,symbiont-barren,non-spinose,0.0211
GeoB2202-4,,-8.1983,-34.265,1156,South Atlantic,0.93,symbiont-barren,spinose,0.0073
GeoB2202-4,,-8.1983,-34.265,1156,South Atlantic,0.93,symbiont-bearing,non-spinose,0
GeoB2202-4,,-8.1983,-34.265,1156,South Atlantic,0.93,symbiont-bearing,spinose,0.0705
GeoB2202-4,,-8.1983,-34.265,1156,South Atlantic,0.93,symbiont-facultative,non-spinose,0.202
GeoB2202-4,,-8.1983,-34.265,1156,South Atlantic,0.93,symbiont-facultative,spinose,0
GeoB2202-4,,-8.1983,-34.265,1156,South Atlantic,0.93,symbiont-obligate,spinose,0.6981
GeoB2202-4,,-8.1983,-34.265,1156,South Atlantic,0.93,undetermined,non-spinose,0
GeoB2204-2,,-8.5283,-34.0217,2072,South Atlantic,0.33,symbiont-barren,non-spinose,0.0409
GeoB2204-2,,-8.5283,-34.0217,2072,South Atlantic,0.33,symbiont-barren,spinose,0.0062
GeoB2204-2,,-8.5283,-34.0217,2072,South Atlantic,0.33,symbiont-bearing,non-spinose,0
GeoB2204-2,,-8.5283,-34.0217,2072,South Atlantic,0.33,symbiont-bearing,spinose,0.0141
GeoB2204-2,,-8.5283,-34.0217,2072,South Atlantic,0.33,symbiont-facultative,non-spinose,0.156
GeoB2204-2,,-8.5283,-34.0217,2072,South Atlantic,0.33,symbiont-facultative,spinose,0
GeoB2204-2,,-8.5283,-34.0217,2072,South Atlantic,0.33,symbiont-obligate,spinose,0.7828
GeoB2204-2,,-8.5283,-34.0217,2072,South Atlantic,0.33,undetermined,non-spinose,0
GeoB2204-2,,-8.5283,-34.0217,2072,South Atlantic,0.38,symbiont-barren,non-spinose,0.041
GeoB2204-2,,-8.5283,-34.0217,2072,South Atlantic,0.38,symbiont-barren,spinose,0.0062
GeoB2204-2,,-8.5283,-34.0217,2072,South Atlantic,0.38,symbiont-bearing,non-spinose,0
GeoB2204-2,,-8.5283,-34.0217,2072,South Atlantic,0.38,symbiont-bearing,spinose,0.0246
GeoB2204-2,,-8.5283,-34.0217,2072,South Atlantic,0.38,symbiont-facultative,non-spinose,0.1421
GeoB2204-2,,-8.5283,-34.0217,2072,South Atlantic,0.38,symbiont-facultative,spinose,0
GeoB2204-2,,-8.5283,-34.0217,2072,South Atlantic,0.38,symbiont-obligate,spinose,0.7811
GeoB2204-2,,-8.5283,-34.0217,2072,South Atlantic,0.38,undetermined,non-spinose,0
GeoB2215-10,,0.0067,-23.495,3711,North Atlantic,0.43,symbiont-barren,non-spinose,0.2924
GeoB2215-10,,0.0067,-23.495,3711,North Atlantic,0.43,symbiont-barren,spinose,0.099
GeoB2215-10,,0.0067,-23.495,3711,North Atlantic,0.43,symbiont-bearing,non-spinose,0
GeoB2215-10,,0.0067,-23.495,3711,North Atlantic,0.43,symbiont-bearing,spinose,0.0172
GeoB2215-10,,0.0067,-23.495,3711,North Atlantic,0.43,symbiont-facultative,non-spinose,0.2721
GeoB2215-10,,0.0067,-23.495,3711,North Atlantic,0.43,symbiont-facultative,spinose,0
GeoB2215-10,,0.0067,-23.495,3711,North Atlantic,0.43,symbiont-obligate,spinose,0.313
GeoB2215-10,,0.0067,-23.495,3711,North Atlantic,0.43,undetermined,non-spinose,0.0065
GeoB2215-10,,0.0067,-23.495,3711,North Atlantic,0.48,symbiont-barren,non-spinose,0.3976
GeoB2215-10,,0.0067,-23.495,3711,North Atlantic,0.48,symbiont-barren,spinose,0.0392
GeoB2215-10,,0.0067,-23.495,3711,North Atlantic,0.48,symbiont-bearing,non-spinose,0
GeoB2215-10,,0.0067,-23.495,3711,North Atlantic,0.48,symbiont-bearing,spinose,0.0034
GeoB2215-10,,0.0067,-23.495,3711,North Atlantic,0.48,symbiont-facultative,non-spinose,0.3634
GeoB2215-10,,0.0067,-23.495,3711,North Atlantic,0.48,symbiont-facultative,spinose,0
GeoB2215-10,,0.0067,-23.495,3711,North Atlantic,0.48,symbiont-obligate,spinose,0.1962
GeoB2215-10,,0.0067,-23.495,3711,North Atlantic,0.48,undetermined,non-spinose,0
GeoB2819-1,,-30.8483,-38.3433,3435,South Atlantic,0.13,symbiont-barren,non-spinose,0.3686
GeoB2819-1,,-30.8483,-38.3433,3435,South Atlantic,0.13,symbiont-barren,spinose,0.1386
GeoB2819-1,,-30.8483,-38.3433,3435,South Atlantic,0.13,symbiont-bearing,non-spinose,0
GeoB2819-1,,-30.8483,-38.3433,3435,South Atlantic,0.13,symbiont-bearing,spinose,0.0285
GeoB2819-1,,-30.8483,-38.3433,3435,South Atlantic,0.13,symbiont-facultative,non-spinose,0.1757
GeoB2819-1,,-30.8483,-38.3433,3435,South Atlantic,0.13,symbiont-facultative,spinose,0
GeoB2819-1,,-30.8483,-38.3433,3435,South Atlantic,0.13,symbiont-obligate,spinose,0.2844
GeoB2819-1,,-30.8483,-38.3433,3435,South Atlantic,0.13,undetermined,non-spinose,0.0044
GeoB3104-1,,-3.6667,-37.7167,767,South Atlantic,1.73,symbiont-barren,non-spinose,0.0337
GeoB3104-1,,-3.6667,-37.7167,767,South Atlantic,1.73,symbiont-barren,spinose,0
GeoB3104-1,,-3.6667,-37.7167,767,South Atlantic,1.73,symbiont-bearing,non-spinose,0
GeoB3104-1,,-3.6667,-37.7167,767,South Atlantic,1.73,symbiont-bearing,spinose,0.0167
GeoB3104-1,,-3.6667,-37.7167,767,South Atlantic,1.73,symbiont-facultative,non-spinose,0.2997
GeoB3104-1,,-3.6667,-37.7167,767,South Atlantic,1.73,symbiont-facultative,spinose,0
GeoB3104-1,,-3.6667,-37.7167,767,South Atlantic,1.73,symbiont-obligate,spinose,0.6501
GeoB3104-1,,-3.6667,-37.7167,767,South Atlantic,1.73,undetermined,non-spinose,0
GeoB3104-1,,-3.6667,-37.7167,767,South Atlantic,1.78,symbiont-barren,non-spinose,0.0595
GeoB3104-1,,-3.6667,-37.7167,767,South Atlantic,1.78,symbiont-barren,spinose,0
GeoB3104-1,,-3.6667,-37.7167,767,South Atlantic,1.78,symbiont-bearing,non-spinose,0
GeoB3104-1,,-3.6667,-37.7167,767,South Atlantic,1.78,symbiont-bearing,spinose,0.0158
GeoB3104-1,,-3.6667,-37.7167,767,South Atlantic,1.78,symbiont-facultative,non-spinose,0.3373
GeoB3104-1,,-3.6667,-37.7167,767,South Atlantic,1.78,symbiont-facultative,spinose,0
GeoB3104-1,,-3.6667,-37.7167,767,South Atlantic,1.78,symbiont-obligate,spinose,0.5874
GeoB3104-1,,-3.6667,-37.7167,767,South Atlantic,1.78,undetermined,non-spinose,0
GeoB3104-1,,-3.6667,-37.7167,767,South Atlantic,1.83,symbiont-barren,non-spinose,0.0673
GeoB3104-1,,-3.6667,-37.7167,767,South Atlantic,1.83,symbiont-barren,spinose,0
GeoB3104-1,,-3.6667,-37.7167,767,South Atlantic,1.83,symbiont-bearing,non-spinose,0
GeoB3104-1,,-3.6667,-37.7167,767,South Atlantic,1.83,symbiont-bearing,spinose,0.0177
GeoB3104-1,,-3.6667,-37.7167,767,South Atlantic,1.83,symbiont-facultative,non-spinose,0.2985
GeoB3104-1,,-3.6667,-37.7167,767,South Atlantic,1.83,symbiont-facultative,spinose,0
GeoB3104-1,,-3.6667,-37.7167,767,South Atlantic,1.83,symbiont-obligate,spinose,0.6166
GeoB3104-1,,-3.6667,-37.7167,767,South Atlantic,1.83,undetermined,non-spinose,0
GeoB3104-1,,-3.6667,-37.7167,767,South Atlantic,1.88,symbiont-barren,non-spinose,0.0657
GeoB3104-1,,-3.6667,-37.7167,767,South Atlantic,1.88,symbiont-barren,spinose,0
GeoB3104-1,,-3.6667,-37.7167,767,South Atlantic,1.88,symbiont-bearing,non-spinose,0
GeoB3104-1,,-3.6667,-37.7167,767,South Atlantic,1.88,symbiont-bearing,spinose,0.0429
GeoB3104-1,,-3.6667,-37.7167,767,South Atlantic,1.88,symbiont-facultative,non-spinose,0.3189
GeoB3104-1,,-3.6667,-37.7167,767,South Atlantic,1.88,symbiont-facultative,spinose,0
GeoB3104-1,,-3.6667,-37.7167,767,South Atlantic,1.88,symbiont-obligate,spinose,0.5726
GeoB3104-1,,-3.6667,-37.7167,767,South Atlantic,1.88,undetermined,non-spinose,0
GeoB3104-1,,-3.6667,-37.7167,767,South Atlantic,1.98,symbiont-barren,non-spinose,0.0888
GeoB3104-1,,-3.6667,-37.7167,767,South Atlantic,1.98,symbiont-barren,spinose,0
GeoB3104-1,,-3.6667,-37.7167,767,South Atlantic,1.98,symbiont-bearing,non-spinose,0
GeoB3104-1,,-3.6667,-37.7167,767,South Atlantic,1.98,symbiont-bearing,spinose,0.048
GeoB3104-1,,-3.6667,-37.7167,767,South Atlantic,1.98,symbiont-facultative,non-spinose,0.2701
GeoB3104-1,,-3.6667,-37.7167,767,South Atlantic,1.98,symbiont-facultative,spinose,0
GeoB3104-1,,-3.6667,-37.7167,767,South Atlantic,1.98,symbiont-obligate,spinose,0.5929
GeoB3104-1,,-3.6667,-37.7167,767,South Atlantic,1.98,undetermined,non-spinose,0
GeoB3117-1,,-4.295,-37.0917,800,South Atlantic,2.98,symbiont-barren,non-spinose,0.068
GeoB3117-1,,-4.295,-37.0917,800,South Atlantic,2.98,symbiont-barren,spinose,0
GeoB3117-1,,-4.295,-37.0917,800,South Atlantic,2.98,symbiont-bearing,non-spinose,0
GeoB3117-1,,-4.295,-37.0917,800,South Atlantic,2.98,symbiont-bearing,spinose,0.0486
GeoB3117-1,,-4.295,-37.0917,800,South Atlantic,2.98,symbiont-facultative,non-spinose,0.2859
GeoB3117-1,,-4.295,-37.0917,800,South Atlantic,2.98,symbiont-facultative,spinose,0
GeoB3117-1,,-4.295,-37.0917,800,South Atlantic,2.98,symbiont-obligate,spinose,0.5972
GeoB3117-1,,-4.295,-37.0917,800,South Atlantic,2.98,undetermined,non-spinose,0
GeoB3117-1,,-4.295,-37.0917,800,South Atlantic,3.03,symbiont-barren,non-spinose,0.0758
GeoB3117-1,,-4.295,-37.0917,800,South Atlantic,3.03,symbiont-barren,spinose,0
GeoB3117-1,,-4.295,-37.0917,800,South Atlantic,3.03,symbiont-bearing,non-spinose,0
GeoB3117-1,,-4.295,-37.0917,800,South Atlantic,3.03,symbiont-bearing,spinose,0.0449
GeoB3117-1,,-4.295,-37.0917,800,South Atlantic,3.03,symbiont-facultative,non-spinose,0.2897
GeoB3117-1,,-4.295,-37.0917,800,South Atlantic,3.03,symbiont-facultative,spinose,0
GeoB3117-1,,-4.295,-37.0917,800,South Atlantic,3.03,symbiont-obligate,spinose,0.5895
GeoB3117-1,,-4.295,-37.0917,800,South Atlantic,3.03,undetermined,non-spinose,0
GeoB3117-1,,-4.295,-37.0917,800,South Atlantic,3.13,symbiont-barren,non-spinose,0.0691
GeoB3117-1,,-4.295,-37.0917,800,South Atlantic,3.13,symbiont-barren,spinose,0
GeoB3117-1,,-4.295,-37.0917,800,South Atlantic,3.13,symbiont-bearing,non-spinose,0
GeoB3117-1,,-4.295,-37.0917,800,South Atlantic,3.13,symbiont-bearing,spinose,0.1008
GeoB3117-1,,-4.295,-37.0917,800,South Atlantic,3.13,symbiont-facultative,non-spinose,0.262
GeoB3117-1,,-4.295,-37.0917,800,South Atlantic,3.13,symbiont-facultative,spinose,0
GeoB3117-1,,-4.295,-37.0917,800,South Atlantic,3.13,symbiont-obligate,spinose,0.568
GeoB3117-1,,-4.295,-37.0917,800,South Atlantic,3.13,undetermined,non-spinose,0
GeoB3117-1,,-4.295,-37.0917,800,South Atlantic,3.23,symbiont-barren,non-spinose,0.0599
GeoB3117-1,,-4.295,-37.0917,800,South Atlantic,3.23,symbiont-barren,spinose,0
GeoB3117-1,,-4.295,-37.0917,800,South Atlantic,3.23,symbiont-bearing,non-spinose,0
GeoB3117-1,,-4.295,-37.0917,800,South Atlantic,3.23,symbiont-bearing,spinose,0.0271
GeoB3117-1,,-4.295,-37.0917,800,South Atlantic,3.23,symbiont-facultative,non-spinose,0.3048
GeoB3117-1,,-4.295,-37.0917,800,South Atlantic,3.23,symbiont-facultative,spinose,0
GeoB3117-1,,-4.295,-37.0917,800,South Atlantic,3.23,symbiont-obligate,spinose,0.6083
GeoB3117-1,,-4.295,-37.0917,800,South Atlantic,3.23,undetermined,non-spinose,0
GeoB3117-1,,-4.295,-37.0917,800,South Atlantic,3.33,symbiont-barren,non-spinose,0.0538
GeoB3117-1,,-4.295,-37.0917,800,South Atlantic,3.33,symbiont-barren,spinose,0.0098
GeoB3117-1,,-4.295,-37.0917,800,South Atlantic,3.33,symbiont-bearing,non-spinose,0
GeoB3117-1,,-4.295,-37.0917,800,South Atlantic,3.33,symbiont-bearing,spinose,0.0245
GeoB3117-1,,-4.295,-37.0917,800,South Atlantic,3.33,symbiont-facultative,non-spinose,0.2613
GeoB3117-1,,-4.295,-37.0917,800,South Atlantic,3.33,symbiont-facultative,spinose,0
GeoB3117-1,,-4.295,-37.0917,800,South Atlantic,3.33,symbiont-obligate,spinose,0.6509
GeoB3117-1,,-4.295,-37.0917,800,South Atlantic,3.33,undetermined,non-spinose,0
GeoB3117-1,,-4.295,-37.0917,800,South Atlantic,3.43,symbiont-barren,non-spinose,0.0473
GeoB3117-1,,-4.295,-37.0917,800,South Atlantic,3.43,symbiont-barren,spinose,0
GeoB3117-1,,-4.295,-37.0917,800,South Atlantic,3.43,symbiont-bearing,non-spinose,0
GeoB3117-1,,-4.295,-37.0917,800,South Atlantic,3.43,symbiont-bearing,spinose,0.0131
GeoB3117-1,,-4.295,-37.0917,800,South Atlantic,3.43,symbiont-facultative,non-spinose,0.2056
GeoB3117-1,,-4.295,-37.0917,800,South Atlantic,3.43,symbiont-facultative,spinose,0
GeoB3117-1,,-4.295,-37.0917,800,South Atlantic,3.43,symbiont-obligate,spinose,0.7338
GeoB3117-1,,-4.295,-37.0917,800,South Atlantic,3.43,undetermined,non-spinose,0
GeoB3117-1,,-4.295,-37.0917,800,South Atlantic,3.53,symbiont-barren,non-spinose,0.0276
GeoB3117-1,,-4.295,-37.0917,800,South Atlantic,3.53,symbiont-barren,spinose,0.0034
GeoB3117-1,,-4.295,-37.0917,800,South Atlantic,3.53,symbiont-bearing,non-spinose,0
GeoB3117-1,,-4.295,-37.0917,800,South Atlantic,3.53,symbiont-bearing,spinose,0.0207
GeoB3117-1,,-4.295,-37.0917,800,South Atlantic,3.53,symbiont-facultative,non-spinose,0.1973
GeoB3117-1,,-4.295,-37.0917,800,South Atlantic,3.53,symbiont-facultative,spinose,0
GeoB3117-1,,-4.295,-37.0917,800,South Atlantic,3.53,symbiont-obligate,spinose,0.7509
GeoB3117-1,,-4.295,-37.0917,800,South Atlantic,3.53,undetermined,non-spinose,0
GeoB3175-1,,-7.0533,-34.4633,900,South Atlantic,1.68,symbiont-barren,non-spinose,0.0637
GeoB3175-1,,-7.0533,-34.4633,900,South Atlantic,1.68,symbiont-barren,spinose,0.0227
GeoB3175-1,,-7.0533,-34.4633,900,South Atlantic,1.68,symbiont-bearing,non-spinose,0
GeoB3175-1,,-7.0533,-34.4633,900,South Atlantic,1.68,symbiont-bearing,spinose,0.0226
GeoB3175-1,,-7.0533,-34.4633,900,South Atlantic,1.68,symbiont-facultative,non-spinose,0.0942
GeoB3175-1,,-7.0533,-34.4633,900,South Atlantic,1.68,symbiont-facultative,spinose,0
GeoB3175-1,,-7.0533,-34.4633,900,South Atlantic,1.68,symbiont-obligate,spinose,0.7901
GeoB3175-1,,-7.0533,-34.4633,900,South Atlantic,1.68,undetermined,non-spinose,0
GeoB3175-1,,-7.0533,-34.4633,900,South Atlantic,1.73,symbiont-barren,non-spinose,0.0529
GeoB3175-1,,-7.0533,-34.4633,900,South Atlantic,1.73,symbiont-barren,spinose,0.0338
GeoB3175-1,,-7.0533,-34.4633,900,South Atlantic,1.73,symbiont-bearing,non-spinose,0
GeoB3175-1,,-7.0533,-34.4633,900,South Atlantic,1.73,symbiont-bearing,spinose,0.0406
GeoB3175-1,,-7.0533,-34.4633,900,South Atlantic,1.73,symbiont-facultative,non-spinose,0.0928
GeoB3175-1,,-7.0533,-34.4633,900,South Atlantic,1.73,symbiont-facultative,spinose,0
GeoB3175-1,,-7.0533,-34.4633,900,South Atlantic,1.73,symbiont-obligate,spinose,0.7796
GeoB3175-1,,-7.0533,-34.4633,900,South Atlantic,1.73,undetermined,non-spinose,0
GeoB3175-1,,-7.0533,-34.4633,900,South Atlantic,1.78,symbiont-barren,non-spinose,0.043
GeoB3175-1,,-7.0533,-34.4633,900,South Atlantic,1.78,symbiont-barren,spinose,0.0553
GeoB3175-1,,-7.0533,-34.4633,900,South Atlantic,1.78,symbiont-bearing,non-spinose,0
GeoB3175-1,,-7.0533,-34.4633,900,South Atlantic,1.78,symbiont-bearing,spinose,0.032
GeoB3175-1,,-7.0533,-34.4633,900,South Atlantic,1.78,symbiont-facultative,non-spinose,0.0866
GeoB3175-1,,-7.0533,-34.4633,900,South Atlantic,1.78,symbiont-facultative,spinose,0
GeoB3175-1,,-7.0533,-34.4633,900,South Atlantic,1.78,symbiont-obligate,spinose,0.7834
GeoB3175-1,,-7.0533,-34.4633,900,South Atlantic,1.78,undetermined,non-spinose,0
GeoB3175-1,,-7.0533,-34.4633,900,South Atlantic,1.83,symbiont-barren,non-spinose,0.0651
GeoB3175-1,,-7.0533,-34.4633,900,South Atlantic,1.83,symbiont-barren,spinose,0.0105
GeoB3175-1,,-7.0533,-34.4633,900,South Atlantic,1.83,symbiont-bearing,non-spinose,0
GeoB3175-1,,-7.0533,-34.4633,900,South Atlantic,1.83,symbiont-bearing,spinose,0.0296
GeoB3175-1,,-7.0533,-34.4633,900,South Atlantic,1.83,symbiont-facultative,non-spinose,0.1042
GeoB3175-1,,-7.0533,-34.4633,900,South Atlantic,1.83,symbiont-facultative,spinose,0
GeoB3175-1,,-7.0533,-34.4633,900,South Atlantic,1.83,symbiont-obligate,spinose,0.7905
GeoB3175-1,,-7.0533,-34.4633,900,South Atlantic,1.83,undetermined,non-spinose,0
GeoB3176-1,,-7.0117,-34.4417,1385,South Atlantic,3.43,symbiont-barren,non-spinose,0.0426
GeoB3176-1,,-7.0117,-34.4417,1385,South Atlantic,3.43,symbiont-barren,spinose,0.0091
GeoB3176-1,,-7.0117,-34.4417,1385,South Atlantic,3.43,symbiont-bearing,non-spinose,0
GeoB3176-1,,-7.0117,-34.4417,1385,South Atlantic,3.43,symbiont-bearing,spinose,0.0335
GeoB3176-1,,-7.0117,-34.4417,1385,South Atlantic,3.43,symbiont-facultative,non-spinose,0.1841
GeoB3176-1,,-7.0117,-34.4417,1385,South Atlantic,3.43,symbiont-facultative,spinose,0
GeoB3176-1,,-7.0117,-34.4417,1385,South Atlantic,3.43,symbiont-obligate,spinose,0.7277
GeoB3176-1,,-7.0117,-34.4417,1385,South Atlantic,3.43,undetermined,non-spinose,0
GeoB3176-1,,-7.0117,-34.4417,1385,South Atlantic,3.48,symbiont-barren,non-spinose,0.049
GeoB3176-1,,-7.0117,-34.4417,1385,South Atlantic,3.48,symbiont-barren,spinose,0.0225
GeoB3176-1,,-7.0117,-34.4417,1385,South Atlantic,3.48,symbiont-bearing,non-spinose,0
GeoB3176-1,,-7.0117,-34.4417,1385,South Atlantic,3.48,symbiont-bearing,spinose,0.0406
GeoB3176-1,,-7.0117,-34.4417,1385,South Atlantic,3.48,symbiont-facultative,non-spinose,0.1905
GeoB3176-1,,-7.0117,-34.4417,1385,South Atlantic,3.48,symbiont-facultative,spinose,0
GeoB3176-1,,-7.0117,-34.4417,1385,South Atlantic,3.48,symbiont-obligate,spinose,0.6974
GeoB3176-1,,-7.0117,-34.4417,1385,South Atlantic,3.48,undetermined,non-spinose,0
GeoB3176-1,,-7.0117,-34.4417,1385,South Atlantic,3.53,symbiont-barren,non-spinose,0.0491
GeoB3176-1,,-7.0117,-34.4417,1385,South Atlantic,3.53,symbiont-barren,spinose,0.0388
GeoB3176-1,,-7.0117,-34.4417,1385,South Atlantic,3.53,symbiont-bearing,non-spinose,0
GeoB3176-1,,-7.0117,-34.4417,1385,South Atlantic,3.53,symbiont-bearing,spinose,0.0485
GeoB3176-1,,-7.0117,-34.4417,1385,South Atlantic,3.53,symbiont-facultative,non-spinose,0.1186
GeoB3176-1,,-7.0117,-34.4417,1385,South Atlantic,3.53,symbiont-facultative,spinose,0
GeoB3176-1,,-7.0117,-34.4417,1385,South Atlantic,3.53,symbiont-obligate,spinose,0.7448
GeoB3176-1,,-7.0117,-34.4417,1385,South Atlantic,3.53,undetermined,non-spinose,0
GeoB3176-1,,-7.0117,-34.4417,1385,South Atlantic,3.58,symbiont-barren,non-spinose,0.0214
GeoB3176-1,,-7.0117,-34.4417,1385,South Atlantic,3.58,symbiont-barren,spinose,0.0127
GeoB3176-1,,-7.0117,-34.4417,1385,South Atlantic,3.58,symbiont-bearing,non-spinose,0
GeoB3176-1,,-7.0117,-34.4417,1385,South Atlantic,3.58,symbiont-bearing,spinose,0.0164
GeoB3176-1,,-7.0117,-34.4417,1385,South Atlantic,3.58,symbiont-facultative,non-spinose,0.1416
GeoB3176-1,,-7.0117,-34.4417,1385,South Atlantic,3.58,symbiont-facultative,spinose,0
GeoB3176-1,,-7.0117,-34.4417,1385,South Atlantic,3.58,symbiont-obligate,spinose,0.8081
GeoB3176-1,,-7.0117,-34.4417,1385,South Atlantic,3.58,undetermined,non-spinose,0
GeoB3603-2,,-35.125,17.5433,2840,South Atlantic,0.33,symbiont-barren,non-spinose,0.647
GeoB3603-2,,-35.125,17.5433,2840,South Atlantic,0.33,symbiont-barren,spinose,0.163
GeoB3603-2,,-35.125,17.5433,2840,South Atlantic,0.33,symbiont-bearing,non-spinose,0
GeoB3603-2,,-35.125,17.5433,2840,South Atlantic,0.33,symbiont-bearing,spinose,0
GeoB3603-2,,-35.125,17.5433,2840,South Atlantic,0.33,symbiont-facultative,non-spinose,0.1581
GeoB3603-2,,-35.125,17.5433,2840,South Atlantic,0.33,symbiont-facultative,spinose,0
GeoB3603-2,,-35.125,17.5433,2840,South Atlantic,0.33,symbiont-obligate,spinose,0.0321
GeoB3603-2,,-35.125,17.5433,2840,South Atlantic,0.33,undetermined,non-spinose,0
GeoB3603-2,,-35.125,17.5433,2840,South Atlantic,0.38,symbiont-barren,non-spinose,0.5978
GeoB3603-2,,-35.125,17.5433,2840,South Atlantic,0.38,symbiont-barren,spinose,0.1708
GeoB3603-2,,-35.125,17.5433,2840,South Atlantic,0.38,symbiont-bearing,non-spinose,0
GeoB3603-2,,-35.125,17.5433,2840,South Atlantic,0.38,symbiont-bearing,spinose,0
GeoB3603-2,,-35.125,17.5433,2840,South Atlantic,0.38,symbiont-facultative,non-spinose,0.2011
GeoB3603-2,,-35.125,17.5433,2840,South Atlantic,0.38,symbiont-facultative,spinose,0
GeoB3603-2,,-35.125,17.5433,2840,South Atlantic,0.38,symbiont-obligate,spinose,0.0305
GeoB3603-2,,-35.125,17.5433,2840,South Atlantic,0.38,undetermined,non-spinose,0
GeoB3722-2,,-25.25,12.0217,3506,South Atlantic,0.83,symbiont-barren,non-spinose,0.881
GeoB3722-2,,-25.25,12.0217,3506,South Atlantic,0.83,symbiont-barren,spinose,0.0408
GeoB3722-2,,-25.25,12.0217,3506,South Atlantic,0.83,symbiont-bearing,non-spinose,0
GeoB3722-2,,-25.25,12.0217,3506,South Atlantic,0.83,symbiont-bearing,spinose,0
GeoB3722-2,,-25.25,12.0217,3506,South Atlantic,0.83,symbiont-facultative,non-spinose,0.0769
GeoB3722-2,,-25.25,12.0217,3506,South Atlantic,0.83,symbiont-facultative,spinose,0
GeoB3722-2,,-25.25,12.0217,3506,South Atlantic,0.83,symbiont-obligate,spinose,0.0013
GeoB3722-2,,-25.25,12.0217,3506,South Atlantic,0.83,undetermined,non-spinose,0
GeoB3722-2,,-25.25,12.0217,3506,South Atlantic,0.88,symbiont-barren,non-spinose,0.8093
GeoB3722-2,,-25.25,12.0217,3506,South Atlantic,0.88,symbiont-barren,spinose,0.0866
GeoB3722-2,,-25.25,12.0217,3506,South Atlantic,0.88,symbiont-bearing,non-spinose,0
GeoB3722-2,,-25.25,12.0217,3506,South Atlantic,0.88,symbiont-bearing,spinose,0
GeoB3722-2,,-25.25,12.0217,3506,South Atlantic,0.88,symbiont-facultative,non-spinose,0.0901
GeoB3722-2,,-25.25,12.0217,3506,South Atlantic,0.88,symbiont-facultative,spinose,0
GeoB3722-2,,-25.25,12.0217,3506,South Atlantic,0.88,symbiont-obligate,spinose,0.0139
GeoB3722-2,,-25.25,12.0217,3506,South Atlantic,0.88,undetermined,non-spinose,0
GeoB3722-2,,-25.25,12.0217,3506,South Atlantic,0.93,symbiont-barren,non-spinose,0.911
GeoB3722-2,,-25.25,12.0217,3506,South Atlantic,0.93,symbiont-barren,spinose,0.0244
GeoB3722-2,,-25.25,12.0217,3506,South Atlantic,0.93,symbiont-bearing,non-spinose,0
GeoB3722-2,,-25.25,12.0217,3506,South Atlantic,0.93,symbiont-bearing,spinose,0
GeoB3722-2,,-25.25,12.0217,3506,South Atlantic,0.93,symbiont-facultative,non-spinose,0.0609
GeoB3722-2,,-25.25,12.0217,3506,South Atlantic,0.93,symbiont-facultative,spinose,0
GeoB3722-2,,-25.25,12.0217,3506,South Atlantic,0.93,symbiont-obligate,spinose,0.0037
GeoB3722-2,,-25.25,12.0217,3506,South Atlantic,0.93,undetermined,non-spinose,0
GeoB3722-2,,-25.25,12.0217,3506,South Atlantic,0.98,symbiont-barren,non-spinose,0.8942
GeoB3722-2,,-25.25,12.0217,3506,South Atlantic,0.98,symbiont-barren,spinose,0.0529
GeoB3722-2,,-25.25,12.0217,3506,South Atlantic,0.98,symbiont-bearing,non-spinose,0
GeoB3722-2,,-25.25,12.0217,3506,South Atlantic,0.98,symbiont-bearing,spinose,0
GeoB3722-2,,-25.25,12.0217,3506,South Atlantic,0.98,symbiont-facultative,non-spinose,0.0513
GeoB3722-2,,-25.25,12.0217,3506,South Atlantic,0.98,symbiont-facultative,spinose,0
GeoB3722-2,,-25.25,12.0217,3506,South Atlantic,0.98,symbiont-obligate,spinose,0.0017
GeoB3722-2,,-25.25,12.0217,3506,South Atlantic,0.98,undetermined,non-spinose,0
GeoB3801-6,,-29.5117,-8.305,4546,South Atlantic,0.18,symbiont-barren,non-spinose,0.2501
GeoB3801-6,,-29.5117,-8.305,4546,South Atlantic,0.18,symbiont-barren,spinose,0.1919
GeoB3801-6,,-29.5117,-8.305,4546,South Atlantic,0.18,symbiont-bearing,non-spinose,0
GeoB3801-6,,-29.5117,-8.305,4546,South Atlantic,0.18,symbiont-bearing,spinose,0.0418
GeoB3801-6,,-29.5117,-8.305,4546,South Atlantic,0.18,symbiont-facultative,non-spinose,0.2326
GeoB3801-6,,-29.5117,-8.305,4546,South Atlantic,0.18,symbiont-facultative,spinose,0
GeoB3801-6,,-29.5117,-8.305,4546,South Atlantic,0.18,symbiont-obligate,spinose,0.2717
GeoB3801-6,,-29.5117,-8.305,4546,South Atlantic,0.18,undetermined,non-spinose,0.012
GeoB3808-6,,-30.8117,-14.7117,3213,South Atlantic,0.18,symbiont-barren,non-spinose,0.2342
GeoB3808-6,,-30.8117,-14.7117,3213,South Atlantic,0.18,symbiont-barren,spinose,0.2536
GeoB3808-6,,-30.8117,-14.7117,3213,South Atlantic,0.18,symbiont-bearing,non-spinose,0
GeoB3808-6,,-30.8117,-14.7117,3213,South Atlantic,0.18,symbiont-bearing,spinose,0.0289
GeoB3808-6,,-30.8117,-14.7117,3213,South Atlantic,0.18,symbiont-facultative,non-spinose,0.226
GeoB3808-6,,-30.8117,-14.7117,3213,South Atlantic,0.18,symbiont-facultative,spinose,0
GeoB3808-6,,-30.8117,-14.7117,3213,South Atlantic,0.18,symbiont-obligate,spinose,0.2398
GeoB3808-6,,-30.8117,-14.7117,3213,South Atlantic,0.18,undetermined,non-spinose,0.0176
GeoB3813-3,,-32.2683,-21.9667,4331,South Atlantic,0.13,symbiont-barren,non-spinose,0.4397
GeoB3813-3,,-32.2683,-21.9667,4331,South Atlantic,0.13,symbiont-barren,spinose,0.1539
GeoB3813-3,,-32.2683,-21.9667,4331,South Atlantic,0.13,symbiont-bearing,non-spinose,0
GeoB3813-3,,-32.2683,-21.9667,4331,South Atlantic,0.13,symbiont-bearing,spinose,0.0089
GeoB3813-3,,-32.2683,-21.9667,4331,South Atlantic,0.13,symbiont-facultative,non-spinose,0.2189
GeoB3813-3,,-32.2683,-21.9667,4331,South Atlantic,0.13,symbiont-facultative,spinose,0
GeoB3813-3,,-32.2683,-21.9667,4331,South Atlantic,0.13,symbiont-obligate,spinose,0.1786
GeoB3813-3,,-32.2683,-21.9667,4331,South Atlantic,0.13,undetermined,non-spinose,0
GeoB5112-5,,-23.825,-16.2583,3841,South Atlantic,0.16,symbiont-barren,non-spinose,0.0996
GeoB5112-5,,-23.825,-16.2583,3841,South Atlantic,0.16,symbiont-barren,spinose,0.0769
GeoB5112-5,,-23.825,-16.2583,3841,South Atlantic,0.16,symbiont-bearing,non-spinose,0
GeoB5112-5,,-23.825,-16.2583,3841,South Atlantic,0.16,symbiont-bearing,spinose,0.1165
GeoB5112-5,,-23.825,-16.2583,3841,South Atlantic,0.16,symbiont-facultative,non-spinose,0.2512
GeoB5112-5,,-23.825,-16.2583,3841,South Atlantic,0.16,symbiont-facultative,spinose,0
GeoB5112-5,,-23.825,-16.2583,3841,South Atlantic,0.16,symbiont-obligate,spinose,0.4557
GeoB5112-5,,-23.825,-16.2583,3841,South Atlantic,0.16,undetermined,non-spinose,0
GeoB5115-2,,-24.1433,-14.0433,3291,South Atlantic,0.14,symbiont-barren,non-spinose,0.0951
GeoB5115-2,,-24.1433,-14.0433,3291,South Atlantic,0.14,symbiont-barren,spinose,0.0889
GeoB5115-2,,-24.1433,-14.0433,3291,South Atlantic,0.14,symbiont-bearing,non-spinose,0
GeoB5115-2,,-24.1433,-14.0433,3291,South Atlantic,0.14,symbiont-bearing,spinose,0.0973
GeoB5115-2,,-24.1433,-14.0433,3291,South Atlantic,0.14,symbiont-facultative,non-spinose,0.2221
GeoB5115-2,,-24.1433,-14.0433,3291,South Atlantic,0.14,symbiont-facultative,spinose,0
GeoB5115-2,,-24.1433,-14.0433,3291,South Atlantic,0.14,symbiont-obligate,spinose,0.4957
GeoB5115-2,,-24.1433,-14.0433,3291,South Atlantic,0.14,undetermined,non-spinose,0
GeoB5115-2,,-24.1433,-14.0433,3291,South Atlantic,0.15,symbiont-barren,non-spinose,0.1136
GeoB5115-2,,-24.1433,-14.0433,3291,South Atlantic,0.15,symbiont-barren,spinose,0.0797
GeoB5115-2,,-24.1433,-14.0433,3291,South Atlantic,0.15,symbiont-bearing,non-spinose,0
GeoB5115-2,,-24.1433,-14.0433,3291,South Atlantic,0.15,symbiont-bearing,spinose,0.1135
GeoB5115-2,,-24.1433,-14.0433,3291,South Atlantic,0.15,symbiont-facultative,non-spinose,0.1954
GeoB5115-2,,-24.1433,-14.0433,3291,South Atlantic,0.15,symbiont-facultative,spinose,0
GeoB5115-2,,-24.1433,-14.0433,3291,South Atlantic,0.15,symbiont-obligate,spinose,0.4976
GeoB5115-2,,-24.1433,-14.0433,3291,South Atlantic,0.15,undetermined,non-spinose,0
GeoB5115-2,,-24.1433,-14.0433,3291,South Atlantic,0.16,symbiont-barren,non-spinose,0.0943
GeoB5115-2,,-24.1433,-14.0433,3291,South Atlantic,0.16,symbiont-barren,spinose,0.0844
GeoB5115-2,,-24.1433,-14.0433,3291,South Atlantic,0.16,symbiont-bearing,non-spinose,0
GeoB5115-2,,-24.1433,-14.0433,3291,South Atlantic,0.16,symbiont-bearing,spinose,0.0769
GeoB5115-2,,-24.1433,-14.0433,3291,South Atlantic,0.16,symbiont-facultative,non-spinose,0.2715
GeoB5115-2,,-24.1433,-14.0433,3291,South Atlantic,0.16,symbiont-facultative,spinose,0
GeoB5115-2,,-24.1433,-14.0433,3291,South Atlantic,0.16,symbiont-obligate,spinose,0.4703
GeoB5115-2,,-24.1433,-14.0433,3291,South Atlantic,0.16,undetermined,non-spinose,0
GeoB5115-2,,-24.1433,-14.0433,3291,South Atlantic,0.17,symbiont-barren,non-spinose,0.0913
GeoB5115-2,,-24.1433,-14.0433,3291,South Atlantic,0.17,symbiont-barren,spinose,0.0677
GeoB5115-2,,-24.1433,-14.0433,3291,South Atlantic,0.17,symbiont-bearing,non-spinose,0
GeoB5115-2,,-24.1433,-14.0433,3291,South Atlantic,0.17,symbiont-bearing,spinose,0.0946
GeoB5115-2,,-24.1433,-14.0433,3291,South Atlantic,0.17,symbiont-facultative,non-spinose,0.2636
GeoB5115-2,,-24.1433,-14.0433,3291,South Atlantic,0.17,symbiont-facultative,spinose,0
GeoB5115-2,,-24.1433,-14.0433,3291,South Atlantic,0.17,symbiont-obligate,spinose,0.4812
GeoB5115-2,,-24.1433,-14.0433,3291,South Atlantic,0.17,undetermined,non-spinose,0
GeoB5121-2,,-24.1833,-12.0217,3486,South Atlantic,0.16,symbiont-barren,non-spinose,0.1244
GeoB5121-2,,-24.1833,-12.0217,3486,South Atlantic,0.16,symbiont-barren,spinose,0.0838
GeoB5121-2,,-24.1833,-12.0217,3486,South Atlantic,0.16,symbiont-bearing,non-spinose,0
GeoB5121-2,,-24.1833,-12.0217,3486,South Atlantic,0.16,symbiont-bearing,spinose,0.1349
GeoB5121-2,,-24.1833,-12.0217,3486,South Atlantic,0.16,symbiont-facultative,non-spinose,0.2376
GeoB5121-2,,-24.1833,-12.0217,3486,South Atlantic,0.16,symbiont-facultative,spinose,0
GeoB5121-2,,-24.1833,-12.0217,3486,South Atlantic,0.16,symbiont-obligate,spinose,0.407
GeoB5121-2,,-24.1833,-12.0217,3486,South Atlantic,0.16,undetermined,non-spinose,0.0071
GeoB5133-3,,-19.0867,-10.1917,3660,South Atlantic,0.18,symbiont-barren,non-spinose,0.131
GeoB5133-3,,-19.0867,-10.1917,3660,South Atlantic,0.18,symbiont-barren,spinose,0.112
GeoB5133-3,,-19.0867,-10.1917,3660,South Atlantic,0.18,symbiont-bearing,non-spinose,0
GeoB5133-3,,-19.0867,-10.1917,3660,South Atlantic,0.18,symbiont-bearing,spinose,0.0743
GeoB5133-3,,-19.0867,-10.1917,3660,South Atlantic,0.18,symbiont-facultative,non-spinose,0.2204
GeoB5133-3,,-19.0867,-10.1917,3660,South Atlantic,0.18,symbiont-facultative,spinose,0
GeoB5133-3,,-19.0867,-10.1917,3660,South Atlantic,0.18,symbiont-obligate,spinose,0.4549
GeoB5133-3,,-19.0867,-10.1917,3660,South Atlantic,0.18,undetermined,non-spinose,0.0076
GeoB5140-3,,-19.0517,-16.6133,3660,South Atlantic,0.1,symbiont-barren,non-spinose,0.0993
GeoB5140-3,,-19.0517,-16.6133,3660,South Atlantic,0.1,symbiont-barren,spinose,0.0726
GeoB5140-3,,-19.0517,-16.6133,3660,South Atlantic,0.1,symbiont-bearing,non-spinose,0
GeoB5140-3,,-19.0517,-16.6133,3660,South Atlantic,0.1,symbiont-bearing,spinose,0.2435
GeoB5140-3,,-19.0517,-16.6133,3660,South Atlantic,0.1,symbiont-facultative,non-spinose,0.1901
GeoB5140-3,,-19.0517,-16.6133,3660,South Atlantic,0.1,symbiont-facultative,spinose,0.0041
GeoB5140-3,,-19.0517,-16.6133,3660,South Atlantic,0.1,symbiont-obligate,spinose,0.3777
GeoB5140-3,,-19.0517,-16.6133,3660,South Atlantic,0.1,undetermined,non-spinose,0.0122
GeoB5140-3,,-19.0517,-16.6133,3660,South Atlantic,0.11,symbiont-barren,non-spinose,0.0818
GeoB5140-3,,-19.0517,-16.6133,3660,South Atlantic,0.11,symbiont-barren,spinose,0.0616
GeoB5140-3,,-19.0517,-16.6133,3660,South Atlantic,0.11,symbiont-bearing,non-spinose,0
GeoB5140-3,,-19.0517,-16.6133,3660,South Atlantic,0.11,symbiont-bearing,spinose,0.2218
GeoB5140-3,,-19.0517,-16.6133,3660,South Atlantic,0.11,symbiont-facultative,non-spinose,0.197
GeoB5140-3,,-19.0517,-16.6133,3660,South Atlantic,0.11,symbiont-facultative,spinose,0.0052
GeoB5140-3,,-19.0517,-16.6133,3660,South Atlantic,0.11,symbiont-obligate,spinose,0.4241
GeoB5140-3,,-19.0517,-16.6133,3660,South Atlantic,0.11,undetermined,non-spinose,0.0084
GeoB5140-3,,-19.0517,-16.6133,3660,South Atlantic,0.12,symbiont-barren,non-spinose,0.1087
GeoB5140-3,,-19.0517,-16.6133,3660,South Atlantic,0.12,symbiont-barren,spinose,0.0805
GeoB5140-3,,-19.0517,-16.6133,3660,South Atlantic,0.12,symbiont-bearing,non-spinose,0
GeoB5140-3,,-19.0517,-16.6133,3660,South Atlantic,0.12,symbiont-bearing,spinose,0.1921
GeoB5140-3,,-19.0517,-16.6133,3660,South Atlantic,0.12,symbiont-facultative,non-spinose,0.1507
GeoB5140-3,,-19.0517,-16.6133,3660,South Atlantic,0.12,symbiont-facultative,spinose,0.0088
GeoB5140-3,,-19.0517,-16.6133,3660,South Atlantic,0.12,symbiont-obligate,spinose,0.4473
GeoB5140-3,,-19.0517,-16.6133,3660,South Atlantic,0.12,undetermined,non-spinose,0.0117
GeoB7010-2,,8.57,-53.205,2549,North Atlantic,,symbiont-barren,non-spinose,0.165512376555085
GeoB7010-2,,8.57,-53.205,2549,North Atlantic,,symbiont-barren,spinose,0.284917275875337
GeoB7010-2,,8.57,-53.205,2549,North Atlantic,,symbiont-bearing,non-spinose,0
GeoB7010-2,,8.57,-53.205,2549,North Atlantic,,symbiont-bearing,spinose,0.0633485406475018
GeoB7010-2,,8.57,-53.205,2549,North Atlantic,,symbiont-facultative,non-spinose,0.420308177137727
GeoB7010-2,,8.57,-53.205,2549,North Atlantic,,symbiont-facultative,spinose,0.00605544256948643
GeoB7010-2,,8.57,-53.205,2549,North Atlantic,,symbiont-obligate,spinose,1.05395848220011
GeoB7010-2,,8.57,-53.205,2549,North Atlantic,,undetermined,non-spinose,0.00294985250737463
HU87-033-008,,62.6485,-53.8845,,North Atlantic,2.23,symbiont-barren,non-spinose,1
HU87-033-008,,62.6485,-53.8845,,North Atlantic,2.23,symbiont-barren,spinose,0
HU87-033-008,,62.6485,-53.8845,,North Atlantic,2.23,symbiont-bearing,non-spinose,0
HU87-033-008,,62.6485,-53.8845,,North Atlantic,2.23,symbiont-bearing,spinose,0
HU87-033-008,,62.6485,-53.8845,,North Atlantic,2.23,symbiont-facultative,non-spinose,0
HU87-033-008,,62.6485,-53.8845,,North Atlantic,2.23,symbiont-facultative,spinose,0
HU87-033-008,,62.6485,-53.8845,,North Atlantic,2.23,symbiont-obligate,spinose,0
HU87-033-008,,62.6485,-53.8845,,North Atlantic,2.23,undetermined,non-spinose,0
HU87-033-008,,62.6485,-53.8845,,North Atlantic,2.35,symbiont-barren,non-spinose,1
HU87-033-008,,62.6485,-53.8845,,North Atlantic,2.35,symbiont-barren,spinose,0
HU87-033-008,,62.6485,-53.8845,,North Atlantic,2.35,symbiont-bearing,non-spinose,0
HU87-033-008,,62.6485,-53.8845,,North Atlantic,2.35,symbiont-bearing,spinose,0
HU87-033-008,,62.6485,-53.8845,,North Atlantic,2.35,symbiont-facultative,non-spinose,0
HU87-033-008,,62.6485,-53.8845,,North Atlantic,2.35,symbiont-facultative,spinose,0
HU87-033-008,,62.6485,-53.8845,,North Atlantic,2.35,symbiont-obligate,spinose,0
HU87-033-008,,62.6485,-53.8845,,North Atlantic,2.35,undetermined,non-spinose,0
HU87-033-008,,62.6485,-53.8845,,North Atlantic,2.68,symbiont-barren,non-spinose,1
HU87-033-008,,62.6485,-53.8845,,North Atlantic,2.68,symbiont-barren,spinose,0
HU87-033-008,,62.6485,-53.8845,,North Atlantic,2.68,symbiont-bearing,non-spinose,0
HU87-033-008,,62.6485,-53.8845,,North Atlantic,2.68,symbiont-bearing,spinose,0
HU87-033-008,,62.6485,-53.8845,,North Atlantic,2.68,symbiont-facultative,non-spinose,0
HU87-033-008,,62.6485,-53.8845,,North Atlantic,2.68,symbiont-facultative,spinose,0
HU87-033-008,,62.6485,-53.8845,,North Atlantic,2.68,symbiont-obligate,spinose,0
HU87-033-008,,62.6485,-53.8845,,North Atlantic,2.68,undetermined,non-spinose,0
HU87-033-008,,62.6485,-53.8845,,North Atlantic,3.03,symbiont-barren,non-spinose,1
HU87-033-008,,62.6485,-53.8845,,North Atlantic,3.03,symbiont-barren,spinose,0
HU87-033-008,,62.6485,-53.8845,,North Atlantic,3.03,symbiont-bearing,non-spinose,0
HU87-033-008,,62.6485,-53.8845,,North Atlantic,3.03,symbiont-bearing,spinose,0
HU87-033-008,,62.6485,-53.8845,,North Atlantic,3.03,symbiont-facultative,non-spinose,0
HU87-033-008,,62.6485,-53.8845,,North Atlantic,3.03,symbiont-facultative,spinose,0
HU87-033-008,,62.6485,-53.8845,,North Atlantic,3.03,symbiont-obligate,spinose,0
HU87-033-008,,62.6485,-53.8845,,North Atlantic,3.03,undetermined,non-spinose,0
HU87-033-008,,62.6485,-53.8845,,North Atlantic,3.14,symbiont-barren,non-spinose,1
HU87-033-008,,62.6485,-53.8845,,North Atlantic,3.14,symbiont-barren,spinose,0
HU87-033-008,,62.6485,-53.8845,,North Atlantic,3.14,symbiont-bearing,non-spinose,0
HU87-033-008,,62.6485,-53.8845,,North Atlantic,3.14,symbiont-bearing,spinose,0
HU87-033-008,,62.6485,-53.8845,,North Atlantic,3.14,symbiont-facultative,non-spinose,0
HU87-033-008,,62.6485,-53.8845,,North Atlantic,3.14,symbiont-facultative,spinose,0
HU87-033-008,,62.6485,-53.8845,,North Atlantic,3.14,symbiont-obligate,spinose,0
HU87-033-008,,62.6485,-53.8845,,North Atlantic,3.14,undetermined,non-spinose,0
HU90-013-013,,58.2098,-48.3733,,North Atlantic,4.78,symbiont-barren,non-spinose,0.987
HU90-013-013,,58.2098,-48.3733,,North Atlantic,4.78,symbiont-barren,spinose,0.014
HU90-013-013,,58.2098,-48.3733,,North Atlantic,4.78,symbiont-bearing,non-spinose,0
HU90-013-013,,58.2098,-48.3733,,North Atlantic,4.78,symbiont-bearing,spinose,0
HU90-013-013,,58.2098,-48.3733,,North Atlantic,4.78,symbiont-facultative,non-spinose,0
HU90-013-013,,58.2098,-48.3733,,North Atlantic,4.78,symbiont-facultative,spinose,0
HU90-013-013,,58.2098,-48.3733,,North Atlantic,4.78,symbiont-obligate,spinose,0
HU90-013-013,,58.2098,-48.3733,,North Atlantic,4.78,undetermined,non-spinose,0
HU91-045-090,,50.3898,-45.26,,North Atlantic,3,symbiont-barren,non-spinose,0.966
HU91-045-090,,50.3898,-45.26,,North Atlantic,3,symbiont-barren,spinose,0.029
HU91-045-090,,50.3898,-45.26,,North Atlantic,3,symbiont-bearing,non-spinose,0
HU91-045-090,,50.3898,-45.26,,North Atlantic,3,symbiont-bearing,spinose,0
HU91-045-090,,50.3898,-45.26,,North Atlantic,3,symbiont-facultative,non-spinose,0.005
HU91-045-090,,50.3898,-45.26,,North Atlantic,3,symbiont-facultative,spinose,0
HU91-045-090,,50.3898,-45.26,,North Atlantic,3,symbiont-obligate,spinose,0
HU91-045-090,,50.3898,-45.26,,North Atlantic,3,undetermined,non-spinose,0
HU91-045-090,,50.3898,-45.26,,North Atlantic,3.1,symbiont-barren,non-spinose,0.933
HU91-045-090,,50.3898,-45.26,,North Atlantic,3.1,symbiont-barren,spinose,0.045
HU91-045-090,,50.3898,-45.26,,North Atlantic,3.1,symbiont-bearing,non-spinose,0
HU91-045-090,,50.3898,-45.26,,North Atlantic,3.1,symbiont-bearing,spinose,0
HU91-045-090,,50.3898,-45.26,,North Atlantic,3.1,symbiont-facultative,non-spinose,0.023
HU91-045-090,,50.3898,-45.26,,North Atlantic,3.1,symbiont-facultative,spinose,0
HU91-045-090,,50.3898,-45.26,,North Atlantic,3.1,symbiont-obligate,spinose,0
HU91-045-090,,50.3898,-45.26,,North Atlantic,3.1,undetermined,non-spinose,0
HU91-045-090,,50.3898,-45.26,,North Atlantic,3.19,symbiont-barren,non-spinose,0.996
HU91-045-090,,50.3898,-45.26,,North Atlantic,3.19,symbiont-barren,spinose,0.003
HU91-045-090,,50.3898,-45.26,,North Atlantic,3.19,symbiont-bearing,non-spinose,0
HU91-045-090,,50.3898,-45.26,,North Atlantic,3.19,symbiont-bearing,spinose,0
HU91-045-090,,50.3898,-45.26,,North Atlantic,3.19,symbiont-facultative,non-spinose,0
HU91-045-090,,50.3898,-45.26,,North Atlantic,3.19,symbiont-facultative,spinose,0
HU91-045-090,,50.3898,-45.26,,North Atlantic,3.19,symbiont-obligate,spinose,0
HU91-045-090,,50.3898,-45.26,,North Atlantic,3.19,undetermined,non-spinose,0
HU91-045-090,,50.3898,-45.26,,North Atlantic,3.36,symbiont-barren,non-spinose,0.993
HU91-045-090,,50.3898,-45.26,,North Atlantic,3.36,symbiont-barren,spinose,0.006
HU91-045-090,,50.3898,-45.26,,North Atlantic,3.36,symbiont-bearing,non-spinose,0
HU91-045-090,,50.3898,-45.26,,North Atlantic,3.36,symbiont-bearing,spinose,0
HU91-045-090,,50.3898,-45.26,,North Atlantic,3.36,symbiont-facultative,non-spinose,0
HU91-045-090,,50.3898,-45.26,,North Atlantic,3.36,symbiont-facultative,spinose,0
HU91-045-090,,50.3898,-45.26,,North Atlantic,3.36,symbiont-obligate,spinose,0
HU91-045-090,,50.3898,-45.26,,North Atlantic,3.36,undetermined,non-spinose,0
JM96-1225/1+2,Gravity corer,64.905,-29.29,1683,North Atlantic,,symbiont-barren,spinose,0.16990639796
JM96-1225/1+2,Gravity corer,64.905,-29.29,1683,North Atlantic,,symbiont-bearing,non-spinose,0.00316455696
JM96-1225/1+2,Gravity corer,64.905,-29.29,1683,North Atlantic,,symbiont-bearing,spinose,0
JM96-1225/1+2,Gravity corer,64.905,-29.29,1683,North Atlantic,,symbiont-facultative,non-spinose,0.15253352809
JM96-1225/1+2,Gravity corer,64.905,-29.29,1683,North Atlantic,,symbiont-facultative,spinose,0
JM96-1225/1+2,Gravity corer,64.905,-29.29,1683,North Atlantic,,symbiont-obligate,spinose,0
JM96-1225/1+2,Gravity corer,64.905,-29.29,1683,North Atlantic,,undetermined,non-spinose,0
K12,,2.688888889,127.7361111,3510,Pacific,2.8675,symbiont-barren,non-spinose,0.066
K12,,2.688888889,127.7361111,3510,Pacific,2.8675,symbiont-barren,spinose,0.105
K12,,2.688888889,127.7361111,3510,Pacific,2.8675,symbiont-bearing,non-spinose,0
K12,,2.688888889,127.7361111,3510,Pacific,2.8675,symbiont-bearing,spinose,0.015
K12,,2.688888889,127.7361111,3510,Pacific,2.8675,symbiont-facultative,non-spinose,0.74
K12,,2.688888889,127.7361111,3510,Pacific,2.8675,symbiont-facultative,spinose,0
K12,,2.688888889,127.7361111,3510,Pacific,2.8675,symbiont-obligate,spinose,0.129
K12,,2.688888889,127.7361111,3510,Pacific,2.8675,undetermined,non-spinose,0
K708-4,,49.984,-25.018,3346,North Atlantic,58,symbiont-barren,non-spinose,0.976470588235294
K708-4,,49.984,-25.018,3346,North Atlantic,58,symbiont-barren,spinose,0.0188235294117647
K708-4,,49.984,-25.018,3346,North Atlantic,58,symbiont-bearing,non-spinose,0
K708-4,,49.984,-25.018,3346,North Atlantic,58,symbiont-bearing,spinose,0
K708-4,,49.984,-25.018,3346,North Atlantic,58,symbiont-facultative,non-spinose,0.00470588235294118
K708-4,,49.984,-25.018,3346,North Atlantic,58,symbiont-facultative,spinose,0
K708-4,,49.984,-25.018,3346,North Atlantic,58,symbiont-obligate,spinose,0
K708-4,,49.984,-25.018,3346,North Atlantic,58,undetermined,non-spinose,0
K708-6,,51.552,-29.567,2469,North Atlantic,60,symbiont-barren,non-spinose,0.935
K708-6,,51.552,-29.567,2469,North Atlantic,60,symbiont-barren,spinose,0.065
K708-6,,51.552,-29.567,2469,North Atlantic,60,symbiont-bearing,non-spinose,0
K708-6,,51.552,-29.567,2469,North Atlantic,60,symbiont-bearing,spinose,0
K708-6,,51.552,-29.567,2469,North Atlantic,60,symbiont-facultative,non-spinose,0
K708-6,,51.552,-29.567,2469,North Atlantic,60,symbiont-facultative,spinose,0
K708-6,,51.552,-29.567,2469,North Atlantic,60,symbiont-obligate,spinose,0
K708-6,,51.552,-29.567,2469,North Atlantic,60,undetermined,non-spinose,0
K708-7,,53.933,-24.083,3502,North Atlantic,53,symbiont-barren,non-spinose,0.942084942084942
K708-7,,53.933,-24.083,3502,North Atlantic,53,symbiont-barren,spinose,0.0347490347490348
K708-7,,53.933,-24.083,3502,North Atlantic,53,symbiont-bearing,non-spinose,0
K708-7,,53.933,-24.083,3502,North Atlantic,53,symbiont-bearing,spinose,0
K708-7,,53.933,-24.083,3502,North Atlantic,53,symbiont-facultative,non-spinose,0.0231660231660232
K708-7,,53.933,-24.083,3502,North Atlantic,53,symbiont-facultative,spinose,0
K708-7,,53.933,-24.083,3502,North Atlantic,53,symbiont-obligate,spinose,0
K708-7,,53.933,-24.083,3502,North Atlantic,53,undetermined,non-spinose,0
K708-8,,52.736,-22.55,4009,North Atlantic,83,symbiont-barren,non-spinose,0.930379746835443
K708-8,,52.736,-22.55,4009,North Atlantic,83,symbiont-barren,spinose,0.0395569620253165
K708-8,,52.736,-22.55,4009,North Atlantic,83,symbiont-bearing,non-spinose,0
K708-8,,52.736,-22.55,4009,North Atlantic,83,symbiont-bearing,spinose,0
K708-8,,52.736,-22.55,4009,North Atlantic,83,symbiont-facultative,non-spinose,0.0300632911392405
K708-8,,52.736,-22.55,4009,North Atlantic,83,symbiont-facultative,spinose,0
K708-8,,52.736,-22.55,4009,North Atlantic,83,symbiont-obligate,spinose,0
K708-8,,52.736,-22.55,4009,North Atlantic,83,undetermined,non-spinose,0
K714-3,,57.486,-27.519,1978,North Atlantic,82,symbiont-barren,non-spinose,0.919517102615694
K714-3,,57.486,-27.519,1978,North Atlantic,82,symbiont-barren,spinose,0.0704225352112676
K714-3,,57.486,-27.519,1978,North Atlantic,82,symbiont-bearing,non-spinose,0
K714-3,,57.486,-27.519,1978,North Atlantic,82,symbiont-bearing,spinose,0
K714-3,,57.486,-27.519,1978,North Atlantic,82,symbiont-facultative,non-spinose,0.0100603621730382
K714-3,,57.486,-27.519,1978,North Atlantic,82,symbiont-facultative,spinose,0
K714-3,,57.486,-27.519,1978,North Atlantic,82,symbiont-obligate,spinose,0
K714-3,,57.486,-27.519,1978,North Atlantic,82,undetermined,non-spinose,0
KC24-19,,42.14966667,-10.48766667,2765,North Atlantic,,symbiont-bearing,non-spinose,0
KC24-19,,42.14966667,-10.48766667,2765,North Atlantic,,symbiont-bearing,spinose,0.0151551054188288
KC24-19,,42.14966667,-10.48766667,2765,North Atlantic,,symbiont-facultative,spinose,0
KC24-19,,42.14966667,-10.48766667,2765,North Atlantic,,symbiont-obligate,spinose,0.96351624144095
KC24-19,,42.14966667,-10.48766667,2765,North Atlantic,,undetermined,non-spinose,0.0130315210492913
KET8003,Piston,38.49,14.3,1900,Mediterranean,,symbiont-barren,non-spinose,0
KET8003,Piston,38.49,14.3,1900,Mediterranean,,symbiont-barren,spinose,0
KET8003,Piston,38.49,14.3,1900,Mediterranean,,symbiont-bearing,non-spinose,0
KET8003,Piston,38.49,14.3,1900,Mediterranean,,symbiont-bearing,spinose,0
KET8003,Piston,38.49,14.3,1900,Mediterranean,,symbiont-facultative,non-spinose,0
KET8003,Piston,38.49,14.3,1900,Mediterranean,,symbiont-facultative,spinose,0
KET8003,Piston,38.49,14.3,1900,Mediterranean,,symbiont-obligate,spinose,0
KET8003,Piston,38.49,14.3,1900,Mediterranean,,undetermined,non-spinose,0
KET8019,Piston,40.33,13.21,1920,Mediterranean,,symbiont-barren,non-spinose,0
KET8019,Piston,40.33,13.21,1920,Mediterranean,,symbiont-barren,spinose,0
KET8019,Piston,40.33,13.21,1920,Mediterranean,,symbiont-bearing,non-spinose,0
KET8019,Piston,40.33,13.21,1920,Mediterranean,,symbiont-bearing,spinose,0
KET8019,Piston,40.33,13.21,1920,Mediterranean,,symbiont-facultative,non-spinose,0
KET8019,Piston,40.33,13.21,1920,Mediterranean,,symbiont-facultative,spinose,0
KET8019,Piston,40.33,13.21,1920,Mediterranean,,symbiont-obligate,spinose,0
KET8019,Piston,40.33,13.21,1920,Mediterranean,,undetermined,non-spinose,0
KET8022,Piston,40.35,11.43,2430,Mediterranean,,symbiont-barren,non-spinose,0
KET8022,Piston,40.35,11.43,2430,Mediterranean,,symbiont-barren,spinose,0
KET8022,Piston,40.35,11.43,2430,Mediterranean,,symbiont-bearing,non-spinose,0
KET8022,Piston,40.35,11.43,2430,Mediterranean,,symbiont-bearing,spinose,0
KET8022,Piston,40.35,11.43,2430,Mediterranean,,symbiont-facultative,non-spinose,0
KET8022,Piston,40.35,11.43,2430,Mediterranean,,symbiont-facultative,spinose,0
KET8022,Piston,40.35,11.43,2430,Mediterranean,,symbiont-obligate,spinose,0
KET8022,Piston,40.35,11.43,2430,Mediterranean,,undetermined,non-spinose,0
KET8039,Piston,36.32,11.41,290,Mediterranean,,symbiont-barren,non-spinose,0
KET8039,Piston,36.32,11.41,290,Mediterranean,,symbiont-barren,spinose,0
KET8039,Piston,36.32,11.41,290,Mediterranean,,symbiont-bearing,non-spinose,0
KET8039,Piston,36.32,11.41,290,Mediterranean,,symbiont-bearing,spinose,0
KET8039,Piston,36.32,11.41,290,Mediterranean,,symbiont-facultative,non-spinose,0
KET8039,Piston,36.32,11.41,290,Mediterranean,,symbiont-facultative,spinose,0
KET8039,Piston,36.32,11.41,290,Mediterranean,,symbiont-obligate,spinose,0
KET8039,Piston,36.32,11.41,290,Mediterranean,,undetermined,non-spinose,0
KET8216,Piston,41.31,17.59,1166,Mediterranean,,symbiont-barren,non-spinose,0
KET8216,Piston,41.31,17.59,1166,Mediterranean,,symbiont-barren,spinose,0
KET8216,Piston,41.31,17.59,1166,Mediterranean,,symbiont-bearing,non-spinose,0
KET8216,Piston,41.31,17.59,1166,Mediterranean,,symbiont-bearing,spinose,0
KET8216,Piston,41.31,17.59,1166,Mediterranean,,symbiont-facultative,non-spinose,0
KET8216,Piston,41.31,17.59,1166,Mediterranean,,symbiont-facultative,spinose,0
KET8216,Piston,41.31,17.59,1166,Mediterranean,,symbiont-obligate,spinose,0
KET8216,Piston,41.31,17.59,1166,Mediterranean,,undetermined,non-spinose,0
KF09,,37.1113,-32.2868,2655,North Atlantic,2.6,symbiont-barren,non-spinose,0.267
KF09,,37.1113,-32.2868,2655,North Atlantic,2.6,symbiont-barren,spinose,0.233
KF09,,37.1113,-32.2868,2655,North Atlantic,2.6,symbiont-bearing,non-spinose,0
KF09,,37.1113,-32.2868,2655,North Atlantic,2.6,symbiont-bearing,spinose,0.005
KF09,,37.1113,-32.2868,2655,North Atlantic,2.6,symbiont-facultative,non-spinose,0.385
KF09,,37.1113,-32.2868,2655,North Atlantic,2.6,symbiont-facultative,spinose,0
KF09,,37.1113,-32.2868,2655,North Atlantic,2.6,symbiont-obligate,spinose,0.102
KF09,,37.1113,-32.2868,2655,North Atlantic,2.6,undetermined,non-spinose,0
KF09,,37.1113,-32.2868,2655,North Atlantic,2.9,symbiont-barren,non-spinose,0.245
KF09,,37.1113,-32.2868,2655,North Atlantic,2.9,symbiont-barren,spinose,0.202
KF09,,37.1113,-32.2868,2655,North Atlantic,2.9,symbiont-bearing,non-spinose,0
KF09,,37.1113,-32.2868,2655,North Atlantic,2.9,symbiont-bearing,spinose,0
KF09,,37.1113,-32.2868,2655,North Atlantic,2.9,symbiont-facultative,non-spinose,0.438
KF09,,37.1113,-32.2868,2655,North Atlantic,2.9,symbiont-facultative,spinose,0
KF09,,37.1113,-32.2868,2655,North Atlantic,2.9,symbiont-obligate,spinose,0.112
KF09,,37.1113,-32.2868,2655,North Atlantic,2.9,undetermined,non-spinose,0
KF09,,37.1113,-32.2868,2655,North Atlantic,3.1,symbiont-barren,non-spinose,0.247
KF09,,37.1113,-32.2868,2655,North Atlantic,3.1,symbiont-barren,spinose,0.202
KF09,,37.1113,-32.2868,2655,North Atlantic,3.1,symbiont-bearing,non-spinose,0.001
KF09,,37.1113,-32.2868,2655,North Atlantic,3.1,symbiont-bearing,spinose,0.008
KF09,,37.1113,-32.2868,2655,North Atlantic,3.1,symbiont-facultative,non-spinose,0.408
KF09,,37.1113,-32.2868,2655,North Atlantic,3.1,symbiont-facultative,spinose,0
KF09,,37.1113,-32.2868,2655,North Atlantic,3.1,symbiont-obligate,spinose,0.116
KF09,,37.1113,-32.2868,2655,North Atlantic,3.1,undetermined,non-spinose,0
KF13,,37.5783,-31.8422,2690,North Atlantic,1.8,symbiont-barren,non-spinose,0.301
KF13,,37.5783,-31.8422,2690,North Atlantic,1.8,symbiont-barren,spinose,0.248
KF13,,37.5783,-31.8422,2690,North Atlantic,1.8,symbiont-bearing,non-spinose,0
KF13,,37.5783,-31.8422,2690,North Atlantic,1.8,symbiont-bearing,spinose,0.004
KF13,,37.5783,-31.8422,2690,North Atlantic,1.8,symbiont-facultative,non-spinose,0.347
KF13,,37.5783,-31.8422,2690,North Atlantic,1.8,symbiont-facultative,spinose,0.003
KF13,,37.5783,-31.8422,2690,North Atlantic,1.8,symbiont-obligate,spinose,0.081
KF13,,37.5783,-31.8422,2690,North Atlantic,1.8,undetermined,non-spinose,0
KF13,,37.5783,-31.8422,2690,North Atlantic,1.9,symbiont-barren,non-spinose,0.305
KF13,,37.5783,-31.8422,2690,North Atlantic,1.9,symbiont-barren,spinose,0.201
KF13,,37.5783,-31.8422,2690,North Atlantic,1.9,symbiont-bearing,non-spinose,0
KF13,,37.5783,-31.8422,2690,North Atlantic,1.9,symbiont-bearing,spinose,0.008
KF13,,37.5783,-31.8422,2690,North Atlantic,1.9,symbiont-facultative,non-spinose,0.382
KF13,,37.5783,-31.8422,2690,North Atlantic,1.9,symbiont-facultative,spinose,0
KF13,,37.5783,-31.8422,2690,North Atlantic,1.9,symbiont-obligate,spinose,0.094
KF13,,37.5783,-31.8422,2690,North Atlantic,1.9,undetermined,non-spinose,0
KF16,,37.999,-31.1283,3050,North Atlantic,6,symbiont-barren,non-spinose,0.309
KF16,,37.999,-31.1283,3050,North Atlantic,6,symbiont-barren,spinose,0.322
KF16,,37.999,-31.1283,3050,North Atlantic,6,symbiont-bearing,non-spinose,0
KF16,,37.999,-31.1283,3050,North Atlantic,6,symbiont-bearing,spinose,0.005
KF16,,37.999,-31.1283,3050,North Atlantic,6,symbiont-facultative,non-spinose,0.297
KF16,,37.999,-31.1283,3050,North Atlantic,6,symbiont-facultative,spinose,0
KF16,,37.999,-31.1283,3050,North Atlantic,6,symbiont-obligate,spinose,0.063
KF16,,37.999,-31.1283,3050,North Atlantic,6,undetermined,non-spinose,0
KH90-3-P2,Piston,-1.170166667,160.007,2494,Pacific,0.631,symbiont-barren,non-spinose,0.00201816347
KH90-3-P2,Piston,-1.170166667,160.007,2494,Pacific,0.631,symbiont-barren,spinose,0.12613521697
KH90-3-P2,Piston,-1.170166667,160.007,2494,Pacific,0.631,symbiont-bearing,non-spinose,0
KH90-3-P2,Piston,-1.170166667,160.007,2494,Pacific,0.631,symbiont-bearing,spinose,0.03531786074
KH90-3-P2,Piston,-1.170166667,160.007,2494,Pacific,0.631,symbiont-facultative,non-spinose,0.35116044397
KH90-3-P2,Piston,-1.170166667,160.007,2494,Pacific,0.631,symbiont-facultative,spinose,0
KH90-3-P2,Piston,-1.170166667,160.007,2494,Pacific,0.631,symbiont-obligate,spinose,0.44096871844
KH90-3-P2,Piston,-1.170166667,160.007,2494,Pacific,0.631,undetermined,non-spinose,0.01109989909
KH90-3-P2,Piston,-1.170166667,160.007,2494,Pacific,0.677,symbiont-barren,non-spinose,0.00300902708
KH90-3-P2,Piston,-1.170166667,160.007,2494,Pacific,0.677,symbiont-barren,spinose,0.1374122367
KH90-3-P2,Piston,-1.170166667,160.007,2494,Pacific,0.677,symbiont-bearing,non-spinose,0
KH90-3-P2,Piston,-1.170166667,160.007,2494,Pacific,0.677,symbiont-bearing,spinose,0.02407221665
KH90-3-P2,Piston,-1.170166667,160.007,2494,Pacific,0.677,symbiont-facultative,non-spinose,0.3500501505
KH90-3-P2,Piston,-1.170166667,160.007,2494,Pacific,0.677,symbiont-facultative,spinose,0
KH90-3-P2,Piston,-1.170166667,160.007,2494,Pacific,0.677,symbiont-obligate,spinose,0.44633901704
KH90-3-P2,Piston,-1.170166667,160.007,2494,Pacific,0.677,undetermined,non-spinose,0.00501504514
KH92-1-3a,Piston,8.015666667,139.6401667,2830,Pacific,0.324,symbiont-barren,non-spinose,0.02316213495
KH92-1-3a,Piston,8.015666667,139.6401667,2830,Pacific,0.324,symbiont-barren,spinose,0.10473313192
KH92-1-3a,Piston,8.015666667,139.6401667,2830,Pacific,0.324,symbiont-bearing,non-spinose,0
KH92-1-3a,Piston,8.015666667,139.6401667,2830,Pacific,0.324,symbiont-bearing,spinose,0.03927492447
KH92-1-3a,Piston,8.015666667,139.6401667,2830,Pacific,0.324,symbiont-facultative,non-spinose,0.24874118834
KH92-1-3a,Piston,8.015666667,139.6401667,2830,Pacific,0.324,symbiont-facultative,spinose,0
KH92-1-3a,Piston,8.015666667,139.6401667,2830,Pacific,0.324,symbiont-obligate,spinose,0.51863041291
KH92-1-3a,Piston,8.015666667,139.6401667,2830,Pacific,0.324,undetermined,non-spinose,0
KH92-1-5a,Piston,3.531833333,141.8616667,2283,Pacific,0.222,symbiont-barren,non-spinose,0
KH92-1-5a,Piston,3.531833333,141.8616667,2283,Pacific,0.222,symbiont-barren,spinose,0.055
KH92-1-5a,Piston,3.531833333,141.8616667,2283,Pacific,0.222,symbiont-bearing,non-spinose,0
KH92-1-5a,Piston,3.531833333,141.8616667,2283,Pacific,0.222,symbiont-bearing,spinose,0.02
KH92-1-5a,Piston,3.531833333,141.8616667,2283,Pacific,0.222,symbiont-facultative,non-spinose,0.34
KH92-1-5a,Piston,3.531833333,141.8616667,2283,Pacific,0.222,symbiont-facultative,spinose,0
KH92-1-5a,Piston,3.531833333,141.8616667,2283,Pacific,0.222,symbiont-obligate,spinose,0.55
KH92-1-5a,Piston,3.531833333,141.8616667,2283,Pacific,0.222,undetermined,non-spinose,0
KL96,Piston,32.77,19.19,1390,Mediterranean,,symbiont-barren,non-spinose,0
KL96,Piston,32.77,19.19,1390,Mediterranean,,symbiont-barren,spinose,0
KL96,Piston,32.77,19.19,1390,Mediterranean,,symbiont-bearing,non-spinose,0
KL96,Piston,32.77,19.19,1390,Mediterranean,,symbiont-bearing,spinose,0
KL96,Piston,32.77,19.19,1390,Mediterranean,,symbiont-facultative,non-spinose,0
KL96,Piston,32.77,19.19,1390,Mediterranean,,symbiont-facultative,spinose,0
KL96,Piston,32.77,19.19,1390,Mediterranean,,symbiont-obligate,spinose,0
KL96,Piston,32.77,19.19,1390,Mediterranean,,undetermined,non-spinose,0
KN708-1,,50,-23.75,4053,North Atlantic,1,symbiont-barren,non-spinose,0.964
KN708-1,,50,-23.75,4053,North Atlantic,1,symbiont-barren,spinose,0.032
KN708-1,,50,-23.75,4053,North Atlantic,1,symbiont-bearing,non-spinose,0
KN708-1,,50,-23.75,4053,North Atlantic,1,symbiont-bearing,spinose,0
KN708-1,,50,-23.75,4053,North Atlantic,1,symbiont-facultative,non-spinose,0.003
KN708-1,,50,-23.75,4053,North Atlantic,1,symbiont-facultative,spinose,0
KN708-1,,50,-23.75,4053,North Atlantic,1,symbiont-obligate,spinose,0
KN708-1,,50,-23.75,4053,North Atlantic,1,undetermined,non-spinose,0
KS310,Piston,35.55,-1.57,1900,Mediterranean,,symbiont-bearing,non-spinose,0
KS310,Piston,35.55,-1.57,1900,Mediterranean,,symbiont-bearing,spinose,0.003
KS310,Piston,35.55,-1.57,1900,Mediterranean,,symbiont-facultative,non-spinose,0.377
KS310,Piston,35.55,-1.57,1900,Mediterranean,,symbiont-facultative,spinose,0
KS310,Piston,35.55,-1.57,1900,Mediterranean,,symbiont-obligate,spinose,0.119
KS310,Piston,35.55,-1.57,1900,Mediterranean,,undetermined,non-spinose,0
LC01,Piston,40.26,6.887,2845,Mediterranean,,symbiont-barren,non-spinose,0
LC01,Piston,40.26,6.887,2845,Mediterranean,,symbiont-barren,spinose,0
LC01,Piston,40.26,6.887,2845,Mediterranean,,symbiont-bearing,non-spinose,0
LC01,Piston,40.26,6.887,2845,Mediterranean,,symbiont-bearing,spinose,0
LC01,Piston,40.26,6.887,2845,Mediterranean,,symbiont-facultative,non-spinose,0
LC01,Piston,40.26,6.887,2845,Mediterranean,,symbiont-facultative,spinose,0
LC01,Piston,40.26,6.887,2845,Mediterranean,,symbiont-obligate,spinose,0
LC01,Piston,40.26,6.887,2845,Mediterranean,,undetermined,non-spinose,0
LC04,Piston,38.65,6.11,2855,Mediterranean,,symbiont-barren,non-spinose,0
LC04,Piston,38.65,6.11,2855,Mediterranean,,symbiont-barren,spinose,0
LC04,Piston,38.65,6.11,2855,Mediterranean,,symbiont-bearing,non-spinose,0
LC04,Piston,38.65,6.11,2855,Mediterranean,,symbiont-bearing,spinose,0
LC04,Piston,38.65,6.11,2855,Mediterranean,,symbiont-facultative,non-spinose,0
LC04,Piston,38.65,6.11,2855,Mediterranean,,symbiont-facultative,spinose,0
LC04,Piston,38.65,6.11,2855,Mediterranean,,symbiont-obligate,spinose,0
LC04,Piston,38.65,6.11,2855,Mediterranean,,undetermined,non-spinose,0
LC07,Piston,38.14,10.07,488,Mediterranean,,symbiont-barren,non-spinose,0
LC07,Piston,38.14,10.07,488,Mediterranean,,symbiont-barren,spinose,0
LC07,Piston,38.14,10.07,488,Mediterranean,,symbiont-bearing,non-spinose,0
LC07,Piston,38.14,10.07,488,Mediterranean,,symbiont-bearing,spinose,0
LC07,Piston,38.14,10.07,488,Mediterranean,,symbiont-facultative,non-spinose,0
LC07,Piston,38.14,10.07,488,Mediterranean,,symbiont-facultative,spinose,0
LC07,Piston,38.14,10.07,488,Mediterranean,,symbiont-obligate,spinose,0
LC07,Piston,38.14,10.07,488,Mediterranean,,undetermined,non-spinose,0
LC21,Piston,35.66,26.58,1522,Mediterranean,,symbiont-barren,non-spinose,0
LC21,Piston,35.66,26.58,1522,Mediterranean,,symbiont-barren,spinose,0
LC21,Piston,35.66,26.58,1522,Mediterranean,,symbiont-bearing,non-spinose,0
LC21,Piston,35.66,26.58,1522,Mediterranean,,symbiont-bearing,spinose,0
LC21,Piston,35.66,26.58,1522,Mediterranean,,symbiont-facultative,non-spinose,0
LC21,Piston,35.66,26.58,1522,Mediterranean,,symbiont-facultative,spinose,0
LC21,Piston,35.66,26.58,1522,Mediterranean,,symbiont-obligate,spinose,0
LC21,Piston,35.66,26.58,1522,Mediterranean,,undetermined,non-spinose,0
LV29-114-3,,49.375667,152.877933,1762,Pacific,4.05,symbiont-barren,non-spinose,0.839805825242718
LV29-114-3,,49.375667,152.877933,1762,Pacific,4.05,symbiont-barren,spinose,0.155339805825243
LV29-114-3,,49.375667,152.877933,1762,Pacific,4.05,symbiont-bearing,non-spinose,0
LV29-114-3,,49.375667,152.877933,1762,Pacific,4.05,symbiont-bearing,spinose,0
LV29-114-3,,49.375667,152.877933,1762,Pacific,4.05,symbiont-facultative,non-spinose,0.00485436893203884
LV29-114-3,,49.375667,152.877933,1762,Pacific,4.05,symbiont-facultative,spinose,0
LV29-114-3,,49.375667,152.877933,1762,Pacific,4.05,symbiont-obligate,spinose,0
LV29-114-3,,49.375667,152.877933,1762,Pacific,4.05,undetermined,non-spinose,0
M12392,,25.167,-16.85,2575,North Atlantic,172.5,symbiont-barren,non-spinose,0.402121504339441
M12392,,25.167,-16.85,2575,North Atlantic,172.5,symbiont-barren,spinose,0.351976856316297
M12392,,25.167,-16.85,2575,North Atlantic,172.5,symbiont-bearing,non-spinose,0
M12392,,25.167,-16.85,2575,North Atlantic,172.5,symbiont-bearing,spinose,0.00482160077145612
M12392,,25.167,-16.85,2575,North Atlantic,172.5,symbiont-facultative,non-spinose,0.212150433944069
M12392,,25.167,-16.85,2575,North Atlantic,172.5,symbiont-facultative,spinose,0
M12392,,25.167,-16.85,2575,North Atlantic,172.5,symbiont-obligate,spinose,0.0279652844744455
M12392,,25.167,-16.85,2575,North Atlantic,172.5,undetermined,non-spinose,0.000964320154291225
M35003-4,,12.09,-61.2433,1299,North Atlantic,3.1,symbiont-barren,non-spinose,0.057
M35003-4,,12.09,-61.2433,1299,North Atlantic,3.1,symbiont-barren,spinose,0.112
M35003-4,,12.09,-61.2433,1299,North Atlantic,3.1,symbiont-bearing,non-spinose,0
M35003-4,,12.09,-61.2433,1299,North Atlantic,3.1,symbiont-bearing,spinose,0.005
M35003-4,,12.09,-61.2433,1299,North Atlantic,3.1,symbiont-facultative,non-spinose,0.252
M35003-4,,12.09,-61.2433,1299,North Atlantic,3.1,symbiont-facultative,spinose,0
M35003-4,,12.09,-61.2433,1299,North Atlantic,3.1,symbiont-obligate,spinose,0.573
M35003-4,,12.09,-61.2433,1299,North Atlantic,3.1,undetermined,non-spinose,0
M35003-4,,12.09,-61.2433,1299,North Atlantic,3.2,symbiont-barren,non-spinose,0.107
M35003-4,,12.09,-61.2433,1299,North Atlantic,3.2,symbiont-barren,spinose,0.095
M35003-4,,12.09,-61.2433,1299,North Atlantic,3.2,symbiont-bearing,non-spinose,0
M35003-4,,12.09,-61.2433,1299,North Atlantic,3.2,symbiont-bearing,spinose,0.032
M35003-4,,12.09,-61.2433,1299,North Atlantic,3.2,symbiont-facultative,non-spinose,0.195
M35003-4,,12.09,-61.2433,1299,North Atlantic,3.2,symbiont-facultative,spinose,0
M35003-4,,12.09,-61.2433,1299,North Atlantic,3.2,symbiont-obligate,spinose,0.554
M35003-4,,12.09,-61.2433,1299,North Atlantic,3.2,undetermined,non-spinose,0
M35003-4,,12.09,-61.2433,1299,North Atlantic,3.3,symbiont-barren,non-spinose,0.119
M35003-4,,12.09,-61.2433,1299,North Atlantic,3.3,symbiont-barren,spinose,0.101
M35003-4,,12.09,-61.2433,1299,North Atlantic,3.3,symbiont-bearing,non-spinose,0
M35003-4,,12.09,-61.2433,1299,North Atlantic,3.3,symbiont-bearing,spinose,0.042
M35003-4,,12.09,-61.2433,1299,North Atlantic,3.3,symbiont-facultative,non-spinose,0.116
M35003-4,,12.09,-61.2433,1299,North Atlantic,3.3,symbiont-facultative,spinose,0
M35003-4,,12.09,-61.2433,1299,North Atlantic,3.3,symbiont-obligate,spinose,0.62
M35003-4,,12.09,-61.2433,1299,North Atlantic,3.3,undetermined,non-spinose,0
M35003-4,,12.09,-61.2433,1299,North Atlantic,3.4,symbiont-barren,non-spinose,0.123
M35003-4,,12.09,-61.2433,1299,North Atlantic,3.4,symbiont-barren,spinose,0.071
M35003-4,,12.09,-61.2433,1299,North Atlantic,3.4,symbiont-bearing,non-spinose,0
M35003-4,,12.09,-61.2433,1299,North Atlantic,3.4,symbiont-bearing,spinose,0.031
M35003-4,,12.09,-61.2433,1299,North Atlantic,3.4,symbiont-facultative,non-spinose,0.133
M35003-4,,12.09,-61.2433,1299,North Atlantic,3.4,symbiont-facultative,spinose,0
M35003-4,,12.09,-61.2433,1299,North Atlantic,3.4,symbiont-obligate,spinose,0.64
M35003-4,,12.09,-61.2433,1299,North Atlantic,3.4,undetermined,non-spinose,0
M35003-4,,12.09,-61.2433,1299,North Atlantic,3.5,symbiont-barren,non-spinose,0.072
M35003-4,,12.09,-61.2433,1299,North Atlantic,3.5,symbiont-barren,spinose,0.068
M35003-4,,12.09,-61.2433,1299,North Atlantic,3.5,symbiont-bearing,non-spinose,0
M35003-4,,12.09,-61.2433,1299,North Atlantic,3.5,symbiont-bearing,spinose,0.032
M35003-4,,12.09,-61.2433,1299,North Atlantic,3.5,symbiont-facultative,non-spinose,0.178
M35003-4,,12.09,-61.2433,1299,North Atlantic,3.5,symbiont-facultative,spinose,0
M35003-4,,12.09,-61.2433,1299,North Atlantic,3.5,symbiont-obligate,spinose,0.633
M35003-4,,12.09,-61.2433,1299,North Atlantic,3.5,undetermined,non-spinose,0
M35003-4,,12.09,-61.2433,1299,North Atlantic,3.6,symbiont-barren,non-spinose,0.046
M35003-4,,12.09,-61.2433,1299,North Atlantic,3.6,symbiont-barren,spinose,0.102
M35003-4,,12.09,-61.2433,1299,North Atlantic,3.6,symbiont-bearing,non-spinose,0
M35003-4,,12.09,-61.2433,1299,North Atlantic,3.6,symbiont-bearing,spinose,0.024
M35003-4,,12.09,-61.2433,1299,North Atlantic,3.6,symbiont-facultative,non-spinose,0.131
M35003-4,,12.09,-61.2433,1299,North Atlantic,3.6,symbiont-facultative,spinose,0
M35003-4,,12.09,-61.2433,1299,North Atlantic,3.6,symbiont-obligate,spinose,0.683
M35003-4,,12.09,-61.2433,1299,North Atlantic,3.6,undetermined,non-spinose,0
M35027-1,,17.6483,-67.1667,1814,North Atlantic,0.5,symbiont-barren,non-spinose,0.008
M35027-1,,17.6483,-67.1667,1814,North Atlantic,0.5,symbiont-barren,spinose,0.034
M35027-1,,17.6483,-67.1667,1814,North Atlantic,0.5,symbiont-bearing,non-spinose,0
M35027-1,,17.6483,-67.1667,1814,North Atlantic,0.5,symbiont-bearing,spinose,0.121
M35027-1,,17.6483,-67.1667,1814,North Atlantic,0.5,symbiont-facultative,non-spinose,0.28
M35027-1,,17.6483,-67.1667,1814,North Atlantic,0.5,symbiont-facultative,spinose,0
M35027-1,,17.6483,-67.1667,1814,North Atlantic,0.5,symbiont-obligate,spinose,0.535
M35027-1,,17.6483,-67.1667,1814,North Atlantic,0.5,undetermined,non-spinose,0
M35027-1,,17.6483,-67.1667,1814,North Atlantic,0.53,symbiont-barren,non-spinose,0.05
M35027-1,,17.6483,-67.1667,1814,North Atlantic,0.53,symbiont-barren,spinose,0.044
M35027-1,,17.6483,-67.1667,1814,North Atlantic,0.53,symbiont-bearing,non-spinose,0
M35027-1,,17.6483,-67.1667,1814,North Atlantic,0.53,symbiont-bearing,spinose,0.041
M35027-1,,17.6483,-67.1667,1814,North Atlantic,0.53,symbiont-facultative,non-spinose,0.172
M35027-1,,17.6483,-67.1667,1814,North Atlantic,0.53,symbiont-facultative,spinose,0
M35027-1,,17.6483,-67.1667,1814,North Atlantic,0.53,symbiont-obligate,spinose,0.663
M35027-1,,17.6483,-67.1667,1814,North Atlantic,0.53,undetermined,non-spinose,0
M35027-1,,17.6483,-67.1667,1814,North Atlantic,0.55,symbiont-barren,non-spinose,0.039
M35027-1,,17.6483,-67.1667,1814,North Atlantic,0.55,symbiont-barren,spinose,0.049
M35027-1,,17.6483,-67.1667,1814,North Atlantic,0.55,symbiont-bearing,non-spinose,0
M35027-1,,17.6483,-67.1667,1814,North Atlantic,0.55,symbiont-bearing,spinose,0.061
M35027-1,,17.6483,-67.1667,1814,North Atlantic,0.55,symbiont-facultative,non-spinose,0.214
M35027-1,,17.6483,-67.1667,1814,North Atlantic,0.55,symbiont-facultative,spinose,0
M35027-1,,17.6483,-67.1667,1814,North Atlantic,0.55,symbiont-obligate,spinose,0.637
M35027-1,,17.6483,-67.1667,1814,North Atlantic,0.55,undetermined,non-spinose,0
M35027-1,,17.6483,-67.1667,1814,North Atlantic,0.57,symbiont-barren,non-spinose,0.075
M35027-1,,17.6483,-67.1667,1814,North Atlantic,0.57,symbiont-barren,spinose,0.073
M35027-1,,17.6483,-67.1667,1814,North Atlantic,0.57,symbiont-bearing,non-spinose,0
M35027-1,,17.6483,-67.1667,1814,North Atlantic,0.57,symbiont-bearing,spinose,0.079
M35027-1,,17.6483,-67.1667,1814,North Atlantic,0.57,symbiont-facultative,non-spinose,0.206
M35027-1,,17.6483,-67.1667,1814,North Atlantic,0.57,symbiont-facultative,spinose,0
M35027-1,,17.6483,-67.1667,1814,North Atlantic,0.57,symbiont-obligate,spinose,0.558
M35027-1,,17.6483,-67.1667,1814,North Atlantic,0.57,undetermined,non-spinose,0
M35027-1,,17.6483,-67.1667,1814,North Atlantic,0.6,symbiont-barren,non-spinose,0.259
M35027-1,,17.6483,-67.1667,1814,North Atlantic,0.6,symbiont-barren,spinose,0.045
M35027-1,,17.6483,-67.1667,1814,North Atlantic,0.6,symbiont-bearing,non-spinose,0.004
M35027-1,,17.6483,-67.1667,1814,North Atlantic,0.6,symbiont-bearing,spinose,0.322
M35027-1,,17.6483,-67.1667,1814,North Atlantic,0.6,symbiont-facultative,non-spinose,0.035
M35027-1,,17.6483,-67.1667,1814,North Atlantic,0.6,symbiont-facultative,spinose,0
M35027-1,,17.6483,-67.1667,1814,North Atlantic,0.6,symbiont-obligate,spinose,0.369
M35027-1,,17.6483,-67.1667,1814,North Atlantic,0.6,undetermined,non-spinose,0
M35027-1,,17.6483,-67.1667,1814,North Atlantic,0.62,symbiont-barren,non-spinose,0.218
M35027-1,,17.6483,-67.1667,1814,North Atlantic,0.62,symbiont-barren,spinose,0.029
M35027-1,,17.6483,-67.1667,1814,North Atlantic,0.62,symbiont-bearing,non-spinose,0.004
M35027-1,,17.6483,-67.1667,1814,North Atlantic,0.62,symbiont-bearing,spinose,0.371
M35027-1,,17.6483,-67.1667,1814,North Atlantic,0.62,symbiont-facultative,non-spinose,0.013
M35027-1,,17.6483,-67.1667,1814,North Atlantic,0.62,symbiont-facultative,spinose,0
M35027-1,,17.6483,-67.1667,1814,North Atlantic,0.62,symbiont-obligate,spinose,0.349
M35027-1,,17.6483,-67.1667,1814,North Atlantic,0.62,undetermined,non-spinose,0
M39029-7,,36.05,8.233,1917,North Atlantic,,symbiont-bearing,non-spinose,0
M39029-7,,36.05,8.233,1917,North Atlantic,,symbiont-bearing,spinose,0.017
M39029-7,,36.05,8.233,1917,North Atlantic,,symbiont-facultative,spinose,0
M39029-7,,36.05,8.233,1917,North Atlantic,,undetermined,non-spinose,0.011
MD 95-2043,Piston,36.143,-2.621,1841,Mediterranean,,symbiont-barren,non-spinose,0
MD 95-2043,Piston,36.143,-2.621,1841,Mediterranean,,symbiont-barren,spinose,0
MD 95-2043,Piston,36.143,-2.621,1841,Mediterranean,,symbiont-bearing,non-spinose,0
MD 95-2043,Piston,36.143,-2.621,1841,Mediterranean,,symbiont-bearing,spinose,0
MD 95-2043,Piston,36.143,-2.621,1841,Mediterranean,,symbiont-facultative,non-spinose,0
MD 95-2043,Piston,36.143,-2.621,1841,Mediterranean,,symbiont-facultative,spinose,0
MD 95-2043,Piston,36.143,-2.621,1841,Mediterranean,,symbiont-obligate,spinose,0
MD 95-2043,Piston,36.143,-2.621,1841,Mediterranean,,undetermined,non-spinose,0
MD01-2390,Calypso Corer,6.6353,113.409,1545,Pacific,,symbiont-barren,non-spinose,0.724290736915183
MD01-2390,Calypso Corer,6.6353,113.409,1545,Pacific,,symbiont-barren,spinose,0.201016458217818
MD01-2390,Calypso Corer,6.6353,113.409,1545,Pacific,,symbiont-bearing,non-spinose,0
MD01-2390,Calypso Corer,6.6353,113.409,1545,Pacific,,symbiont-bearing,spinose,0.0731801807230434
MD01-2390,Calypso Corer,6.6353,113.409,1545,Pacific,,symbiont-facultative,spinose,0
MD01-2390,Calypso Corer,6.6353,113.409,1545,Pacific,,undetermined,non-spinose,0
MD01-2398,Calypso Corer,23.9918,124.413,2146.3,Pacific,,symbiont-barren,non-spinose,0.417467172817526
MD01-2398,Calypso Corer,23.9918,124.413,2146.3,Pacific,,symbiont-barren,spinose,0.749964858606901
MD01-2398,Calypso Corer,23.9918,124.413,2146.3,Pacific,,symbiont-bearing,non-spinose,0.00380228136882129
MD01-2398,Calypso Corer,23.9918,124.413,2146.3,Pacific,,symbiont-bearing,spinose,0.252875677644825
MD01-2398,Calypso Corer,23.9918,124.413,2146.3,Pacific,,symbiont-facultative,spinose,0
MD01-2398,Calypso Corer,23.9918,124.413,2146.3,Pacific,,undetermined,non-spinose,0.00303030303030303
MD01-2409,Calypso Corer,41.5608,141.868,975,Pacific,,symbiont-barren,non-spinose,0
MD01-2409,Calypso Corer,41.5608,141.868,975,Pacific,,symbiont-barren,spinose,0
MD01-2409,Calypso Corer,41.5608,141.868,975,Pacific,,symbiont-bearing,non-spinose,0
MD01-2409,Calypso Corer,41.5608,141.868,975,Pacific,,symbiont-bearing,spinose,0
MD01-2409,Calypso Corer,41.5608,141.868,975,Pacific,,symbiont-facultative,non-spinose,0
MD01-2409,Calypso Corer,41.5608,141.868,975,Pacific,,symbiont-facultative,spinose,0
MD01-2409,Calypso Corer,41.5608,141.868,975,Pacific,,symbiont-obligate,spinose,0
MD01-2409,Calypso Corer,41.5608,141.868,975,Pacific,,undetermined,non-spinose,0
MD012394,Piston,13.78,110.25,2097,Pacific,5.09,symbiont-barren,non-spinose,0.045113
MD012394,Piston,13.78,110.25,2097,Pacific,5.09,symbiont-barren,spinose,0.041354
MD012394,Piston,13.78,110.25,2097,Pacific,5.09,symbiont-bearing,non-spinose,0
MD012394,Piston,13.78,110.25,2097,Pacific,5.09,symbiont-bearing,spinose,0.041353
MD012394,Piston,13.78,110.25,2097,Pacific,5.09,symbiont-facultative,non-spinose,0.530075
MD012394,Piston,13.78,110.25,2097,Pacific,5.09,symbiont-facultative,spinose,0
MD012394,Piston,13.78,110.25,2097,Pacific,5.09,symbiont-obligate,spinose,0.31203
MD012394,Piston,13.78,110.25,2097,Pacific,5.09,undetermined,non-spinose,0.003759
MD012394,Piston,13.78,110.25,2097,Pacific,5.14,symbiont-barren,non-spinose,0.04143615661
MD012394,Piston,13.78,110.25,2097,Pacific,5.14,symbiont-barren,spinose,0.07182287201
MD012394,Piston,13.78,110.25,2097,Pacific,5.14,symbiont-bearing,non-spinose,0
MD012394,Piston,13.78,110.25,2097,Pacific,5.14,symbiont-bearing,spinose,0.02486149341
MD012394,Piston,13.78,110.25,2097,Pacific,5.14,symbiont-facultative,non-spinose,0.458563342
MD012394,Piston,13.78,110.25,2097,Pacific,5.14,symbiont-facultative,spinose,0
MD012394,Piston,13.78,110.25,2097,Pacific,5.14,symbiont-obligate,spinose,0.33701748318
MD012394,Piston,13.78,110.25,2097,Pacific,5.14,undetermined,non-spinose,0
MD012394,Piston,13.78,110.25,2097,Pacific,5.19,symbiont-barren,non-spinose,0.03352
MD012394,Piston,13.78,110.25,2097,Pacific,5.19,symbiont-barren,spinose,0.039106
MD012394,Piston,13.78,110.25,2097,Pacific,5.19,symbiont-bearing,non-spinose,0
MD012394,Piston,13.78,110.25,2097,Pacific,5.19,symbiont-bearing,spinose,0.047485
MD012394,Piston,13.78,110.25,2097,Pacific,5.19,symbiont-facultative,non-spinose,0.460894
MD012394,Piston,13.78,110.25,2097,Pacific,5.19,symbiont-facultative,spinose,0
MD012394,Piston,13.78,110.25,2097,Pacific,5.19,symbiont-obligate,spinose,0.346369
MD012394,Piston,13.78,110.25,2097,Pacific,5.19,undetermined,non-spinose,0.002793
MD012394,Piston,13.78,110.25,2097,Pacific,5.24,symbiont-barren,non-spinose,0.030303
MD012394,Piston,13.78,110.25,2097,Pacific,5.24,symbiont-barren,spinose,0.04329
MD012394,Piston,13.78,110.25,2097,Pacific,5.24,symbiont-bearing,non-spinose,0
MD012394,Piston,13.78,110.25,2097,Pacific,5.24,symbiont-bearing,spinose,0.038961
MD012394,Piston,13.78,110.25,2097,Pacific,5.24,symbiont-facultative,non-spinose,0.506493
MD012394,Piston,13.78,110.25,2097,Pacific,5.24,symbiont-facultative,spinose,0
MD012394,Piston,13.78,110.25,2097,Pacific,5.24,symbiont-obligate,spinose,0.346321
MD012394,Piston,13.78,110.25,2097,Pacific,5.24,undetermined,non-spinose,0
MD012394,Piston,13.78,110.25,2097,Pacific,5.29,symbiont-barren,non-spinose,0.0288070513
MD012394,Piston,13.78,110.25,2097,Pacific,5.29,symbiont-barren,spinose,0.032921914
MD012394,Piston,13.78,110.25,2097,Pacific,5.29,symbiont-bearing,non-spinose,0
MD012394,Piston,13.78,110.25,2097,Pacific,5.29,symbiont-bearing,spinose,0.05349823577
MD012394,Piston,13.78,110.25,2097,Pacific,5.29,symbiont-facultative,non-spinose,0.53497934535
MD012394,Piston,13.78,110.25,2097,Pacific,5.29,symbiont-facultative,spinose,0
MD012394,Piston,13.78,110.25,2097,Pacific,5.29,symbiont-obligate,spinose,0.30452594736
MD012394,Piston,13.78,110.25,2097,Pacific,5.29,undetermined,non-spinose,0
MD012394,Piston,13.78,110.25,2097,Pacific,5.34,symbiont-barren,non-spinose,0.03750030281
MD012394,Piston,13.78,110.25,2097,Pacific,5.34,symbiont-barren,spinose,0.04687537851
MD012394,Piston,13.78,110.25,2097,Pacific,5.34,symbiont-bearing,non-spinose,0
MD012394,Piston,13.78,110.25,2097,Pacific,5.34,symbiont-bearing,spinose,0.05312542899
MD012394,Piston,13.78,110.25,2097,Pacific,5.34,symbiont-facultative,non-spinose,0.46562573181
MD012394,Piston,13.78,110.25,2097,Pacific,5.34,symbiont-facultative,spinose,0
MD012394,Piston,13.78,110.25,2097,Pacific,5.34,symbiont-obligate,spinose,0.33437568136
MD012394,Piston,13.78,110.25,2097,Pacific,5.34,undetermined,non-spinose,0
MD012394,Piston,13.78,110.25,2097,Pacific,5.39,symbiont-barren,non-spinose,0.045082
MD012394,Piston,13.78,110.25,2097,Pacific,5.39,symbiont-barren,spinose,0.053278
MD012394,Piston,13.78,110.25,2097,Pacific,5.39,symbiont-bearing,non-spinose,0
MD012394,Piston,13.78,110.25,2097,Pacific,5.39,symbiont-bearing,spinose,0.028689
MD012394,Piston,13.78,110.25,2097,Pacific,5.39,symbiont-facultative,non-spinose,0.459016
MD012394,Piston,13.78,110.25,2097,Pacific,5.39,symbiont-facultative,spinose,0
MD012394,Piston,13.78,110.25,2097,Pacific,5.39,symbiont-obligate,spinose,0.352458
MD012394,Piston,13.78,110.25,2097,Pacific,5.39,undetermined,non-spinose,0
MD012394,Piston,13.78,110.25,2097,Pacific,5.44,symbiont-barren,non-spinose,0.036303
MD012394,Piston,13.78,110.25,2097,Pacific,5.44,symbiont-barren,spinose,0.059406
MD012394,Piston,13.78,110.25,2097,Pacific,5.44,symbiont-bearing,non-spinose,0
MD012394,Piston,13.78,110.25,2097,Pacific,5.44,symbiont-bearing,spinose,0.026402
MD012394,Piston,13.78,110.25,2097,Pacific,5.44,symbiont-facultative,non-spinose,0.435644
MD012394,Piston,13.78,110.25,2097,Pacific,5.44,symbiont-facultative,spinose,0
MD012394,Piston,13.78,110.25,2097,Pacific,5.44,symbiont-obligate,spinose,0.396039
MD012394,Piston,13.78,110.25,2097,Pacific,5.44,undetermined,non-spinose,0.006601
MD012394,Piston,13.78,110.25,2097,Pacific,5.49,symbiont-barren,non-spinose,0.043334
MD012394,Piston,13.78,110.25,2097,Pacific,5.49,symbiont-barren,spinose,0.03
MD012394,Piston,13.78,110.25,2097,Pacific,5.49,symbiont-bearing,non-spinose,0
MD012394,Piston,13.78,110.25,2097,Pacific,5.49,symbiont-bearing,spinose,0.023334
MD012394,Piston,13.78,110.25,2097,Pacific,5.49,symbiont-facultative,non-spinose,0.446667
MD012394,Piston,13.78,110.25,2097,Pacific,5.49,symbiont-facultative,spinose,0
MD012394,Piston,13.78,110.25,2097,Pacific,5.49,symbiont-obligate,spinose,0.376668
MD012394,Piston,13.78,110.25,2097,Pacific,5.49,undetermined,non-spinose,0.006667
MD012394,Piston,13.78,110.25,2097,Pacific,5.54,symbiont-barren,non-spinose,0.0491323637
MD012394,Piston,13.78,110.25,2097,Pacific,5.54,symbiont-barren,spinose,0.08670529533
MD012394,Piston,13.78,110.25,2097,Pacific,5.54,symbiont-bearing,non-spinose,0
MD012394,Piston,13.78,110.25,2097,Pacific,5.54,symbiont-bearing,spinose,0.02312087568
MD012394,Piston,13.78,110.25,2097,Pacific,5.54,symbiont-facultative,non-spinose,0.41040459524
MD012394,Piston,13.78,110.25,2097,Pacific,5.54,symbiont-facultative,spinose,0
MD012394,Piston,13.78,110.25,2097,Pacific,5.54,symbiont-obligate,spinose,0.36416284387
MD012394,Piston,13.78,110.25,2097,Pacific,5.54,undetermined,non-spinose,0.01156043784
MD012394,Piston,13.78,110.25,2097,Pacific,5.59,symbiont-barren,non-spinose,0.02236423008
MD012394,Piston,13.78,110.25,2097,Pacific,5.59,symbiont-barren,spinose,0.0734820403
MD012394,Piston,13.78,110.25,2097,Pacific,5.59,symbiont-bearing,non-spinose,0
MD012394,Piston,13.78,110.25,2097,Pacific,5.59,symbiont-bearing,spinose,0.02236423007
MD012394,Piston,13.78,110.25,2097,Pacific,5.59,symbiont-facultative,non-spinose,0.43769907152
MD012394,Piston,13.78,110.25,2097,Pacific,5.59,symbiont-facultative,spinose,0
MD012394,Piston,13.78,110.25,2097,Pacific,5.59,symbiont-obligate,spinose,0.3546315013
MD012394,Piston,13.78,110.25,2097,Pacific,5.59,undetermined,non-spinose,0
MD012394,Piston,13.78,110.25,2097,Pacific,5.64,symbiont-barren,non-spinose,0.042254
MD012394,Piston,13.78,110.25,2097,Pacific,5.64,symbiont-barren,spinose,0.051644
MD012394,Piston,13.78,110.25,2097,Pacific,5.64,symbiont-bearing,non-spinose,0
MD012394,Piston,13.78,110.25,2097,Pacific,5.64,symbiont-bearing,spinose,0.02817
MD012394,Piston,13.78,110.25,2097,Pacific,5.64,symbiont-facultative,non-spinose,0.446009
MD012394,Piston,13.78,110.25,2097,Pacific,5.64,symbiont-facultative,spinose,0
MD012394,Piston,13.78,110.25,2097,Pacific,5.64,symbiont-obligate,spinose,0.356809
MD012394,Piston,13.78,110.25,2097,Pacific,5.64,undetermined,non-spinose,0
MD012394,Piston,13.78,110.25,2097,Pacific,5.69,symbiont-barren,non-spinose,0.03956881463
MD012394,Piston,13.78,110.25,2097,Pacific,5.69,symbiont-barren,spinose,0.06115116578
MD012394,Piston,13.78,110.25,2097,Pacific,5.69,symbiont-bearing,non-spinose,0
MD012394,Piston,13.78,110.25,2097,Pacific,5.69,symbiont-bearing,spinose,0.05395738326
MD012394,Piston,13.78,110.25,2097,Pacific,5.69,symbiont-facultative,non-spinose,0.37769766846
MD012394,Piston,13.78,110.25,2097,Pacific,5.69,symbiont-facultative,spinose,0
MD012394,Piston,13.78,110.25,2097,Pacific,5.69,symbiont-obligate,spinose,0.41366858824
MD012394,Piston,13.78,110.25,2097,Pacific,5.69,undetermined,non-spinose,0
MD012394,Piston,13.78,110.25,2097,Pacific,5.74,symbiont-barren,non-spinose,0.02194357367
MD012394,Piston,13.78,110.25,2097,Pacific,5.74,symbiont-barren,spinose,0.04702194358
MD012394,Piston,13.78,110.25,2097,Pacific,5.74,symbiont-bearing,non-spinose,0
MD012394,Piston,13.78,110.25,2097,Pacific,5.74,symbiont-bearing,spinose,0.05015673981
MD012394,Piston,13.78,110.25,2097,Pacific,5.74,symbiont-facultative,non-spinose,0.38557993732
MD012394,Piston,13.78,110.25,2097,Pacific,5.74,symbiont-facultative,spinose,0
MD012394,Piston,13.78,110.25,2097,Pacific,5.74,symbiont-obligate,spinose,0.43260188089
MD012394,Piston,13.78,110.25,2097,Pacific,5.74,undetermined,non-spinose,0
MD012394,Piston,13.78,110.25,2097,Pacific,5.79,symbiont-barren,non-spinose,0.060172
MD012394,Piston,13.78,110.25,2097,Pacific,5.79,symbiont-barren,spinose,0.054442
MD012394,Piston,13.78,110.25,2097,Pacific,5.79,symbiont-bearing,non-spinose,0
MD012394,Piston,13.78,110.25,2097,Pacific,5.79,symbiont-bearing,spinose,0.040114
MD012394,Piston,13.78,110.25,2097,Pacific,5.79,symbiont-facultative,non-spinose,0.441261
MD012394,Piston,13.78,110.25,2097,Pacific,5.79,symbiont-facultative,spinose,0
MD012394,Piston,13.78,110.25,2097,Pacific,5.79,symbiont-obligate,spinose,0.329514
MD012394,Piston,13.78,110.25,2097,Pacific,5.79,undetermined,non-spinose,0
MD012394,Piston,13.78,110.25,2097,Pacific,5.84,symbiont-barren,non-spinose,0.0385673103
MD012394,Piston,13.78,110.25,2097,Pacific,5.84,symbiont-barren,spinose,0.06336015026
MD012394,Piston,13.78,110.25,2097,Pacific,5.84,symbiont-bearing,non-spinose,0
MD012394,Piston,13.78,110.25,2097,Pacific,5.84,symbiont-bearing,spinose,0.01928365515
MD012394,Piston,13.78,110.25,2097,Pacific,5.84,symbiont-facultative,non-spinose,0.39944958428
MD012394,Piston,13.78,110.25,2097,Pacific,5.84,symbiont-facultative,spinose,0
MD012394,Piston,13.78,110.25,2097,Pacific,5.84,symbiont-obligate,spinose,0.40220266842
MD012394,Piston,13.78,110.25,2097,Pacific,5.84,undetermined,non-spinose,0
MD012416,Giant piston core,51.268,167.7255,2317,Pacific,184.5,symbiont-barren,non-spinose,0.84142394823
MD012416,Giant piston core,51.268,167.7255,2317,Pacific,184.5,symbiont-barren,spinose,0.1585760518
MD012416,Giant piston core,51.268,167.7255,2317,Pacific,184.5,symbiont-bearing,non-spinose,0
MD012416,Giant piston core,51.268,167.7255,2317,Pacific,184.5,symbiont-bearing,spinose,0
MD012416,Giant piston core,51.268,167.7255,2317,Pacific,184.5,symbiont-facultative,non-spinose,0
MD012416,Giant piston core,51.268,167.7255,2317,Pacific,184.5,symbiont-facultative,spinose,0
MD012416,Giant piston core,51.268,167.7255,2317,Pacific,184.5,symbiont-obligate,spinose,0
MD012416,Giant piston core,51.268,167.7255,2317,Pacific,184.5,undetermined,non-spinose,0
MD012416,Giant piston core,51.268,167.7255,2317,Pacific,190.5,symbiont-barren,non-spinose,0.85479452056
MD012416,Giant piston core,51.268,167.7255,2317,Pacific,190.5,symbiont-barren,spinose,0.1452054795
MD012416,Giant piston core,51.268,167.7255,2317,Pacific,190.5,symbiont-bearing,non-spinose,0
MD012416,Giant piston core,51.268,167.7255,2317,Pacific,190.5,symbiont-bearing,spinose,0
MD012416,Giant piston core,51.268,167.7255,2317,Pacific,190.5,symbiont-facultative,non-spinose,0
MD012416,Giant piston core,51.268,167.7255,2317,Pacific,190.5,symbiont-facultative,spinose,0
MD012416,Giant piston core,51.268,167.7255,2317,Pacific,190.5,symbiont-obligate,spinose,0
MD012416,Giant piston core,51.268,167.7255,2317,Pacific,190.5,undetermined,non-spinose,0
MD012416,Giant piston core,51.268,167.7255,2317,Pacific,194.5,symbiont-barren,non-spinose,0.83756345176
MD012416,Giant piston core,51.268,167.7255,2317,Pacific,194.5,symbiont-barren,spinose,0.1598984772
MD012416,Giant piston core,51.268,167.7255,2317,Pacific,194.5,symbiont-bearing,non-spinose,0
MD012416,Giant piston core,51.268,167.7255,2317,Pacific,194.5,symbiont-bearing,spinose,0
MD012416,Giant piston core,51.268,167.7255,2317,Pacific,194.5,symbiont-facultative,non-spinose,0.00253807107
MD012416,Giant piston core,51.268,167.7255,2317,Pacific,194.5,symbiont-facultative,spinose,0
MD012416,Giant piston core,51.268,167.7255,2317,Pacific,194.5,symbiont-obligate,spinose,0
MD012416,Giant piston core,51.268,167.7255,2317,Pacific,194.5,undetermined,non-spinose,0
MD012416,Giant piston core,51.268,167.7255,2317,Pacific,196.5,symbiont-barren,non-spinose,0.81315789474
MD012416,Giant piston core,51.268,167.7255,2317,Pacific,196.5,symbiont-barren,spinose,0.1815789474
MD012416,Giant piston core,51.268,167.7255,2317,Pacific,196.5,symbiont-bearing,non-spinose,0
MD012416,Giant piston core,51.268,167.7255,2317,Pacific,196.5,symbiont-bearing,spinose,0
MD012416,Giant piston core,51.268,167.7255,2317,Pacific,196.5,symbiont-facultative,non-spinose,0.00263157895
MD012416,Giant piston core,51.268,167.7255,2317,Pacific,196.5,symbiont-facultative,spinose,0
MD012416,Giant piston core,51.268,167.7255,2317,Pacific,196.5,symbiont-obligate,spinose,0
MD012416,Giant piston core,51.268,167.7255,2317,Pacific,196.5,undetermined,non-spinose,0
MD012416,Giant piston core,51.268,167.7255,2317,Pacific,197.5,symbiont-barren,non-spinose,0.81279620858
MD012416,Giant piston core,51.268,167.7255,2317,Pacific,197.5,symbiont-barren,spinose,0.182464455
MD012416,Giant piston core,51.268,167.7255,2317,Pacific,197.5,symbiont-bearing,non-spinose,0
MD012416,Giant piston core,51.268,167.7255,2317,Pacific,197.5,symbiont-bearing,spinose,0
MD012416,Giant piston core,51.268,167.7255,2317,Pacific,197.5,symbiont-facultative,non-spinose,0.00473933649
MD012416,Giant piston core,51.268,167.7255,2317,Pacific,197.5,symbiont-facultative,spinose,0
MD012416,Giant piston core,51.268,167.7255,2317,Pacific,197.5,symbiont-obligate,spinose,0
MD012416,Giant piston core,51.268,167.7255,2317,Pacific,197.5,undetermined,non-spinose,0
MD012416,Giant piston core,51.268,167.7255,2317,Pacific,200.5,symbiont-barren,non-spinose,0.83384615381
MD012416,Giant piston core,51.268,167.7255,2317,Pacific,200.5,symbiont-barren,spinose,0.16
MD012416,Giant piston core,51.268,167.7255,2317,Pacific,200.5,symbiont-bearing,non-spinose,0
MD012416,Giant piston core,51.268,167.7255,2317,Pacific,200.5,symbiont-bearing,spinose,0
MD012416,Giant piston core,51.268,167.7255,2317,Pacific,200.5,symbiont-facultative,non-spinose,0.00615384615
MD012416,Giant piston core,51.268,167.7255,2317,Pacific,200.5,symbiont-facultative,spinose,0
MD012416,Giant piston core,51.268,167.7255,2317,Pacific,200.5,symbiont-obligate,spinose,0
MD012416,Giant piston core,51.268,167.7255,2317,Pacific,200.5,undetermined,non-spinose,0
MD012416,Giant piston core,51.268,167.7255,2317,Pacific,202.5,symbiont-barren,non-spinose,0.84478371501
MD012416,Giant piston core,51.268,167.7255,2317,Pacific,202.5,symbiont-barren,spinose,0.1526717557
MD012416,Giant piston core,51.268,167.7255,2317,Pacific,202.5,symbiont-bearing,non-spinose,0
MD012416,Giant piston core,51.268,167.7255,2317,Pacific,202.5,symbiont-bearing,spinose,0
MD012416,Giant piston core,51.268,167.7255,2317,Pacific,202.5,symbiont-facultative,non-spinose,0.00254452926
MD012416,Giant piston core,51.268,167.7255,2317,Pacific,202.5,symbiont-facultative,spinose,0
MD012416,Giant piston core,51.268,167.7255,2317,Pacific,202.5,symbiont-obligate,spinose,0
MD012416,Giant piston core,51.268,167.7255,2317,Pacific,202.5,undetermined,non-spinose,0
MD012416,Giant piston core,51.268,167.7255,2317,Pacific,205.5,symbiont-barren,non-spinose,0.88826815638
MD012416,Giant piston core,51.268,167.7255,2317,Pacific,205.5,symbiont-barren,spinose,0.1117318436
MD012416,Giant piston core,51.268,167.7255,2317,Pacific,205.5,symbiont-bearing,non-spinose,0
MD012416,Giant piston core,51.268,167.7255,2317,Pacific,205.5,symbiont-bearing,spinose,0
MD012416,Giant piston core,51.268,167.7255,2317,Pacific,205.5,symbiont-facultative,non-spinose,0
MD012416,Giant piston core,51.268,167.7255,2317,Pacific,205.5,symbiont-facultative,spinose,0
MD012416,Giant piston core,51.268,167.7255,2317,Pacific,205.5,symbiont-obligate,spinose,0
MD012416,Giant piston core,51.268,167.7255,2317,Pacific,205.5,undetermined,non-spinose,0
MD012416,Giant piston core,51.268,167.7255,2317,Pacific,209.5,symbiont-barren,non-spinose,0.83383685805
MD012416,Giant piston core,51.268,167.7255,2317,Pacific,209.5,symbiont-barren,spinose,0.163141994
MD012416,Giant piston core,51.268,167.7255,2317,Pacific,209.5,symbiont-bearing,non-spinose,0
MD012416,Giant piston core,51.268,167.7255,2317,Pacific,209.5,symbiont-bearing,spinose,0
MD012416,Giant piston core,51.268,167.7255,2317,Pacific,209.5,symbiont-facultative,non-spinose,0.00302114804
MD012416,Giant piston core,51.268,167.7255,2317,Pacific,209.5,symbiont-facultative,spinose,0
MD012416,Giant piston core,51.268,167.7255,2317,Pacific,209.5,symbiont-obligate,spinose,0
MD012416,Giant piston core,51.268,167.7255,2317,Pacific,209.5,undetermined,non-spinose,0
MD02-2489,,54.3907,-148.9213,3640,Pacific,,symbiont-barren,spinose,1.03502714694
MD02-2489,,54.3907,-148.9213,3640,Pacific,,symbiont-bearing,non-spinose,0.00710888167
MD02-2489,,54.3907,-148.9213,3640,Pacific,,symbiont-bearing,spinose,0
MD02-2489,,54.3907,-148.9213,3640,Pacific,,symbiont-facultative,non-spinose,0.00014795088
MD02-2489,,54.3907,-148.9213,3640,Pacific,,symbiont-facultative,spinose,0
MD02-2489,,54.3907,-148.9213,3640,Pacific,,symbiont-obligate,spinose,0
MD02-2489,,54.3907,-148.9213,3640,Pacific,,undetermined,non-spinose,0
MD02-2520,Calypso Corer,15.669,-95.3,712,Pacific,,symbiont-barren,non-spinose,0.254318802761747
MD02-2520,Calypso Corer,15.669,-95.3,712,Pacific,,symbiont-bearing,non-spinose,0.0234574548004207
MD02-2520,Calypso Corer,15.669,-95.3,712,Pacific,,symbiont-bearing,spinose,0.080330752962396
MD02-2520,Calypso Corer,15.669,-95.3,712,Pacific,,symbiont-facultative,spinose,0
MD02-2520,Calypso Corer,15.669,-95.3,712,Pacific,,symbiont-obligate,spinose,1.0257996429174
MD02-2520,Calypso Corer,15.669,-95.3,712,Pacific,,undetermined,non-spinose,0
MD02-2523,Calypso Corer,15.429,-94.2388,202,Pacific,,symbiont-barren,non-spinose,0.0521466908211139
MD02-2523,Calypso Corer,15.429,-94.2388,202,Pacific,,symbiont-barren,spinose,0.718614171614125
MD02-2523,Calypso Corer,15.429,-94.2388,202,Pacific,,symbiont-bearing,non-spinose,0.0242722161016282
MD02-2523,Calypso Corer,15.429,-94.2388,202,Pacific,,symbiont-bearing,spinose,0.0592590518833861
MD02-2523,Calypso Corer,15.429,-94.2388,202,Pacific,,symbiont-facultative,spinose,0
MD02-2523,Calypso Corer,15.429,-94.2388,202,Pacific,,symbiont-obligate,spinose,0.726437686123875
MD02-2523,Calypso Corer,15.429,-94.2388,202,Pacific,,undetermined,non-spinose,0
MD02-2529,Calypso Corer,8.2055,-84.122,1619,Pacific,,symbiont-barren,non-spinose,0.90332551752
MD02-2529,Calypso Corer,8.2055,-84.122,1619,Pacific,,symbiont-barren,spinose,0.3735834802
MD02-2529,Calypso Corer,8.2055,-84.122,1619,Pacific,,symbiont-bearing,non-spinose,0
MD02-2529,Calypso Corer,8.2055,-84.122,1619,Pacific,,symbiont-bearing,spinose,0.11708085915
MD02-2529,Calypso Corer,8.2055,-84.122,1619,Pacific,,symbiont-facultative,spinose,0
MD02-2529,Calypso Corer,8.2055,-84.122,1619,Pacific,,symbiont-obligate,spinose,0.77578566829
MD02-2529,Calypso Corer,8.2055,-84.122,1619,Pacific,,undetermined,non-spinose,0.00839230966
MD03-2607,Calypso Corer,-36.9607,137.4065,865,Indian,,symbiont-bearing,non-spinose,0
MD03-2607,Calypso Corer,-36.9607,137.4065,865,Indian,,symbiont-bearing,spinose,0.101448993822616
MD03-2607,Calypso Corer,-36.9607,137.4065,865,Indian,,symbiont-facultative,non-spinose,1.04839941921359
MD03-2607,Calypso Corer,-36.9607,137.4065,865,Indian,,symbiont-facultative,spinose,0
MD03-2607,Calypso Corer,-36.9607,137.4065,865,Indian,,symbiont-obligate,spinose,0.629863073311748
MD03-2607,Calypso Corer,-36.9607,137.4065,865,Indian,,undetermined,non-spinose,0
MD03-2705,Calypso Corer,18.083333,-21.15,3085,North Atlantic,,symbiont-bearing,non-spinose,0
MD03-2705,Calypso Corer,18.083333,-21.15,3085,North Atlantic,,symbiont-bearing,spinose,0.19238032856
MD03-2705,Calypso Corer,18.083333,-21.15,3085,North Atlantic,,symbiont-facultative,spinose,0
MD03-2705,Calypso Corer,18.083333,-21.15,3085,North Atlantic,,undetermined,non-spinose,0.03123075242
MD04-2797CQ,Calypso Corer,36.95,11.67,771,Mediterranean,,symbiont-bearing,non-spinose,0
MD04-2797CQ,Calypso Corer,36.95,11.67,771,Mediterranean,,symbiont-bearing,spinose,0.0770561043796266
MD04-2797CQ,Calypso Corer,36.95,11.67,771,Mediterranean,,symbiont-facultative,spinose,0
MD04-2797CQ,Calypso Corer,36.95,11.67,771,Mediterranean,,undetermined,non-spinose,0
MD04-2805,Calypso Corer,34.5165,-7.0165,859,North Atlantic,,symbiont-bearing,non-spinose,0
MD04-2805,Calypso Corer,34.5165,-7.0165,859,North Atlantic,,symbiont-bearing,spinose,0.136164062707278
MD04-2805,Calypso Corer,34.5165,-7.0165,859,North Atlantic,,symbiont-facultative,spinose,0
MD04-2805,Calypso Corer,34.5165,-7.0165,859,North Atlantic,,undetermined,non-spinose,0
MD04-2829CQ,,58.94883333,-9.57166667,1743,North Atlantic,,symbiont-bearing,non-spinose,0.33839810886
MD04-2829CQ,,58.94883333,-9.57166667,1743,North Atlantic,,symbiont-bearing,spinose,0
MD04-2829CQ,,58.94883333,-9.57166667,1743,North Atlantic,,symbiont-facultative,spinose,0
MD04-2829CQ,,58.94883333,-9.57166667,1743,North Atlantic,,undetermined,non-spinose,0
MD04-2845,Calypso Corer,45.34767,-5.2195,4175,North Atlantic,,symbiont-bearing,non-spinose,0
MD04-2845,Calypso Corer,45.34767,-5.2195,4175,North Atlantic,,symbiont-bearing,spinose,0
MD04-2845,Calypso Corer,45.34767,-5.2195,4175,North Atlantic,,symbiont-facultative,spinose,0
MD04-2845,Calypso Corer,45.34767,-5.2195,4175,North Atlantic,,symbiont-obligate,spinose,0.1612
MD04-2845,Calypso Corer,45.34767,-5.2195,4175,North Atlantic,,undetermined,non-spinose,0
MD04-2861,,24.13,63.91,2046,Indian,,symbiont-barren,non-spinose,0.589756711717285
MD04-2861,,24.13,63.91,2046,Indian,,symbiont-bearing,non-spinose,0
MD04-2861,,24.13,63.91,2046,Indian,,symbiont-bearing,spinose,0.280806992828526
MD04-2861,,24.13,63.91,2046,Indian,,symbiont-facultative,non-spinose,0.263025195275129
MD04-2861,,24.13,63.91,2046,Indian,,symbiont-facultative,spinose,0
MD04-2861,,24.13,63.91,2046,Indian,,undetermined,non-spinose,0.00217864923747277
MD06-2986,Calypso Corer,-43.4985,167.9,1477,Pacific,1.98,symbiont-barren,non-spinose,0.345054945054945
MD06-2986,Calypso Corer,-43.4985,167.9,1477,Pacific,1.98,symbiont-barren,spinose,0.428571428571429
MD06-2986,Calypso Corer,-43.4985,167.9,1477,Pacific,1.98,symbiont-bearing,non-spinose,0
MD06-2986,Calypso Corer,-43.4985,167.9,1477,Pacific,1.98,symbiont-bearing,spinose,0
MD06-2986,Calypso Corer,-43.4985,167.9,1477,Pacific,1.98,symbiont-facultative,non-spinose,0.224175824175824
MD06-2986,Calypso Corer,-43.4985,167.9,1477,Pacific,1.98,symbiont-facultative,spinose,0
MD06-2986,Calypso Corer,-43.4985,167.9,1477,Pacific,1.98,symbiont-obligate,spinose,0.0021978021978022
MD06-2986,Calypso Corer,-43.4985,167.9,1477,Pacific,1.98,undetermined,non-spinose,0
MD06-2986,Calypso Corer,-43.4985,167.9,1477,Pacific,2.3,symbiont-barren,non-spinose,0.305322128851541
MD06-2986,Calypso Corer,-43.4985,167.9,1477,Pacific,2.3,symbiont-barren,spinose,0.507002801120448
MD06-2986,Calypso Corer,-43.4985,167.9,1477,Pacific,2.3,symbiont-bearing,non-spinose,0
MD06-2986,Calypso Corer,-43.4985,167.9,1477,Pacific,2.3,symbiont-bearing,spinose,0
MD06-2986,Calypso Corer,-43.4985,167.9,1477,Pacific,2.3,symbiont-facultative,non-spinose,0.187675070028011
MD06-2986,Calypso Corer,-43.4985,167.9,1477,Pacific,2.3,symbiont-facultative,spinose,0
MD06-2986,Calypso Corer,-43.4985,167.9,1477,Pacific,2.3,symbiont-obligate,spinose,0
MD06-2986,Calypso Corer,-43.4985,167.9,1477,Pacific,2.3,undetermined,non-spinose,0
MD07-3082,Calypso Corer,-49.167833,-76.567167,1792,Pacific,,symbiont-bearing,non-spinose,0
MD07-3082,Calypso Corer,-49.167833,-76.567167,1792,Pacific,,symbiont-bearing,spinose,0
MD07-3082,Calypso Corer,-49.167833,-76.567167,1792,Pacific,,symbiont-facultative,spinose,0
MD07-3082,Calypso Corer,-49.167833,-76.567167,1792,Pacific,,symbiont-obligate,spinose,0.02703090012
MD07-3082,Calypso Corer,-49.167833,-76.567167,1792,Pacific,,undetermined,non-spinose,0
MD07-3088,Calypso Corer,-46.071667,-75.687167,1536,Pacific,,symbiont-bearing,non-spinose,0
MD07-3088,Calypso Corer,-46.071667,-75.687167,1536,Pacific,,symbiont-bearing,spinose,0
MD07-3088,Calypso Corer,-46.071667,-75.687167,1536,Pacific,,symbiont-facultative,non-spinose,0.54991175631
MD07-3088,Calypso Corer,-46.071667,-75.687167,1536,Pacific,,symbiont-facultative,spinose,0
MD07-3088,Calypso Corer,-46.071667,-75.687167,1536,Pacific,,symbiont-obligate,spinose,0
MD07-3088,Calypso Corer,-46.071667,-75.687167,1536,Pacific,,undetermined,non-spinose,0
MD07-3100,Calypso Corer,-41.602167,-74.956667,1609,Pacific,,symbiont-bearing,non-spinose,0
MD07-3100,Calypso Corer,-41.602167,-74.956667,1609,Pacific,,symbiont-bearing,spinose,0
MD07-3100,Calypso Corer,-41.602167,-74.956667,1609,Pacific,,symbiont-facultative,spinose,0
MD07-3100,Calypso Corer,-41.602167,-74.956667,1609,Pacific,,symbiont-obligate,spinose,0.01853327157
MD07-3100,Calypso Corer,-41.602167,-74.956667,1609,Pacific,,undetermined,non-spinose,0
MD76-131,,15.32,72.34,1230,Indian,1.9,symbiont-barren,non-spinose,0.019
MD76-131,,15.32,72.34,1230,Indian,1.9,symbiont-barren,spinose,0.123
MD76-131,,15.32,72.34,1230,Indian,1.9,symbiont-bearing,non-spinose,0
MD76-131,,15.32,72.34,1230,Indian,1.9,symbiont-bearing,spinose,0.059
MD76-131,,15.32,72.34,1230,Indian,1.9,symbiont-facultative,non-spinose,0.264
MD76-131,,15.32,72.34,1230,Indian,1.9,symbiont-facultative,spinose,0
MD76-131,,15.32,72.34,1230,Indian,1.9,symbiont-obligate,spinose,0.531
MD76-131,,15.32,72.34,1230,Indian,1.9,undetermined,non-spinose,0.005
MD77-169,,10.13,95.03,2360,Indian,1.51,symbiont-barren,non-spinose,0.019
MD77-169,,10.13,95.03,2360,Indian,1.51,symbiont-barren,spinose,0.097
MD77-169,,10.13,95.03,2360,Indian,1.51,symbiont-bearing,non-spinose,0
MD77-169,,10.13,95.03,2360,Indian,1.51,symbiont-bearing,spinose,0.046
MD77-169,,10.13,95.03,2360,Indian,1.51,symbiont-facultative,non-spinose,0.356
MD77-169,,10.13,95.03,2360,Indian,1.51,symbiont-facultative,spinose,0
MD77-169,,10.13,95.03,2360,Indian,1.51,symbiont-obligate,spinose,0.474
MD77-169,,10.13,95.03,2360,Indian,1.51,undetermined,non-spinose,0.01
MD77-171,,11.46,94.09,1760,Indian,2.61,symbiont-barren,non-spinose,0.029
MD77-171,,11.46,94.09,1760,Indian,2.61,symbiont-barren,spinose,0.112
MD77-171,,11.46,94.09,1760,Indian,2.61,symbiont-bearing,non-spinose,0
MD77-171,,11.46,94.09,1760,Indian,2.61,symbiont-bearing,spinose,0.125
MD77-171,,11.46,94.09,1760,Indian,2.61,symbiont-facultative,non-spinose,0.308
MD77-171,,11.46,94.09,1760,Indian,2.61,symbiont-facultative,spinose,0
MD77-171,,11.46,94.09,1760,Indian,2.61,symbiont-obligate,spinose,0.41
MD77-171,,11.46,94.09,1760,Indian,2.61,undetermined,non-spinose,0.017
MD77-179,,18.22,91.01,1986,Indian,0.52,symbiont-barren,non-spinose,0.019
MD77-179,,18.22,91.01,1986,Indian,0.52,symbiont-barren,spinose,0.117
MD77-179,,18.22,91.01,1986,Indian,0.52,symbiont-bearing,non-spinose,0
MD77-179,,18.22,91.01,1986,Indian,0.52,symbiont-bearing,spinose,0.089
MD77-179,,18.22,91.01,1986,Indian,0.52,symbiont-facultative,non-spinose,0.494
MD77-179,,18.22,91.01,1986,Indian,0.52,symbiont-facultative,spinose,0
MD77-179,,18.22,91.01,1986,Indian,0.52,symbiont-obligate,spinose,0.275
MD77-179,,18.22,91.01,1986,Indian,0.52,undetermined,non-spinose,0.007
MD77-180,,18.28,89.51,1986,Indian,1.81,symbiont-barren,non-spinose,0.012
MD77-180,,18.28,89.51,1986,Indian,1.81,symbiont-barren,spinose,0.118
MD77-180,,18.28,89.51,1986,Indian,1.81,symbiont-bearing,non-spinose,0
MD77-180,,18.28,89.51,1986,Indian,1.81,symbiont-bearing,spinose,0.051
MD77-180,,18.28,89.51,1986,Indian,1.81,symbiont-facultative,non-spinose,0.386
MD77-180,,18.28,89.51,1986,Indian,1.81,symbiont-facultative,spinose,0
MD77-180,,18.28,89.51,1986,Indian,1.81,symbiont-obligate,spinose,0.42
MD77-180,,18.28,89.51,1986,Indian,1.81,undetermined,non-spinose,0.01
MD77-191,,7.3,76.43,1254,Indian,6.72,symbiont-barren,non-spinose,0.053
MD77-191,,7.3,76.43,1254,Indian,6.72,symbiont-barren,spinose,0.318
MD77-191,,7.3,76.43,1254,Indian,6.72,symbiont-bearing,non-spinose,0
MD77-191,,7.3,76.43,1254,Indian,6.72,symbiont-bearing,spinose,0.082
MD77-191,,7.3,76.43,1254,Indian,6.72,symbiont-facultative,non-spinose,0.335
MD77-191,,7.3,76.43,1254,Indian,6.72,symbiont-facultative,spinose,0
MD77-191,,7.3,76.43,1254,Indian,6.72,symbiont-obligate,spinose,0.206
MD77-191,,7.3,76.43,1254,Indian,6.72,undetermined,non-spinose,0.006
MD77-194,,10.28,75.14,1222,Indian,3.11,symbiont-barren,non-spinose,0.038
MD77-194,,10.28,75.14,1222,Indian,3.11,symbiont-barren,spinose,0.277
MD77-194,,10.28,75.14,1222,Indian,3.11,symbiont-bearing,non-spinose,0
MD77-194,,10.28,75.14,1222,Indian,3.11,symbiont-bearing,spinose,0.095
MD77-194,,10.28,75.14,1222,Indian,3.11,symbiont-facultative,non-spinose,0.223
MD77-194,,10.28,75.14,1222,Indian,3.11,symbiont-facultative,spinose,0
MD77-194,,10.28,75.14,1222,Indian,3.11,symbiont-obligate,spinose,0.361
MD77-194,,10.28,75.14,1222,Indian,3.11,undetermined,non-spinose,0.006
MD77-203,,20.42,59.34,2442,Indian,3.41,symbiont-barren,non-spinose,0.009
MD77-203,,20.42,59.34,2442,Indian,3.41,symbiont-barren,spinose,0.306
MD77-203,,20.42,59.34,2442,Indian,3.41,symbiont-bearing,non-spinose,0
MD77-203,,20.42,59.34,2442,Indian,3.41,symbiont-bearing,spinose,0.014
MD77-203,,20.42,59.34,2442,Indian,3.41,symbiont-facultative,non-spinose,0.094
MD77-203,,20.42,59.34,2442,Indian,3.41,symbiont-facultative,spinose,0
MD77-203,,20.42,59.34,2442,Indian,3.41,symbiont-obligate,spinose,0.577
MD77-203,,20.42,59.34,2442,Indian,3.41,undetermined,non-spinose,0
MD84-632,Piston,32.47,34.23,1425,Mediterranean,,symbiont-barren,non-spinose,0
MD84-632,Piston,32.47,34.23,1425,Mediterranean,,symbiont-barren,spinose,0
MD84-632,Piston,32.47,34.23,1425,Mediterranean,,symbiont-bearing,non-spinose,0
MD84-632,Piston,32.47,34.23,1425,Mediterranean,,symbiont-bearing,spinose,0
MD84-632,Piston,32.47,34.23,1425,Mediterranean,,symbiont-facultative,non-spinose,0
MD84-632,Piston,32.47,34.23,1425,Mediterranean,,symbiont-facultative,spinose,0
MD84-632,Piston,32.47,34.23,1425,Mediterranean,,symbiont-obligate,spinose,0
MD84-632,Piston,32.47,34.23,1425,Mediterranean,,undetermined,non-spinose,0
MD84627,Piston,32.14,33.45,1185,Mediterranean,,symbiont-barren,non-spinose,0
MD84627,Piston,32.14,33.45,1185,Mediterranean,,symbiont-barren,spinose,0
MD84627,Piston,32.14,33.45,1185,Mediterranean,,symbiont-bearing,non-spinose,0
MD84627,Piston,32.14,33.45,1185,Mediterranean,,symbiont-bearing,spinose,0
MD84627,Piston,32.14,33.45,1185,Mediterranean,,symbiont-facultative,non-spinose,0
MD84627,Piston,32.14,33.45,1185,Mediterranean,,symbiont-facultative,spinose,0
MD84627,Piston,32.14,33.45,1185,Mediterranean,,symbiont-obligate,spinose,0
MD84627,Piston,32.14,33.45,1185,Mediterranean,,undetermined,non-spinose,0
MD84629,Piston,32.04,34.21,745,Mediterranean,,symbiont-barren,non-spinose,0
MD84629,Piston,32.04,34.21,745,Mediterranean,,symbiont-barren,spinose,0
MD84629,Piston,32.04,34.21,745,Mediterranean,,symbiont-bearing,non-spinose,0
MD84629,Piston,32.04,34.21,745,Mediterranean,,symbiont-bearing,spinose,0
MD84629,Piston,32.04,34.21,745,Mediterranean,,symbiont-facultative,non-spinose,0
MD84629,Piston,32.04,34.21,745,Mediterranean,,symbiont-facultative,spinose,0
MD84629,Piston,32.04,34.21,745,Mediterranean,,symbiont-obligate,spinose,0
MD84629,Piston,32.04,34.21,745,Mediterranean,,undetermined,non-spinose,0
MD84641,Piston,33.02,32.38,1375,Mediterranean,,symbiont-barren,non-spinose,0
MD84641,Piston,33.02,32.38,1375,Mediterranean,,symbiont-barren,spinose,0
MD84641,Piston,33.02,32.38,1375,Mediterranean,,symbiont-bearing,non-spinose,0
MD84641,Piston,33.02,32.38,1375,Mediterranean,,symbiont-bearing,spinose,0
MD84641,Piston,33.02,32.38,1375,Mediterranean,,symbiont-facultative,non-spinose,0
MD84641,Piston,33.02,32.38,1375,Mediterranean,,symbiont-facultative,spinose,0
MD84641,Piston,33.02,32.38,1375,Mediterranean,,symbiont-obligate,spinose,0
MD84641,Piston,33.02,32.38,1375,Mediterranean,,undetermined,non-spinose,0
MD88-770,,-46.01666667,96.46666667,3290,Indian,1.12,symbiont-barren,non-spinose,0
MD88-770,,-46.01666667,96.46666667,3290,Indian,1.12,symbiont-barren,spinose,0
MD88-770,,-46.01666667,96.46666667,3290,Indian,1.12,symbiont-bearing,non-spinose,0
MD88-770,,-46.01666667,96.46666667,3290,Indian,1.12,symbiont-bearing,spinose,0
MD88-770,,-46.01666667,96.46666667,3290,Indian,1.12,symbiont-facultative,non-spinose,0
MD88-770,,-46.01666667,96.46666667,3290,Indian,1.12,symbiont-facultative,spinose,0
MD88-770,,-46.01666667,96.46666667,3290,Indian,1.12,symbiont-obligate,spinose,0
MD88-770,,-46.01666667,96.46666667,3290,Indian,1.12,undetermined,non-spinose,0
MD90-917,Piston,41.298,17.613,1010,Mediterranean,,symbiont-barren,non-spinose,0
MD90-917,Piston,41.298,17.613,1010,Mediterranean,,symbiont-barren,spinose,0
MD90-917,Piston,41.298,17.613,1010,Mediterranean,,symbiont-bearing,non-spinose,0
MD90-917,Piston,41.298,17.613,1010,Mediterranean,,symbiont-bearing,spinose,0
MD90-917,Piston,41.298,17.613,1010,Mediterranean,,symbiont-facultative,non-spinose,0
MD90-917,Piston,41.298,17.613,1010,Mediterranean,,symbiont-facultative,spinose,0
MD90-917,Piston,41.298,17.613,1010,Mediterranean,,symbiont-obligate,spinose,0
MD90-917,Piston,41.298,17.613,1010,Mediterranean,,undetermined,non-spinose,0
MD90901,Piston,39.947,1.591,1560,Mediterranean,,symbiont-barren,non-spinose,0
MD90901,Piston,39.947,1.591,1560,Mediterranean,,symbiont-barren,spinose,0
MD90901,Piston,39.947,1.591,1560,Mediterranean,,symbiont-bearing,non-spinose,0
MD90901,Piston,39.947,1.591,1560,Mediterranean,,symbiont-bearing,spinose,0
MD90901,Piston,39.947,1.591,1560,Mediterranean,,symbiont-facultative,non-spinose,0
MD90901,Piston,39.947,1.591,1560,Mediterranean,,symbiont-facultative,spinose,0
MD90901,Piston,39.947,1.591,1560,Mediterranean,,symbiont-obligate,spinose,0
MD90901,Piston,39.947,1.591,1560,Mediterranean,,undetermined,non-spinose,0
MD95-2010,Calypso,66.6842,4.5662,1226,North Atlantic,3.1,symbiont-barren,non-spinose,0.986666666666667
MD95-2010,Calypso,66.6842,4.5662,1226,North Atlantic,3.1,symbiont-barren,spinose,0
MD95-2010,Calypso,66.6842,4.5662,1226,North Atlantic,3.1,symbiont-bearing,non-spinose,0
MD95-2010,Calypso,66.6842,4.5662,1226,North Atlantic,3.1,symbiont-bearing,spinose,0
MD95-2010,Calypso,66.6842,4.5662,1226,North Atlantic,3.1,symbiont-facultative,non-spinose,0
MD95-2010,Calypso,66.6842,4.5662,1226,North Atlantic,3.1,symbiont-facultative,spinose,0
MD95-2010,Calypso,66.6842,4.5662,1226,North Atlantic,3.1,symbiont-obligate,spinose,0
MD95-2010,Calypso,66.6842,4.5662,1226,North Atlantic,3.1,undetermined,non-spinose,0
MD95-2010,Calypso,66.6842,4.5662,1226,North Atlantic,3.12,symbiont-barren,non-spinose,0.968609865470852
MD95-2010,Calypso,66.6842,4.5662,1226,North Atlantic,3.12,symbiont-barren,spinose,0.031390134529148
MD95-2010,Calypso,66.6842,4.5662,1226,North Atlantic,3.12,symbiont-bearing,non-spinose,0
MD95-2010,Calypso,66.6842,4.5662,1226,North Atlantic,3.12,symbiont-bearing,spinose,0
MD95-2010,Calypso,66.6842,4.5662,1226,North Atlantic,3.12,symbiont-facultative,non-spinose,0
MD95-2010,Calypso,66.6842,4.5662,1226,North Atlantic,3.12,symbiont-facultative,spinose,0
MD95-2010,Calypso,66.6842,4.5662,1226,North Atlantic,3.12,symbiont-obligate,spinose,0
MD95-2010,Calypso,66.6842,4.5662,1226,North Atlantic,3.12,undetermined,non-spinose,0
MD95-2010,Calypso,66.6842,4.5662,1226,North Atlantic,3.17,symbiont-barren,non-spinose,0.975308641975309
MD95-2010,Calypso,66.6842,4.5662,1226,North Atlantic,3.17,symbiont-barren,spinose,0.0246913580246914
MD95-2010,Calypso,66.6842,4.5662,1226,North Atlantic,3.17,symbiont-bearing,non-spinose,0
MD95-2010,Calypso,66.6842,4.5662,1226,North Atlantic,3.17,symbiont-bearing,spinose,0
MD95-2010,Calypso,66.6842,4.5662,1226,North Atlantic,3.17,symbiont-facultative,non-spinose,0
MD95-2010,Calypso,66.6842,4.5662,1226,North Atlantic,3.17,symbiont-facultative,spinose,0
MD95-2010,Calypso,66.6842,4.5662,1226,North Atlantic,3.17,symbiont-obligate,spinose,0
MD95-2010,Calypso,66.6842,4.5662,1226,North Atlantic,3.17,undetermined,non-spinose,0
MD95-2010,Calypso,66.6842,4.5662,1226,North Atlantic,3.2,symbiont-barren,non-spinose,0.990909090909091
MD95-2010,Calypso,66.6842,4.5662,1226,North Atlantic,3.2,symbiont-barren,spinose,0.00303030303030303
MD95-2010,Calypso,66.6842,4.5662,1226,North Atlantic,3.2,symbiont-bearing,non-spinose,0
MD95-2010,Calypso,66.6842,4.5662,1226,North Atlantic,3.2,symbiont-bearing,spinose,0
MD95-2010,Calypso,66.6842,4.5662,1226,North Atlantic,3.2,symbiont-facultative,non-spinose,0
MD95-2010,Calypso,66.6842,4.5662,1226,North Atlantic,3.2,symbiont-facultative,spinose,0
MD95-2010,Calypso,66.6842,4.5662,1226,North Atlantic,3.2,symbiont-obligate,spinose,0
MD95-2010,Calypso,66.6842,4.5662,1226,North Atlantic,3.2,undetermined,non-spinose,0
MD95-2010,Calypso,66.6842,4.5662,1226,North Atlantic,3.3,symbiont-barren,non-spinose,0.976744186046511
MD95-2010,Calypso,66.6842,4.5662,1226,North Atlantic,3.3,symbiont-barren,spinose,0
MD95-2010,Calypso,66.6842,4.5662,1226,North Atlantic,3.3,symbiont-bearing,non-spinose,0
MD95-2010,Calypso,66.6842,4.5662,1226,North Atlantic,3.3,symbiont-bearing,spinose,0
MD95-2010,Calypso,66.6842,4.5662,1226,North Atlantic,3.3,symbiont-facultative,non-spinose,0
MD95-2010,Calypso,66.6842,4.5662,1226,North Atlantic,3.3,symbiont-facultative,spinose,0
MD95-2010,Calypso,66.6842,4.5662,1226,North Atlantic,3.3,symbiont-obligate,spinose,0
MD95-2010,Calypso,66.6842,4.5662,1226,North Atlantic,3.3,undetermined,non-spinose,0
MD95-2010,Calypso,66.6842,4.5662,1226,North Atlantic,3.33,symbiont-barren,non-spinose,0.927536231884058
MD95-2010,Calypso,66.6842,4.5662,1226,North Atlantic,3.33,symbiont-barren,spinose,0.0676328502415459
MD95-2010,Calypso,66.6842,4.5662,1226,North Atlantic,3.33,symbiont-bearing,non-spinose,0
MD95-2010,Calypso,66.6842,4.5662,1226,North Atlantic,3.33,symbiont-bearing,spinose,0
MD95-2010,Calypso,66.6842,4.5662,1226,North Atlantic,3.33,symbiont-facultative,non-spinose,0
MD95-2010,Calypso,66.6842,4.5662,1226,North Atlantic,3.33,symbiont-facultative,spinose,0
MD95-2010,Calypso,66.6842,4.5662,1226,North Atlantic,3.33,symbiont-obligate,spinose,0
MD95-2010,Calypso,66.6842,4.5662,1226,North Atlantic,3.33,undetermined,non-spinose,0
MD95-2010,Calypso,66.6842,4.5662,1226,North Atlantic,3.37,symbiont-barren,non-spinose,0.948356807511737
MD95-2010,Calypso,66.6842,4.5662,1226,North Atlantic,3.37,symbiont-barren,spinose,0.0516431924882629
MD95-2010,Calypso,66.6842,4.5662,1226,North Atlantic,3.37,symbiont-bearing,non-spinose,0
MD95-2010,Calypso,66.6842,4.5662,1226,North Atlantic,3.37,symbiont-bearing,spinose,0
MD95-2010,Calypso,66.6842,4.5662,1226,North Atlantic,3.37,symbiont-facultative,non-spinose,0
MD95-2010,Calypso,66.6842,4.5662,1226,North Atlantic,3.37,symbiont-facultative,spinose,0
MD95-2010,Calypso,66.6842,4.5662,1226,North Atlantic,3.37,symbiont-obligate,spinose,0
MD95-2010,Calypso,66.6842,4.5662,1226,North Atlantic,3.37,undetermined,non-spinose,0
MD95-2010,Calypso,66.6842,4.5662,1226,North Atlantic,3.4,symbiont-barren,non-spinose,0.99344262295082
MD95-2010,Calypso,66.6842,4.5662,1226,North Atlantic,3.4,symbiont-barren,spinose,0
MD95-2010,Calypso,66.6842,4.5662,1226,North Atlantic,3.4,symbiont-bearing,non-spinose,0
MD95-2010,Calypso,66.6842,4.5662,1226,North Atlantic,3.4,symbiont-bearing,spinose,0
MD95-2010,Calypso,66.6842,4.5662,1226,North Atlantic,3.4,symbiont-facultative,non-spinose,0
MD95-2010,Calypso,66.6842,4.5662,1226,North Atlantic,3.4,symbiont-facultative,spinose,0
MD95-2010,Calypso,66.6842,4.5662,1226,North Atlantic,3.4,symbiont-obligate,spinose,0
MD95-2010,Calypso,66.6842,4.5662,1226,North Atlantic,3.4,undetermined,non-spinose,0
MD95-2010,Calypso,66.6842,4.5662,1226,North Atlantic,3.43,symbiont-barren,non-spinose,0.956937799043062
MD95-2010,Calypso,66.6842,4.5662,1226,North Atlantic,3.43,symbiont-barren,spinose,0.0430622009569378
MD95-2010,Calypso,66.6842,4.5662,1226,North Atlantic,3.43,symbiont-bearing,non-spinose,0
MD95-2010,Calypso,66.6842,4.5662,1226,North Atlantic,3.43,symbiont-bearing,spinose,0
MD95-2010,Calypso,66.6842,4.5662,1226,North Atlantic,3.43,symbiont-facultative,non-spinose,0
MD95-2010,Calypso,66.6842,4.5662,1226,North Atlantic,3.43,symbiont-facultative,spinose,0
MD95-2010,Calypso,66.6842,4.5662,1226,North Atlantic,3.43,symbiont-obligate,spinose,0
MD95-2010,Calypso,66.6842,4.5662,1226,North Atlantic,3.43,undetermined,non-spinose,0
MD95-2010,Calypso,66.6842,4.5662,1226,North Atlantic,3.47,symbiont-barren,non-spinose,0.966346153846154
MD95-2010,Calypso,66.6842,4.5662,1226,North Atlantic,3.47,symbiont-barren,spinose,0.0336538461538462
MD95-2010,Calypso,66.6842,4.5662,1226,North Atlantic,3.47,symbiont-bearing,non-spinose,0
MD95-2010,Calypso,66.6842,4.5662,1226,North Atlantic,3.47,symbiont-bearing,spinose,0
MD95-2010,Calypso,66.6842,4.5662,1226,North Atlantic,3.47,symbiont-facultative,non-spinose,0
MD95-2010,Calypso,66.6842,4.5662,1226,North Atlantic,3.47,symbiont-facultative,spinose,0
MD95-2010,Calypso,66.6842,4.5662,1226,North Atlantic,3.47,symbiont-obligate,spinose,0
MD95-2010,Calypso,66.6842,4.5662,1226,North Atlantic,3.47,undetermined,non-spinose,0
MD95-2010,Calypso,66.6842,4.5662,1226,North Atlantic,3.5,symbiont-barren,non-spinose,0.980327868852459
MD95-2010,Calypso,66.6842,4.5662,1226,North Atlantic,3.5,symbiont-barren,spinose,0
MD95-2010,Calypso,66.6842,4.5662,1226,North Atlantic,3.5,symbiont-bearing,non-spinose,0
MD95-2010,Calypso,66.6842,4.5662,1226,North Atlantic,3.5,symbiont-bearing,spinose,0
MD95-2010,Calypso,66.6842,4.5662,1226,North Atlantic,3.5,symbiont-facultative,non-spinose,0
MD95-2010,Calypso,66.6842,4.5662,1226,North Atlantic,3.5,symbiont-facultative,spinose,0
MD95-2010,Calypso,66.6842,4.5662,1226,North Atlantic,3.5,symbiont-obligate,spinose,0
MD95-2010,Calypso,66.6842,4.5662,1226,North Atlantic,3.5,undetermined,non-spinose,0
MD95-2010,Calypso,66.6842,4.5662,1226,North Atlantic,3.52,symbiont-barren,non-spinose,0.954954954954955
MD95-2010,Calypso,66.6842,4.5662,1226,North Atlantic,3.52,symbiont-barren,spinose,0.0450450450450451
MD95-2010,Calypso,66.6842,4.5662,1226,North Atlantic,3.52,symbiont-bearing,non-spinose,0
MD95-2010,Calypso,66.6842,4.5662,1226,North Atlantic,3.52,symbiont-bearing,spinose,0
MD95-2010,Calypso,66.6842,4.5662,1226,North Atlantic,3.52,symbiont-facultative,non-spinose,0
MD95-2010,Calypso,66.6842,4.5662,1226,North Atlantic,3.52,symbiont-facultative,spinose,0
MD95-2010,Calypso,66.6842,4.5662,1226,North Atlantic,3.52,symbiont-obligate,spinose,0
MD95-2010,Calypso,66.6842,4.5662,1226,North Atlantic,3.52,undetermined,non-spinose,0
MD95-2010,Calypso,66.6842,4.5662,1226,North Atlantic,3.54,symbiont-barren,non-spinose,0.951219512195122
MD95-2010,Calypso,66.6842,4.5662,1226,North Atlantic,3.54,symbiont-barren,spinose,0.0439024390243902
MD95-2010,Calypso,66.6842,4.5662,1226,North Atlantic,3.54,symbiont-bearing,non-spinose,0
MD95-2010,Calypso,66.6842,4.5662,1226,North Atlantic,3.54,symbiont-bearing,spinose,0
MD95-2010,Calypso,66.6842,4.5662,1226,North Atlantic,3.54,symbiont-facultative,non-spinose,0
MD95-2010,Calypso,66.6842,4.5662,1226,North Atlantic,3.54,symbiont-facultative,spinose,0
MD95-2010,Calypso,66.6842,4.5662,1226,North Atlantic,3.54,symbiont-obligate,spinose,0
MD95-2010,Calypso,66.6842,4.5662,1226,North Atlantic,3.54,undetermined,non-spinose,0
MD95-2010,Calypso,66.6842,4.5662,1226,North Atlantic,3.56,symbiont-barren,non-spinose,0.955284552845528
MD95-2010,Calypso,66.6842,4.5662,1226,North Atlantic,3.56,symbiont-barren,spinose,0.0447154471544715
MD95-2010,Calypso,66.6842,4.5662,1226,North Atlantic,3.56,symbiont-bearing,non-spinose,0
MD95-2010,Calypso,66.6842,4.5662,1226,North Atlantic,3.56,symbiont-bearing,spinose,0
MD95-2010,Calypso,66.6842,4.5662,1226,North Atlantic,3.56,symbiont-facultative,non-spinose,0
MD95-2010,Calypso,66.6842,4.5662,1226,North Atlantic,3.56,symbiont-facultative,spinose,0
MD95-2010,Calypso,66.6842,4.5662,1226,North Atlantic,3.56,symbiont-obligate,spinose,0
MD95-2010,Calypso,66.6842,4.5662,1226,North Atlantic,3.56,undetermined,non-spinose,0
MD95-2010,Calypso,66.6842,4.5662,1226,North Atlantic,3.6,symbiont-barren,non-spinose,0.993197278911565
MD95-2010,Calypso,66.6842,4.5662,1226,North Atlantic,3.6,symbiont-barren,spinose,0
MD95-2010,Calypso,66.6842,4.5662,1226,North Atlantic,3.6,symbiont-bearing,non-spinose,0
MD95-2010,Calypso,66.6842,4.5662,1226,North Atlantic,3.6,symbiont-bearing,spinose,0
MD95-2010,Calypso,66.6842,4.5662,1226,North Atlantic,3.6,symbiont-facultative,non-spinose,0
MD95-2010,Calypso,66.6842,4.5662,1226,North Atlantic,3.6,symbiont-facultative,spinose,0
MD95-2010,Calypso,66.6842,4.5662,1226,North Atlantic,3.6,symbiont-obligate,spinose,0
MD95-2010,Calypso,66.6842,4.5662,1226,North Atlantic,3.6,undetermined,non-spinose,0
MD95-2010,Calypso,66.6842,4.5662,1226,North Atlantic,3.62,symbiont-barren,non-spinose,0.929906542056075
MD95-2010,Calypso,66.6842,4.5662,1226,North Atlantic,3.62,symbiont-barren,spinose,0.0700934579439252
MD95-2010,Calypso,66.6842,4.5662,1226,North Atlantic,3.62,symbiont-bearing,non-spinose,0
MD95-2010,Calypso,66.6842,4.5662,1226,North Atlantic,3.62,symbiont-bearing,spinose,0
MD95-2010,Calypso,66.6842,4.5662,1226,North Atlantic,3.62,symbiont-facultative,non-spinose,0
MD95-2010,Calypso,66.6842,4.5662,1226,North Atlantic,3.62,symbiont-facultative,spinose,0
MD95-2010,Calypso,66.6842,4.5662,1226,North Atlantic,3.62,symbiont-obligate,spinose,0
MD95-2010,Calypso,66.6842,4.5662,1226,North Atlantic,3.62,undetermined,non-spinose,0
MD95-2010,Calypso,66.6842,4.5662,1226,North Atlantic,3.66,symbiont-barren,non-spinose,0.95774647887324
MD95-2010,Calypso,66.6842,4.5662,1226,North Atlantic,3.66,symbiont-barren,spinose,0.0422535211267606
MD95-2010,Calypso,66.6842,4.5662,1226,North Atlantic,3.66,symbiont-bearing,non-spinose,0
MD95-2010,Calypso,66.6842,4.5662,1226,North Atlantic,3.66,symbiont-bearing,spinose,0
MD95-2010,Calypso,66.6842,4.5662,1226,North Atlantic,3.66,symbiont-facultative,non-spinose,0
MD95-2010,Calypso,66.6842,4.5662,1226,North Atlantic,3.66,symbiont-facultative,spinose,0
MD95-2010,Calypso,66.6842,4.5662,1226,North Atlantic,3.66,symbiont-obligate,spinose,0
MD95-2010,Calypso,66.6842,4.5662,1226,North Atlantic,3.66,undetermined,non-spinose,0
MD95-2010,Calypso,66.6842,4.5662,1226,North Atlantic,3.68,symbiont-barren,non-spinose,0.961904761904762
MD95-2010,Calypso,66.6842,4.5662,1226,North Atlantic,3.68,symbiont-barren,spinose,0.0380952380952381
MD95-2010,Calypso,66.6842,4.5662,1226,North Atlantic,3.68,symbiont-bearing,non-spinose,0
MD95-2010,Calypso,66.6842,4.5662,1226,North Atlantic,3.68,symbiont-bearing,spinose,0
MD95-2010,Calypso,66.6842,4.5662,1226,North Atlantic,3.68,symbiont-facultative,non-spinose,0
MD95-2010,Calypso,66.6842,4.5662,1226,North Atlantic,3.68,symbiont-facultative,spinose,0
MD95-2010,Calypso,66.6842,4.5662,1226,North Atlantic,3.68,symbiont-obligate,spinose,0
MD95-2010,Calypso,66.6842,4.5662,1226,North Atlantic,3.68,undetermined,non-spinose,0
MD95-2010,Calypso,66.6842,4.5662,1226,North Atlantic,3.7,symbiont-barren,non-spinose,0.981366459627329
MD95-2010,Calypso,66.6842,4.5662,1226,North Atlantic,3.7,symbiont-barren,spinose,0
MD95-2010,Calypso,66.6842,4.5662,1226,North Atlantic,3.7,symbiont-bearing,non-spinose,0
MD95-2010,Calypso,66.6842,4.5662,1226,North Atlantic,3.7,symbiont-bearing,spinose,0
MD95-2010,Calypso,66.6842,4.5662,1226,North Atlantic,3.7,symbiont-facultative,non-spinose,0
MD95-2010,Calypso,66.6842,4.5662,1226,North Atlantic,3.7,symbiont-facultative,spinose,0
MD95-2010,Calypso,66.6842,4.5662,1226,North Atlantic,3.7,symbiont-obligate,spinose,0
MD95-2010,Calypso,66.6842,4.5662,1226,North Atlantic,3.7,undetermined,non-spinose,0
MD95-2010,Calypso,66.6842,4.5662,1226,North Atlantic,3.72,symbiont-barren,non-spinose,0.955357142857143
MD95-2010,Calypso,66.6842,4.5662,1226,North Atlantic,3.72,symbiont-barren,spinose,0.0446428571428571
MD95-2010,Calypso,66.6842,4.5662,1226,North Atlantic,3.72,symbiont-bearing,non-spinose,0
MD95-2010,Calypso,66.6842,4.5662,1226,North Atlantic,3.72,symbiont-bearing,spinose,0
MD95-2010,Calypso,66.6842,4.5662,1226,North Atlantic,3.72,symbiont-facultative,non-spinose,0
MD95-2010,Calypso,66.6842,4.5662,1226,North Atlantic,3.72,symbiont-facultative,spinose,0
MD95-2010,Calypso,66.6842,4.5662,1226,North Atlantic,3.72,symbiont-obligate,spinose,0
MD95-2010,Calypso,66.6842,4.5662,1226,North Atlantic,3.72,undetermined,non-spinose,0
MD95-2010,Calypso,66.6842,4.5662,1226,North Atlantic,3.76,symbiont-barren,non-spinose,0.937799043062201
MD95-2010,Calypso,66.6842,4.5662,1226,North Atlantic,3.76,symbiont-barren,spinose,0.062200956937799
MD95-2010,Calypso,66.6842,4.5662,1226,North Atlantic,3.76,symbiont-bearing,non-spinose,0
MD95-2010,Calypso,66.6842,4.5662,1226,North Atlantic,3.76,symbiont-bearing,spinose,0
MD95-2010,Calypso,66.6842,4.5662,1226,North Atlantic,3.76,symbiont-facultative,non-spinose,0
MD95-2010,Calypso,66.6842,4.5662,1226,North Atlantic,3.76,symbiont-facultative,spinose,0
MD95-2010,Calypso,66.6842,4.5662,1226,North Atlantic,3.76,symbiont-obligate,spinose,0
MD95-2010,Calypso,66.6842,4.5662,1226,North Atlantic,3.76,undetermined,non-spinose,0
MD95-2010,Calypso,66.6842,4.5662,1226,North Atlantic,3.8,symbiont-barren,non-spinose,0.964052287581699
MD95-2010,Calypso,66.6842,4.5662,1226,North Atlantic,3.8,symbiont-barren,spinose,0.0130718954248366
MD95-2010,Calypso,66.6842,4.5662,1226,North Atlantic,3.8,symbiont-bearing,non-spinose,0
MD95-2010,Calypso,66.6842,4.5662,1226,North Atlantic,3.8,symbiont-bearing,spinose,0
MD95-2010,Calypso,66.6842,4.5662,1226,North Atlantic,3.8,symbiont-facultative,non-spinose,0
MD95-2010,Calypso,66.6842,4.5662,1226,North Atlantic,3.8,symbiont-facultative,spinose,0
MD95-2010,Calypso,66.6842,4.5662,1226,North Atlantic,3.8,symbiont-obligate,spinose,0
MD95-2010,Calypso,66.6842,4.5662,1226,North Atlantic,3.8,undetermined,non-spinose,0
MD95-2010,Calypso,66.6842,4.5662,1226,North Atlantic,3.83,symbiont-barren,non-spinose,0.947791164658635
MD95-2010,Calypso,66.6842,4.5662,1226,North Atlantic,3.83,symbiont-barren,spinose,0.0522088353413655
MD95-2010,Calypso,66.6842,4.5662,1226,North Atlantic,3.83,symbiont-bearing,non-spinose,0
MD95-2010,Calypso,66.6842,4.5662,1226,North Atlantic,3.83,symbiont-bearing,spinose,0
MD95-2010,Calypso,66.6842,4.5662,1226,North Atlantic,3.83,symbiont-facultative,non-spinose,0
MD95-2010,Calypso,66.6842,4.5662,1226,North Atlantic,3.83,symbiont-facultative,spinose,0
MD95-2010,Calypso,66.6842,4.5662,1226,North Atlantic,3.83,symbiont-obligate,spinose,0
MD95-2010,Calypso,66.6842,4.5662,1226,North Atlantic,3.83,undetermined,non-spinose,0
MD95-2010,Calypso,66.6842,4.5662,1226,North Atlantic,3.85,symbiont-barren,non-spinose,0.970731707317073
MD95-2010,Calypso,66.6842,4.5662,1226,North Atlantic,3.85,symbiont-barren,spinose,0.0292682926829268
MD95-2010,Calypso,66.6842,4.5662,1226,North Atlantic,3.85,symbiont-bearing,non-spinose,0
MD95-2010,Calypso,66.6842,4.5662,1226,North Atlantic,3.85,symbiont-bearing,spinose,0
MD95-2010,Calypso,66.6842,4.5662,1226,North Atlantic,3.85,symbiont-facultative,non-spinose,0
MD95-2010,Calypso,66.6842,4.5662,1226,North Atlantic,3.85,symbiont-facultative,spinose,0
MD95-2010,Calypso,66.6842,4.5662,1226,North Atlantic,3.85,symbiont-obligate,spinose,0
MD95-2010,Calypso,66.6842,4.5662,1226,North Atlantic,3.85,undetermined,non-spinose,0
MD95-2010,Calypso,66.6842,4.5662,1226,North Atlantic,3.88,symbiont-barren,non-spinose,0.963800904977376
MD95-2010,Calypso,66.6842,4.5662,1226,North Atlantic,3.88,symbiont-barren,spinose,0.0361990950226244
MD95-2010,Calypso,66.6842,4.5662,1226,North Atlantic,3.88,symbiont-bearing,non-spinose,0
MD95-2010,Calypso,66.6842,4.5662,1226,North Atlantic,3.88,symbiont-bearing,spinose,0
MD95-2010,Calypso,66.6842,4.5662,1226,North Atlantic,3.88,symbiont-facultative,non-spinose,0
MD95-2010,Calypso,66.6842,4.5662,1226,North Atlantic,3.88,symbiont-facultative,spinose,0
MD95-2010,Calypso,66.6842,4.5662,1226,North Atlantic,3.88,symbiont-obligate,spinose,0
MD95-2010,Calypso,66.6842,4.5662,1226,North Atlantic,3.88,undetermined,non-spinose,0
MD95-2010,Calypso,66.6842,4.5662,1226,North Atlantic,3.9,symbiont-barren,non-spinose,0.971518987341772
MD95-2010,Calypso,66.6842,4.5662,1226,North Atlantic,3.9,symbiont-barren,spinose,0
MD95-2010,Calypso,66.6842,4.5662,1226,North Atlantic,3.9,symbiont-bearing,non-spinose,0
MD95-2010,Calypso,66.6842,4.5662,1226,North Atlantic,3.9,symbiont-bearing,spinose,0
MD95-2010,Calypso,66.6842,4.5662,1226,North Atlantic,3.9,symbiont-facultative,non-spinose,0
MD95-2010,Calypso,66.6842,4.5662,1226,North Atlantic,3.9,symbiont-facultative,spinose,0
MD95-2010,Calypso,66.6842,4.5662,1226,North Atlantic,3.9,symbiont-obligate,spinose,0
MD95-2010,Calypso,66.6842,4.5662,1226,North Atlantic,3.9,undetermined,non-spinose,0
MD95-2010,Calypso,66.6842,4.5662,1226,North Atlantic,3.93,symbiont-barren,non-spinose,0.950413223140496
MD95-2010,Calypso,66.6842,4.5662,1226,North Atlantic,3.93,symbiont-barren,spinose,0.0495867768595041
MD95-2010,Calypso,66.6842,4.5662,1226,North Atlantic,3.93,symbiont-bearing,non-spinose,0
MD95-2010,Calypso,66.6842,4.5662,1226,North Atlantic,3.93,symbiont-bearing,spinose,0
MD95-2010,Calypso,66.6842,4.5662,1226,North Atlantic,3.93,symbiont-facultative,non-spinose,0
MD95-2010,Calypso,66.6842,4.5662,1226,North Atlantic,3.93,symbiont-facultative,spinose,0
MD95-2010,Calypso,66.6842,4.5662,1226,North Atlantic,3.93,symbiont-obligate,spinose,0
MD95-2010,Calypso,66.6842,4.5662,1226,North Atlantic,3.93,undetermined,non-spinose,0
MD95-2010,Calypso,66.6842,4.5662,1226,North Atlantic,3.96,symbiont-barren,non-spinose,0.944444444444444
MD95-2010,Calypso,66.6842,4.5662,1226,North Atlantic,3.96,symbiont-barren,spinose,0.0555555555555556
MD95-2010,Calypso,66.6842,4.5662,1226,North Atlantic,3.96,symbiont-bearing,non-spinose,0
MD95-2010,Calypso,66.6842,4.5662,1226,North Atlantic,3.96,symbiont-bearing,spinose,0
MD95-2010,Calypso,66.6842,4.5662,1226,North Atlantic,3.96,symbiont-facultative,non-spinose,0
MD95-2010,Calypso,66.6842,4.5662,1226,North Atlantic,3.96,symbiont-facultative,spinose,0
MD95-2010,Calypso,66.6842,4.5662,1226,North Atlantic,3.96,symbiont-obligate,spinose,0
MD95-2010,Calypso,66.6842,4.5662,1226,North Atlantic,3.96,undetermined,non-spinose,0
MD95-2010,Calypso,66.6842,4.5662,1226,North Atlantic,4,symbiont-barren,non-spinose,0.986348122866894
MD95-2010,Calypso,66.6842,4.5662,1226,North Atlantic,4,symbiont-barren,spinose,0.00341296928327645
MD95-2010,Calypso,66.6842,4.5662,1226,North Atlantic,4,symbiont-bearing,non-spinose,0
MD95-2010,Calypso,66.6842,4.5662,1226,North Atlantic,4,symbiont-bearing,spinose,0
MD95-2010,Calypso,66.6842,4.5662,1226,North Atlantic,4,symbiont-facultative,non-spinose,0
MD95-2010,Calypso,66.6842,4.5662,1226,North Atlantic,4,symbiont-facultative,spinose,0
MD95-2010,Calypso,66.6842,4.5662,1226,North Atlantic,4,symbiont-obligate,spinose,0
MD95-2010,Calypso,66.6842,4.5662,1226,North Atlantic,4,undetermined,non-spinose,0
MD95-2010,Calypso,66.6842,4.5662,1226,North Atlantic,4.04,symbiont-barren,non-spinose,0.973094170403587
MD95-2010,Calypso,66.6842,4.5662,1226,North Atlantic,4.04,symbiont-barren,spinose,0.0269058295964126
MD95-2010,Calypso,66.6842,4.5662,1226,North Atlantic,4.04,symbiont-bearing,non-spinose,0
MD95-2010,Calypso,66.6842,4.5662,1226,North Atlantic,4.04,symbiont-bearing,spinose,0
MD95-2010,Calypso,66.6842,4.5662,1226,North Atlantic,4.04,symbiont-facultative,non-spinose,0
MD95-2010,Calypso,66.6842,4.5662,1226,North Atlantic,4.04,symbiont-facultative,spinose,0
MD95-2010,Calypso,66.6842,4.5662,1226,North Atlantic,4.04,symbiont-obligate,spinose,0
MD95-2010,Calypso,66.6842,4.5662,1226,North Atlantic,4.04,undetermined,non-spinose,0
MD95-2010,Calypso,66.6842,4.5662,1226,North Atlantic,4.1,symbiont-barren,non-spinose,0.973856209150327
MD95-2010,Calypso,66.6842,4.5662,1226,North Atlantic,4.1,symbiont-barren,spinose,0.00326797385620915
MD95-2010,Calypso,66.6842,4.5662,1226,North Atlantic,4.1,symbiont-bearing,non-spinose,0
MD95-2010,Calypso,66.6842,4.5662,1226,North Atlantic,4.1,symbiont-bearing,spinose,0
MD95-2010,Calypso,66.6842,4.5662,1226,North Atlantic,4.1,symbiont-facultative,non-spinose,0
MD95-2010,Calypso,66.6842,4.5662,1226,North Atlantic,4.1,symbiont-facultative,spinose,0
MD95-2010,Calypso,66.6842,4.5662,1226,North Atlantic,4.1,symbiont-obligate,spinose,0
MD95-2010,Calypso,66.6842,4.5662,1226,North Atlantic,4.1,undetermined,non-spinose,0
MD95-2010,Calypso,66.6842,4.5662,1226,North Atlantic,4.13,symbiont-barren,non-spinose,0.971544715447154
MD95-2010,Calypso,66.6842,4.5662,1226,North Atlantic,4.13,symbiont-barren,spinose,0.0284552845528455
MD95-2010,Calypso,66.6842,4.5662,1226,North Atlantic,4.13,symbiont-bearing,non-spinose,0
MD95-2010,Calypso,66.6842,4.5662,1226,North Atlantic,4.13,symbiont-bearing,spinose,0
MD95-2010,Calypso,66.6842,4.5662,1226,North Atlantic,4.13,symbiont-facultative,non-spinose,0
MD95-2010,Calypso,66.6842,4.5662,1226,North Atlantic,4.13,symbiont-facultative,spinose,0
MD95-2010,Calypso,66.6842,4.5662,1226,North Atlantic,4.13,symbiont-obligate,spinose,0
MD95-2010,Calypso,66.6842,4.5662,1226,North Atlantic,4.13,undetermined,non-spinose,0
MD95-2010,Calypso,66.6842,4.5662,1226,North Atlantic,4.16,symbiont-barren,non-spinose,0.944186046511628
MD95-2010,Calypso,66.6842,4.5662,1226,North Atlantic,4.16,symbiont-barren,spinose,0.0558139534883721
MD95-2010,Calypso,66.6842,4.5662,1226,North Atlantic,4.16,symbiont-bearing,non-spinose,0
MD95-2010,Calypso,66.6842,4.5662,1226,North Atlantic,4.16,symbiont-bearing,spinose,0
MD95-2010,Calypso,66.6842,4.5662,1226,North Atlantic,4.16,symbiont-facultative,non-spinose,0
MD95-2010,Calypso,66.6842,4.5662,1226,North Atlantic,4.16,symbiont-facultative,spinose,0
MD95-2010,Calypso,66.6842,4.5662,1226,North Atlantic,4.16,symbiont-obligate,spinose,0
MD95-2010,Calypso,66.6842,4.5662,1226,North Atlantic,4.16,undetermined,non-spinose,0
MD95-2010,Calypso,66.6842,4.5662,1226,North Atlantic,4.2,symbiont-barren,non-spinose,0.99025974025974
MD95-2010,Calypso,66.6842,4.5662,1226,North Atlantic,4.2,symbiont-barren,spinose,0
MD95-2010,Calypso,66.6842,4.5662,1226,North Atlantic,4.2,symbiont-bearing,non-spinose,0
MD95-2010,Calypso,66.6842,4.5662,1226,North Atlantic,4.2,symbiont-bearing,spinose,0
MD95-2010,Calypso,66.6842,4.5662,1226,North Atlantic,4.2,symbiont-facultative,non-spinose,0
MD95-2010,Calypso,66.6842,4.5662,1226,North Atlantic,4.2,symbiont-facultative,spinose,0
MD95-2010,Calypso,66.6842,4.5662,1226,North Atlantic,4.2,symbiont-obligate,spinose,0
MD95-2010,Calypso,66.6842,4.5662,1226,North Atlantic,4.2,undetermined,non-spinose,0
MD95-2010,Calypso,66.6842,4.5662,1226,North Atlantic,4.27,symbiont-barren,non-spinose,0.981220657276995
MD95-2010,Calypso,66.6842,4.5662,1226,North Atlantic,4.27,symbiont-barren,spinose,0.0187793427230047
MD95-2010,Calypso,66.6842,4.5662,1226,North Atlantic,4.27,symbiont-bearing,non-spinose,0
MD95-2010,Calypso,66.6842,4.5662,1226,North Atlantic,4.27,symbiont-bearing,spinose,0
MD95-2010,Calypso,66.6842,4.5662,1226,North Atlantic,4.27,symbiont-facultative,non-spinose,0
MD95-2010,Calypso,66.6842,4.5662,1226,North Atlantic,4.27,symbiont-facultative,spinose,0
MD95-2010,Calypso,66.6842,4.5662,1226,North Atlantic,4.27,symbiont-obligate,spinose,0
MD95-2010,Calypso,66.6842,4.5662,1226,North Atlantic,4.27,undetermined,non-spinose,0
MD95-2010,Calypso,66.6842,4.5662,1226,North Atlantic,4.3,symbiont-barren,non-spinose,0.986842105263158
MD95-2010,Calypso,66.6842,4.5662,1226,North Atlantic,4.3,symbiont-barren,spinose,0
MD95-2010,Calypso,66.6842,4.5662,1226,North Atlantic,4.3,symbiont-bearing,non-spinose,0
MD95-2010,Calypso,66.6842,4.5662,1226,North Atlantic,4.3,symbiont-bearing,spinose,0
MD95-2010,Calypso,66.6842,4.5662,1226,North Atlantic,4.3,symbiont-facultative,non-spinose,0
MD95-2010,Calypso,66.6842,4.5662,1226,North Atlantic,4.3,symbiont-facultative,spinose,0
MD95-2010,Calypso,66.6842,4.5662,1226,North Atlantic,4.3,symbiont-obligate,spinose,0
MD95-2010,Calypso,66.6842,4.5662,1226,North Atlantic,4.3,undetermined,non-spinose,0
MD95-2010,Calypso,66.6842,4.5662,1226,North Atlantic,4.36,symbiont-barren,non-spinose,0.929245283018868
MD95-2010,Calypso,66.6842,4.5662,1226,North Atlantic,4.36,symbiont-barren,spinose,0.0707547169811321
MD95-2010,Calypso,66.6842,4.5662,1226,North Atlantic,4.36,symbiont-bearing,non-spinose,0
MD95-2010,Calypso,66.6842,4.5662,1226,North Atlantic,4.36,symbiont-bearing,spinose,0
MD95-2010,Calypso,66.6842,4.5662,1226,North Atlantic,4.36,symbiont-facultative,non-spinose,0
MD95-2010,Calypso,66.6842,4.5662,1226,North Atlantic,4.36,symbiont-facultative,spinose,0
MD95-2010,Calypso,66.6842,4.5662,1226,North Atlantic,4.36,symbiont-obligate,spinose,0
MD95-2010,Calypso,66.6842,4.5662,1226,North Atlantic,4.36,undetermined,non-spinose,0
MD95-2010,Calypso,66.6842,4.5662,1226,North Atlantic,4.4,symbiont-barren,non-spinose,0.99344262295082
MD95-2010,Calypso,66.6842,4.5662,1226,North Atlantic,4.4,symbiont-barren,spinose,0
MD95-2010,Calypso,66.6842,4.5662,1226,North Atlantic,4.4,symbiont-bearing,non-spinose,0
MD95-2010,Calypso,66.6842,4.5662,1226,North Atlantic,4.4,symbiont-bearing,spinose,0
MD95-2010,Calypso,66.6842,4.5662,1226,North Atlantic,4.4,symbiont-facultative,non-spinose,0
MD95-2010,Calypso,66.6842,4.5662,1226,North Atlantic,4.4,symbiont-facultative,spinose,0
MD95-2010,Calypso,66.6842,4.5662,1226,North Atlantic,4.4,symbiont-obligate,spinose,0
MD95-2010,Calypso,66.6842,4.5662,1226,North Atlantic,4.4,undetermined,non-spinose,0
MD95-2010,Calypso,66.6842,4.5662,1226,North Atlantic,4.43,symbiont-barren,non-spinose,0.976190476190476
MD95-2010,Calypso,66.6842,4.5662,1226,North Atlantic,4.43,symbiont-barren,spinose,0.0238095238095238
MD95-2010,Calypso,66.6842,4.5662,1226,North Atlantic,4.43,symbiont-bearing,non-spinose,0
MD95-2010,Calypso,66.6842,4.5662,1226,North Atlantic,4.43,symbiont-bearing,spinose,0
MD95-2010,Calypso,66.6842,4.5662,1226,North Atlantic,4.43,symbiont-facultative,non-spinose,0
MD95-2010,Calypso,66.6842,4.5662,1226,North Atlantic,4.43,symbiont-facultative,spinose,0
MD95-2010,Calypso,66.6842,4.5662,1226,North Atlantic,4.43,symbiont-obligate,spinose,0
MD95-2010,Calypso,66.6842,4.5662,1226,North Atlantic,4.43,undetermined,non-spinose,0
MD95-2010,Calypso,66.6842,4.5662,1226,North Atlantic,4.47,symbiont-barren,non-spinose,0.963963963963964
MD95-2010,Calypso,66.6842,4.5662,1226,North Atlantic,4.47,symbiont-barren,spinose,0.036036036036036
MD95-2010,Calypso,66.6842,4.5662,1226,North Atlantic,4.47,symbiont-bearing,non-spinose,0
MD95-2010,Calypso,66.6842,4.5662,1226,North Atlantic,4.47,symbiont-bearing,spinose,0
MD95-2010,Calypso,66.6842,4.5662,1226,North Atlantic,4.47,symbiont-facultative,non-spinose,0
MD95-2010,Calypso,66.6842,4.5662,1226,North Atlantic,4.47,symbiont-facultative,spinose,0
MD95-2010,Calypso,66.6842,4.5662,1226,North Atlantic,4.47,symbiont-obligate,spinose,0
MD95-2010,Calypso,66.6842,4.5662,1226,North Atlantic,4.47,undetermined,non-spinose,0
MD95-2010,Calypso,66.6842,4.5662,1226,North Atlantic,4.49,symbiont-barren,non-spinose,0.99047619047619
MD95-2010,Calypso,66.6842,4.5662,1226,North Atlantic,4.49,symbiont-barren,spinose,0.00952380952380953
MD95-2010,Calypso,66.6842,4.5662,1226,North Atlantic,4.49,symbiont-bearing,non-spinose,0
MD95-2010,Calypso,66.6842,4.5662,1226,North Atlantic,4.49,symbiont-bearing,spinose,0
MD95-2010,Calypso,66.6842,4.5662,1226,North Atlantic,4.49,symbiont-facultative,non-spinose,0
MD95-2010,Calypso,66.6842,4.5662,1226,North Atlantic,4.49,symbiont-facultative,spinose,0
MD95-2010,Calypso,66.6842,4.5662,1226,North Atlantic,4.49,symbiont-obligate,spinose,0
MD95-2010,Calypso,66.6842,4.5662,1226,North Atlantic,4.49,undetermined,non-spinose,0
MD95-2010,Calypso,66.6842,4.5662,1226,North Atlantic,4.54,symbiont-barren,non-spinose,0.976303317535545
MD95-2010,Calypso,66.6842,4.5662,1226,North Atlantic,4.54,symbiont-barren,spinose,0.023696682464455
MD95-2010,Calypso,66.6842,4.5662,1226,North Atlantic,4.54,symbiont-bearing,non-spinose,0
MD95-2010,Calypso,66.6842,4.5662,1226,North Atlantic,4.54,symbiont-bearing,spinose,0
MD95-2010,Calypso,66.6842,4.5662,1226,North Atlantic,4.54,symbiont-facultative,non-spinose,0
MD95-2010,Calypso,66.6842,4.5662,1226,North Atlantic,4.54,symbiont-facultative,spinose,0
MD95-2010,Calypso,66.6842,4.5662,1226,North Atlantic,4.54,symbiont-obligate,spinose,0
MD95-2010,Calypso,66.6842,4.5662,1226,North Atlantic,4.54,undetermined,non-spinose,0
MD95-2010,Calypso,66.6842,4.5662,1226,North Atlantic,4.59,symbiont-barren,non-spinose,0.99
MD95-2010,Calypso,66.6842,4.5662,1226,North Atlantic,4.59,symbiont-barren,spinose,0.01
MD95-2010,Calypso,66.6842,4.5662,1226,North Atlantic,4.59,symbiont-bearing,non-spinose,0
MD95-2010,Calypso,66.6842,4.5662,1226,North Atlantic,4.59,symbiont-bearing,spinose,0
MD95-2010,Calypso,66.6842,4.5662,1226,North Atlantic,4.59,symbiont-facultative,non-spinose,0
MD95-2010,Calypso,66.6842,4.5662,1226,North Atlantic,4.59,symbiont-facultative,spinose,0
MD95-2010,Calypso,66.6842,4.5662,1226,North Atlantic,4.59,symbiont-obligate,spinose,0
MD95-2010,Calypso,66.6842,4.5662,1226,North Atlantic,4.59,undetermined,non-spinose,0
MD95-2010,Calypso,66.6842,4.5662,1226,North Atlantic,4.6,symbiont-barren,non-spinose,1
MD95-2010,Calypso,66.6842,4.5662,1226,North Atlantic,4.6,symbiont-barren,spinose,0
MD95-2010,Calypso,66.6842,4.5662,1226,North Atlantic,4.6,symbiont-bearing,non-spinose,0
MD95-2010,Calypso,66.6842,4.5662,1226,North Atlantic,4.6,symbiont-bearing,spinose,0
MD95-2010,Calypso,66.6842,4.5662,1226,North Atlantic,4.6,symbiont-facultative,non-spinose,0
MD95-2010,Calypso,66.6842,4.5662,1226,North Atlantic,4.6,symbiont-facultative,spinose,0
MD95-2010,Calypso,66.6842,4.5662,1226,North Atlantic,4.6,symbiont-obligate,spinose,0
MD95-2010,Calypso,66.6842,4.5662,1226,North Atlantic,4.6,undetermined,non-spinose,0
MD95-2011,,66.9697,7.6393,1048,North Atlantic,10.41,symbiont-barren,non-spinose,0.957
MD95-2011,,66.9697,7.6393,1048,North Atlantic,10.41,symbiont-barren,spinose,0
MD95-2011,,66.9697,7.6393,1048,North Atlantic,10.41,symbiont-bearing,non-spinose,0
MD95-2011,,66.9697,7.6393,1048,North Atlantic,10.41,symbiont-bearing,spinose,0
MD95-2011,,66.9697,7.6393,1048,North Atlantic,10.41,symbiont-facultative,non-spinose,0.043
MD95-2011,,66.9697,7.6393,1048,North Atlantic,10.41,symbiont-facultative,spinose,0
MD95-2011,,66.9697,7.6393,1048,North Atlantic,10.41,symbiont-obligate,spinose,0
MD95-2011,,66.9697,7.6393,1048,North Atlantic,10.41,undetermined,non-spinose,0
MD95-2011,,66.9697,7.6393,1048,North Atlantic,10.46,symbiont-barren,non-spinose,0.958
MD95-2011,,66.9697,7.6393,1048,North Atlantic,10.46,symbiont-barren,spinose,0.014
MD95-2011,,66.9697,7.6393,1048,North Atlantic,10.46,symbiont-bearing,non-spinose,0
MD95-2011,,66.9697,7.6393,1048,North Atlantic,10.46,symbiont-bearing,spinose,0
MD95-2011,,66.9697,7.6393,1048,North Atlantic,10.46,symbiont-facultative,non-spinose,0.028
MD95-2011,,66.9697,7.6393,1048,North Atlantic,10.46,symbiont-facultative,spinose,0
MD95-2011,,66.9697,7.6393,1048,North Atlantic,10.46,symbiont-obligate,spinose,0
MD95-2011,,66.9697,7.6393,1048,North Atlantic,10.46,undetermined,non-spinose,0
MD95-2011,,66.9697,7.6393,1048,North Atlantic,10.52,symbiont-barren,non-spinose,0.949
MD95-2011,,66.9697,7.6393,1048,North Atlantic,10.52,symbiont-barren,spinose,0
MD95-2011,,66.9697,7.6393,1048,North Atlantic,10.52,symbiont-bearing,non-spinose,0
MD95-2011,,66.9697,7.6393,1048,North Atlantic,10.52,symbiont-bearing,spinose,0
MD95-2011,,66.9697,7.6393,1048,North Atlantic,10.52,symbiont-facultative,non-spinose,0.05
MD95-2011,,66.9697,7.6393,1048,North Atlantic,10.52,symbiont-facultative,spinose,0
MD95-2011,,66.9697,7.6393,1048,North Atlantic,10.52,symbiont-obligate,spinose,0
MD95-2011,,66.9697,7.6393,1048,North Atlantic,10.52,undetermined,non-spinose,0
MD95-2011,,66.9697,7.6393,1048,North Atlantic,10.56,symbiont-barren,non-spinose,0.912
MD95-2011,,66.9697,7.6393,1048,North Atlantic,10.56,symbiont-barren,spinose,0
MD95-2011,,66.9697,7.6393,1048,North Atlantic,10.56,symbiont-bearing,non-spinose,0
MD95-2011,,66.9697,7.6393,1048,North Atlantic,10.56,symbiont-bearing,spinose,0
MD95-2011,,66.9697,7.6393,1048,North Atlantic,10.56,symbiont-facultative,non-spinose,0.087
MD95-2011,,66.9697,7.6393,1048,North Atlantic,10.56,symbiont-facultative,spinose,0
MD95-2011,,66.9697,7.6393,1048,North Atlantic,10.56,symbiont-obligate,spinose,0
MD95-2011,,66.9697,7.6393,1048,North Atlantic,10.56,undetermined,non-spinose,0
MD95-2011,,66.9697,7.6393,1048,North Atlantic,10.62,symbiont-barren,non-spinose,0.965
MD95-2011,,66.9697,7.6393,1048,North Atlantic,10.62,symbiont-barren,spinose,0
MD95-2011,,66.9697,7.6393,1048,North Atlantic,10.62,symbiont-bearing,non-spinose,0
MD95-2011,,66.9697,7.6393,1048,North Atlantic,10.62,symbiont-bearing,spinose,0
MD95-2011,,66.9697,7.6393,1048,North Atlantic,10.62,symbiont-facultative,non-spinose,0.035
MD95-2011,,66.9697,7.6393,1048,North Atlantic,10.62,symbiont-facultative,spinose,0
MD95-2011,,66.9697,7.6393,1048,North Atlantic,10.62,symbiont-obligate,spinose,0
MD95-2011,,66.9697,7.6393,1048,North Atlantic,10.62,undetermined,non-spinose,0
MD95-2011,,66.9697,7.6393,1048,North Atlantic,10.66,symbiont-barren,non-spinose,0.979
MD95-2011,,66.9697,7.6393,1048,North Atlantic,10.66,symbiont-barren,spinose,0
MD95-2011,,66.9697,7.6393,1048,North Atlantic,10.66,symbiont-bearing,non-spinose,0
MD95-2011,,66.9697,7.6393,1048,North Atlantic,10.66,symbiont-bearing,spinose,0
MD95-2011,,66.9697,7.6393,1048,North Atlantic,10.66,symbiont-facultative,non-spinose,0.022
MD95-2011,,66.9697,7.6393,1048,North Atlantic,10.66,symbiont-facultative,spinose,0
MD95-2011,,66.9697,7.6393,1048,North Atlantic,10.66,symbiont-obligate,spinose,0
MD95-2011,,66.9697,7.6393,1048,North Atlantic,10.66,undetermined,non-spinose,0
MD95-2011,,66.9697,7.6393,1048,North Atlantic,10.71,symbiont-barren,non-spinose,0.985
MD95-2011,,66.9697,7.6393,1048,North Atlantic,10.71,symbiont-barren,spinose,0
MD95-2011,,66.9697,7.6393,1048,North Atlantic,10.71,symbiont-bearing,non-spinose,0
MD95-2011,,66.9697,7.6393,1048,North Atlantic,10.71,symbiont-bearing,spinose,0
MD95-2011,,66.9697,7.6393,1048,North Atlantic,10.71,symbiont-facultative,non-spinose,0.015
MD95-2011,,66.9697,7.6393,1048,North Atlantic,10.71,symbiont-facultative,spinose,0
MD95-2011,,66.9697,7.6393,1048,North Atlantic,10.71,symbiont-obligate,spinose,0
MD95-2011,,66.9697,7.6393,1048,North Atlantic,10.71,undetermined,non-spinose,0
MD95-2011,,66.9697,7.6393,1048,North Atlantic,10.77,symbiont-barren,non-spinose,0.96
MD95-2011,,66.9697,7.6393,1048,North Atlantic,10.77,symbiont-barren,spinose,0.01
MD95-2011,,66.9697,7.6393,1048,North Atlantic,10.77,symbiont-bearing,non-spinose,0
MD95-2011,,66.9697,7.6393,1048,North Atlantic,10.77,symbiont-bearing,spinose,0
MD95-2011,,66.9697,7.6393,1048,North Atlantic,10.77,symbiont-facultative,non-spinose,0.031
MD95-2011,,66.9697,7.6393,1048,North Atlantic,10.77,symbiont-facultative,spinose,0
MD95-2011,,66.9697,7.6393,1048,North Atlantic,10.77,symbiont-obligate,spinose,0
MD95-2011,,66.9697,7.6393,1048,North Atlantic,10.77,undetermined,non-spinose,0
MD95-2011,,66.9697,7.6393,1048,North Atlantic,10.81,symbiont-barren,non-spinose,0.954
MD95-2011,,66.9697,7.6393,1048,North Atlantic,10.81,symbiont-barren,spinose,0
MD95-2011,,66.9697,7.6393,1048,North Atlantic,10.81,symbiont-bearing,non-spinose,0
MD95-2011,,66.9697,7.6393,1048,North Atlantic,10.81,symbiont-bearing,spinose,0
MD95-2011,,66.9697,7.6393,1048,North Atlantic,10.81,symbiont-facultative,non-spinose,0.046
MD95-2011,,66.9697,7.6393,1048,North Atlantic,10.81,symbiont-facultative,spinose,0
MD95-2011,,66.9697,7.6393,1048,North Atlantic,10.81,symbiont-obligate,spinose,0
MD95-2011,,66.9697,7.6393,1048,North Atlantic,10.81,undetermined,non-spinose,0
MD95-2011,,66.9697,7.6393,1048,North Atlantic,10.87,symbiont-barren,non-spinose,0.977
MD95-2011,,66.9697,7.6393,1048,North Atlantic,10.87,symbiont-barren,spinose,0
MD95-2011,,66.9697,7.6393,1048,North Atlantic,10.87,symbiont-bearing,non-spinose,0
MD95-2011,,66.9697,7.6393,1048,North Atlantic,10.87,symbiont-bearing,spinose,0
MD95-2011,,66.9697,7.6393,1048,North Atlantic,10.87,symbiont-facultative,non-spinose,0.023
MD95-2011,,66.9697,7.6393,1048,North Atlantic,10.87,symbiont-facultative,spinose,0
MD95-2011,,66.9697,7.6393,1048,North Atlantic,10.87,symbiont-obligate,spinose,0
MD95-2011,,66.9697,7.6393,1048,North Atlantic,10.87,undetermined,non-spinose,0
MD95-2011,,66.9697,7.6393,1048,North Atlantic,10.91,symbiont-barren,non-spinose,0.962
MD95-2011,,66.9697,7.6393,1048,North Atlantic,10.91,symbiont-barren,spinose,0
MD95-2011,,66.9697,7.6393,1048,North Atlantic,10.91,symbiont-bearing,non-spinose,0
MD95-2011,,66.9697,7.6393,1048,North Atlantic,10.91,symbiont-bearing,spinose,0
MD95-2011,,66.9697,7.6393,1048,North Atlantic,10.91,symbiont-facultative,non-spinose,0.038
MD95-2011,,66.9697,7.6393,1048,North Atlantic,10.91,symbiont-facultative,spinose,0
MD95-2011,,66.9697,7.6393,1048,North Atlantic,10.91,symbiont-obligate,spinose,0
MD95-2011,,66.9697,7.6393,1048,North Atlantic,10.91,undetermined,non-spinose,0
MD95-2011,,66.9697,7.6393,1048,North Atlantic,10.96,symbiont-barren,non-spinose,0.955
MD95-2011,,66.9697,7.6393,1048,North Atlantic,10.96,symbiont-barren,spinose,0.005
MD95-2011,,66.9697,7.6393,1048,North Atlantic,10.96,symbiont-bearing,non-spinose,0
MD95-2011,,66.9697,7.6393,1048,North Atlantic,10.96,symbiont-bearing,spinose,0
MD95-2011,,66.9697,7.6393,1048,North Atlantic,10.96,symbiont-facultative,non-spinose,0.035
MD95-2011,,66.9697,7.6393,1048,North Atlantic,10.96,symbiont-facultative,spinose,0
MD95-2011,,66.9697,7.6393,1048,North Atlantic,10.96,symbiont-obligate,spinose,0.005
MD95-2011,,66.9697,7.6393,1048,North Atlantic,10.96,undetermined,non-spinose,0
MD95-2011,,66.9697,7.6393,1048,North Atlantic,11.02,symbiont-barren,non-spinose,0.973
MD95-2011,,66.9697,7.6393,1048,North Atlantic,11.02,symbiont-barren,spinose,0.007
MD95-2011,,66.9697,7.6393,1048,North Atlantic,11.02,symbiont-bearing,non-spinose,0
MD95-2011,,66.9697,7.6393,1048,North Atlantic,11.02,symbiont-bearing,spinose,0
MD95-2011,,66.9697,7.6393,1048,North Atlantic,11.02,symbiont-facultative,non-spinose,0.021
MD95-2011,,66.9697,7.6393,1048,North Atlantic,11.02,symbiont-facultative,spinose,0
MD95-2011,,66.9697,7.6393,1048,North Atlantic,11.02,symbiont-obligate,spinose,0
MD95-2011,,66.9697,7.6393,1048,North Atlantic,11.02,undetermined,non-spinose,0
MD95-2011,,66.9697,7.6393,1048,North Atlantic,11.06,symbiont-barren,non-spinose,0.968
MD95-2011,,66.9697,7.6393,1048,North Atlantic,11.06,symbiont-barren,spinose,0
MD95-2011,,66.9697,7.6393,1048,North Atlantic,11.06,symbiont-bearing,non-spinose,0
MD95-2011,,66.9697,7.6393,1048,North Atlantic,11.06,symbiont-bearing,spinose,0
MD95-2011,,66.9697,7.6393,1048,North Atlantic,11.06,symbiont-facultative,non-spinose,0.032
MD95-2011,,66.9697,7.6393,1048,North Atlantic,11.06,symbiont-facultative,spinose,0
MD95-2011,,66.9697,7.6393,1048,North Atlantic,11.06,symbiont-obligate,spinose,0
MD95-2011,,66.9697,7.6393,1048,North Atlantic,11.06,undetermined,non-spinose,0
MD95-2011,,66.9697,7.6393,1048,North Atlantic,11.12,symbiont-barren,non-spinose,1
MD95-2011,,66.9697,7.6393,1048,North Atlantic,11.12,symbiont-barren,spinose,0
MD95-2011,,66.9697,7.6393,1048,North Atlantic,11.12,symbiont-bearing,non-spinose,0
MD95-2011,,66.9697,7.6393,1048,North Atlantic,11.12,symbiont-bearing,spinose,0
MD95-2011,,66.9697,7.6393,1048,North Atlantic,11.12,symbiont-facultative,non-spinose,0
MD95-2011,,66.9697,7.6393,1048,North Atlantic,11.12,symbiont-facultative,spinose,0
MD95-2011,,66.9697,7.6393,1048,North Atlantic,11.12,symbiont-obligate,spinose,0
MD95-2011,,66.9697,7.6393,1048,North Atlantic,11.12,undetermined,non-spinose,0
MD95-2011,,66.9697,7.6393,1048,North Atlantic,11.16,symbiont-barren,non-spinose,0.989
MD95-2011,,66.9697,7.6393,1048,North Atlantic,11.16,symbiont-barren,spinose,0
MD95-2011,,66.9697,7.6393,1048,North Atlantic,11.16,symbiont-bearing,non-spinose,0
MD95-2011,,66.9697,7.6393,1048,North Atlantic,11.16,symbiont-bearing,spinose,0
MD95-2011,,66.9697,7.6393,1048,North Atlantic,11.16,symbiont-facultative,non-spinose,0.011
MD95-2011,,66.9697,7.6393,1048,North Atlantic,11.16,symbiont-facultative,spinose,0
MD95-2011,,66.9697,7.6393,1048,North Atlantic,11.16,symbiont-obligate,spinose,0
MD95-2011,,66.9697,7.6393,1048,North Atlantic,11.16,undetermined,non-spinose,0
MD95-2011,,66.9697,7.6393,1048,North Atlantic,11.21,symbiont-barren,non-spinose,0.994
MD95-2011,,66.9697,7.6393,1048,North Atlantic,11.21,symbiont-barren,spinose,0
MD95-2011,,66.9697,7.6393,1048,North Atlantic,11.21,symbiont-bearing,non-spinose,0
MD95-2011,,66.9697,7.6393,1048,North Atlantic,11.21,symbiont-bearing,spinose,0
MD95-2011,,66.9697,7.6393,1048,North Atlantic,11.21,symbiont-facultative,non-spinose,0.005
MD95-2011,,66.9697,7.6393,1048,North Atlantic,11.21,symbiont-facultative,spinose,0
MD95-2011,,66.9697,7.6393,1048,North Atlantic,11.21,symbiont-obligate,spinose,0
MD95-2011,,66.9697,7.6393,1048,North Atlantic,11.21,undetermined,non-spinose,0
MD95-2011,,66.9697,7.6393,1048,North Atlantic,11.27,symbiont-barren,non-spinose,1
MD95-2011,,66.9697,7.6393,1048,North Atlantic,11.27,symbiont-barren,spinose,0
MD95-2011,,66.9697,7.6393,1048,North Atlantic,11.27,symbiont-bearing,non-spinose,0
MD95-2011,,66.9697,7.6393,1048,North Atlantic,11.27,symbiont-bearing,spinose,0
MD95-2011,,66.9697,7.6393,1048,North Atlantic,11.27,symbiont-facultative,non-spinose,0
MD95-2011,,66.9697,7.6393,1048,North Atlantic,11.27,symbiont-facultative,spinose,0
MD95-2011,,66.9697,7.6393,1048,North Atlantic,11.27,symbiont-obligate,spinose,0
MD95-2011,,66.9697,7.6393,1048,North Atlantic,11.27,undetermined,non-spinose,0
MD95-2011,,66.9697,7.6393,1048,North Atlantic,11.31,symbiont-barren,non-spinose,0.98
MD95-2011,,66.9697,7.6393,1048,North Atlantic,11.31,symbiont-barren,spinose,0
MD95-2011,,66.9697,7.6393,1048,North Atlantic,11.31,symbiont-bearing,non-spinose,0
MD95-2011,,66.9697,7.6393,1048,North Atlantic,11.31,symbiont-bearing,spinose,0
MD95-2011,,66.9697,7.6393,1048,North Atlantic,11.31,symbiont-facultative,non-spinose,0.02
MD95-2011,,66.9697,7.6393,1048,North Atlantic,11.31,symbiont-facultative,spinose,0
MD95-2011,,66.9697,7.6393,1048,North Atlantic,11.31,symbiont-obligate,spinose,0
MD95-2011,,66.9697,7.6393,1048,North Atlantic,11.31,undetermined,non-spinose,0
MD95-2011,,66.9697,7.6393,1048,North Atlantic,11.37,symbiont-barren,non-spinose,0.978
MD95-2011,,66.9697,7.6393,1048,North Atlantic,11.37,symbiont-barren,spinose,0
MD95-2011,,66.9697,7.6393,1048,North Atlantic,11.37,symbiont-bearing,non-spinose,0
MD95-2011,,66.9697,7.6393,1048,North Atlantic,11.37,symbiont-bearing,spinose,0
MD95-2011,,66.9697,7.6393,1048,North Atlantic,11.37,symbiont-facultative,non-spinose,0.022
MD95-2011,,66.9697,7.6393,1048,North Atlantic,11.37,symbiont-facultative,spinose,0
MD95-2011,,66.9697,7.6393,1048,North Atlantic,11.37,symbiont-obligate,spinose,0
MD95-2011,,66.9697,7.6393,1048,North Atlantic,11.37,undetermined,non-spinose,0
MD95-2011,,66.9697,7.6393,1048,North Atlantic,11.77,symbiont-barren,non-spinose,0.988
MD95-2011,,66.9697,7.6393,1048,North Atlantic,11.77,symbiont-barren,spinose,0
MD95-2011,,66.9697,7.6393,1048,North Atlantic,11.77,symbiont-bearing,non-spinose,0
MD95-2011,,66.9697,7.6393,1048,North Atlantic,11.77,symbiont-bearing,spinose,0
MD95-2011,,66.9697,7.6393,1048,North Atlantic,11.77,symbiont-facultative,non-spinose,0.012
MD95-2011,,66.9697,7.6393,1048,North Atlantic,11.77,symbiont-facultative,spinose,0
MD95-2011,,66.9697,7.6393,1048,North Atlantic,11.77,symbiont-obligate,spinose,0
MD95-2011,,66.9697,7.6393,1048,North Atlantic,11.77,undetermined,non-spinose,0
MD95-2011,,66.9697,7.6393,1048,North Atlantic,11.87,symbiont-barren,non-spinose,0.948
MD95-2011,,66.9697,7.6393,1048,North Atlantic,11.87,symbiont-barren,spinose,0
MD95-2011,,66.9697,7.6393,1048,North Atlantic,11.87,symbiont-bearing,non-spinose,0
MD95-2011,,66.9697,7.6393,1048,North Atlantic,11.87,symbiont-bearing,spinose,0
MD95-2011,,66.9697,7.6393,1048,North Atlantic,11.87,symbiont-facultative,non-spinose,0.053
MD95-2011,,66.9697,7.6393,1048,North Atlantic,11.87,symbiont-facultative,spinose,0
MD95-2011,,66.9697,7.6393,1048,North Atlantic,11.87,symbiont-obligate,spinose,0
MD95-2011,,66.9697,7.6393,1048,North Atlantic,11.87,undetermined,non-spinose,0
MD95-2011,,66.9697,7.6393,1048,North Atlantic,11.91,symbiont-barren,non-spinose,0.942
MD95-2011,,66.9697,7.6393,1048,North Atlantic,11.91,symbiont-barren,spinose,0
MD95-2011,,66.9697,7.6393,1048,North Atlantic,11.91,symbiont-bearing,non-spinose,0
MD95-2011,,66.9697,7.6393,1048,North Atlantic,11.91,symbiont-bearing,spinose,0
MD95-2011,,66.9697,7.6393,1048,North Atlantic,11.91,symbiont-facultative,non-spinose,0.058
MD95-2011,,66.9697,7.6393,1048,North Atlantic,11.91,symbiont-facultative,spinose,0
MD95-2011,,66.9697,7.6393,1048,North Atlantic,11.91,symbiont-obligate,spinose,0
MD95-2011,,66.9697,7.6393,1048,North Atlantic,11.91,undetermined,non-spinose,0
MD95-2011,,66.9697,7.6393,1048,North Atlantic,11.96,symbiont-barren,non-spinose,0.916
MD95-2011,,66.9697,7.6393,1048,North Atlantic,11.96,symbiont-barren,spinose,0
MD95-2011,,66.9697,7.6393,1048,North Atlantic,11.96,symbiont-bearing,non-spinose,0
MD95-2011,,66.9697,7.6393,1048,North Atlantic,11.96,symbiont-bearing,spinose,0
MD95-2011,,66.9697,7.6393,1048,North Atlantic,11.96,symbiont-facultative,non-spinose,0.084
MD95-2011,,66.9697,7.6393,1048,North Atlantic,11.96,symbiont-facultative,spinose,0
MD95-2011,,66.9697,7.6393,1048,North Atlantic,11.96,symbiont-obligate,spinose,0
MD95-2011,,66.9697,7.6393,1048,North Atlantic,11.96,undetermined,non-spinose,0
MD95-2011,,66.9697,7.6393,1048,North Atlantic,12.21,symbiont-barren,non-spinose,0.957
MD95-2011,,66.9697,7.6393,1048,North Atlantic,12.21,symbiont-barren,spinose,0
MD95-2011,,66.9697,7.6393,1048,North Atlantic,12.21,symbiont-bearing,non-spinose,0
MD95-2011,,66.9697,7.6393,1048,North Atlantic,12.21,symbiont-bearing,spinose,0
MD95-2011,,66.9697,7.6393,1048,North Atlantic,12.21,symbiont-facultative,non-spinose,0.043
MD95-2011,,66.9697,7.6393,1048,North Atlantic,12.21,symbiont-facultative,spinose,0
MD95-2011,,66.9697,7.6393,1048,North Atlantic,12.21,symbiont-obligate,spinose,0
MD95-2011,,66.9697,7.6393,1048,North Atlantic,12.21,undetermined,non-spinose,0
MD95-2011,,66.9697,7.6393,1048,North Atlantic,12.4,symbiont-barren,non-spinose,0.963
MD95-2011,,66.9697,7.6393,1048,North Atlantic,12.4,symbiont-barren,spinose,0
MD95-2011,,66.9697,7.6393,1048,North Atlantic,12.4,symbiont-bearing,non-spinose,0
MD95-2011,,66.9697,7.6393,1048,North Atlantic,12.4,symbiont-bearing,spinose,0
MD95-2011,,66.9697,7.6393,1048,North Atlantic,12.4,symbiont-facultative,non-spinose,0.037
MD95-2011,,66.9697,7.6393,1048,North Atlantic,12.4,symbiont-facultative,spinose,0
MD95-2011,,66.9697,7.6393,1048,North Atlantic,12.4,symbiont-obligate,spinose,0
MD95-2011,,66.9697,7.6393,1048,North Atlantic,12.4,undetermined,non-spinose,0
MD95-2011,,66.9697,7.6393,1048,North Atlantic,12.61,symbiont-barren,non-spinose,0.938
MD95-2011,,66.9697,7.6393,1048,North Atlantic,12.61,symbiont-barren,spinose,0
MD95-2011,,66.9697,7.6393,1048,North Atlantic,12.61,symbiont-bearing,non-spinose,0
MD95-2011,,66.9697,7.6393,1048,North Atlantic,12.61,symbiont-bearing,spinose,0
MD95-2011,,66.9697,7.6393,1048,North Atlantic,12.61,symbiont-facultative,non-spinose,0.061
MD95-2011,,66.9697,7.6393,1048,North Atlantic,12.61,symbiont-facultative,spinose,0
MD95-2011,,66.9697,7.6393,1048,North Atlantic,12.61,symbiont-obligate,spinose,0
MD95-2011,,66.9697,7.6393,1048,North Atlantic,12.61,undetermined,non-spinose,0
MD95-2011,,66.9697,7.6393,1048,North Atlantic,12.8,symbiont-barren,non-spinose,0.962
MD95-2011,,66.9697,7.6393,1048,North Atlantic,12.8,symbiont-barren,spinose,0
MD95-2011,,66.9697,7.6393,1048,North Atlantic,12.8,symbiont-bearing,non-spinose,0
MD95-2011,,66.9697,7.6393,1048,North Atlantic,12.8,symbiont-bearing,spinose,0
MD95-2011,,66.9697,7.6393,1048,North Atlantic,12.8,symbiont-facultative,non-spinose,0.038
MD95-2011,,66.9697,7.6393,1048,North Atlantic,12.8,symbiont-facultative,spinose,0
MD95-2011,,66.9697,7.6393,1048,North Atlantic,12.8,symbiont-obligate,spinose,0
MD95-2011,,66.9697,7.6393,1048,North Atlantic,12.8,undetermined,non-spinose,0
MD95-2011,,66.9697,7.6393,1048,North Atlantic,13.01,symbiont-barren,non-spinose,0.979
MD95-2011,,66.9697,7.6393,1048,North Atlantic,13.01,symbiont-barren,spinose,0
MD95-2011,,66.9697,7.6393,1048,North Atlantic,13.01,symbiont-bearing,non-spinose,0
MD95-2011,,66.9697,7.6393,1048,North Atlantic,13.01,symbiont-bearing,spinose,0
MD95-2011,,66.9697,7.6393,1048,North Atlantic,13.01,symbiont-facultative,non-spinose,0.021
MD95-2011,,66.9697,7.6393,1048,North Atlantic,13.01,symbiont-facultative,spinose,0
MD95-2011,,66.9697,7.6393,1048,North Atlantic,13.01,symbiont-obligate,spinose,0
MD95-2011,,66.9697,7.6393,1048,North Atlantic,13.01,undetermined,non-spinose,0
MD95-2011,,66.9697,7.6393,1048,North Atlantic,13.21,symbiont-barren,non-spinose,0.926
MD95-2011,,66.9697,7.6393,1048,North Atlantic,13.21,symbiont-barren,spinose,0
MD95-2011,,66.9697,7.6393,1048,North Atlantic,13.21,symbiont-bearing,non-spinose,0
MD95-2011,,66.9697,7.6393,1048,North Atlantic,13.21,symbiont-bearing,spinose,0
MD95-2011,,66.9697,7.6393,1048,North Atlantic,13.21,symbiont-facultative,non-spinose,0.073
MD95-2011,,66.9697,7.6393,1048,North Atlantic,13.21,symbiont-facultative,spinose,0
MD95-2011,,66.9697,7.6393,1048,North Atlantic,13.21,symbiont-obligate,spinose,0
MD95-2011,,66.9697,7.6393,1048,North Atlantic,13.21,undetermined,non-spinose,0
MD95-2011,,66.9697,7.6393,1048,North Atlantic,13.4,symbiont-barren,non-spinose,0.933
MD95-2011,,66.9697,7.6393,1048,North Atlantic,13.4,symbiont-barren,spinose,0
MD95-2011,,66.9697,7.6393,1048,North Atlantic,13.4,symbiont-bearing,non-spinose,0
MD95-2011,,66.9697,7.6393,1048,North Atlantic,13.4,symbiont-bearing,spinose,0
MD95-2011,,66.9697,7.6393,1048,North Atlantic,13.4,symbiont-facultative,non-spinose,0.067
MD95-2011,,66.9697,7.6393,1048,North Atlantic,13.4,symbiont-facultative,spinose,0
MD95-2011,,66.9697,7.6393,1048,North Atlantic,13.4,symbiont-obligate,spinose,0
MD95-2011,,66.9697,7.6393,1048,North Atlantic,13.4,undetermined,non-spinose,0
MD95-2011,,66.9697,7.6393,1048,North Atlantic,13.61,symbiont-barren,non-spinose,0.978
MD95-2011,,66.9697,7.6393,1048,North Atlantic,13.61,symbiont-barren,spinose,0
MD95-2011,,66.9697,7.6393,1048,North Atlantic,13.61,symbiont-bearing,non-spinose,0
MD95-2011,,66.9697,7.6393,1048,North Atlantic,13.61,symbiont-bearing,spinose,0
MD95-2011,,66.9697,7.6393,1048,North Atlantic,13.61,symbiont-facultative,non-spinose,0.023
MD95-2011,,66.9697,7.6393,1048,North Atlantic,13.61,symbiont-facultative,spinose,0
MD95-2011,,66.9697,7.6393,1048,North Atlantic,13.61,symbiont-obligate,spinose,0
MD95-2011,,66.9697,7.6393,1048,North Atlantic,13.61,undetermined,non-spinose,0
MD95-2011,,66.9697,7.6393,1048,North Atlantic,13.8,symbiont-barren,non-spinose,0.927
MD95-2011,,66.9697,7.6393,1048,North Atlantic,13.8,symbiont-barren,spinose,0
MD95-2011,,66.9697,7.6393,1048,North Atlantic,13.8,symbiont-bearing,non-spinose,0
MD95-2011,,66.9697,7.6393,1048,North Atlantic,13.8,symbiont-bearing,spinose,0
MD95-2011,,66.9697,7.6393,1048,North Atlantic,13.8,symbiont-facultative,non-spinose,0.073
MD95-2011,,66.9697,7.6393,1048,North Atlantic,13.8,symbiont-facultative,spinose,0
MD95-2011,,66.9697,7.6393,1048,North Atlantic,13.8,symbiont-obligate,spinose,0
MD95-2011,,66.9697,7.6393,1048,North Atlantic,13.8,undetermined,non-spinose,0
MD95-2011,,66.9697,7.6393,1048,North Atlantic,14.21,symbiont-barren,non-spinose,0.922
MD95-2011,,66.9697,7.6393,1048,North Atlantic,14.21,symbiont-barren,spinose,0
MD95-2011,,66.9697,7.6393,1048,North Atlantic,14.21,symbiont-bearing,non-spinose,0
MD95-2011,,66.9697,7.6393,1048,North Atlantic,14.21,symbiont-bearing,spinose,0
MD95-2011,,66.9697,7.6393,1048,North Atlantic,14.21,symbiont-facultative,non-spinose,0.078
MD95-2011,,66.9697,7.6393,1048,North Atlantic,14.21,symbiont-facultative,spinose,0
MD95-2011,,66.9697,7.6393,1048,North Atlantic,14.21,symbiont-obligate,spinose,0
MD95-2011,,66.9697,7.6393,1048,North Atlantic,14.21,undetermined,non-spinose,0
MD95-2011,,66.9697,7.6393,1048,North Atlantic,14.4,symbiont-barren,non-spinose,0.878
MD95-2011,,66.9697,7.6393,1048,North Atlantic,14.4,symbiont-barren,spinose,0
MD95-2011,,66.9697,7.6393,1048,North Atlantic,14.4,symbiont-bearing,non-spinose,0
MD95-2011,,66.9697,7.6393,1048,North Atlantic,14.4,symbiont-bearing,spinose,0
MD95-2011,,66.9697,7.6393,1048,North Atlantic,14.4,symbiont-facultative,non-spinose,0.122
MD95-2011,,66.9697,7.6393,1048,North Atlantic,14.4,symbiont-facultative,spinose,0
MD95-2011,,66.9697,7.6393,1048,North Atlantic,14.4,symbiont-obligate,spinose,0
MD95-2011,,66.9697,7.6393,1048,North Atlantic,14.4,undetermined,non-spinose,0
MD95-2011,,66.9697,7.6393,1048,North Atlantic,14.61,symbiont-barren,non-spinose,0.888
MD95-2011,,66.9697,7.6393,1048,North Atlantic,14.61,symbiont-barren,spinose,0
MD95-2011,,66.9697,7.6393,1048,North Atlantic,14.61,symbiont-bearing,non-spinose,0
MD95-2011,,66.9697,7.6393,1048,North Atlantic,14.61,symbiont-bearing,spinose,0
MD95-2011,,66.9697,7.6393,1048,North Atlantic,14.61,symbiont-facultative,non-spinose,0.112
MD95-2011,,66.9697,7.6393,1048,North Atlantic,14.61,symbiont-facultative,spinose,0
MD95-2011,,66.9697,7.6393,1048,North Atlantic,14.61,symbiont-obligate,spinose,0
MD95-2011,,66.9697,7.6393,1048,North Atlantic,14.61,undetermined,non-spinose,0
MD95-2011,,66.9697,7.6393,1048,North Atlantic,14.8,symbiont-barren,non-spinose,0.94
MD95-2011,,66.9697,7.6393,1048,North Atlantic,14.8,symbiont-barren,spinose,0
MD95-2011,,66.9697,7.6393,1048,North Atlantic,14.8,symbiont-bearing,non-spinose,0
MD95-2011,,66.9697,7.6393,1048,North Atlantic,14.8,symbiont-bearing,spinose,0
MD95-2011,,66.9697,7.6393,1048,North Atlantic,14.8,symbiont-facultative,non-spinose,0.06
MD95-2011,,66.9697,7.6393,1048,North Atlantic,14.8,symbiont-facultative,spinose,0
MD95-2011,,66.9697,7.6393,1048,North Atlantic,14.8,symbiont-obligate,spinose,0
MD95-2011,,66.9697,7.6393,1048,North Atlantic,14.8,undetermined,non-spinose,0
MD95-2011,,66.9697,7.6393,1048,North Atlantic,15.01,symbiont-barren,non-spinose,0.946
MD95-2011,,66.9697,7.6393,1048,North Atlantic,15.01,symbiont-barren,spinose,0
MD95-2011,,66.9697,7.6393,1048,North Atlantic,15.01,symbiont-bearing,non-spinose,0
MD95-2011,,66.9697,7.6393,1048,North Atlantic,15.01,symbiont-bearing,spinose,0
MD95-2011,,66.9697,7.6393,1048,North Atlantic,15.01,symbiont-facultative,non-spinose,0.054
MD95-2011,,66.9697,7.6393,1048,North Atlantic,15.01,symbiont-facultative,spinose,0
MD95-2011,,66.9697,7.6393,1048,North Atlantic,15.01,symbiont-obligate,spinose,0
MD95-2011,,66.9697,7.6393,1048,North Atlantic,15.01,undetermined,non-spinose,0
MD95-2012,,72.151,11.4343,2094,North Atlantic,3.12,symbiont-barren,non-spinose,0.971
MD95-2012,,72.151,11.4343,2094,North Atlantic,3.12,symbiont-barren,spinose,0.002
MD95-2012,,72.151,11.4343,2094,North Atlantic,3.12,symbiont-bearing,non-spinose,0
MD95-2012,,72.151,11.4343,2094,North Atlantic,3.12,symbiont-bearing,spinose,0
MD95-2012,,72.151,11.4343,2094,North Atlantic,3.12,symbiont-facultative,non-spinose,0.028
MD95-2012,,72.151,11.4343,2094,North Atlantic,3.12,symbiont-facultative,spinose,0
MD95-2012,,72.151,11.4343,2094,North Atlantic,3.12,symbiont-obligate,spinose,0
MD95-2012,,72.151,11.4343,2094,North Atlantic,3.12,undetermined,non-spinose,0
MD95-2012,,72.151,11.4343,2094,North Atlantic,3.15,symbiont-barren,non-spinose,0.971
MD95-2012,,72.151,11.4343,2094,North Atlantic,3.15,symbiont-barren,spinose,0.002
MD95-2012,,72.151,11.4343,2094,North Atlantic,3.15,symbiont-bearing,non-spinose,0
MD95-2012,,72.151,11.4343,2094,North Atlantic,3.15,symbiont-bearing,spinose,0
MD95-2012,,72.151,11.4343,2094,North Atlantic,3.15,symbiont-facultative,non-spinose,0.028
MD95-2012,,72.151,11.4343,2094,North Atlantic,3.15,symbiont-facultative,spinose,0
MD95-2012,,72.151,11.4343,2094,North Atlantic,3.15,symbiont-obligate,spinose,0
MD95-2012,,72.151,11.4343,2094,North Atlantic,3.15,undetermined,non-spinose,0
MD95-2012,,72.151,11.4343,2094,North Atlantic,3.21,symbiont-barren,non-spinose,0.982
MD95-2012,,72.151,11.4343,2094,North Atlantic,3.21,symbiont-barren,spinose,0
MD95-2012,,72.151,11.4343,2094,North Atlantic,3.21,symbiont-bearing,non-spinose,0
MD95-2012,,72.151,11.4343,2094,North Atlantic,3.21,symbiont-bearing,spinose,0
MD95-2012,,72.151,11.4343,2094,North Atlantic,3.21,symbiont-facultative,non-spinose,0.018
MD95-2012,,72.151,11.4343,2094,North Atlantic,3.21,symbiont-facultative,spinose,0
MD95-2012,,72.151,11.4343,2094,North Atlantic,3.21,symbiont-obligate,spinose,0
MD95-2012,,72.151,11.4343,2094,North Atlantic,3.21,undetermined,non-spinose,0
MD95-2012,,72.151,11.4343,2094,North Atlantic,3.25,symbiont-barren,non-spinose,0.982
MD95-2012,,72.151,11.4343,2094,North Atlantic,3.25,symbiont-barren,spinose,0
MD95-2012,,72.151,11.4343,2094,North Atlantic,3.25,symbiont-bearing,non-spinose,0
MD95-2012,,72.151,11.4343,2094,North Atlantic,3.25,symbiont-bearing,spinose,0
MD95-2012,,72.151,11.4343,2094,North Atlantic,3.25,symbiont-facultative,non-spinose,0.018
MD95-2012,,72.151,11.4343,2094,North Atlantic,3.25,symbiont-facultative,spinose,0
MD95-2012,,72.151,11.4343,2094,North Atlantic,3.25,symbiont-obligate,spinose,0
MD95-2012,,72.151,11.4343,2094,North Atlantic,3.25,undetermined,non-spinose,0
MD95-2012,,72.151,11.4343,2094,North Atlantic,3.31,symbiont-barren,non-spinose,0.982
MD95-2012,,72.151,11.4343,2094,North Atlantic,3.31,symbiont-barren,spinose,0
MD95-2012,,72.151,11.4343,2094,North Atlantic,3.31,symbiont-bearing,non-spinose,0
MD95-2012,,72.151,11.4343,2094,North Atlantic,3.31,symbiont-bearing,spinose,0
MD95-2012,,72.151,11.4343,2094,North Atlantic,3.31,symbiont-facultative,non-spinose,0.018
MD95-2012,,72.151,11.4343,2094,North Atlantic,3.31,symbiont-facultative,spinose,0
MD95-2012,,72.151,11.4343,2094,North Atlantic,3.31,symbiont-obligate,spinose,0
MD95-2012,,72.151,11.4343,2094,North Atlantic,3.31,undetermined,non-spinose,0
MD95-2012,,72.151,11.4343,2094,North Atlantic,3.35,symbiont-barren,non-spinose,0.982
MD95-2012,,72.151,11.4343,2094,North Atlantic,3.35,symbiont-barren,spinose,0
MD95-2012,,72.151,11.4343,2094,North Atlantic,3.35,symbiont-bearing,non-spinose,0
MD95-2012,,72.151,11.4343,2094,North Atlantic,3.35,symbiont-bearing,spinose,0
MD95-2012,,72.151,11.4343,2094,North Atlantic,3.35,symbiont-facultative,non-spinose,0.018
MD95-2012,,72.151,11.4343,2094,North Atlantic,3.35,symbiont-facultative,spinose,0
MD95-2012,,72.151,11.4343,2094,North Atlantic,3.35,symbiont-obligate,spinose,0
MD95-2012,,72.151,11.4343,2094,North Atlantic,3.35,undetermined,non-spinose,0
MD95-2012,,72.151,11.4343,2094,North Atlantic,3.42,symbiont-barren,non-spinose,0.982
MD95-2012,,72.151,11.4343,2094,North Atlantic,3.42,symbiont-barren,spinose,0
MD95-2012,,72.151,11.4343,2094,North Atlantic,3.42,symbiont-bearing,non-spinose,0
MD95-2012,,72.151,11.4343,2094,North Atlantic,3.42,symbiont-bearing,spinose,0
MD95-2012,,72.151,11.4343,2094,North Atlantic,3.42,symbiont-facultative,non-spinose,0.018
MD95-2012,,72.151,11.4343,2094,North Atlantic,3.42,symbiont-facultative,spinose,0
MD95-2012,,72.151,11.4343,2094,North Atlantic,3.42,symbiont-obligate,spinose,0
MD95-2012,,72.151,11.4343,2094,North Atlantic,3.42,undetermined,non-spinose,0
MD95-2012,,72.151,11.4343,2094,North Atlantic,3.46,symbiont-barren,non-spinose,0.969
MD95-2012,,72.151,11.4343,2094,North Atlantic,3.46,symbiont-barren,spinose,0.004
MD95-2012,,72.151,11.4343,2094,North Atlantic,3.46,symbiont-bearing,non-spinose,0
MD95-2012,,72.151,11.4343,2094,North Atlantic,3.46,symbiont-bearing,spinose,0
MD95-2012,,72.151,11.4343,2094,North Atlantic,3.46,symbiont-facultative,non-spinose,0.027
MD95-2012,,72.151,11.4343,2094,North Atlantic,3.46,symbiont-facultative,spinose,0
MD95-2012,,72.151,11.4343,2094,North Atlantic,3.46,symbiont-obligate,spinose,0
MD95-2012,,72.151,11.4343,2094,North Atlantic,3.46,undetermined,non-spinose,0
MD95-2012,,72.151,11.4343,2094,North Atlantic,3.52,symbiont-barren,non-spinose,0.969
MD95-2012,,72.151,11.4343,2094,North Atlantic,3.52,symbiont-barren,spinose,0.004
MD95-2012,,72.151,11.4343,2094,North Atlantic,3.52,symbiont-bearing,non-spinose,0
MD95-2012,,72.151,11.4343,2094,North Atlantic,3.52,symbiont-bearing,spinose,0
MD95-2012,,72.151,11.4343,2094,North Atlantic,3.52,symbiont-facultative,non-spinose,0.027
MD95-2012,,72.151,11.4343,2094,North Atlantic,3.52,symbiont-facultative,spinose,0
MD95-2012,,72.151,11.4343,2094,North Atlantic,3.52,symbiont-obligate,spinose,0
MD95-2012,,72.151,11.4343,2094,North Atlantic,3.52,undetermined,non-spinose,0
MD95-2012,,72.151,11.4343,2094,North Atlantic,3.56,symbiont-barren,non-spinose,0.969
MD95-2012,,72.151,11.4343,2094,North Atlantic,3.56,symbiont-barren,spinose,0.004
MD95-2012,,72.151,11.4343,2094,North Atlantic,3.56,symbiont-bearing,non-spinose,0
MD95-2012,,72.151,11.4343,2094,North Atlantic,3.56,symbiont-bearing,spinose,0
MD95-2012,,72.151,11.4343,2094,North Atlantic,3.56,symbiont-facultative,non-spinose,0.027
MD95-2012,,72.151,11.4343,2094,North Atlantic,3.56,symbiont-facultative,spinose,0
MD95-2012,,72.151,11.4343,2094,North Atlantic,3.56,symbiont-obligate,spinose,0
MD95-2012,,72.151,11.4343,2094,North Atlantic,3.56,undetermined,non-spinose,0
MD95-2012,,72.151,11.4343,2094,North Atlantic,3.62,symbiont-barren,non-spinose,0.969
MD95-2012,,72.151,11.4343,2094,North Atlantic,3.62,symbiont-barren,spinose,0.004
MD95-2012,,72.151,11.4343,2094,North Atlantic,3.62,symbiont-bearing,non-spinose,0
MD95-2012,,72.151,11.4343,2094,North Atlantic,3.62,symbiont-bearing,spinose,0
MD95-2012,,72.151,11.4343,2094,North Atlantic,3.62,symbiont-facultative,non-spinose,0.027
MD95-2012,,72.151,11.4343,2094,North Atlantic,3.62,symbiont-facultative,spinose,0
MD95-2012,,72.151,11.4343,2094,North Atlantic,3.62,symbiont-obligate,spinose,0
MD95-2012,,72.151,11.4343,2094,North Atlantic,3.62,undetermined,non-spinose,0
MD95-2012,,72.151,11.4343,2094,North Atlantic,3.65,symbiont-barren,non-spinose,0.969
MD95-2012,,72.151,11.4343,2094,North Atlantic,3.65,symbiont-barren,spinose,0.004
MD95-2012,,72.151,11.4343,2094,North Atlantic,3.65,symbiont-bearing,non-spinose,0
MD95-2012,,72.151,11.4343,2094,North Atlantic,3.65,symbiont-bearing,spinose,0
MD95-2012,,72.151,11.4343,2094,North Atlantic,3.65,symbiont-facultative,non-spinose,0.027
MD95-2012,,72.151,11.4343,2094,North Atlantic,3.65,symbiont-facultative,spinose,0
MD95-2012,,72.151,11.4343,2094,North Atlantic,3.65,symbiont-obligate,spinose,0
MD95-2012,,72.151,11.4343,2094,North Atlantic,3.65,undetermined,non-spinose,0
MD95-2012,,72.151,11.4343,2094,North Atlantic,3.71,symbiont-barren,non-spinose,0.976
MD95-2012,,72.151,11.4343,2094,North Atlantic,3.71,symbiont-barren,spinose,0.001
MD95-2012,,72.151,11.4343,2094,North Atlantic,3.71,symbiont-bearing,non-spinose,0
MD95-2012,,72.151,11.4343,2094,North Atlantic,3.71,symbiont-bearing,spinose,0
MD95-2012,,72.151,11.4343,2094,North Atlantic,3.71,symbiont-facultative,non-spinose,0.023
MD95-2012,,72.151,11.4343,2094,North Atlantic,3.71,symbiont-facultative,spinose,0
MD95-2012,,72.151,11.4343,2094,North Atlantic,3.71,symbiont-obligate,spinose,0
MD95-2012,,72.151,11.4343,2094,North Atlantic,3.71,undetermined,non-spinose,0
MD95-2012,,72.151,11.4343,2094,North Atlantic,3.75,symbiont-barren,non-spinose,0.976
MD95-2012,,72.151,11.4343,2094,North Atlantic,3.75,symbiont-barren,spinose,0.001
MD95-2012,,72.151,11.4343,2094,North Atlantic,3.75,symbiont-bearing,non-spinose,0
MD95-2012,,72.151,11.4343,2094,North Atlantic,3.75,symbiont-bearing,spinose,0
MD95-2012,,72.151,11.4343,2094,North Atlantic,3.75,symbiont-facultative,non-spinose,0.023
MD95-2012,,72.151,11.4343,2094,North Atlantic,3.75,symbiont-facultative,spinose,0
MD95-2012,,72.151,11.4343,2094,North Atlantic,3.75,symbiont-obligate,spinose,0
MD95-2012,,72.151,11.4343,2094,North Atlantic,3.75,undetermined,non-spinose,0
MD95-2012,,72.151,11.4343,2094,North Atlantic,3.81,symbiont-barren,non-spinose,0.976
MD95-2012,,72.151,11.4343,2094,North Atlantic,3.81,symbiont-barren,spinose,0.001
MD95-2012,,72.151,11.4343,2094,North Atlantic,3.81,symbiont-bearing,non-spinose,0
MD95-2012,,72.151,11.4343,2094,North Atlantic,3.81,symbiont-bearing,spinose,0
MD95-2012,,72.151,11.4343,2094,North Atlantic,3.81,symbiont-facultative,non-spinose,0.023
MD95-2012,,72.151,11.4343,2094,North Atlantic,3.81,symbiont-facultative,spinose,0
MD95-2012,,72.151,11.4343,2094,North Atlantic,3.81,symbiont-obligate,spinose,0
MD95-2012,,72.151,11.4343,2094,North Atlantic,3.81,undetermined,non-spinose,0
MD95-2012,,72.151,11.4343,2094,North Atlantic,3.85,symbiont-barren,non-spinose,0.978
MD95-2012,,72.151,11.4343,2094,North Atlantic,3.85,symbiont-barren,spinose,0.003
MD95-2012,,72.151,11.4343,2094,North Atlantic,3.85,symbiont-bearing,non-spinose,0
MD95-2012,,72.151,11.4343,2094,North Atlantic,3.85,symbiont-bearing,spinose,0
MD95-2012,,72.151,11.4343,2094,North Atlantic,3.85,symbiont-facultative,non-spinose,0.018
MD95-2012,,72.151,11.4343,2094,North Atlantic,3.85,symbiont-facultative,spinose,0
MD95-2012,,72.151,11.4343,2094,North Atlantic,3.85,symbiont-obligate,spinose,0
MD95-2012,,72.151,11.4343,2094,North Atlantic,3.85,undetermined,non-spinose,0
MD95-2012,,72.151,11.4343,2094,North Atlantic,3.92,symbiont-barren,non-spinose,0.978
MD95-2012,,72.151,11.4343,2094,North Atlantic,3.92,symbiont-barren,spinose,0.003
MD95-2012,,72.151,11.4343,2094,North Atlantic,3.92,symbiont-bearing,non-spinose,0
MD95-2012,,72.151,11.4343,2094,North Atlantic,3.92,symbiont-bearing,spinose,0
MD95-2012,,72.151,11.4343,2094,North Atlantic,3.92,symbiont-facultative,non-spinose,0.018
MD95-2012,,72.151,11.4343,2094,North Atlantic,3.92,symbiont-facultative,spinose,0
MD95-2012,,72.151,11.4343,2094,North Atlantic,3.92,symbiont-obligate,spinose,0
MD95-2012,,72.151,11.4343,2094,North Atlantic,3.92,undetermined,non-spinose,0
MD95-2012,,72.151,11.4343,2094,North Atlantic,3.96,symbiont-barren,non-spinose,0.991
MD95-2012,,72.151,11.4343,2094,North Atlantic,3.96,symbiont-barren,spinose,0
MD95-2012,,72.151,11.4343,2094,North Atlantic,3.96,symbiont-bearing,non-spinose,0
MD95-2012,,72.151,11.4343,2094,North Atlantic,3.96,symbiont-bearing,spinose,0
MD95-2012,,72.151,11.4343,2094,North Atlantic,3.96,symbiont-facultative,non-spinose,0.009
MD95-2012,,72.151,11.4343,2094,North Atlantic,3.96,symbiont-facultative,spinose,0
MD95-2012,,72.151,11.4343,2094,North Atlantic,3.96,symbiont-obligate,spinose,0
MD95-2012,,72.151,11.4343,2094,North Atlantic,3.96,undetermined,non-spinose,0
MD95-2012,,72.151,11.4343,2094,North Atlantic,4,symbiont-barren,non-spinose,0.991
MD95-2012,,72.151,11.4343,2094,North Atlantic,4,symbiont-barren,spinose,0
MD95-2012,,72.151,11.4343,2094,North Atlantic,4,symbiont-bearing,non-spinose,0
MD95-2012,,72.151,11.4343,2094,North Atlantic,4,symbiont-bearing,spinose,0
MD95-2012,,72.151,11.4343,2094,North Atlantic,4,symbiont-facultative,non-spinose,0.009
MD95-2012,,72.151,11.4343,2094,North Atlantic,4,symbiont-facultative,spinose,0
MD95-2012,,72.151,11.4343,2094,North Atlantic,4,symbiont-obligate,spinose,0
MD95-2012,,72.151,11.4343,2094,North Atlantic,4,undetermined,non-spinose,0
MD95-2012,,72.151,11.4343,2094,North Atlantic,4.11,symbiont-barren,non-spinose,0.991
MD95-2012,,72.151,11.4343,2094,North Atlantic,4.11,symbiont-barren,spinose,0
MD95-2012,,72.151,11.4343,2094,North Atlantic,4.11,symbiont-bearing,non-spinose,0
MD95-2012,,72.151,11.4343,2094,North Atlantic,4.11,symbiont-bearing,spinose,0
MD95-2012,,72.151,11.4343,2094,North Atlantic,4.11,symbiont-facultative,non-spinose,0.009
MD95-2012,,72.151,11.4343,2094,North Atlantic,4.11,symbiont-facultative,spinose,0
MD95-2012,,72.151,11.4343,2094,North Atlantic,4.11,symbiont-obligate,spinose,0
MD95-2012,,72.151,11.4343,2094,North Atlantic,4.11,undetermined,non-spinose,0
MD95-2012,,72.151,11.4343,2094,North Atlantic,4.21,symbiont-barren,non-spinose,0.991
MD95-2012,,72.151,11.4343,2094,North Atlantic,4.21,symbiont-barren,spinose,0
MD95-2012,,72.151,11.4343,2094,North Atlantic,4.21,symbiont-bearing,non-spinose,0
MD95-2012,,72.151,11.4343,2094,North Atlantic,4.21,symbiont-bearing,spinose,0
MD95-2012,,72.151,11.4343,2094,North Atlantic,4.21,symbiont-facultative,non-spinose,0
MD95-2012,,72.151,11.4343,2094,North Atlantic,4.21,symbiont-facultative,spinose,0
MD95-2012,,72.151,11.4343,2094,North Atlantic,4.21,symbiont-obligate,spinose,0
MD95-2012,,72.151,11.4343,2094,North Atlantic,4.21,undetermined,non-spinose,0
MD95-2012,,72.151,11.4343,2094,North Atlantic,4.3,symbiont-barren,non-spinose,0.98
MD95-2012,,72.151,11.4343,2094,North Atlantic,4.3,symbiont-barren,spinose,0
MD95-2012,,72.151,11.4343,2094,North Atlantic,4.3,symbiont-bearing,non-spinose,0
MD95-2012,,72.151,11.4343,2094,North Atlantic,4.3,symbiont-bearing,spinose,0
MD95-2012,,72.151,11.4343,2094,North Atlantic,4.3,symbiont-facultative,non-spinose,0.019
MD95-2012,,72.151,11.4343,2094,North Atlantic,4.3,symbiont-facultative,spinose,0
MD95-2012,,72.151,11.4343,2094,North Atlantic,4.3,symbiont-obligate,spinose,0
MD95-2012,,72.151,11.4343,2094,North Atlantic,4.3,undetermined,non-spinose,0
MD95-2012,,72.151,11.4343,2094,North Atlantic,4.41,symbiont-barren,non-spinose,0.98
MD95-2012,,72.151,11.4343,2094,North Atlantic,4.41,symbiont-barren,spinose,0
MD95-2012,,72.151,11.4343,2094,North Atlantic,4.41,symbiont-bearing,non-spinose,0
MD95-2012,,72.151,11.4343,2094,North Atlantic,4.41,symbiont-bearing,spinose,0
MD95-2012,,72.151,11.4343,2094,North Atlantic,4.41,symbiont-facultative,non-spinose,0.019
MD95-2012,,72.151,11.4343,2094,North Atlantic,4.41,symbiont-facultative,spinose,0
MD95-2012,,72.151,11.4343,2094,North Atlantic,4.41,symbiont-obligate,spinose,0
MD95-2012,,72.151,11.4343,2094,North Atlantic,4.41,undetermined,non-spinose,0
MD95-2012,,72.151,11.4343,2094,North Atlantic,4.5,symbiont-barren,non-spinose,0.98
MD95-2012,,72.151,11.4343,2094,North Atlantic,4.5,symbiont-barren,spinose,0
MD95-2012,,72.151,11.4343,2094,North Atlantic,4.5,symbiont-bearing,non-spinose,0
MD95-2012,,72.151,11.4343,2094,North Atlantic,4.5,symbiont-bearing,spinose,0
MD95-2012,,72.151,11.4343,2094,North Atlantic,4.5,symbiont-facultative,non-spinose,0.019
MD95-2012,,72.151,11.4343,2094,North Atlantic,4.5,symbiont-facultative,spinose,0
MD95-2012,,72.151,11.4343,2094,North Atlantic,4.5,symbiont-obligate,spinose,0
MD95-2012,,72.151,11.4343,2094,North Atlantic,4.5,undetermined,non-spinose,0
MD95-2012,,72.151,11.4343,2094,North Atlantic,4.61,symbiont-barren,non-spinose,0.98
MD95-2012,,72.151,11.4343,2094,North Atlantic,4.61,symbiont-barren,spinose,0
MD95-2012,,72.151,11.4343,2094,North Atlantic,4.61,symbiont-bearing,non-spinose,0
MD95-2012,,72.151,11.4343,2094,North Atlantic,4.61,symbiont-bearing,spinose,0
MD95-2012,,72.151,11.4343,2094,North Atlantic,4.61,symbiont-facultative,non-spinose,0.019
MD95-2012,,72.151,11.4343,2094,North Atlantic,4.61,symbiont-facultative,spinose,0
MD95-2012,,72.151,11.4343,2094,North Atlantic,4.61,symbiont-obligate,spinose,0
MD95-2012,,72.151,11.4343,2094,North Atlantic,4.61,undetermined,non-spinose,0
MD95-2012,,72.151,11.4343,2094,North Atlantic,4.71,symbiont-barren,non-spinose,0.998
MD95-2012,,72.151,11.4343,2094,North Atlantic,4.71,symbiont-barren,spinose,0
MD95-2012,,72.151,11.4343,2094,North Atlantic,4.71,symbiont-bearing,non-spinose,0
MD95-2012,,72.151,11.4343,2094,North Atlantic,4.71,symbiont-bearing,spinose,0
MD95-2012,,72.151,11.4343,2094,North Atlantic,4.71,symbiont-facultative,non-spinose,0
MD95-2012,,72.151,11.4343,2094,North Atlantic,4.71,symbiont-facultative,spinose,0
MD95-2012,,72.151,11.4343,2094,North Atlantic,4.71,symbiont-obligate,spinose,0
MD95-2012,,72.151,11.4343,2094,North Atlantic,4.71,undetermined,non-spinose,0
MD95-2012,,72.151,11.4343,2094,North Atlantic,4.8,symbiont-barren,non-spinose,0.985
MD95-2012,,72.151,11.4343,2094,North Atlantic,4.8,symbiont-barren,spinose,0
MD95-2012,,72.151,11.4343,2094,North Atlantic,4.8,symbiont-bearing,non-spinose,0
MD95-2012,,72.151,11.4343,2094,North Atlantic,4.8,symbiont-bearing,spinose,0
MD95-2012,,72.151,11.4343,2094,North Atlantic,4.8,symbiont-facultative,non-spinose,0.015
MD95-2012,,72.151,11.4343,2094,North Atlantic,4.8,symbiont-facultative,spinose,0
MD95-2012,,72.151,11.4343,2094,North Atlantic,4.8,symbiont-obligate,spinose,0
MD95-2012,,72.151,11.4343,2094,North Atlantic,4.8,undetermined,non-spinose,0
MD95-2012,,72.151,11.4343,2094,North Atlantic,4.91,symbiont-barren,non-spinose,0.985
MD95-2012,,72.151,11.4343,2094,North Atlantic,4.91,symbiont-barren,spinose,0
MD95-2012,,72.151,11.4343,2094,North Atlantic,4.91,symbiont-bearing,non-spinose,0
MD95-2012,,72.151,11.4343,2094,North Atlantic,4.91,symbiont-bearing,spinose,0
MD95-2012,,72.151,11.4343,2094,North Atlantic,4.91,symbiont-facultative,non-spinose,0.015
MD95-2012,,72.151,11.4343,2094,North Atlantic,4.91,symbiont-facultative,spinose,0
MD95-2012,,72.151,11.4343,2094,North Atlantic,4.91,symbiont-obligate,spinose,0
MD95-2012,,72.151,11.4343,2094,North Atlantic,4.91,undetermined,non-spinose,0
MD95-2012,,72.151,11.4343,2094,North Atlantic,5,symbiont-barren,non-spinose,0.985
MD95-2012,,72.151,11.4343,2094,North Atlantic,5,symbiont-barren,spinose,0
MD95-2012,,72.151,11.4343,2094,North Atlantic,5,symbiont-bearing,non-spinose,0
MD95-2012,,72.151,11.4343,2094,North Atlantic,5,symbiont-bearing,spinose,0
MD95-2012,,72.151,11.4343,2094,North Atlantic,5,symbiont-facultative,non-spinose,0.015
MD95-2012,,72.151,11.4343,2094,North Atlantic,5,symbiont-facultative,spinose,0
MD95-2012,,72.151,11.4343,2094,North Atlantic,5,symbiont-obligate,spinose,0
MD95-2012,,72.151,11.4343,2094,North Atlantic,5,undetermined,non-spinose,0
MD95-2012,,72.151,11.4343,2094,North Atlantic,5.11,symbiont-barren,non-spinose,0.997
MD95-2012,,72.151,11.4343,2094,North Atlantic,5.11,symbiont-barren,spinose,0
MD95-2012,,72.151,11.4343,2094,North Atlantic,5.11,symbiont-bearing,non-spinose,0
MD95-2012,,72.151,11.4343,2094,North Atlantic,5.11,symbiont-bearing,spinose,0
MD95-2012,,72.151,11.4343,2094,North Atlantic,5.11,symbiont-facultative,non-spinose,0
MD95-2012,,72.151,11.4343,2094,North Atlantic,5.11,symbiont-facultative,spinose,0
MD95-2012,,72.151,11.4343,2094,North Atlantic,5.11,symbiont-obligate,spinose,0
MD95-2012,,72.151,11.4343,2094,North Atlantic,5.11,undetermined,non-spinose,0
MD95-2012,,72.151,11.4343,2094,North Atlantic,5.21,symbiont-barren,non-spinose,0.977
MD95-2012,,72.151,11.4343,2094,North Atlantic,5.21,symbiont-barren,spinose,0
MD95-2012,,72.151,11.4343,2094,North Atlantic,5.21,symbiont-bearing,non-spinose,0
MD95-2012,,72.151,11.4343,2094,North Atlantic,5.21,symbiont-bearing,spinose,0
MD95-2012,,72.151,11.4343,2094,North Atlantic,5.21,symbiont-facultative,non-spinose,0.023
MD95-2012,,72.151,11.4343,2094,North Atlantic,5.21,symbiont-facultative,spinose,0
MD95-2012,,72.151,11.4343,2094,North Atlantic,5.21,symbiont-obligate,spinose,0
MD95-2012,,72.151,11.4343,2094,North Atlantic,5.21,undetermined,non-spinose,0
MD95-2012,,72.151,11.4343,2094,North Atlantic,5.3,symbiont-barren,non-spinose,0.977
MD95-2012,,72.151,11.4343,2094,North Atlantic,5.3,symbiont-barren,spinose,0
MD95-2012,,72.151,11.4343,2094,North Atlantic,5.3,symbiont-bearing,non-spinose,0
MD95-2012,,72.151,11.4343,2094,North Atlantic,5.3,symbiont-bearing,spinose,0
MD95-2012,,72.151,11.4343,2094,North Atlantic,5.3,symbiont-facultative,non-spinose,0.023
MD95-2012,,72.151,11.4343,2094,North Atlantic,5.3,symbiont-facultative,spinose,0
MD95-2012,,72.151,11.4343,2094,North Atlantic,5.3,symbiont-obligate,spinose,0
MD95-2012,,72.151,11.4343,2094,North Atlantic,5.3,undetermined,non-spinose,0
MD95-2012,,72.151,11.4343,2094,North Atlantic,5.41,symbiont-barren,non-spinose,0.977
MD95-2012,,72.151,11.4343,2094,North Atlantic,5.41,symbiont-barren,spinose,0
MD95-2012,,72.151,11.4343,2094,North Atlantic,5.41,symbiont-bearing,non-spinose,0
MD95-2012,,72.151,11.4343,2094,North Atlantic,5.41,symbiont-bearing,spinose,0
MD95-2012,,72.151,11.4343,2094,North Atlantic,5.41,symbiont-facultative,non-spinose,0.023
MD95-2012,,72.151,11.4343,2094,North Atlantic,5.41,symbiont-facultative,spinose,0
MD95-2012,,72.151,11.4343,2094,North Atlantic,5.41,symbiont-obligate,spinose,0
MD95-2012,,72.151,11.4343,2094,North Atlantic,5.41,undetermined,non-spinose,0
MD95-2012,,72.151,11.4343,2094,North Atlantic,5.5,symbiont-barren,non-spinose,0.991
MD95-2012,,72.151,11.4343,2094,North Atlantic,5.5,symbiont-barren,spinose,0
MD95-2012,,72.151,11.4343,2094,North Atlantic,5.5,symbiont-bearing,non-spinose,0
MD95-2012,,72.151,11.4343,2094,North Atlantic,5.5,symbiont-bearing,spinose,0
MD95-2012,,72.151,11.4343,2094,North Atlantic,5.5,symbiont-facultative,non-spinose,0.009
MD95-2012,,72.151,11.4343,2094,North Atlantic,5.5,symbiont-facultative,spinose,0
MD95-2012,,72.151,11.4343,2094,North Atlantic,5.5,symbiont-obligate,spinose,0
MD95-2012,,72.151,11.4343,2094,North Atlantic,5.5,undetermined,non-spinose,0
MD95-2039,,40.5785,-10.3485,3381,North Atlantic,3.6,symbiont-barren,non-spinose,0.398
MD95-2039,,40.5785,-10.3485,3381,North Atlantic,3.6,symbiont-barren,spinose,0.314
MD95-2039,,40.5785,-10.3485,3381,North Atlantic,3.6,symbiont-bearing,non-spinose,0
MD95-2039,,40.5785,-10.3485,3381,North Atlantic,3.6,symbiont-bearing,spinose,0
MD95-2039,,40.5785,-10.3485,3381,North Atlantic,3.6,symbiont-facultative,non-spinose,0.222
MD95-2039,,40.5785,-10.3485,3381,North Atlantic,3.6,symbiont-facultative,spinose,0
MD95-2039,,40.5785,-10.3485,3381,North Atlantic,3.6,symbiont-obligate,spinose,0.065
MD95-2039,,40.5785,-10.3485,3381,North Atlantic,3.6,undetermined,non-spinose,0
MD95-2039,,40.5785,-10.3485,3381,North Atlantic,3.7,symbiont-barren,non-spinose,0.328
MD95-2039,,40.5785,-10.3485,3381,North Atlantic,3.7,symbiont-barren,spinose,0.396
MD95-2039,,40.5785,-10.3485,3381,North Atlantic,3.7,symbiont-bearing,non-spinose,0
MD95-2039,,40.5785,-10.3485,3381,North Atlantic,3.7,symbiont-bearing,spinose,0.001
MD95-2039,,40.5785,-10.3485,3381,North Atlantic,3.7,symbiont-facultative,non-spinose,0.196
MD95-2039,,40.5785,-10.3485,3381,North Atlantic,3.7,symbiont-facultative,spinose,0
MD95-2039,,40.5785,-10.3485,3381,North Atlantic,3.7,symbiont-obligate,spinose,0.08
MD95-2039,,40.5785,-10.3485,3381,North Atlantic,3.7,undetermined,non-spinose,0
MD95-2039,,40.5785,-10.3485,3381,North Atlantic,3.8,symbiont-barren,non-spinose,0.327
MD95-2039,,40.5785,-10.3485,3381,North Atlantic,3.8,symbiont-barren,spinose,0.377
MD95-2039,,40.5785,-10.3485,3381,North Atlantic,3.8,symbiont-bearing,non-spinose,0
MD95-2039,,40.5785,-10.3485,3381,North Atlantic,3.8,symbiont-bearing,spinose,0
MD95-2039,,40.5785,-10.3485,3381,North Atlantic,3.8,symbiont-facultative,non-spinose,0.181
MD95-2039,,40.5785,-10.3485,3381,North Atlantic,3.8,symbiont-facultative,spinose,0
MD95-2039,,40.5785,-10.3485,3381,North Atlantic,3.8,symbiont-obligate,spinose,0.114
MD95-2039,,40.5785,-10.3485,3381,North Atlantic,3.8,undetermined,non-spinose,0
MD95-2039,,40.5785,-10.3485,3381,North Atlantic,3.9,symbiont-barren,non-spinose,0.356
MD95-2039,,40.5785,-10.3485,3381,North Atlantic,3.9,symbiont-barren,spinose,0.331
MD95-2039,,40.5785,-10.3485,3381,North Atlantic,3.9,symbiont-bearing,non-spinose,0
MD95-2039,,40.5785,-10.3485,3381,North Atlantic,3.9,symbiont-bearing,spinose,0
MD95-2039,,40.5785,-10.3485,3381,North Atlantic,3.9,symbiont-facultative,non-spinose,0.202
MD95-2039,,40.5785,-10.3485,3381,North Atlantic,3.9,symbiont-facultative,spinose,0
MD95-2039,,40.5785,-10.3485,3381,North Atlantic,3.9,symbiont-obligate,spinose,0.113
MD95-2039,,40.5785,-10.3485,3381,North Atlantic,3.9,undetermined,non-spinose,0
MD95-2039,,40.5785,-10.3485,3381,North Atlantic,4,symbiont-barren,non-spinose,0.388
MD95-2039,,40.5785,-10.3485,3381,North Atlantic,4,symbiont-barren,spinose,0.332
MD95-2039,,40.5785,-10.3485,3381,North Atlantic,4,symbiont-bearing,non-spinose,0
MD95-2039,,40.5785,-10.3485,3381,North Atlantic,4,symbiont-bearing,spinose,0
MD95-2039,,40.5785,-10.3485,3381,North Atlantic,4,symbiont-facultative,non-spinose,0.256
MD95-2039,,40.5785,-10.3485,3381,North Atlantic,4,symbiont-facultative,spinose,0
MD95-2039,,40.5785,-10.3485,3381,North Atlantic,4,symbiont-obligate,spinose,0.023
MD95-2039,,40.5785,-10.3485,3381,North Atlantic,4,undetermined,non-spinose,0
MD95-2040,,40.5818,-9.8612,2465,North Atlantic,3.35,symbiont-barren,non-spinose,0.484
MD95-2040,,40.5818,-9.8612,2465,North Atlantic,3.35,symbiont-barren,spinose,0.192
MD95-2040,,40.5818,-9.8612,2465,North Atlantic,3.35,symbiont-bearing,non-spinose,0
MD95-2040,,40.5818,-9.8612,2465,North Atlantic,3.35,symbiont-bearing,spinose,0
MD95-2040,,40.5818,-9.8612,2465,North Atlantic,3.35,symbiont-facultative,non-spinose,0.198
MD95-2040,,40.5818,-9.8612,2465,North Atlantic,3.35,symbiont-facultative,spinose,0
MD95-2040,,40.5818,-9.8612,2465,North Atlantic,3.35,symbiont-obligate,spinose,0.119
MD95-2040,,40.5818,-9.8612,2465,North Atlantic,3.35,undetermined,non-spinose,0
MD95-2040,,40.5818,-9.8612,2465,North Atlantic,3.38,symbiont-barren,non-spinose,0.449
MD95-2040,,40.5818,-9.8612,2465,North Atlantic,3.38,symbiont-barren,spinose,0.227
MD95-2040,,40.5818,-9.8612,2465,North Atlantic,3.38,symbiont-bearing,non-spinose,0
MD95-2040,,40.5818,-9.8612,2465,North Atlantic,3.38,symbiont-bearing,spinose,0
MD95-2040,,40.5818,-9.8612,2465,North Atlantic,3.38,symbiont-facultative,non-spinose,0.221
MD95-2040,,40.5818,-9.8612,2465,North Atlantic,3.38,symbiont-facultative,spinose,0
MD95-2040,,40.5818,-9.8612,2465,North Atlantic,3.38,symbiont-obligate,spinose,0.096
MD95-2040,,40.5818,-9.8612,2465,North Atlantic,3.38,undetermined,non-spinose,0
MD95-2040,,40.5818,-9.8612,2465,North Atlantic,3.41,symbiont-barren,non-spinose,0.5
MD95-2040,,40.5818,-9.8612,2465,North Atlantic,3.41,symbiont-barren,spinose,0.178
MD95-2040,,40.5818,-9.8612,2465,North Atlantic,3.41,symbiont-bearing,non-spinose,0
MD95-2040,,40.5818,-9.8612,2465,North Atlantic,3.41,symbiont-bearing,spinose,0
MD95-2040,,40.5818,-9.8612,2465,North Atlantic,3.41,symbiont-facultative,non-spinose,0.213
MD95-2040,,40.5818,-9.8612,2465,North Atlantic,3.41,symbiont-facultative,spinose,0
MD95-2040,,40.5818,-9.8612,2465,North Atlantic,3.41,symbiont-obligate,spinose,0.103
MD95-2040,,40.5818,-9.8612,2465,North Atlantic,3.41,undetermined,non-spinose,0
MD95-2040,,40.5818,-9.8612,2465,North Atlantic,3.44,symbiont-barren,non-spinose,0.433
MD95-2040,,40.5818,-9.8612,2465,North Atlantic,3.44,symbiont-barren,spinose,0.17
MD95-2040,,40.5818,-9.8612,2465,North Atlantic,3.44,symbiont-bearing,non-spinose,0
MD95-2040,,40.5818,-9.8612,2465,North Atlantic,3.44,symbiont-bearing,spinose,0
MD95-2040,,40.5818,-9.8612,2465,North Atlantic,3.44,symbiont-facultative,non-spinose,0.287
MD95-2040,,40.5818,-9.8612,2465,North Atlantic,3.44,symbiont-facultative,spinose,0
MD95-2040,,40.5818,-9.8612,2465,North Atlantic,3.44,symbiont-obligate,spinose,0.096
MD95-2040,,40.5818,-9.8612,2465,North Atlantic,3.44,undetermined,non-spinose,0
MD95-2040,,40.5818,-9.8612,2465,North Atlantic,3.47,symbiont-barren,non-spinose,0.511
MD95-2040,,40.5818,-9.8612,2465,North Atlantic,3.47,symbiont-barren,spinose,0.18
MD95-2040,,40.5818,-9.8612,2465,North Atlantic,3.47,symbiont-bearing,non-spinose,0
MD95-2040,,40.5818,-9.8612,2465,North Atlantic,3.47,symbiont-bearing,spinose,0.001
MD95-2040,,40.5818,-9.8612,2465,North Atlantic,3.47,symbiont-facultative,non-spinose,0.199
MD95-2040,,40.5818,-9.8612,2465,North Atlantic,3.47,symbiont-facultative,spinose,0
MD95-2040,,40.5818,-9.8612,2465,North Atlantic,3.47,symbiont-obligate,spinose,0.102
MD95-2040,,40.5818,-9.8612,2465,North Atlantic,3.47,undetermined,non-spinose,0
MD95-2040,,40.5818,-9.8612,2465,North Atlantic,3.5,symbiont-barren,non-spinose,0.455
MD95-2040,,40.5818,-9.8612,2465,North Atlantic,3.5,symbiont-barren,spinose,0.207
MD95-2040,,40.5818,-9.8612,2465,North Atlantic,3.5,symbiont-bearing,non-spinose,0
MD95-2040,,40.5818,-9.8612,2465,North Atlantic,3.5,symbiont-bearing,spinose,0
MD95-2040,,40.5818,-9.8612,2465,North Atlantic,3.5,symbiont-facultative,non-spinose,0.193
MD95-2040,,40.5818,-9.8612,2465,North Atlantic,3.5,symbiont-facultative,spinose,0
MD95-2040,,40.5818,-9.8612,2465,North Atlantic,3.5,symbiont-obligate,spinose,0.121
MD95-2040,,40.5818,-9.8612,2465,North Atlantic,3.5,undetermined,non-spinose,0
MD95-2040,,40.5818,-9.8612,2465,North Atlantic,3.53,symbiont-barren,non-spinose,0.411
MD95-2040,,40.5818,-9.8612,2465,North Atlantic,3.53,symbiont-barren,spinose,0.222
MD95-2040,,40.5818,-9.8612,2465,North Atlantic,3.53,symbiont-bearing,non-spinose,0
MD95-2040,,40.5818,-9.8612,2465,North Atlantic,3.53,symbiont-bearing,spinose,0.002
MD95-2040,,40.5818,-9.8612,2465,North Atlantic,3.53,symbiont-facultative,non-spinose,0.222
MD95-2040,,40.5818,-9.8612,2465,North Atlantic,3.53,symbiont-facultative,spinose,0
MD95-2040,,40.5818,-9.8612,2465,North Atlantic,3.53,symbiont-obligate,spinose,0.131
MD95-2040,,40.5818,-9.8612,2465,North Atlantic,3.53,undetermined,non-spinose,0
MD95-2040,,40.5818,-9.8612,2465,North Atlantic,3.56,symbiont-barren,non-spinose,0.439
MD95-2040,,40.5818,-9.8612,2465,North Atlantic,3.56,symbiont-barren,spinose,0.182
MD95-2040,,40.5818,-9.8612,2465,North Atlantic,3.56,symbiont-bearing,non-spinose,0
MD95-2040,,40.5818,-9.8612,2465,North Atlantic,3.56,symbiont-bearing,spinose,0.001
MD95-2040,,40.5818,-9.8612,2465,North Atlantic,3.56,symbiont-facultative,non-spinose,0.296
MD95-2040,,40.5818,-9.8612,2465,North Atlantic,3.56,symbiont-facultative,spinose,0
MD95-2040,,40.5818,-9.8612,2465,North Atlantic,3.56,symbiont-obligate,spinose,0.079
MD95-2040,,40.5818,-9.8612,2465,North Atlantic,3.56,undetermined,non-spinose,0
MD95-2040,,40.5818,-9.8612,2465,North Atlantic,3.59,symbiont-barren,non-spinose,0.461
MD95-2040,,40.5818,-9.8612,2465,North Atlantic,3.59,symbiont-barren,spinose,0.206
MD95-2040,,40.5818,-9.8612,2465,North Atlantic,3.59,symbiont-bearing,non-spinose,0
MD95-2040,,40.5818,-9.8612,2465,North Atlantic,3.59,symbiont-bearing,spinose,0.002
MD95-2040,,40.5818,-9.8612,2465,North Atlantic,3.59,symbiont-facultative,non-spinose,0.226
MD95-2040,,40.5818,-9.8612,2465,North Atlantic,3.59,symbiont-facultative,spinose,0
MD95-2040,,40.5818,-9.8612,2465,North Atlantic,3.59,symbiont-obligate,spinose,0.094
MD95-2040,,40.5818,-9.8612,2465,North Atlantic,3.59,undetermined,non-spinose,0
MD95-2040,,40.5818,-9.8612,2465,North Atlantic,3.62,symbiont-barren,non-spinose,0.385
MD95-2040,,40.5818,-9.8612,2465,North Atlantic,3.62,symbiont-barren,spinose,0.254
MD95-2040,,40.5818,-9.8612,2465,North Atlantic,3.62,symbiont-bearing,non-spinose,0
MD95-2040,,40.5818,-9.8612,2465,North Atlantic,3.62,symbiont-bearing,spinose,0.003
MD95-2040,,40.5818,-9.8612,2465,North Atlantic,3.62,symbiont-facultative,non-spinose,0.246
MD95-2040,,40.5818,-9.8612,2465,North Atlantic,3.62,symbiont-facultative,spinose,0
MD95-2040,,40.5818,-9.8612,2465,North Atlantic,3.62,symbiont-obligate,spinose,0.095
MD95-2040,,40.5818,-9.8612,2465,North Atlantic,3.62,undetermined,non-spinose,0
MD95-2040,,40.5818,-9.8612,2465,North Atlantic,3.65,symbiont-barren,non-spinose,0.429
MD95-2040,,40.5818,-9.8612,2465,North Atlantic,3.65,symbiont-barren,spinose,0.199
MD95-2040,,40.5818,-9.8612,2465,North Atlantic,3.65,symbiont-bearing,non-spinose,0
MD95-2040,,40.5818,-9.8612,2465,North Atlantic,3.65,symbiont-bearing,spinose,0
MD95-2040,,40.5818,-9.8612,2465,North Atlantic,3.65,symbiont-facultative,non-spinose,0.254
MD95-2040,,40.5818,-9.8612,2465,North Atlantic,3.65,symbiont-facultative,spinose,0
MD95-2040,,40.5818,-9.8612,2465,North Atlantic,3.65,symbiont-obligate,spinose,0.108
MD95-2040,,40.5818,-9.8612,2465,North Atlantic,3.65,undetermined,non-spinose,0
MD95-2040,,40.5818,-9.8612,2465,North Atlantic,3.68,symbiont-barren,non-spinose,0.426
MD95-2040,,40.5818,-9.8612,2465,North Atlantic,3.68,symbiont-barren,spinose,0.213
MD95-2040,,40.5818,-9.8612,2465,North Atlantic,3.68,symbiont-bearing,non-spinose,0
MD95-2040,,40.5818,-9.8612,2465,North Atlantic,3.68,symbiont-bearing,spinose,0
MD95-2040,,40.5818,-9.8612,2465,North Atlantic,3.68,symbiont-facultative,non-spinose,0.238
MD95-2040,,40.5818,-9.8612,2465,North Atlantic,3.68,symbiont-facultative,spinose,0
MD95-2040,,40.5818,-9.8612,2465,North Atlantic,3.68,symbiont-obligate,spinose,0.114
MD95-2040,,40.5818,-9.8612,2465,North Atlantic,3.68,undetermined,non-spinose,0
MD95-2040,,40.5818,-9.8612,2465,North Atlantic,3.71,symbiont-barren,non-spinose,0.405
MD95-2040,,40.5818,-9.8612,2465,North Atlantic,3.71,symbiont-barren,spinose,0.25
MD95-2040,,40.5818,-9.8612,2465,North Atlantic,3.71,symbiont-bearing,non-spinose,0
MD95-2040,,40.5818,-9.8612,2465,North Atlantic,3.71,symbiont-bearing,spinose,0
MD95-2040,,40.5818,-9.8612,2465,North Atlantic,3.71,symbiont-facultative,non-spinose,0.23
MD95-2040,,40.5818,-9.8612,2465,North Atlantic,3.71,symbiont-facultative,spinose,0
MD95-2040,,40.5818,-9.8612,2465,North Atlantic,3.71,symbiont-obligate,spinose,0.096
MD95-2040,,40.5818,-9.8612,2465,North Atlantic,3.71,undetermined,non-spinose,0
MD95-2040,,40.5818,-9.8612,2465,North Atlantic,3.74,symbiont-barren,non-spinose,0.427
MD95-2040,,40.5818,-9.8612,2465,North Atlantic,3.74,symbiont-barren,spinose,0.216
MD95-2040,,40.5818,-9.8612,2465,North Atlantic,3.74,symbiont-bearing,non-spinose,0
MD95-2040,,40.5818,-9.8612,2465,North Atlantic,3.74,symbiont-bearing,spinose,0
MD95-2040,,40.5818,-9.8612,2465,North Atlantic,3.74,symbiont-facultative,non-spinose,0.237
MD95-2040,,40.5818,-9.8612,2465,North Atlantic,3.74,symbiont-facultative,spinose,0
MD95-2040,,40.5818,-9.8612,2465,North Atlantic,3.74,symbiont-obligate,spinose,0.109
MD95-2040,,40.5818,-9.8612,2465,North Atlantic,3.74,undetermined,non-spinose,0
MD95-2040,,40.5818,-9.8612,2465,North Atlantic,3.77,symbiont-barren,non-spinose,0.451
MD95-2040,,40.5818,-9.8612,2465,North Atlantic,3.77,symbiont-barren,spinose,0.201
MD95-2040,,40.5818,-9.8612,2465,North Atlantic,3.77,symbiont-bearing,non-spinose,0
MD95-2040,,40.5818,-9.8612,2465,North Atlantic,3.77,symbiont-bearing,spinose,0.002
MD95-2040,,40.5818,-9.8612,2465,North Atlantic,3.77,symbiont-facultative,non-spinose,0.23
MD95-2040,,40.5818,-9.8612,2465,North Atlantic,3.77,symbiont-facultative,spinose,0
MD95-2040,,40.5818,-9.8612,2465,North Atlantic,3.77,symbiont-obligate,spinose,0.105
MD95-2040,,40.5818,-9.8612,2465,North Atlantic,3.77,undetermined,non-spinose,0
MD95-2040,,40.5818,-9.8612,2465,North Atlantic,3.8,symbiont-barren,non-spinose,0.399
MD95-2040,,40.5818,-9.8612,2465,North Atlantic,3.8,symbiont-barren,spinose,0.254
MD95-2040,,40.5818,-9.8612,2465,North Atlantic,3.8,symbiont-bearing,non-spinose,0
MD95-2040,,40.5818,-9.8612,2465,North Atlantic,3.8,symbiont-bearing,spinose,0
MD95-2040,,40.5818,-9.8612,2465,North Atlantic,3.8,symbiont-facultative,non-spinose,0.21
MD95-2040,,40.5818,-9.8612,2465,North Atlantic,3.8,symbiont-facultative,spinose,0
MD95-2040,,40.5818,-9.8612,2465,North Atlantic,3.8,symbiont-obligate,spinose,0.119
MD95-2040,,40.5818,-9.8612,2465,North Atlantic,3.8,undetermined,non-spinose,0
MD95-2040,,40.5818,-9.8612,2465,North Atlantic,3.83,symbiont-barren,non-spinose,0.394
MD95-2040,,40.5818,-9.8612,2465,North Atlantic,3.83,symbiont-barren,spinose,0.225
MD95-2040,,40.5818,-9.8612,2465,North Atlantic,3.83,symbiont-bearing,non-spinose,0
MD95-2040,,40.5818,-9.8612,2465,North Atlantic,3.83,symbiont-bearing,spinose,0
MD95-2040,,40.5818,-9.8612,2465,North Atlantic,3.83,symbiont-facultative,non-spinose,0.254
MD95-2040,,40.5818,-9.8612,2465,North Atlantic,3.83,symbiont-facultative,spinose,0
MD95-2040,,40.5818,-9.8612,2465,North Atlantic,3.83,symbiont-obligate,spinose,0.105
MD95-2040,,40.5818,-9.8612,2465,North Atlantic,3.83,undetermined,non-spinose,0
MD95-2040,,40.5818,-9.8612,2465,North Atlantic,3.86,symbiont-barren,non-spinose,0.427
MD95-2040,,40.5818,-9.8612,2465,North Atlantic,3.86,symbiont-barren,spinose,0.273
MD95-2040,,40.5818,-9.8612,2465,North Atlantic,3.86,symbiont-bearing,non-spinose,0
MD95-2040,,40.5818,-9.8612,2465,North Atlantic,3.86,symbiont-bearing,spinose,0
MD95-2040,,40.5818,-9.8612,2465,North Atlantic,3.86,symbiont-facultative,non-spinose,0.22
MD95-2040,,40.5818,-9.8612,2465,North Atlantic,3.86,symbiont-facultative,spinose,0
MD95-2040,,40.5818,-9.8612,2465,North Atlantic,3.86,symbiont-obligate,spinose,0.077
MD95-2040,,40.5818,-9.8612,2465,North Atlantic,3.86,undetermined,non-spinose,0
MD95-2040,,40.5818,-9.8612,2465,North Atlantic,3.89,symbiont-barren,non-spinose,0.417
MD95-2040,,40.5818,-9.8612,2465,North Atlantic,3.89,symbiont-barren,spinose,0.244
MD95-2040,,40.5818,-9.8612,2465,North Atlantic,3.89,symbiont-bearing,non-spinose,0
MD95-2040,,40.5818,-9.8612,2465,North Atlantic,3.89,symbiont-bearing,spinose,0
MD95-2040,,40.5818,-9.8612,2465,North Atlantic,3.89,symbiont-facultative,non-spinose,0.215
MD95-2040,,40.5818,-9.8612,2465,North Atlantic,3.89,symbiont-facultative,spinose,0
MD95-2040,,40.5818,-9.8612,2465,North Atlantic,3.89,symbiont-obligate,spinose,0.109
MD95-2040,,40.5818,-9.8612,2465,North Atlantic,3.89,undetermined,non-spinose,0
MD95-2040,,40.5818,-9.8612,2465,North Atlantic,3.92,symbiont-barren,non-spinose,0.445
MD95-2040,,40.5818,-9.8612,2465,North Atlantic,3.92,symbiont-barren,spinose,0.207
MD95-2040,,40.5818,-9.8612,2465,North Atlantic,3.92,symbiont-bearing,non-spinose,0
MD95-2040,,40.5818,-9.8612,2465,North Atlantic,3.92,symbiont-bearing,spinose,0
MD95-2040,,40.5818,-9.8612,2465,North Atlantic,3.92,symbiont-facultative,non-spinose,0.234
MD95-2040,,40.5818,-9.8612,2465,North Atlantic,3.92,symbiont-facultative,spinose,0
MD95-2040,,40.5818,-9.8612,2465,North Atlantic,3.92,symbiont-obligate,spinose,0.109
MD95-2040,,40.5818,-9.8612,2465,North Atlantic,3.92,undetermined,non-spinose,0
MD95-2040,,40.5818,-9.8612,2465,North Atlantic,3.95,symbiont-barren,non-spinose,0.41
MD95-2040,,40.5818,-9.8612,2465,North Atlantic,3.95,symbiont-barren,spinose,0.186
MD95-2040,,40.5818,-9.8612,2465,North Atlantic,3.95,symbiont-bearing,non-spinose,0
MD95-2040,,40.5818,-9.8612,2465,North Atlantic,3.95,symbiont-bearing,spinose,0.002
MD95-2040,,40.5818,-9.8612,2465,North Atlantic,3.95,symbiont-facultative,non-spinose,0.272
MD95-2040,,40.5818,-9.8612,2465,North Atlantic,3.95,symbiont-facultative,spinose,0
MD95-2040,,40.5818,-9.8612,2465,North Atlantic,3.95,symbiont-obligate,spinose,0.116
MD95-2040,,40.5818,-9.8612,2465,North Atlantic,3.95,undetermined,non-spinose,0
MD95-2040,,40.5818,-9.8612,2465,North Atlantic,3.98,symbiont-barren,non-spinose,0.384
MD95-2040,,40.5818,-9.8612,2465,North Atlantic,3.98,symbiont-barren,spinose,0.227
MD95-2040,,40.5818,-9.8612,2465,North Atlantic,3.98,symbiont-bearing,non-spinose,0
MD95-2040,,40.5818,-9.8612,2465,North Atlantic,3.98,symbiont-bearing,spinose,0
MD95-2040,,40.5818,-9.8612,2465,North Atlantic,3.98,symbiont-facultative,non-spinose,0.232
MD95-2040,,40.5818,-9.8612,2465,North Atlantic,3.98,symbiont-facultative,spinose,0
MD95-2040,,40.5818,-9.8612,2465,North Atlantic,3.98,symbiont-obligate,spinose,0.143
MD95-2040,,40.5818,-9.8612,2465,North Atlantic,3.98,undetermined,non-spinose,0
MD95-2040,,40.5818,-9.8612,2465,North Atlantic,4.01,symbiont-barren,non-spinose,0.369
MD95-2040,,40.5818,-9.8612,2465,North Atlantic,4.01,symbiont-barren,spinose,0.304
MD95-2040,,40.5818,-9.8612,2465,North Atlantic,4.01,symbiont-bearing,non-spinose,0
MD95-2040,,40.5818,-9.8612,2465,North Atlantic,4.01,symbiont-bearing,spinose,0
MD95-2040,,40.5818,-9.8612,2465,North Atlantic,4.01,symbiont-facultative,non-spinose,0.19
MD95-2040,,40.5818,-9.8612,2465,North Atlantic,4.01,symbiont-facultative,spinose,0
MD95-2040,,40.5818,-9.8612,2465,North Atlantic,4.01,symbiont-obligate,spinose,0.128
MD95-2040,,40.5818,-9.8612,2465,North Atlantic,4.01,undetermined,non-spinose,0
MD95-2040,,40.5818,-9.8612,2465,North Atlantic,4.04,symbiont-barren,non-spinose,0.493
MD95-2040,,40.5818,-9.8612,2465,North Atlantic,4.04,symbiont-barren,spinose,0.207
MD95-2040,,40.5818,-9.8612,2465,North Atlantic,4.04,symbiont-bearing,non-spinose,0
MD95-2040,,40.5818,-9.8612,2465,North Atlantic,4.04,symbiont-bearing,spinose,0
MD95-2040,,40.5818,-9.8612,2465,North Atlantic,4.04,symbiont-facultative,non-spinose,0.214
MD95-2040,,40.5818,-9.8612,2465,North Atlantic,4.04,symbiont-facultative,spinose,0
MD95-2040,,40.5818,-9.8612,2465,North Atlantic,4.04,symbiont-obligate,spinose,0.078
MD95-2040,,40.5818,-9.8612,2465,North Atlantic,4.04,undetermined,non-spinose,0
MD95-2040,,40.5818,-9.8612,2465,North Atlantic,4.07,symbiont-barren,non-spinose,0.478
MD95-2040,,40.5818,-9.8612,2465,North Atlantic,4.07,symbiont-barren,spinose,0.225
MD95-2040,,40.5818,-9.8612,2465,North Atlantic,4.07,symbiont-bearing,non-spinose,0
MD95-2040,,40.5818,-9.8612,2465,North Atlantic,4.07,symbiont-bearing,spinose,0
MD95-2040,,40.5818,-9.8612,2465,North Atlantic,4.07,symbiont-facultative,non-spinose,0.204
MD95-2040,,40.5818,-9.8612,2465,North Atlantic,4.07,symbiont-facultative,spinose,0
MD95-2040,,40.5818,-9.8612,2465,North Atlantic,4.07,symbiont-obligate,spinose,0.081
MD95-2040,,40.5818,-9.8612,2465,North Atlantic,4.07,undetermined,non-spinose,0
MD95-2040,,40.5818,-9.8612,2465,North Atlantic,4.1,symbiont-barren,non-spinose,0.441
MD95-2040,,40.5818,-9.8612,2465,North Atlantic,4.1,symbiont-barren,spinose,0.275
MD95-2040,,40.5818,-9.8612,2465,North Atlantic,4.1,symbiont-bearing,non-spinose,0
MD95-2040,,40.5818,-9.8612,2465,North Atlantic,4.1,symbiont-bearing,spinose,0
MD95-2040,,40.5818,-9.8612,2465,North Atlantic,4.1,symbiont-facultative,non-spinose,0.192
MD95-2040,,40.5818,-9.8612,2465,North Atlantic,4.1,symbiont-facultative,spinose,0
MD95-2040,,40.5818,-9.8612,2465,North Atlantic,4.1,symbiont-obligate,spinose,0.077
MD95-2040,,40.5818,-9.8612,2465,North Atlantic,4.1,undetermined,non-spinose,0
MD95-2040,,40.5818,-9.8612,2465,North Atlantic,4.13,symbiont-barren,non-spinose,0.447
MD95-2040,,40.5818,-9.8612,2465,North Atlantic,4.13,symbiont-barren,spinose,0.265
MD95-2040,,40.5818,-9.8612,2465,North Atlantic,4.13,symbiont-bearing,non-spinose,0
MD95-2040,,40.5818,-9.8612,2465,North Atlantic,4.13,symbiont-bearing,spinose,0
MD95-2040,,40.5818,-9.8612,2465,North Atlantic,4.13,symbiont-facultative,non-spinose,0.218
MD95-2040,,40.5818,-9.8612,2465,North Atlantic,4.13,symbiont-facultative,spinose,0
MD95-2040,,40.5818,-9.8612,2465,North Atlantic,4.13,symbiont-obligate,spinose,0.058
MD95-2040,,40.5818,-9.8612,2465,North Atlantic,4.13,undetermined,non-spinose,0
MD95-2040,,40.5818,-9.8612,2465,North Atlantic,4.16,symbiont-barren,non-spinose,0.491
MD95-2040,,40.5818,-9.8612,2465,North Atlantic,4.16,symbiont-barren,spinose,0.25
MD95-2040,,40.5818,-9.8612,2465,North Atlantic,4.16,symbiont-bearing,non-spinose,0.002
MD95-2040,,40.5818,-9.8612,2465,North Atlantic,4.16,symbiont-bearing,spinose,0
MD95-2040,,40.5818,-9.8612,2465,North Atlantic,4.16,symbiont-facultative,non-spinose,0.18
MD95-2040,,40.5818,-9.8612,2465,North Atlantic,4.16,symbiont-facultative,spinose,0
MD95-2040,,40.5818,-9.8612,2465,North Atlantic,4.16,symbiont-obligate,spinose,0.065
MD95-2040,,40.5818,-9.8612,2465,North Atlantic,4.16,undetermined,non-spinose,0
MD95-2040,,40.5818,-9.8612,2465,North Atlantic,4.19,symbiont-barren,non-spinose,0.376
MD95-2040,,40.5818,-9.8612,2465,North Atlantic,4.19,symbiont-barren,spinose,0.325
MD95-2040,,40.5818,-9.8612,2465,North Atlantic,4.19,symbiont-bearing,non-spinose,0
MD95-2040,,40.5818,-9.8612,2465,North Atlantic,4.19,symbiont-bearing,spinose,0
MD95-2040,,40.5818,-9.8612,2465,North Atlantic,4.19,symbiont-facultative,non-spinose,0.194
MD95-2040,,40.5818,-9.8612,2465,North Atlantic,4.19,symbiont-facultative,spinose,0
MD95-2040,,40.5818,-9.8612,2465,North Atlantic,4.19,symbiont-obligate,spinose,0.096
MD95-2040,,40.5818,-9.8612,2465,North Atlantic,4.19,undetermined,non-spinose,0
MD95-2040,,40.5818,-9.8612,2465,North Atlantic,4.22,symbiont-barren,non-spinose,0.439
MD95-2040,,40.5818,-9.8612,2465,North Atlantic,4.22,symbiont-barren,spinose,0.275
MD95-2040,,40.5818,-9.8612,2465,North Atlantic,4.22,symbiont-bearing,non-spinose,0
MD95-2040,,40.5818,-9.8612,2465,North Atlantic,4.22,symbiont-bearing,spinose,0
MD95-2040,,40.5818,-9.8612,2465,North Atlantic,4.22,symbiont-facultative,non-spinose,0.162
MD95-2040,,40.5818,-9.8612,2465,North Atlantic,4.22,symbiont-facultative,spinose,0
MD95-2040,,40.5818,-9.8612,2465,North Atlantic,4.22,symbiont-obligate,spinose,0.117
MD95-2040,,40.5818,-9.8612,2465,North Atlantic,4.22,undetermined,non-spinose,0
MD95-2040,,40.5818,-9.8612,2465,North Atlantic,4.25,symbiont-barren,non-spinose,0.425
MD95-2040,,40.5818,-9.8612,2465,North Atlantic,4.25,symbiont-barren,spinose,0.3
MD95-2040,,40.5818,-9.8612,2465,North Atlantic,4.25,symbiont-bearing,non-spinose,0
MD95-2040,,40.5818,-9.8612,2465,North Atlantic,4.25,symbiont-bearing,spinose,0.003
MD95-2040,,40.5818,-9.8612,2465,North Atlantic,4.25,symbiont-facultative,non-spinose,0.21
MD95-2040,,40.5818,-9.8612,2465,North Atlantic,4.25,symbiont-facultative,spinose,0
MD95-2040,,40.5818,-9.8612,2465,North Atlantic,4.25,symbiont-obligate,spinose,0.06
MD95-2040,,40.5818,-9.8612,2465,North Atlantic,4.25,undetermined,non-spinose,0
MD95-2040,,40.5818,-9.8612,2465,North Atlantic,4.28,symbiont-barren,non-spinose,0.473
MD95-2040,,40.5818,-9.8612,2465,North Atlantic,4.28,symbiont-barren,spinose,0.251
MD95-2040,,40.5818,-9.8612,2465,North Atlantic,4.28,symbiont-bearing,non-spinose,0
MD95-2040,,40.5818,-9.8612,2465,North Atlantic,4.28,symbiont-bearing,spinose,0
MD95-2040,,40.5818,-9.8612,2465,North Atlantic,4.28,symbiont-facultative,non-spinose,0.173
MD95-2040,,40.5818,-9.8612,2465,North Atlantic,4.28,symbiont-facultative,spinose,0
MD95-2040,,40.5818,-9.8612,2465,North Atlantic,4.28,symbiont-obligate,spinose,0.09
MD95-2040,,40.5818,-9.8612,2465,North Atlantic,4.28,undetermined,non-spinose,0
MD95-2040,,40.5818,-9.8612,2465,North Atlantic,4.31,symbiont-barren,non-spinose,0.415
MD95-2040,,40.5818,-9.8612,2465,North Atlantic,4.31,symbiont-barren,spinose,0.315
MD95-2040,,40.5818,-9.8612,2465,North Atlantic,4.31,symbiont-bearing,non-spinose,0
MD95-2040,,40.5818,-9.8612,2465,North Atlantic,4.31,symbiont-bearing,spinose,0
MD95-2040,,40.5818,-9.8612,2465,North Atlantic,4.31,symbiont-facultative,non-spinose,0.133
MD95-2040,,40.5818,-9.8612,2465,North Atlantic,4.31,symbiont-facultative,spinose,0.002
MD95-2040,,40.5818,-9.8612,2465,North Atlantic,4.31,symbiont-obligate,spinose,0.135
MD95-2040,,40.5818,-9.8612,2465,North Atlantic,4.31,undetermined,non-spinose,0
MD95-2040,,40.5818,-9.8612,2465,North Atlantic,4.34,symbiont-barren,non-spinose,0.47
MD95-2040,,40.5818,-9.8612,2465,North Atlantic,4.34,symbiont-barren,spinose,0.218
MD95-2040,,40.5818,-9.8612,2465,North Atlantic,4.34,symbiont-bearing,non-spinose,0
MD95-2040,,40.5818,-9.8612,2465,North Atlantic,4.34,symbiont-bearing,spinose,0.001
MD95-2040,,40.5818,-9.8612,2465,North Atlantic,4.34,symbiont-facultative,non-spinose,0.283
MD95-2040,,40.5818,-9.8612,2465,North Atlantic,4.34,symbiont-facultative,spinose,0
MD95-2040,,40.5818,-9.8612,2465,North Atlantic,4.34,symbiont-obligate,spinose,0.028
MD95-2040,,40.5818,-9.8612,2465,North Atlantic,4.34,undetermined,non-spinose,0
MD95-2040,,40.5818,-9.8612,2465,North Atlantic,4.37,symbiont-barren,non-spinose,0.497
MD95-2040,,40.5818,-9.8612,2465,North Atlantic,4.37,symbiont-barren,spinose,0.222
MD95-2040,,40.5818,-9.8612,2465,North Atlantic,4.37,symbiont-bearing,non-spinose,0
MD95-2040,,40.5818,-9.8612,2465,North Atlantic,4.37,symbiont-bearing,spinose,0
MD95-2040,,40.5818,-9.8612,2465,North Atlantic,4.37,symbiont-facultative,non-spinose,0.173
MD95-2040,,40.5818,-9.8612,2465,North Atlantic,4.37,symbiont-facultative,spinose,0
MD95-2040,,40.5818,-9.8612,2465,North Atlantic,4.37,symbiont-obligate,spinose,0.105
MD95-2040,,40.5818,-9.8612,2465,North Atlantic,4.37,undetermined,non-spinose,0
MD95-2040,,40.5818,-9.8612,2465,North Atlantic,4.4,symbiont-barren,non-spinose,0.529
MD95-2040,,40.5818,-9.8612,2465,North Atlantic,4.4,symbiont-barren,spinose,0.228
MD95-2040,,40.5818,-9.8612,2465,North Atlantic,4.4,symbiont-bearing,non-spinose,0
MD95-2040,,40.5818,-9.8612,2465,North Atlantic,4.4,symbiont-bearing,spinose,0
MD95-2040,,40.5818,-9.8612,2465,North Atlantic,4.4,symbiont-facultative,non-spinose,0.178
MD95-2040,,40.5818,-9.8612,2465,North Atlantic,4.4,symbiont-facultative,spinose,0
MD95-2040,,40.5818,-9.8612,2465,North Atlantic,4.4,symbiont-obligate,spinose,0.065
MD95-2040,,40.5818,-9.8612,2465,North Atlantic,4.4,undetermined,non-spinose,0
MD95-2040,,40.5818,-9.8612,2465,North Atlantic,4.43,symbiont-barren,non-spinose,0.463
MD95-2040,,40.5818,-9.8612,2465,North Atlantic,4.43,symbiont-barren,spinose,0.245
MD95-2040,,40.5818,-9.8612,2465,North Atlantic,4.43,symbiont-bearing,non-spinose,0
MD95-2040,,40.5818,-9.8612,2465,North Atlantic,4.43,symbiont-bearing,spinose,0.001
MD95-2040,,40.5818,-9.8612,2465,North Atlantic,4.43,symbiont-facultative,non-spinose,0.218
MD95-2040,,40.5818,-9.8612,2465,North Atlantic,4.43,symbiont-facultative,spinose,0
MD95-2040,,40.5818,-9.8612,2465,North Atlantic,4.43,symbiont-obligate,spinose,0.074
MD95-2040,,40.5818,-9.8612,2465,North Atlantic,4.43,undetermined,non-spinose,0
MD95-2040,,40.5818,-9.8612,2465,North Atlantic,4.46,symbiont-barren,non-spinose,0.504
MD95-2040,,40.5818,-9.8612,2465,North Atlantic,4.46,symbiont-barren,spinose,0.24
MD95-2040,,40.5818,-9.8612,2465,North Atlantic,4.46,symbiont-bearing,non-spinose,0
MD95-2040,,40.5818,-9.8612,2465,North Atlantic,4.46,symbiont-bearing,spinose,0.001
MD95-2040,,40.5818,-9.8612,2465,North Atlantic,4.46,symbiont-facultative,non-spinose,0.191
MD95-2040,,40.5818,-9.8612,2465,North Atlantic,4.46,symbiont-facultative,spinose,0
MD95-2040,,40.5818,-9.8612,2465,North Atlantic,4.46,symbiont-obligate,spinose,0.061
MD95-2040,,40.5818,-9.8612,2465,North Atlantic,4.46,undetermined,non-spinose,0
MD95-2040,,40.5818,-9.8612,2465,North Atlantic,4.49,symbiont-barren,non-spinose,0.469
MD95-2040,,40.5818,-9.8612,2465,North Atlantic,4.49,symbiont-barren,spinose,0.23
MD95-2040,,40.5818,-9.8612,2465,North Atlantic,4.49,symbiont-bearing,non-spinose,0
MD95-2040,,40.5818,-9.8612,2465,North Atlantic,4.49,symbiont-bearing,spinose,0
MD95-2040,,40.5818,-9.8612,2465,North Atlantic,4.49,symbiont-facultative,non-spinose,0.212
MD95-2040,,40.5818,-9.8612,2465,North Atlantic,4.49,symbiont-facultative,spinose,0
MD95-2040,,40.5818,-9.8612,2465,North Atlantic,4.49,symbiont-obligate,spinose,0.084
MD95-2040,,40.5818,-9.8612,2465,North Atlantic,4.49,undetermined,non-spinose,0
MD95-2040,,40.5818,-9.8612,2465,North Atlantic,4.52,symbiont-barren,non-spinose,0.586
MD95-2040,,40.5818,-9.8612,2465,North Atlantic,4.52,symbiont-barren,spinose,0.223
MD95-2040,,40.5818,-9.8612,2465,North Atlantic,4.52,symbiont-bearing,non-spinose,0
MD95-2040,,40.5818,-9.8612,2465,North Atlantic,4.52,symbiont-bearing,spinose,0.001
MD95-2040,,40.5818,-9.8612,2465,North Atlantic,4.52,symbiont-facultative,non-spinose,0.144
MD95-2040,,40.5818,-9.8612,2465,North Atlantic,4.52,symbiont-facultative,spinose,0
MD95-2040,,40.5818,-9.8612,2465,North Atlantic,4.52,symbiont-obligate,spinose,0.042
MD95-2040,,40.5818,-9.8612,2465,North Atlantic,4.52,undetermined,non-spinose,0
MD95-2040,,40.5818,-9.8612,2465,North Atlantic,4.55,symbiont-barren,non-spinose,0.46
MD95-2040,,40.5818,-9.8612,2465,North Atlantic,4.55,symbiont-barren,spinose,0.279
MD95-2040,,40.5818,-9.8612,2465,North Atlantic,4.55,symbiont-bearing,non-spinose,0
MD95-2040,,40.5818,-9.8612,2465,North Atlantic,4.55,symbiont-bearing,spinose,0.002
MD95-2040,,40.5818,-9.8612,2465,North Atlantic,4.55,symbiont-facultative,non-spinose,0.187
MD95-2040,,40.5818,-9.8612,2465,North Atlantic,4.55,symbiont-facultative,spinose,0
MD95-2040,,40.5818,-9.8612,2465,North Atlantic,4.55,symbiont-obligate,spinose,0.073
MD95-2040,,40.5818,-9.8612,2465,North Atlantic,4.55,undetermined,non-spinose,0
MD95-2040,,40.5818,-9.8612,2465,North Atlantic,4.58,symbiont-barren,non-spinose,0.484
MD95-2040,,40.5818,-9.8612,2465,North Atlantic,4.58,symbiont-barren,spinose,0.223
MD95-2040,,40.5818,-9.8612,2465,North Atlantic,4.58,symbiont-bearing,non-spinose,0
MD95-2040,,40.5818,-9.8612,2465,North Atlantic,4.58,symbiont-bearing,spinose,0
MD95-2040,,40.5818,-9.8612,2465,North Atlantic,4.58,symbiont-facultative,non-spinose,0.179
MD95-2040,,40.5818,-9.8612,2465,North Atlantic,4.58,symbiont-facultative,spinose,0
MD95-2040,,40.5818,-9.8612,2465,North Atlantic,4.58,symbiont-obligate,spinose,0.108
MD95-2040,,40.5818,-9.8612,2465,North Atlantic,4.58,undetermined,non-spinose,0
MD95-2041,Calypso Corer,37.833333,-9.510833,1123,North Atlantic,,symbiont-bearing,non-spinose,0.0022
MD95-2041,Calypso Corer,37.833333,-9.510833,1123,North Atlantic,,symbiont-bearing,spinose,0.0756
MD95-2041,Calypso Corer,37.833333,-9.510833,1123,North Atlantic,,symbiont-facultative,spinose,0
MD95-2041,Calypso Corer,37.833333,-9.510833,1123,North Atlantic,,undetermined,non-spinose,0
MD95-2042,Calypso Corer,37.799833,-10.1665,3146,North Atlantic,,symbiont-bearing,non-spinose,0
MD95-2042,Calypso Corer,37.799833,-10.1665,3146,North Atlantic,,symbiont-bearing,spinose,0.0745928413717357
MD95-2042,Calypso Corer,37.799833,-10.1665,3146,North Atlantic,,symbiont-facultative,spinose,0
MD95-2042,Calypso Corer,37.799833,-10.1665,3146,North Atlantic,,undetermined,non-spinose,0
MD96-2048,Calypso Corer,-26.1667,34.0167,660,Indian,,symbiont-barren,non-spinose,0.44898245119
MD96-2048,Calypso Corer,-26.1667,34.0167,660,Indian,,symbiont-barren,spinose,0.23054972035
MD96-2048,Calypso Corer,-26.1667,34.0167,660,Indian,,symbiont-bearing,non-spinose,0
MD96-2048,Calypso Corer,-26.1667,34.0167,660,Indian,,symbiont-bearing,spinose,0.07941760676
MD96-2048,Calypso Corer,-26.1667,34.0167,660,Indian,,symbiont-facultative,non-spinose,1.00038029408
MD96-2048,Calypso Corer,-26.1667,34.0167,660,Indian,,symbiont-facultative,spinose,0
MD96-2048,Calypso Corer,-26.1667,34.0167,660,Indian,,undetermined,non-spinose,0
MD96-2085,,-29.7,12.93333333,3001,South Atlantic,,symbiont-barren,spinose,0.9317
MD96-2085,,-29.7,12.93333333,3001,South Atlantic,,symbiont-bearing,non-spinose,0
MD96-2085,,-29.7,12.93333333,3001,South Atlantic,,symbiont-bearing,spinose,0.00398
MD96-2085,,-29.7,12.93333333,3001,South Atlantic,,symbiont-facultative,non-spinose,0.82992
MD96-2085,,-29.7,12.93333333,3001,South Atlantic,,symbiont-facultative,spinose,0
MD96-2085,,-29.7,12.93333333,3001,South Atlantic,,symbiont-obligate,spinose,0.26631
MD96-2085,,-29.7,12.93333333,3001,South Atlantic,,undetermined,non-spinose,0
MD97-2121,Calypso Corer,-40.38,177.99,3014,Pacific,740,symbiont-barren,non-spinose,0.40978593269
MD97-2121,Calypso Corer,-40.38,177.99,3014,Pacific,740,symbiont-barren,spinose,0.24362895003
MD97-2121,Calypso Corer,-40.38,177.99,3014,Pacific,740,symbiont-bearing,non-spinose,0
MD97-2121,Calypso Corer,-40.38,177.99,3014,Pacific,740,symbiont-bearing,spinose,0
MD97-2121,Calypso Corer,-40.38,177.99,3014,Pacific,740,symbiont-facultative,non-spinose,0.29561671766
MD97-2121,Calypso Corer,-40.38,177.99,3014,Pacific,740,symbiont-facultative,spinose,0
MD97-2121,Calypso Corer,-40.38,177.99,3014,Pacific,740,symbiont-obligate,spinose,0.03975535167
MD97-2121,Calypso Corer,-40.38,177.99,3014,Pacific,740,undetermined,non-spinose,0
MD97-2121,Calypso Corer,-40.38,177.99,3014,Pacific,749,symbiont-barren,non-spinose,0.35585585581
MD97-2121,Calypso Corer,-40.38,177.99,3014,Pacific,749,symbiont-barren,spinose,0.17567567567
MD97-2121,Calypso Corer,-40.38,177.99,3014,Pacific,749,symbiont-bearing,non-spinose,0
MD97-2121,Calypso Corer,-40.38,177.99,3014,Pacific,749,symbiont-bearing,spinose,0
MD97-2121,Calypso Corer,-40.38,177.99,3014,Pacific,749,symbiont-facultative,non-spinose,0.37837837843
MD97-2121,Calypso Corer,-40.38,177.99,3014,Pacific,749,symbiont-facultative,spinose,0
MD97-2121,Calypso Corer,-40.38,177.99,3014,Pacific,749,symbiont-obligate,spinose,0.07207207207
MD97-2121,Calypso Corer,-40.38,177.99,3014,Pacific,749,undetermined,non-spinose,0
MD97-2121,Calypso Corer,-40.38,177.99,3014,Pacific,830,symbiont-barren,non-spinose,0.53878406713
MD97-2121,Calypso Corer,-40.38,177.99,3014,Pacific,830,symbiont-barren,spinose,0.1855345912
MD97-2121,Calypso Corer,-40.38,177.99,3014,Pacific,830,symbiont-bearing,non-spinose,0
MD97-2121,Calypso Corer,-40.38,177.99,3014,Pacific,830,symbiont-bearing,spinose,0
MD97-2121,Calypso Corer,-40.38,177.99,3014,Pacific,830,symbiont-facultative,non-spinose,0.21698113205
MD97-2121,Calypso Corer,-40.38,177.99,3014,Pacific,830,symbiont-facultative,spinose,0
MD97-2121,Calypso Corer,-40.38,177.99,3014,Pacific,830,symbiont-obligate,spinose,0.01467505241
MD97-2121,Calypso Corer,-40.38,177.99,3014,Pacific,830,undetermined,non-spinose,0
MD97-2138,Calypso Corer,1.42,146.236,1960,Pacific,,symbiont-barren,non-spinose,0.223488222935319
MD97-2138,Calypso Corer,1.42,146.236,1960,Pacific,,symbiont-bearing,non-spinose,0
MD97-2138,Calypso Corer,1.42,146.236,1960,Pacific,,symbiont-bearing,spinose,0.297517212970414
MD97-2138,Calypso Corer,1.42,146.236,1960,Pacific,,symbiont-facultative,spinose,0
MD97-2138,Calypso Corer,1.42,146.236,1960,Pacific,,undetermined,non-spinose,0.0109490171990172
MD972142,Piston,12.69,119.47,1557,Pacific,2.775,symbiont-barren,non-spinose,0.00268817204
MD972142,Piston,12.69,119.47,1557,Pacific,2.775,symbiont-barren,spinose,0.09677419355
MD972142,Piston,12.69,119.47,1557,Pacific,2.775,symbiont-bearing,non-spinose,0
MD972142,Piston,12.69,119.47,1557,Pacific,2.775,symbiont-bearing,spinose,0.05376344087
MD972142,Piston,12.69,119.47,1557,Pacific,2.775,symbiont-facultative,non-spinose,0.34408602155
MD972142,Piston,12.69,119.47,1557,Pacific,2.775,symbiont-facultative,spinose,0
MD972142,Piston,12.69,119.47,1557,Pacific,2.775,symbiont-obligate,spinose,0.47849462366
MD972142,Piston,12.69,119.47,1557,Pacific,2.775,undetermined,non-spinose,0.00537634409
MD972142,Piston,12.69,119.47,1557,Pacific,2.815,symbiont-barren,non-spinose,0.01724137931
MD972142,Piston,12.69,119.47,1557,Pacific,2.815,symbiont-barren,spinose,0.09770114943
MD972142,Piston,12.69,119.47,1557,Pacific,2.815,symbiont-bearing,non-spinose,0
MD972142,Piston,12.69,119.47,1557,Pacific,2.815,symbiont-bearing,spinose,0.04310344828
MD972142,Piston,12.69,119.47,1557,Pacific,2.815,symbiont-facultative,non-spinose,0.36494252872
MD972142,Piston,12.69,119.47,1557,Pacific,2.815,symbiont-facultative,spinose,0
MD972142,Piston,12.69,119.47,1557,Pacific,2.815,symbiont-obligate,spinose,0.44252873559
MD972142,Piston,12.69,119.47,1557,Pacific,2.815,undetermined,non-spinose,0.00574712644
MD972142,Piston,12.69,119.47,1557,Pacific,2.895,symbiont-barren,non-spinose,0.00959232614
MD972142,Piston,12.69,119.47,1557,Pacific,2.895,symbiont-barren,spinose,0.08393285372
MD972142,Piston,12.69,119.47,1557,Pacific,2.895,symbiont-bearing,non-spinose,0
MD972142,Piston,12.69,119.47,1557,Pacific,2.895,symbiont-bearing,spinose,0.03597122302
MD972142,Piston,12.69,119.47,1557,Pacific,2.895,symbiont-facultative,non-spinose,0.376498801
MD972142,Piston,12.69,119.47,1557,Pacific,2.895,symbiont-facultative,spinose,0
MD972142,Piston,12.69,119.47,1557,Pacific,2.895,symbiont-obligate,spinose,0.44604316555
MD972142,Piston,12.69,119.47,1557,Pacific,2.895,undetermined,non-spinose,0.00959232614
MD972142,Piston,12.69,119.47,1557,Pacific,2.975,symbiont-barren,non-spinose,0.03565365026
MD972142,Piston,12.69,119.47,1557,Pacific,2.975,symbiont-barren,spinose,0.05432937182
MD972142,Piston,12.69,119.47,1557,Pacific,2.975,symbiont-bearing,non-spinose,0
MD972142,Piston,12.69,119.47,1557,Pacific,2.975,symbiont-bearing,spinose,0.05602716469
MD972142,Piston,12.69,119.47,1557,Pacific,2.975,symbiont-facultative,non-spinose,0.33955857388
MD972142,Piston,12.69,119.47,1557,Pacific,2.975,symbiont-facultative,spinose,0
MD972142,Piston,12.69,119.47,1557,Pacific,2.975,symbiont-obligate,spinose,0.480475382
MD972142,Piston,12.69,119.47,1557,Pacific,2.975,undetermined,non-spinose,0.00679117148
MD972142,Piston,12.69,119.47,1557,Pacific,3.055,symbiont-barren,non-spinose,0.0390625
MD972142,Piston,12.69,119.47,1557,Pacific,3.055,symbiont-barren,spinose,0.1328125
MD972142,Piston,12.69,119.47,1557,Pacific,3.055,symbiont-bearing,non-spinose,0
MD972142,Piston,12.69,119.47,1557,Pacific,3.055,symbiont-bearing,spinose,0.04166666667
MD972142,Piston,12.69,119.47,1557,Pacific,3.055,symbiont-facultative,non-spinose,0.3177083333
MD972142,Piston,12.69,119.47,1557,Pacific,3.055,symbiont-facultative,spinose,0
MD972142,Piston,12.69,119.47,1557,Pacific,3.055,symbiont-obligate,spinose,0.4427083334
MD972142,Piston,12.69,119.47,1557,Pacific,3.055,undetermined,non-spinose,0.00520833333
MD972142,Piston,12.69,119.47,1557,Pacific,3.135,symbiont-barren,non-spinose,0.05865921788
MD972142,Piston,12.69,119.47,1557,Pacific,3.135,symbiont-barren,spinose,0.05027932961
MD972142,Piston,12.69,119.47,1557,Pacific,3.135,symbiont-bearing,non-spinose,0
MD972142,Piston,12.69,119.47,1557,Pacific,3.135,symbiont-bearing,spinose,0.03351955307
MD972142,Piston,12.69,119.47,1557,Pacific,3.135,symbiont-facultative,non-spinose,0.3240223464
MD972142,Piston,12.69,119.47,1557,Pacific,3.135,symbiont-facultative,spinose,0
MD972142,Piston,12.69,119.47,1557,Pacific,3.135,symbiont-obligate,spinose,0.50837988825
MD972142,Piston,12.69,119.47,1557,Pacific,3.135,undetermined,non-spinose,0.01396648045
MD972148,Piston,19.8,117.54,2830,Pacific,9.955,symbiont-barren,non-spinose,0
MD972148,Piston,19.8,117.54,2830,Pacific,9.955,symbiont-barren,spinose,0.1169354839
MD972148,Piston,19.8,117.54,2830,Pacific,9.955,symbiont-bearing,non-spinose,0
MD972148,Piston,19.8,117.54,2830,Pacific,9.955,symbiont-bearing,spinose,0.02822580645
MD972148,Piston,19.8,117.54,2830,Pacific,9.955,symbiont-facultative,non-spinose,0.49193548388
MD972148,Piston,19.8,117.54,2830,Pacific,9.955,symbiont-facultative,spinose,0
MD972148,Piston,19.8,117.54,2830,Pacific,9.955,symbiont-obligate,spinose,0.33064516125
MD972148,Piston,19.8,117.54,2830,Pacific,9.955,undetermined,non-spinose,0.01209677419
MD972148,Piston,19.8,117.54,2830,Pacific,10.035,symbiont-barren,non-spinose,0
MD972148,Piston,19.8,117.54,2830,Pacific,10.035,symbiont-barren,spinose,0.05072463768
MD972148,Piston,19.8,117.54,2830,Pacific,10.035,symbiont-bearing,non-spinose,0
MD972148,Piston,19.8,117.54,2830,Pacific,10.035,symbiont-bearing,spinose,0
MD972148,Piston,19.8,117.54,2830,Pacific,10.035,symbiont-facultative,non-spinose,0.59782608696
MD972148,Piston,19.8,117.54,2830,Pacific,10.035,symbiont-facultative,spinose,0
MD972148,Piston,19.8,117.54,2830,Pacific,10.035,symbiont-obligate,spinose,0.34420289855
MD972148,Piston,19.8,117.54,2830,Pacific,10.035,undetermined,non-spinose,0.00362318841
MD972148,Piston,19.8,117.54,2830,Pacific,10.115,symbiont-barren,non-spinose,0
MD972148,Piston,19.8,117.54,2830,Pacific,10.115,symbiont-barren,spinose,0.05405405405
MD972148,Piston,19.8,117.54,2830,Pacific,10.115,symbiont-bearing,non-spinose,0
MD972148,Piston,19.8,117.54,2830,Pacific,10.115,symbiont-bearing,spinose,0.01801801802
MD972148,Piston,19.8,117.54,2830,Pacific,10.115,symbiont-facultative,non-spinose,0.60360360362
MD972148,Piston,19.8,117.54,2830,Pacific,10.115,symbiont-facultative,spinose,0
MD972148,Piston,19.8,117.54,2830,Pacific,10.115,symbiont-obligate,spinose,0.28828828832
MD972148,Piston,19.8,117.54,2830,Pacific,10.115,undetermined,non-spinose,0.0045045045
MD972148,Piston,19.8,117.54,2830,Pacific,10.195,symbiont-barren,non-spinose,0
MD972148,Piston,19.8,117.54,2830,Pacific,10.195,symbiont-barren,spinose,0.05140186916
MD972148,Piston,19.8,117.54,2830,Pacific,10.195,symbiont-bearing,non-spinose,0
MD972148,Piston,19.8,117.54,2830,Pacific,10.195,symbiont-bearing,spinose,0.00934579439
MD972148,Piston,19.8,117.54,2830,Pacific,10.195,symbiont-facultative,non-spinose,0.67289719626
MD972148,Piston,19.8,117.54,2830,Pacific,10.195,symbiont-facultative,spinose,0
MD972148,Piston,19.8,117.54,2830,Pacific,10.195,symbiont-obligate,spinose,0.23831775701
MD972148,Piston,19.8,117.54,2830,Pacific,10.195,undetermined,non-spinose,0.0046728972
MD972148,Piston,19.8,117.54,2830,Pacific,10.275,symbiont-barren,non-spinose,0.01593625498
MD972148,Piston,19.8,117.54,2830,Pacific,10.275,symbiont-barren,spinose,0.05179282869
MD972148,Piston,19.8,117.54,2830,Pacific,10.275,symbiont-bearing,non-spinose,0
MD972148,Piston,19.8,117.54,2830,Pacific,10.275,symbiont-bearing,spinose,0.03585657371
MD972148,Piston,19.8,117.54,2830,Pacific,10.275,symbiont-facultative,non-spinose,0.58167330681
MD972148,Piston,19.8,117.54,2830,Pacific,10.275,symbiont-facultative,spinose,0
MD972148,Piston,19.8,117.54,2830,Pacific,10.275,symbiont-obligate,spinose,0.29880478089
MD972148,Piston,19.8,117.54,2830,Pacific,10.275,undetermined,non-spinose,0
MD972148,Piston,19.8,117.54,2830,Pacific,10.435,symbiont-barren,non-spinose,0.01229508197
MD972148,Piston,19.8,117.54,2830,Pacific,10.435,symbiont-barren,spinose,0.03278688525
MD972148,Piston,19.8,117.54,2830,Pacific,10.435,symbiont-bearing,non-spinose,0
MD972148,Piston,19.8,117.54,2830,Pacific,10.435,symbiont-bearing,spinose,0.00409836066
MD972148,Piston,19.8,117.54,2830,Pacific,10.435,symbiont-facultative,non-spinose,0.67213114752
MD972148,Piston,19.8,117.54,2830,Pacific,10.435,symbiont-facultative,spinose,0
MD972148,Piston,19.8,117.54,2830,Pacific,10.435,symbiont-obligate,spinose,0.25000000002
MD972148,Piston,19.8,117.54,2830,Pacific,10.435,undetermined,non-spinose,0
MD972148,Piston,19.8,117.54,2830,Pacific,10.515,symbiont-barren,non-spinose,0.00790513834
MD972148,Piston,19.8,117.54,2830,Pacific,10.515,symbiont-barren,spinose,0.07114624506
MD972148,Piston,19.8,117.54,2830,Pacific,10.515,symbiont-bearing,non-spinose,0
MD972148,Piston,19.8,117.54,2830,Pacific,10.515,symbiont-bearing,spinose,0.04743083004
MD972148,Piston,19.8,117.54,2830,Pacific,10.515,symbiont-facultative,non-spinose,0.54150197629
MD972148,Piston,19.8,117.54,2830,Pacific,10.515,symbiont-facultative,spinose,0
MD972148,Piston,19.8,117.54,2830,Pacific,10.515,symbiont-obligate,spinose,0.28853754945
MD972148,Piston,19.8,117.54,2830,Pacific,10.515,undetermined,non-spinose,0
MD972148,Piston,19.8,117.54,2830,Pacific,10.595,symbiont-barren,non-spinose,0.00423728814
MD972148,Piston,19.8,117.54,2830,Pacific,10.595,symbiont-barren,spinose,0.03813559322
MD972148,Piston,19.8,117.54,2830,Pacific,10.595,symbiont-bearing,non-spinose,0
MD972148,Piston,19.8,117.54,2830,Pacific,10.595,symbiont-bearing,spinose,0.02966101695
MD972148,Piston,19.8,117.54,2830,Pacific,10.595,symbiont-facultative,non-spinose,0.56779661021
MD972148,Piston,19.8,117.54,2830,Pacific,10.595,symbiont-facultative,spinose,0
MD972148,Piston,19.8,117.54,2830,Pacific,10.595,symbiont-obligate,spinose,0.32203389829
MD972148,Piston,19.8,117.54,2830,Pacific,10.595,undetermined,non-spinose,0.01271186441
MD972148,Piston,19.8,117.54,2830,Pacific,10.675,symbiont-barren,non-spinose,0.01382488479
MD972148,Piston,19.8,117.54,2830,Pacific,10.675,symbiont-barren,spinose,0.0599078341
MD972148,Piston,19.8,117.54,2830,Pacific,10.675,symbiont-bearing,non-spinose,0
MD972148,Piston,19.8,117.54,2830,Pacific,10.675,symbiont-bearing,spinose,0.02764976958
MD972148,Piston,19.8,117.54,2830,Pacific,10.675,symbiont-facultative,non-spinose,0.64976958522
MD972148,Piston,19.8,117.54,2830,Pacific,10.675,symbiont-facultative,spinose,0
MD972148,Piston,19.8,117.54,2830,Pacific,10.675,symbiont-obligate,spinose,0.21658986175
MD972148,Piston,19.8,117.54,2830,Pacific,10.675,undetermined,non-spinose,0.00460829493
MD972148,Piston,19.8,117.54,2830,Pacific,10.755,symbiont-barren,non-spinose,0.01025641026
MD972148,Piston,19.8,117.54,2830,Pacific,10.755,symbiont-barren,spinose,0.04615384615
MD972148,Piston,19.8,117.54,2830,Pacific,10.755,symbiont-bearing,non-spinose,0
MD972148,Piston,19.8,117.54,2830,Pacific,10.755,symbiont-bearing,spinose,0.04615384615
MD972148,Piston,19.8,117.54,2830,Pacific,10.755,symbiont-facultative,non-spinose,0.61025641026
MD972148,Piston,19.8,117.54,2830,Pacific,10.755,symbiont-facultative,spinose,0
MD972148,Piston,19.8,117.54,2830,Pacific,10.755,symbiont-obligate,spinose,0.24102564102
MD972148,Piston,19.8,117.54,2830,Pacific,10.755,undetermined,non-spinose,0.02051282051
MD972148,Piston,19.8,117.54,2830,Pacific,10.835,symbiont-barren,non-spinose,0.00660792952
MD972148,Piston,19.8,117.54,2830,Pacific,10.835,symbiont-barren,spinose,0.06828193833
MD972148,Piston,19.8,117.54,2830,Pacific,10.835,symbiont-bearing,non-spinose,0
MD972148,Piston,19.8,117.54,2830,Pacific,10.835,symbiont-bearing,spinose,0.02422907489
MD972148,Piston,19.8,117.54,2830,Pacific,10.835,symbiont-facultative,non-spinose,0.64096916305
MD972148,Piston,19.8,117.54,2830,Pacific,10.835,symbiont-facultative,spinose,0
MD972148,Piston,19.8,117.54,2830,Pacific,10.835,symbiont-obligate,spinose,0.2268722467
MD972148,Piston,19.8,117.54,2830,Pacific,10.835,undetermined,non-spinose,0
MD972148,Piston,19.8,117.54,2830,Pacific,10.915,symbiont-barren,non-spinose,0.02786377709
MD972148,Piston,19.8,117.54,2830,Pacific,10.915,symbiont-barren,spinose,0.04643962848
MD972148,Piston,19.8,117.54,2830,Pacific,10.915,symbiont-bearing,non-spinose,0
MD972148,Piston,19.8,117.54,2830,Pacific,10.915,symbiont-bearing,spinose,0.01238390092
MD972148,Piston,19.8,117.54,2830,Pacific,10.915,symbiont-facultative,non-spinose,0.61919504643
MD972148,Piston,19.8,117.54,2830,Pacific,10.915,symbiont-facultative,spinose,0
MD972148,Piston,19.8,117.54,2830,Pacific,10.915,symbiont-obligate,spinose,0.26315789478
MD972148,Piston,19.8,117.54,2830,Pacific,10.915,undetermined,non-spinose,0.00619195046
MD972148,Piston,19.8,117.54,2830,Pacific,11.075,symbiont-barren,non-spinose,0.01351351352
MD972148,Piston,19.8,117.54,2830,Pacific,11.075,symbiont-barren,spinose,0.08445945946
MD972148,Piston,19.8,117.54,2830,Pacific,11.075,symbiont-bearing,non-spinose,0
MD972148,Piston,19.8,117.54,2830,Pacific,11.075,symbiont-bearing,spinose,0.01351351352
MD972148,Piston,19.8,117.54,2830,Pacific,11.075,symbiont-facultative,non-spinose,0.58108108108
MD972148,Piston,19.8,117.54,2830,Pacific,11.075,symbiont-facultative,spinose,0
MD972148,Piston,19.8,117.54,2830,Pacific,11.075,symbiont-obligate,spinose,0.29391891888
MD972148,Piston,19.8,117.54,2830,Pacific,11.075,undetermined,non-spinose,0.00675675676
MD972148,Piston,19.8,117.54,2830,Pacific,11.155,symbiont-barren,non-spinose,0.0102739726
MD972148,Piston,19.8,117.54,2830,Pacific,11.155,symbiont-barren,spinose,0.10273972602
MD972148,Piston,19.8,117.54,2830,Pacific,11.155,symbiont-bearing,non-spinose,0
MD972148,Piston,19.8,117.54,2830,Pacific,11.155,symbiont-bearing,spinose,0.02397260274
MD972148,Piston,19.8,117.54,2830,Pacific,11.155,symbiont-facultative,non-spinose,0.53424657532
MD972148,Piston,19.8,117.54,2830,Pacific,11.155,symbiont-facultative,spinose,0
MD972148,Piston,19.8,117.54,2830,Pacific,11.155,symbiont-obligate,spinose,0.30479452057
MD972148,Piston,19.8,117.54,2830,Pacific,11.155,undetermined,non-spinose,0.01369863014
MD972148,Piston,19.8,117.54,2830,Pacific,11.235,symbiont-barren,non-spinose,0.01818181819
MD972148,Piston,19.8,117.54,2830,Pacific,11.235,symbiont-barren,spinose,0.08363636364
MD972148,Piston,19.8,117.54,2830,Pacific,11.235,symbiont-bearing,non-spinose,0
MD972148,Piston,19.8,117.54,2830,Pacific,11.235,symbiont-bearing,spinose,0.02909090909
MD972148,Piston,19.8,117.54,2830,Pacific,11.235,symbiont-facultative,non-spinose,0.55636363638
MD972148,Piston,19.8,117.54,2830,Pacific,11.235,symbiont-facultative,spinose,0
MD972148,Piston,19.8,117.54,2830,Pacific,11.235,symbiont-obligate,spinose,0.28363636367
MD972148,Piston,19.8,117.54,2830,Pacific,11.235,undetermined,non-spinose,0.02545454545
MD972148,Piston,19.8,117.54,2830,Pacific,11.315,symbiont-barren,non-spinose,0
MD972148,Piston,19.8,117.54,2830,Pacific,11.315,symbiont-barren,spinose,0.09375
MD972148,Piston,19.8,117.54,2830,Pacific,11.315,symbiont-bearing,non-spinose,0
MD972148,Piston,19.8,117.54,2830,Pacific,11.315,symbiont-bearing,spinose,0.01953125
MD972148,Piston,19.8,117.54,2830,Pacific,11.315,symbiont-facultative,non-spinose,0.546875
MD972148,Piston,19.8,117.54,2830,Pacific,11.315,symbiont-facultative,spinose,0
MD972148,Piston,19.8,117.54,2830,Pacific,11.315,symbiont-obligate,spinose,0.3203125
MD972148,Piston,19.8,117.54,2830,Pacific,11.315,undetermined,non-spinose,0.0078125
MD972148,Piston,19.8,117.54,2830,Pacific,11.395,symbiont-barren,non-spinose,0.01454545455
MD972148,Piston,19.8,117.54,2830,Pacific,11.395,symbiont-barren,spinose,0.07636363636
MD972148,Piston,19.8,117.54,2830,Pacific,11.395,symbiont-bearing,non-spinose,0
MD972148,Piston,19.8,117.54,2830,Pacific,11.395,symbiont-bearing,spinose,0.01090909091
MD972148,Piston,19.8,117.54,2830,Pacific,11.395,symbiont-facultative,non-spinose,0.57090909096
MD972148,Piston,19.8,117.54,2830,Pacific,11.395,symbiont-facultative,spinose,0
MD972148,Piston,19.8,117.54,2830,Pacific,11.395,symbiont-obligate,spinose,0.3054545455
MD972148,Piston,19.8,117.54,2830,Pacific,11.395,undetermined,non-spinose,0.00727272727
MD972148,Piston,19.8,117.54,2830,Pacific,11.475,symbiont-barren,non-spinose,0.0221238938
MD972148,Piston,19.8,117.54,2830,Pacific,11.475,symbiont-barren,spinose,0.08407079646
MD972148,Piston,19.8,117.54,2830,Pacific,11.475,symbiont-bearing,non-spinose,0
MD972148,Piston,19.8,117.54,2830,Pacific,11.475,symbiont-bearing,spinose,0.0221238938
MD972148,Piston,19.8,117.54,2830,Pacific,11.475,symbiont-facultative,non-spinose,0.50442477875
MD972148,Piston,19.8,117.54,2830,Pacific,11.475,symbiont-facultative,spinose,0
MD972148,Piston,19.8,117.54,2830,Pacific,11.475,symbiont-obligate,spinose,0.34513274334
MD972148,Piston,19.8,117.54,2830,Pacific,11.475,undetermined,non-spinose,0.01327433628
MD972148,Piston,19.8,117.54,2830,Pacific,11.555,symbiont-barren,non-spinose,0.01872659176
MD972148,Piston,19.8,117.54,2830,Pacific,11.555,symbiont-barren,spinose,0.0936329588
MD972148,Piston,19.8,117.54,2830,Pacific,11.555,symbiont-bearing,non-spinose,0
MD972148,Piston,19.8,117.54,2830,Pacific,11.555,symbiont-bearing,spinose,0.01123595506
MD972148,Piston,19.8,117.54,2830,Pacific,11.555,symbiont-facultative,non-spinose,0.59176029961
MD972148,Piston,19.8,117.54,2830,Pacific,11.555,symbiont-facultative,spinose,0
MD972148,Piston,19.8,117.54,2830,Pacific,11.555,symbiont-obligate,spinose,0.25468164792
MD972148,Piston,19.8,117.54,2830,Pacific,11.555,undetermined,non-spinose,0.01498127341
MD972148,Piston,19.8,117.54,2830,Pacific,11.635,symbiont-barren,non-spinose,0.00737100737
MD972148,Piston,19.8,117.54,2830,Pacific,11.635,symbiont-barren,spinose,0.1253071253
MD972148,Piston,19.8,117.54,2830,Pacific,11.635,symbiont-bearing,non-spinose,0
MD972148,Piston,19.8,117.54,2830,Pacific,11.635,symbiont-bearing,spinose,0.01474201474
MD972148,Piston,19.8,117.54,2830,Pacific,11.635,symbiont-facultative,non-spinose,0.56756756757
MD972148,Piston,19.8,117.54,2830,Pacific,11.635,symbiont-facultative,spinose,0
MD972148,Piston,19.8,117.54,2830,Pacific,11.635,symbiont-obligate,spinose,0.25552825549
MD972148,Piston,19.8,117.54,2830,Pacific,11.635,undetermined,non-spinose,0.01228501229
MD972148,Piston,19.8,117.54,2830,Pacific,11.715,symbiont-barren,non-spinose,0.01834862386
MD972148,Piston,19.8,117.54,2830,Pacific,11.715,symbiont-barren,spinose,0.08944954128
MD972148,Piston,19.8,117.54,2830,Pacific,11.715,symbiont-bearing,non-spinose,0
MD972148,Piston,19.8,117.54,2830,Pacific,11.715,symbiont-bearing,spinose,0.0114678899
MD972148,Piston,19.8,117.54,2830,Pacific,11.715,symbiont-facultative,non-spinose,0.59862385322
MD972148,Piston,19.8,117.54,2830,Pacific,11.715,symbiont-facultative,spinose,0
MD972148,Piston,19.8,117.54,2830,Pacific,11.715,symbiont-obligate,spinose,0.23853211006
MD972148,Piston,19.8,117.54,2830,Pacific,11.715,undetermined,non-spinose,0.02752293578
MD972148,Piston,19.8,117.54,2830,Pacific,11.795,symbiont-barren,non-spinose,0.03374233129
MD972148,Piston,19.8,117.54,2830,Pacific,11.795,symbiont-barren,spinose,0.07055214724
MD972148,Piston,19.8,117.54,2830,Pacific,11.795,symbiont-bearing,non-spinose,0
MD972148,Piston,19.8,117.54,2830,Pacific,11.795,symbiont-bearing,spinose,0.02760736197
MD972148,Piston,19.8,117.54,2830,Pacific,11.795,symbiont-facultative,non-spinose,0.63190184057
MD972148,Piston,19.8,117.54,2830,Pacific,11.795,symbiont-facultative,spinose,0
MD972148,Piston,19.8,117.54,2830,Pacific,11.795,symbiont-obligate,spinose,0.19325153371
MD972148,Piston,19.8,117.54,2830,Pacific,11.795,undetermined,non-spinose,0.02760736196
MD972148,Piston,19.8,117.54,2830,Pacific,11.875,symbiont-barren,non-spinose,0.01672240803
MD972148,Piston,19.8,117.54,2830,Pacific,11.875,symbiont-barren,spinose,0.09698996656
MD972148,Piston,19.8,117.54,2830,Pacific,11.875,symbiont-bearing,non-spinose,0
MD972148,Piston,19.8,117.54,2830,Pacific,11.875,symbiont-bearing,spinose,0.02006688964
MD972148,Piston,19.8,117.54,2830,Pacific,11.875,symbiont-facultative,non-spinose,0.6053511706
MD972148,Piston,19.8,117.54,2830,Pacific,11.875,symbiont-facultative,spinose,0
MD972148,Piston,19.8,117.54,2830,Pacific,11.875,symbiont-obligate,spinose,0.23745819399
MD972148,Piston,19.8,117.54,2830,Pacific,11.875,undetermined,non-spinose,0.01337792642
MD972148,Piston,19.8,117.54,2830,Pacific,11.955,symbiont-barren,non-spinose,0.00925925926
MD972148,Piston,19.8,117.54,2830,Pacific,11.955,symbiont-barren,spinose,0.09953703704
MD972148,Piston,19.8,117.54,2830,Pacific,11.955,symbiont-bearing,non-spinose,0
MD972148,Piston,19.8,117.54,2830,Pacific,11.955,symbiont-bearing,spinose,0.02777777778
MD972148,Piston,19.8,117.54,2830,Pacific,11.955,symbiont-facultative,non-spinose,0.54398148149
MD972148,Piston,19.8,117.54,2830,Pacific,11.955,symbiont-facultative,spinose,0
MD972148,Piston,19.8,117.54,2830,Pacific,11.955,symbiont-obligate,spinose,0.27083333332
MD972148,Piston,19.8,117.54,2830,Pacific,11.955,undetermined,non-spinose,0.01388888889
MD972148,Piston,19.8,117.54,2830,Pacific,12.035,symbiont-barren,non-spinose,0.01428571428
MD972148,Piston,19.8,117.54,2830,Pacific,12.035,symbiont-barren,spinose,0.10476190478
MD972148,Piston,19.8,117.54,2830,Pacific,12.035,symbiont-bearing,non-spinose,0
MD972148,Piston,19.8,117.54,2830,Pacific,12.035,symbiont-bearing,spinose,0.00714285714
MD972148,Piston,19.8,117.54,2830,Pacific,12.035,symbiont-facultative,non-spinose,0.60238095233
MD972148,Piston,19.8,117.54,2830,Pacific,12.035,symbiont-facultative,spinose,0
MD972148,Piston,19.8,117.54,2830,Pacific,12.035,symbiont-obligate,spinose,0.2142857143
MD972148,Piston,19.8,117.54,2830,Pacific,12.035,undetermined,non-spinose,0.0119047619
MD972148,Piston,19.8,117.54,2830,Pacific,12.115,symbiont-barren,non-spinose,0.01246882793
MD972148,Piston,19.8,117.54,2830,Pacific,12.115,symbiont-barren,spinose,0.072319202
MD972148,Piston,19.8,117.54,2830,Pacific,12.115,symbiont-bearing,non-spinose,0
MD972148,Piston,19.8,117.54,2830,Pacific,12.115,symbiont-bearing,spinose,0.01246882794
MD972148,Piston,19.8,117.54,2830,Pacific,12.115,symbiont-facultative,non-spinose,0.59102244392
MD972148,Piston,19.8,117.54,2830,Pacific,12.115,symbiont-facultative,spinose,0
MD972148,Piston,19.8,117.54,2830,Pacific,12.115,symbiont-obligate,spinose,0.27680798005
MD972148,Piston,19.8,117.54,2830,Pacific,12.115,undetermined,non-spinose,0.01246882793
MD972148,Piston,19.8,117.54,2830,Pacific,12.195,symbiont-barren,non-spinose,0.00350877193
MD972148,Piston,19.8,117.54,2830,Pacific,12.195,symbiont-barren,spinose,0.05614035088
MD972148,Piston,19.8,117.54,2830,Pacific,12.195,symbiont-bearing,non-spinose,0
MD972148,Piston,19.8,117.54,2830,Pacific,12.195,symbiont-bearing,spinose,0.00701754386
MD972148,Piston,19.8,117.54,2830,Pacific,12.195,symbiont-facultative,non-spinose,0.7473684211
MD972148,Piston,19.8,117.54,2830,Pacific,12.195,symbiont-facultative,spinose,0
MD972148,Piston,19.8,117.54,2830,Pacific,12.195,symbiont-obligate,spinose,0.17894736843
MD972148,Piston,19.8,117.54,2830,Pacific,12.195,undetermined,non-spinose,0
MD972148,Piston,19.8,117.54,2830,Pacific,12.275,symbiont-barren,non-spinose,0
MD972148,Piston,19.8,117.54,2830,Pacific,12.275,symbiont-barren,spinose,0.07116104869
MD972148,Piston,19.8,117.54,2830,Pacific,12.275,symbiont-bearing,non-spinose,0
MD972148,Piston,19.8,117.54,2830,Pacific,12.275,symbiont-bearing,spinose,0.0074906367
MD972148,Piston,19.8,117.54,2830,Pacific,12.275,symbiont-facultative,non-spinose,0.65917602992
MD972148,Piston,19.8,117.54,2830,Pacific,12.275,symbiont-facultative,spinose,0
MD972148,Piston,19.8,117.54,2830,Pacific,12.275,symbiont-obligate,spinose,0.25093632957
MD972148,Piston,19.8,117.54,2830,Pacific,12.275,undetermined,non-spinose,0.01123595506
MD972148,Piston,19.8,117.54,2830,Pacific,12.355,symbiont-barren,non-spinose,0
MD972148,Piston,19.8,117.54,2830,Pacific,12.355,symbiont-barren,spinose,0.1133603239
MD972148,Piston,19.8,117.54,2830,Pacific,12.355,symbiont-bearing,non-spinose,0
MD972148,Piston,19.8,117.54,2830,Pacific,12.355,symbiont-bearing,spinose,0.01619433198
MD972148,Piston,19.8,117.54,2830,Pacific,12.355,symbiont-facultative,non-spinose,0.58906882592
MD972148,Piston,19.8,117.54,2830,Pacific,12.355,symbiont-facultative,spinose,0
MD972148,Piston,19.8,117.54,2830,Pacific,12.355,symbiont-obligate,spinose,0.27327935222
MD972148,Piston,19.8,117.54,2830,Pacific,12.355,undetermined,non-spinose,0.00607287449
MD972148,Piston,19.8,117.54,2830,Pacific,12.435,symbiont-barren,non-spinose,0.00221238938
MD972148,Piston,19.8,117.54,2830,Pacific,12.435,symbiont-barren,spinose,0.08185840708
MD972148,Piston,19.8,117.54,2830,Pacific,12.435,symbiont-bearing,non-spinose,0
MD972148,Piston,19.8,117.54,2830,Pacific,12.435,symbiont-bearing,spinose,0.0221238938
MD972148,Piston,19.8,117.54,2830,Pacific,12.435,symbiont-facultative,non-spinose,0.61283185839
MD972148,Piston,19.8,117.54,2830,Pacific,12.435,symbiont-facultative,spinose,0
MD972148,Piston,19.8,117.54,2830,Pacific,12.435,symbiont-obligate,spinose,0.27433628317
MD972148,Piston,19.8,117.54,2830,Pacific,12.435,undetermined,non-spinose,0.00442477876
MD972148,Piston,19.8,117.54,2830,Pacific,12.515,symbiont-barren,non-spinose,0.00409836066
MD972148,Piston,19.8,117.54,2830,Pacific,12.515,symbiont-barren,spinose,0.0881147541
MD972148,Piston,19.8,117.54,2830,Pacific,12.515,symbiont-bearing,non-spinose,0
MD972148,Piston,19.8,117.54,2830,Pacific,12.515,symbiont-bearing,spinose,0.01844262295
MD972148,Piston,19.8,117.54,2830,Pacific,12.515,symbiont-facultative,non-spinose,0.62909836063
MD972148,Piston,19.8,117.54,2830,Pacific,12.515,symbiont-facultative,spinose,0
MD972148,Piston,19.8,117.54,2830,Pacific,12.515,symbiont-obligate,spinose,0.25409836065
MD972148,Piston,19.8,117.54,2830,Pacific,12.515,undetermined,non-spinose,0.00409836066
MD972148,Piston,19.8,117.54,2830,Pacific,12.595,symbiont-barren,non-spinose,0.00205761317
MD972148,Piston,19.8,117.54,2830,Pacific,12.595,symbiont-barren,spinose,0.04732510288
MD972148,Piston,19.8,117.54,2830,Pacific,12.595,symbiont-bearing,non-spinose,0
MD972148,Piston,19.8,117.54,2830,Pacific,12.595,symbiont-bearing,spinose,0.02057613169
MD972148,Piston,19.8,117.54,2830,Pacific,12.595,symbiont-facultative,non-spinose,0.6851851852
MD972148,Piston,19.8,117.54,2830,Pacific,12.595,symbiont-facultative,spinose,0
MD972148,Piston,19.8,117.54,2830,Pacific,12.595,symbiont-obligate,spinose,0.24074074072
MD972148,Piston,19.8,117.54,2830,Pacific,12.595,undetermined,non-spinose,0.00205761317
MD972148,Piston,19.8,117.54,2830,Pacific,12.675,symbiont-barren,non-spinose,0.00531914894
MD972148,Piston,19.8,117.54,2830,Pacific,12.675,symbiont-barren,spinose,0.08244680851
MD972148,Piston,19.8,117.54,2830,Pacific,12.675,symbiont-bearing,non-spinose,0
MD972148,Piston,19.8,117.54,2830,Pacific,12.675,symbiont-bearing,spinose,0.01861702127
MD972148,Piston,19.8,117.54,2830,Pacific,12.675,symbiont-facultative,non-spinose,0.54787234039
MD972148,Piston,19.8,117.54,2830,Pacific,12.675,symbiont-facultative,spinose,0
MD972148,Piston,19.8,117.54,2830,Pacific,12.675,symbiont-obligate,spinose,0.28989361698
MD972148,Piston,19.8,117.54,2830,Pacific,12.675,undetermined,non-spinose,0.01063829787
MD972148,Piston,19.8,117.54,2830,Pacific,12.755,symbiont-barren,non-spinose,0
MD972148,Piston,19.8,117.54,2830,Pacific,12.755,symbiont-barren,spinose,0.06896551724
MD972148,Piston,19.8,117.54,2830,Pacific,12.755,symbiont-bearing,non-spinose,0
MD972148,Piston,19.8,117.54,2830,Pacific,12.755,symbiont-bearing,spinose,0.00766283525
MD972148,Piston,19.8,117.54,2830,Pacific,12.755,symbiont-facultative,non-spinose,0.67049808433
MD972148,Piston,19.8,117.54,2830,Pacific,12.755,symbiont-facultative,spinose,0
MD972148,Piston,19.8,117.54,2830,Pacific,12.755,symbiont-obligate,spinose,0.21455938698
MD972148,Piston,19.8,117.54,2830,Pacific,12.755,undetermined,non-spinose,0.00766283525
MD972148,Piston,19.8,117.54,2830,Pacific,12.835,symbiont-barren,non-spinose,0.0021691974
MD972148,Piston,19.8,117.54,2830,Pacific,12.835,symbiont-barren,spinose,0.0737527115
MD972148,Piston,19.8,117.54,2830,Pacific,12.835,symbiont-bearing,non-spinose,0
MD972148,Piston,19.8,117.54,2830,Pacific,12.835,symbiont-bearing,spinose,0.02169197396
MD972148,Piston,19.8,117.54,2830,Pacific,12.835,symbiont-facultative,non-spinose,0.59436008675
MD972148,Piston,19.8,117.54,2830,Pacific,12.835,symbiont-facultative,spinose,0
MD972148,Piston,19.8,117.54,2830,Pacific,12.835,symbiont-obligate,spinose,0.26898047719
MD972148,Piston,19.8,117.54,2830,Pacific,12.835,undetermined,non-spinose,0.0021691974
MD972148,Piston,19.8,117.54,2830,Pacific,12.915,symbiont-barren,non-spinose,0
MD972148,Piston,19.8,117.54,2830,Pacific,12.915,symbiont-barren,spinose,0.0618556701
MD972148,Piston,19.8,117.54,2830,Pacific,12.915,symbiont-bearing,non-spinose,0
MD972148,Piston,19.8,117.54,2830,Pacific,12.915,symbiont-bearing,spinose,0.02577319588
MD972148,Piston,19.8,117.54,2830,Pacific,12.915,symbiont-facultative,non-spinose,0.63917525771
MD972148,Piston,19.8,117.54,2830,Pacific,12.915,symbiont-facultative,spinose,0
MD972148,Piston,19.8,117.54,2830,Pacific,12.915,symbiont-obligate,spinose,0.25257731956
MD972148,Piston,19.8,117.54,2830,Pacific,12.915,undetermined,non-spinose,0.00515463918
MD972151,Piston,8.73,109.87,1589,Pacific,5.475,symbiont-barren,non-spinose,0.044304
MD972151,Piston,8.73,109.87,1589,Pacific,5.475,symbiont-barren,spinose,0.044304
MD972151,Piston,8.73,109.87,1589,Pacific,5.475,symbiont-bearing,non-spinose,0
MD972151,Piston,8.73,109.87,1589,Pacific,5.475,symbiont-bearing,spinose,0.03481
MD972151,Piston,8.73,109.87,1589,Pacific,5.475,symbiont-facultative,non-spinose,0.462026
MD972151,Piston,8.73,109.87,1589,Pacific,5.475,symbiont-facultative,spinose,0
MD972151,Piston,8.73,109.87,1589,Pacific,5.475,symbiont-obligate,spinose,0.389241
MD972151,Piston,8.73,109.87,1589,Pacific,5.475,undetermined,non-spinose,0.015823
MD972151,Piston,8.73,109.87,1589,Pacific,5.555,symbiont-barren,non-spinose,0.047848
MD972151,Piston,8.73,109.87,1589,Pacific,5.555,symbiont-barren,spinose,0.038278
MD972151,Piston,8.73,109.87,1589,Pacific,5.555,symbiont-bearing,non-spinose,0
MD972151,Piston,8.73,109.87,1589,Pacific,5.555,symbiont-bearing,spinose,0.00957
MD972151,Piston,8.73,109.87,1589,Pacific,5.555,symbiont-facultative,non-spinose,0.4689
MD972151,Piston,8.73,109.87,1589,Pacific,5.555,symbiont-facultative,spinose,0
MD972151,Piston,8.73,109.87,1589,Pacific,5.555,symbiont-obligate,spinose,0.382775
MD972151,Piston,8.73,109.87,1589,Pacific,5.555,undetermined,non-spinose,0.019139
MD972151,Piston,8.73,109.87,1589,Pacific,5.635,symbiont-barren,non-spinose,0.014836
MD972151,Piston,8.73,109.87,1589,Pacific,5.635,symbiont-barren,spinose,0.071217
MD972151,Piston,8.73,109.87,1589,Pacific,5.635,symbiont-bearing,non-spinose,0
MD972151,Piston,8.73,109.87,1589,Pacific,5.635,symbiont-bearing,spinose,0.026706
MD972151,Piston,8.73,109.87,1589,Pacific,5.635,symbiont-facultative,non-spinose,0.48368
MD972151,Piston,8.73,109.87,1589,Pacific,5.635,symbiont-facultative,spinose,0
MD972151,Piston,8.73,109.87,1589,Pacific,5.635,symbiont-obligate,spinose,0.376855
MD972151,Piston,8.73,109.87,1589,Pacific,5.635,undetermined,non-spinose,0.008902
MD972151,Piston,8.73,109.87,1589,Pacific,5.715,symbiont-barren,non-spinose,0.044554
MD972151,Piston,8.73,109.87,1589,Pacific,5.715,symbiont-barren,spinose,0.059406
MD972151,Piston,8.73,109.87,1589,Pacific,5.715,symbiont-bearing,non-spinose,0
MD972151,Piston,8.73,109.87,1589,Pacific,5.715,symbiont-bearing,spinose,0.019801
MD972151,Piston,8.73,109.87,1589,Pacific,5.715,symbiont-facultative,non-spinose,0.396039
MD972151,Piston,8.73,109.87,1589,Pacific,5.715,symbiont-facultative,spinose,0
MD972151,Piston,8.73,109.87,1589,Pacific,5.715,symbiont-obligate,spinose,0.440593
MD972151,Piston,8.73,109.87,1589,Pacific,5.715,undetermined,non-spinose,0.014851
MD972151,Piston,8.73,109.87,1589,Pacific,5.795,symbiont-barren,non-spinose,0.039841
MD972151,Piston,8.73,109.87,1589,Pacific,5.795,symbiont-barren,spinose,0.039841
MD972151,Piston,8.73,109.87,1589,Pacific,5.795,symbiont-bearing,non-spinose,0
MD972151,Piston,8.73,109.87,1589,Pacific,5.795,symbiont-bearing,spinose,0.027888
MD972151,Piston,8.73,109.87,1589,Pacific,5.795,symbiont-facultative,non-spinose,0.422311
MD972151,Piston,8.73,109.87,1589,Pacific,5.795,symbiont-facultative,spinose,0
MD972151,Piston,8.73,109.87,1589,Pacific,5.795,symbiont-obligate,spinose,0.442231
MD972151,Piston,8.73,109.87,1589,Pacific,5.795,undetermined,non-spinose,0.015936
MD972151,Piston,8.73,109.87,1589,Pacific,5.875,symbiont-barren,non-spinose,0.035031
MD972151,Piston,8.73,109.87,1589,Pacific,5.875,symbiont-barren,spinose,0.035032
MD972151,Piston,8.73,109.87,1589,Pacific,5.875,symbiont-bearing,non-spinose,0
MD972151,Piston,8.73,109.87,1589,Pacific,5.875,symbiont-bearing,spinose,0.022293
MD972151,Piston,8.73,109.87,1589,Pacific,5.875,symbiont-facultative,non-spinose,0.426751
MD972151,Piston,8.73,109.87,1589,Pacific,5.875,symbiont-facultative,spinose,0
MD972151,Piston,8.73,109.87,1589,Pacific,5.875,symbiont-obligate,spinose,0.449044
MD972151,Piston,8.73,109.87,1589,Pacific,5.875,undetermined,non-spinose,0.012739
MD972151,Piston,8.73,109.87,1589,Pacific,5.955,symbiont-barren,non-spinose,0.030303
MD972151,Piston,8.73,109.87,1589,Pacific,5.955,symbiont-barren,spinose,0.037879
MD972151,Piston,8.73,109.87,1589,Pacific,5.955,symbiont-bearing,non-spinose,0
MD972151,Piston,8.73,109.87,1589,Pacific,5.955,symbiont-bearing,spinose,0.026515
MD972151,Piston,8.73,109.87,1589,Pacific,5.955,symbiont-facultative,non-spinose,0.431818
MD972151,Piston,8.73,109.87,1589,Pacific,5.955,symbiont-facultative,spinose,0
MD972151,Piston,8.73,109.87,1589,Pacific,5.955,symbiont-obligate,spinose,0.431818
MD972151,Piston,8.73,109.87,1589,Pacific,5.955,undetermined,non-spinose,0.037879
MD972151,Piston,8.73,109.87,1589,Pacific,6.035,symbiont-barren,non-spinose,0.018868
MD972151,Piston,8.73,109.87,1589,Pacific,6.035,symbiont-barren,spinose,0.079245
MD972151,Piston,8.73,109.87,1589,Pacific,6.035,symbiont-bearing,non-spinose,0
MD972151,Piston,8.73,109.87,1589,Pacific,6.035,symbiont-bearing,spinose,0.033963
MD972151,Piston,8.73,109.87,1589,Pacific,6.035,symbiont-facultative,non-spinose,0.328303
MD972151,Piston,8.73,109.87,1589,Pacific,6.035,symbiont-facultative,spinose,0
MD972151,Piston,8.73,109.87,1589,Pacific,6.035,symbiont-obligate,spinose,0.498113
MD972151,Piston,8.73,109.87,1589,Pacific,6.035,undetermined,non-spinose,0.015094
MD972151,Piston,8.73,109.87,1589,Pacific,6.115,symbiont-barren,non-spinose,0.033419
MD972151,Piston,8.73,109.87,1589,Pacific,6.115,symbiont-barren,spinose,0.059126
MD972151,Piston,8.73,109.87,1589,Pacific,6.115,symbiont-bearing,non-spinose,0
MD972151,Piston,8.73,109.87,1589,Pacific,6.115,symbiont-bearing,spinose,0.033419
MD972151,Piston,8.73,109.87,1589,Pacific,6.115,symbiont-facultative,non-spinose,0.419024
MD972151,Piston,8.73,109.87,1589,Pacific,6.115,symbiont-facultative,spinose,0
MD972151,Piston,8.73,109.87,1589,Pacific,6.115,symbiont-obligate,spinose,0.434446
MD972151,Piston,8.73,109.87,1589,Pacific,6.115,undetermined,non-spinose,0.010283
MD972151,Piston,8.73,109.87,1589,Pacific,6.195,symbiont-barren,non-spinose,0.020173
MD972151,Piston,8.73,109.87,1589,Pacific,6.195,symbiont-barren,spinose,0.040346
MD972151,Piston,8.73,109.87,1589,Pacific,6.195,symbiont-bearing,non-spinose,0
MD972151,Piston,8.73,109.87,1589,Pacific,6.195,symbiont-bearing,spinose,0.028818
MD972151,Piston,8.73,109.87,1589,Pacific,6.195,symbiont-facultative,non-spinose,0.443804
MD972151,Piston,8.73,109.87,1589,Pacific,6.195,symbiont-facultative,spinose,0
MD972151,Piston,8.73,109.87,1589,Pacific,6.195,symbiont-obligate,spinose,0.446687
MD972151,Piston,8.73,109.87,1589,Pacific,6.195,undetermined,non-spinose,0.005764
MD972151,Piston,8.73,109.87,1589,Pacific,6.275,symbiont-barren,non-spinose,0.038673
MD972151,Piston,8.73,109.87,1589,Pacific,6.275,symbiont-barren,spinose,0.055248
MD972151,Piston,8.73,109.87,1589,Pacific,6.275,symbiont-bearing,non-spinose,0
MD972151,Piston,8.73,109.87,1589,Pacific,6.275,symbiont-bearing,spinose,0.005525
MD972151,Piston,8.73,109.87,1589,Pacific,6.275,symbiont-facultative,non-spinose,0.43094
MD972151,Piston,8.73,109.87,1589,Pacific,6.275,symbiont-facultative,spinose,0
MD972151,Piston,8.73,109.87,1589,Pacific,6.275,symbiont-obligate,spinose,0.447514
MD972151,Piston,8.73,109.87,1589,Pacific,6.275,undetermined,non-spinose,0.013812
MD972151,Piston,8.73,109.87,1589,Pacific,6.355,symbiont-barren,non-spinose,0.008438
MD972151,Piston,8.73,109.87,1589,Pacific,6.355,symbiont-barren,spinose,0.029536
MD972151,Piston,8.73,109.87,1589,Pacific,6.355,symbiont-bearing,non-spinose,0
MD972151,Piston,8.73,109.87,1589,Pacific,6.355,symbiont-bearing,spinose,0.021097
MD972151,Piston,8.73,109.87,1589,Pacific,6.355,symbiont-facultative,non-spinose,0.392405
MD972151,Piston,8.73,109.87,1589,Pacific,6.355,symbiont-facultative,spinose,0
MD972151,Piston,8.73,109.87,1589,Pacific,6.355,symbiont-obligate,spinose,0.502109
MD972151,Piston,8.73,109.87,1589,Pacific,6.355,undetermined,non-spinose,0.021097
MD972151,Piston,8.73,109.87,1589,Pacific,6.435,symbiont-barren,non-spinose,0.015946
MD972151,Piston,8.73,109.87,1589,Pacific,6.435,symbiont-barren,spinose,0.034169
MD972151,Piston,8.73,109.87,1589,Pacific,6.435,symbiont-bearing,non-spinose,0
MD972151,Piston,8.73,109.87,1589,Pacific,6.435,symbiont-bearing,spinose,0.013667
MD972151,Piston,8.73,109.87,1589,Pacific,6.435,symbiont-facultative,non-spinose,0.414579
MD972151,Piston,8.73,109.87,1589,Pacific,6.435,symbiont-facultative,spinose,0
MD972151,Piston,8.73,109.87,1589,Pacific,6.435,symbiont-obligate,spinose,0.501138
MD972151,Piston,8.73,109.87,1589,Pacific,6.435,undetermined,non-spinose,0.01139
MD972151,Piston,8.73,109.87,1589,Pacific,6.515,symbiont-barren,non-spinose,0.005076
MD972151,Piston,8.73,109.87,1589,Pacific,6.515,symbiont-barren,spinose,0.050761
MD972151,Piston,8.73,109.87,1589,Pacific,6.515,symbiont-bearing,non-spinose,0
MD972151,Piston,8.73,109.87,1589,Pacific,6.515,symbiont-bearing,spinose,0.020304
MD972151,Piston,8.73,109.87,1589,Pacific,6.515,symbiont-facultative,non-spinose,0.48731
MD972151,Piston,8.73,109.87,1589,Pacific,6.515,symbiont-facultative,spinose,0
MD972151,Piston,8.73,109.87,1589,Pacific,6.515,symbiont-obligate,spinose,0.426396
MD972151,Piston,8.73,109.87,1589,Pacific,6.515,undetermined,non-spinose,0.010152
MD98-2195,Calypso Corer,31.64,128.94,746,Pacific,,symbiont-bearing,non-spinose,0
MD98-2195,Calypso Corer,31.64,128.94,746,Pacific,,symbiont-facultative,spinose,0
MD98-2195,Calypso Corer,31.64,128.94,746,Pacific,,undetermined,non-spinose,0
MD98-2196,Calypso Corer,29.88,128.61,951,Pacific,,symbiont-barren,non-spinose,0.398958701826321
MD98-2196,Calypso Corer,29.88,128.61,951,Pacific,,symbiont-bearing,non-spinose,0.00311526479750779
MD98-2196,Calypso Corer,29.88,128.61,951,Pacific,,symbiont-bearing,spinose,0.137777416581264
MD98-2196,Calypso Corer,29.88,128.61,951,Pacific,,symbiont-facultative,spinose,0.00394477317554241
MD98-2196,Calypso Corer,29.88,128.61,951,Pacific,,undetermined,non-spinose,0.0264865436849306
MD99-2281,Calypso Corer,60.341833,-9.455667,1197,North Atlantic,,symbiont-bearing,non-spinose,0
MD99-2281,Calypso Corer,60.341833,-9.455667,1197,North Atlantic,,symbiont-bearing,spinose,0
MD99-2281,Calypso Corer,60.341833,-9.455667,1197,North Atlantic,,symbiont-facultative,spinose,0
MD99-2281,Calypso Corer,60.341833,-9.455667,1197,North Atlantic,,symbiont-obligate,spinose,0
MD99-2281,Calypso Corer,60.341833,-9.455667,1197,North Atlantic,,undetermined,non-spinose,0
MD99-2285,Calypso Corer,62.6938,-3.5723,885,North Atlantic,,symbiont-barren,spinose,0.13857163616
MD99-2285,Calypso Corer,62.6938,-3.5723,885,North Atlantic,,symbiont-bearing,non-spinose,0
MD99-2285,Calypso Corer,62.6938,-3.5723,885,North Atlantic,,symbiont-bearing,spinose,0
MD99-2285,Calypso Corer,62.6938,-3.5723,885,North Atlantic,,symbiont-facultative,non-spinose,0.05567448326
MD99-2285,Calypso Corer,62.6938,-3.5723,885,North Atlantic,,symbiont-facultative,spinose,0
MD99-2285,Calypso Corer,62.6938,-3.5723,885,North Atlantic,,symbiont-obligate,spinose,0
MD99-2285,Calypso Corer,62.6938,-3.5723,885,North Atlantic,,undetermined,non-spinose,0
MD99-2303,Calypso core,77.519667,8.399667,2325,North Atlantic,2.1,symbiont-barren,non-spinose,0.947530864197531
MD99-2303,Calypso core,77.519667,8.399667,2325,North Atlantic,2.1,symbiont-barren,spinose,0.0524691358024691
MD99-2303,Calypso core,77.519667,8.399667,2325,North Atlantic,2.1,symbiont-bearing,non-spinose,0
MD99-2303,Calypso core,77.519667,8.399667,2325,North Atlantic,2.1,symbiont-bearing,spinose,0
MD99-2303,Calypso core,77.519667,8.399667,2325,North Atlantic,2.1,symbiont-facultative,non-spinose,0
MD99-2303,Calypso core,77.519667,8.399667,2325,North Atlantic,2.1,symbiont-facultative,spinose,0
MD99-2303,Calypso core,77.519667,8.399667,2325,North Atlantic,2.1,symbiont-obligate,spinose,0
MD99-2303,Calypso core,77.519667,8.399667,2325,North Atlantic,2.1,undetermined,non-spinose,0
MD99-2303,Calypso core,77.519667,8.399667,2325,North Atlantic,2.2,symbiont-barren,non-spinose,0.947852760736196
MD99-2303,Calypso core,77.519667,8.399667,2325,North Atlantic,2.2,symbiont-barren,spinose,0.049079754601227
MD99-2303,Calypso core,77.519667,8.399667,2325,North Atlantic,2.2,symbiont-bearing,non-spinose,0
MD99-2303,Calypso core,77.519667,8.399667,2325,North Atlantic,2.2,symbiont-bearing,spinose,0
MD99-2303,Calypso core,77.519667,8.399667,2325,North Atlantic,2.2,symbiont-facultative,non-spinose,0
MD99-2303,Calypso core,77.519667,8.399667,2325,North Atlantic,2.2,symbiont-facultative,spinose,0
MD99-2303,Calypso core,77.519667,8.399667,2325,North Atlantic,2.2,symbiont-obligate,spinose,0
MD99-2303,Calypso core,77.519667,8.399667,2325,North Atlantic,2.2,undetermined,non-spinose,0
MD99-2303,Calypso core,77.519667,8.399667,2325,North Atlantic,2.3,symbiont-barren,non-spinose,0.943977591036414
MD99-2303,Calypso core,77.519667,8.399667,2325,North Atlantic,2.3,symbiont-barren,spinose,0.0560224089635854
MD99-2303,Calypso core,77.519667,8.399667,2325,North Atlantic,2.3,symbiont-bearing,non-spinose,0
MD99-2303,Calypso core,77.519667,8.399667,2325,North Atlantic,2.3,symbiont-bearing,spinose,0
MD99-2303,Calypso core,77.519667,8.399667,2325,North Atlantic,2.3,symbiont-facultative,non-spinose,0
MD99-2303,Calypso core,77.519667,8.399667,2325,North Atlantic,2.3,symbiont-facultative,spinose,0
MD99-2303,Calypso core,77.519667,8.399667,2325,North Atlantic,2.3,symbiont-obligate,spinose,0
MD99-2303,Calypso core,77.519667,8.399667,2325,North Atlantic,2.3,undetermined,non-spinose,0
MD99-2303,Calypso core,77.519667,8.399667,2325,North Atlantic,2.4,symbiont-barren,non-spinose,0.948012232415902
MD99-2303,Calypso core,77.519667,8.399667,2325,North Atlantic,2.4,symbiont-barren,spinose,0.0519877675840979
MD99-2303,Calypso core,77.519667,8.399667,2325,North Atlantic,2.4,symbiont-bearing,non-spinose,0
MD99-2303,Calypso core,77.519667,8.399667,2325,North Atlantic,2.4,symbiont-bearing,spinose,0
MD99-2303,Calypso core,77.519667,8.399667,2325,North Atlantic,2.4,symbiont-facultative,non-spinose,0
MD99-2303,Calypso core,77.519667,8.399667,2325,North Atlantic,2.4,symbiont-facultative,spinose,0
MD99-2303,Calypso core,77.519667,8.399667,2325,North Atlantic,2.4,symbiont-obligate,spinose,0
MD99-2303,Calypso core,77.519667,8.399667,2325,North Atlantic,2.4,undetermined,non-spinose,0
MD99-2303,Calypso core,77.519667,8.399667,2325,North Atlantic,2.5,symbiont-barren,non-spinose,0.935483870967742
MD99-2303,Calypso core,77.519667,8.399667,2325,North Atlantic,2.5,symbiont-barren,spinose,0.0586510263929619
MD99-2303,Calypso core,77.519667,8.399667,2325,North Atlantic,2.5,symbiont-bearing,non-spinose,0
MD99-2303,Calypso core,77.519667,8.399667,2325,North Atlantic,2.5,symbiont-bearing,spinose,0
MD99-2303,Calypso core,77.519667,8.399667,2325,North Atlantic,2.5,symbiont-facultative,non-spinose,0
MD99-2303,Calypso core,77.519667,8.399667,2325,North Atlantic,2.5,symbiont-facultative,spinose,0
MD99-2303,Calypso core,77.519667,8.399667,2325,North Atlantic,2.5,symbiont-obligate,spinose,0
MD99-2303,Calypso core,77.519667,8.399667,2325,North Atlantic,2.5,undetermined,non-spinose,0
MD99-2303,Calypso core,77.519667,8.399667,2325,North Atlantic,2.6,symbiont-barren,non-spinose,0.968944099378882
MD99-2303,Calypso core,77.519667,8.399667,2325,North Atlantic,2.6,symbiont-barren,spinose,0.031055900621118
MD99-2303,Calypso core,77.519667,8.399667,2325,North Atlantic,2.6,symbiont-bearing,non-spinose,0
MD99-2303,Calypso core,77.519667,8.399667,2325,North Atlantic,2.6,symbiont-bearing,spinose,0
MD99-2303,Calypso core,77.519667,8.399667,2325,North Atlantic,2.6,symbiont-facultative,non-spinose,0
MD99-2303,Calypso core,77.519667,8.399667,2325,North Atlantic,2.6,symbiont-facultative,spinose,0
MD99-2303,Calypso core,77.519667,8.399667,2325,North Atlantic,2.6,symbiont-obligate,spinose,0
MD99-2303,Calypso core,77.519667,8.399667,2325,North Atlantic,2.6,undetermined,non-spinose,0
MD99-2303,Calypso core,77.519667,8.399667,2325,North Atlantic,2.7,symbiont-barren,non-spinose,0.983660130718954
MD99-2303,Calypso core,77.519667,8.399667,2325,North Atlantic,2.7,symbiont-barren,spinose,0.0130718954248366
MD99-2303,Calypso core,77.519667,8.399667,2325,North Atlantic,2.7,symbiont-bearing,non-spinose,0
MD99-2303,Calypso core,77.519667,8.399667,2325,North Atlantic,2.7,symbiont-bearing,spinose,0
MD99-2303,Calypso core,77.519667,8.399667,2325,North Atlantic,2.7,symbiont-facultative,non-spinose,0
MD99-2303,Calypso core,77.519667,8.399667,2325,North Atlantic,2.7,symbiont-facultative,spinose,0
MD99-2303,Calypso core,77.519667,8.399667,2325,North Atlantic,2.7,symbiont-obligate,spinose,0
MD99-2303,Calypso core,77.519667,8.399667,2325,North Atlantic,2.7,undetermined,non-spinose,0
MD99-2303,Calypso core,77.519667,8.399667,2325,North Atlantic,2.8,symbiont-barren,non-spinose,0.956953642384106
MD99-2303,Calypso core,77.519667,8.399667,2325,North Atlantic,2.8,symbiont-barren,spinose,0.043046357615894
MD99-2303,Calypso core,77.519667,8.399667,2325,North Atlantic,2.8,symbiont-bearing,non-spinose,0
MD99-2303,Calypso core,77.519667,8.399667,2325,North Atlantic,2.8,symbiont-bearing,spinose,0
MD99-2303,Calypso core,77.519667,8.399667,2325,North Atlantic,2.8,symbiont-facultative,non-spinose,0
MD99-2303,Calypso core,77.519667,8.399667,2325,North Atlantic,2.8,symbiont-facultative,spinose,0
MD99-2303,Calypso core,77.519667,8.399667,2325,North Atlantic,2.8,symbiont-obligate,spinose,0
MD99-2303,Calypso core,77.519667,8.399667,2325,North Atlantic,2.8,undetermined,non-spinose,0
MD99-2304,Calypso core,77.621067,9.948333,1348,North Atlantic,4.55,symbiont-barren,spinose,0
MD99-2304,Calypso core,77.621067,9.948333,1348,North Atlantic,4.55,symbiont-bearing,non-spinose,0
MD99-2304,Calypso core,77.621067,9.948333,1348,North Atlantic,4.55,symbiont-bearing,spinose,0
MD99-2304,Calypso core,77.621067,9.948333,1348,North Atlantic,4.55,symbiont-facultative,non-spinose,0
MD99-2304,Calypso core,77.621067,9.948333,1348,North Atlantic,4.55,symbiont-facultative,spinose,0
MD99-2304,Calypso core,77.621067,9.948333,1348,North Atlantic,4.55,symbiont-obligate,spinose,0
MD99-2304,Calypso core,77.621067,9.948333,1348,North Atlantic,4.55,undetermined,non-spinose,0
MD99-2304,Calypso core,77.621067,9.948333,1348,North Atlantic,4.58,symbiont-barren,spinose,0
MD99-2304,Calypso core,77.621067,9.948333,1348,North Atlantic,4.58,symbiont-bearing,non-spinose,0
MD99-2304,Calypso core,77.621067,9.948333,1348,North Atlantic,4.58,symbiont-bearing,spinose,0
MD99-2304,Calypso core,77.621067,9.948333,1348,North Atlantic,4.58,symbiont-facultative,non-spinose,0
MD99-2304,Calypso core,77.621067,9.948333,1348,North Atlantic,4.58,symbiont-facultative,spinose,0
MD99-2304,Calypso core,77.621067,9.948333,1348,North Atlantic,4.58,symbiont-obligate,spinose,0
MD99-2304,Calypso core,77.621067,9.948333,1348,North Atlantic,4.58,undetermined,non-spinose,0
MD99-2304,Calypso core,77.621067,9.948333,1348,North Atlantic,4.61,symbiont-barren,spinose,0
MD99-2304,Calypso core,77.621067,9.948333,1348,North Atlantic,4.61,symbiont-bearing,non-spinose,0
MD99-2304,Calypso core,77.621067,9.948333,1348,North Atlantic,4.61,symbiont-bearing,spinose,0
MD99-2304,Calypso core,77.621067,9.948333,1348,North Atlantic,4.61,symbiont-facultative,non-spinose,0
MD99-2304,Calypso core,77.621067,9.948333,1348,North Atlantic,4.61,symbiont-facultative,spinose,0
MD99-2304,Calypso core,77.621067,9.948333,1348,North Atlantic,4.61,symbiont-obligate,spinose,0
MD99-2304,Calypso core,77.621067,9.948333,1348,North Atlantic,4.61,undetermined,non-spinose,0
MD99-2304,Calypso core,77.621067,9.948333,1348,North Atlantic,4.73,symbiont-barren,spinose,0
MD99-2304,Calypso core,77.621067,9.948333,1348,North Atlantic,4.73,symbiont-bearing,non-spinose,0
MD99-2304,Calypso core,77.621067,9.948333,1348,North Atlantic,4.73,symbiont-bearing,spinose,0
MD99-2304,Calypso core,77.621067,9.948333,1348,North Atlantic,4.73,symbiont-facultative,non-spinose,0
MD99-2304,Calypso core,77.621067,9.948333,1348,North Atlantic,4.73,symbiont-facultative,spinose,0
MD99-2304,Calypso core,77.621067,9.948333,1348,North Atlantic,4.73,symbiont-obligate,spinose,0
MD99-2304,Calypso core,77.621067,9.948333,1348,North Atlantic,4.73,undetermined,non-spinose,0
MD99-2304,Calypso core,77.621067,9.948333,1348,North Atlantic,4.76,symbiont-barren,spinose,0
MD99-2304,Calypso core,77.621067,9.948333,1348,North Atlantic,4.76,symbiont-bearing,non-spinose,0
MD99-2304,Calypso core,77.621067,9.948333,1348,North Atlantic,4.76,symbiont-bearing,spinose,0
MD99-2304,Calypso core,77.621067,9.948333,1348,North Atlantic,4.76,symbiont-facultative,non-spinose,0
MD99-2304,Calypso core,77.621067,9.948333,1348,North Atlantic,4.76,symbiont-facultative,spinose,0
MD99-2304,Calypso core,77.621067,9.948333,1348,North Atlantic,4.76,symbiont-obligate,spinose,0
MD99-2304,Calypso core,77.621067,9.948333,1348,North Atlantic,4.76,undetermined,non-spinose,0
MD99-2304,Calypso core,77.621067,9.948333,1348,North Atlantic,4.79,symbiont-barren,spinose,0
MD99-2304,Calypso core,77.621067,9.948333,1348,North Atlantic,4.79,symbiont-bearing,non-spinose,0
MD99-2304,Calypso core,77.621067,9.948333,1348,North Atlantic,4.79,symbiont-bearing,spinose,0
MD99-2304,Calypso core,77.621067,9.948333,1348,North Atlantic,4.79,symbiont-facultative,non-spinose,0
MD99-2304,Calypso core,77.621067,9.948333,1348,North Atlantic,4.79,symbiont-facultative,spinose,0
MD99-2304,Calypso core,77.621067,9.948333,1348,North Atlantic,4.79,symbiont-obligate,spinose,0
MD99-2304,Calypso core,77.621067,9.948333,1348,North Atlantic,4.79,undetermined,non-spinose,0
MD99-2304,Calypso core,77.621067,9.948333,1348,North Atlantic,4.82,symbiont-barren,spinose,0
MD99-2304,Calypso core,77.621067,9.948333,1348,North Atlantic,4.82,symbiont-bearing,non-spinose,0
MD99-2304,Calypso core,77.621067,9.948333,1348,North Atlantic,4.82,symbiont-bearing,spinose,0
MD99-2304,Calypso core,77.621067,9.948333,1348,North Atlantic,4.82,symbiont-facultative,non-spinose,0
MD99-2304,Calypso core,77.621067,9.948333,1348,North Atlantic,4.82,symbiont-facultative,spinose,0
MD99-2304,Calypso core,77.621067,9.948333,1348,North Atlantic,4.82,symbiont-obligate,spinose,0
MD99-2304,Calypso core,77.621067,9.948333,1348,North Atlantic,4.82,undetermined,non-spinose,0
MD99-2304,Calypso core,77.621067,9.948333,1348,North Atlantic,4.85,symbiont-barren,spinose,0
MD99-2304,Calypso core,77.621067,9.948333,1348,North Atlantic,4.85,symbiont-bearing,non-spinose,0
MD99-2304,Calypso core,77.621067,9.948333,1348,North Atlantic,4.85,symbiont-bearing,spinose,0
MD99-2304,Calypso core,77.621067,9.948333,1348,North Atlantic,4.85,symbiont-facultative,non-spinose,0
MD99-2304,Calypso core,77.621067,9.948333,1348,North Atlantic,4.85,symbiont-facultative,spinose,0
MD99-2304,Calypso core,77.621067,9.948333,1348,North Atlantic,4.85,symbiont-obligate,spinose,0
MD99-2304,Calypso core,77.621067,9.948333,1348,North Atlantic,4.85,undetermined,non-spinose,0
MD99-2304,Calypso core,77.621067,9.948333,1348,North Atlantic,4.88,symbiont-barren,spinose,0
MD99-2304,Calypso core,77.621067,9.948333,1348,North Atlantic,4.88,symbiont-bearing,non-spinose,0
MD99-2304,Calypso core,77.621067,9.948333,1348,North Atlantic,4.88,symbiont-bearing,spinose,0
MD99-2304,Calypso core,77.621067,9.948333,1348,North Atlantic,4.88,symbiont-facultative,non-spinose,0
MD99-2304,Calypso core,77.621067,9.948333,1348,North Atlantic,4.88,symbiont-facultative,spinose,0
MD99-2304,Calypso core,77.621067,9.948333,1348,North Atlantic,4.88,symbiont-obligate,spinose,0
MD99-2304,Calypso core,77.621067,9.948333,1348,North Atlantic,4.88,undetermined,non-spinose,0
MD99-2304,Calypso core,77.621067,9.948333,1348,North Atlantic,4.91,symbiont-barren,spinose,0
MD99-2304,Calypso core,77.621067,9.948333,1348,North Atlantic,4.91,symbiont-bearing,non-spinose,0
MD99-2304,Calypso core,77.621067,9.948333,1348,North Atlantic,4.91,symbiont-bearing,spinose,0
MD99-2304,Calypso core,77.621067,9.948333,1348,North Atlantic,4.91,symbiont-facultative,non-spinose,0
MD99-2304,Calypso core,77.621067,9.948333,1348,North Atlantic,4.91,symbiont-facultative,spinose,0
MD99-2304,Calypso core,77.621067,9.948333,1348,North Atlantic,4.91,symbiont-obligate,spinose,0
MD99-2304,Calypso core,77.621067,9.948333,1348,North Atlantic,4.91,undetermined,non-spinose,0
MD99-2304,Calypso core,77.621067,9.948333,1348,North Atlantic,4.94,symbiont-barren,spinose,0
MD99-2304,Calypso core,77.621067,9.948333,1348,North Atlantic,4.94,symbiont-bearing,non-spinose,0
MD99-2304,Calypso core,77.621067,9.948333,1348,North Atlantic,4.94,symbiont-bearing,spinose,0
MD99-2304,Calypso core,77.621067,9.948333,1348,North Atlantic,4.94,symbiont-facultative,non-spinose,0
MD99-2304,Calypso core,77.621067,9.948333,1348,North Atlantic,4.94,symbiont-facultative,spinose,0
MD99-2304,Calypso core,77.621067,9.948333,1348,North Atlantic,4.94,symbiont-obligate,spinose,0
MD99-2304,Calypso core,77.621067,9.948333,1348,North Atlantic,4.94,undetermined,non-spinose,0
MD99-2304,Calypso core,77.621067,9.948333,1348,North Atlantic,5.21,symbiont-barren,spinose,0
MD99-2304,Calypso core,77.621067,9.948333,1348,North Atlantic,5.21,symbiont-bearing,non-spinose,0
MD99-2304,Calypso core,77.621067,9.948333,1348,North Atlantic,5.21,symbiont-bearing,spinose,0
MD99-2304,Calypso core,77.621067,9.948333,1348,North Atlantic,5.21,symbiont-facultative,non-spinose,0
MD99-2304,Calypso core,77.621067,9.948333,1348,North Atlantic,5.21,symbiont-facultative,spinose,0
MD99-2304,Calypso core,77.621067,9.948333,1348,North Atlantic,5.21,symbiont-obligate,spinose,0
MD99-2304,Calypso core,77.621067,9.948333,1348,North Atlantic,5.21,undetermined,non-spinose,0
MD99-2304,Calypso core,77.621067,9.948333,1348,North Atlantic,5.27,symbiont-barren,spinose,0
MD99-2304,Calypso core,77.621067,9.948333,1348,North Atlantic,5.27,symbiont-bearing,non-spinose,0
MD99-2304,Calypso core,77.621067,9.948333,1348,North Atlantic,5.27,symbiont-bearing,spinose,0
MD99-2304,Calypso core,77.621067,9.948333,1348,North Atlantic,5.27,symbiont-facultative,non-spinose,0
MD99-2304,Calypso core,77.621067,9.948333,1348,North Atlantic,5.27,symbiont-facultative,spinose,0
MD99-2304,Calypso core,77.621067,9.948333,1348,North Atlantic,5.27,symbiont-obligate,spinose,0
MD99-2304,Calypso core,77.621067,9.948333,1348,North Atlantic,5.27,undetermined,non-spinose,0
MD99-2304,Calypso core,77.621067,9.948333,1348,North Atlantic,5.3,symbiont-barren,spinose,0
MD99-2304,Calypso core,77.621067,9.948333,1348,North Atlantic,5.3,symbiont-bearing,non-spinose,0
MD99-2304,Calypso core,77.621067,9.948333,1348,North Atlantic,5.3,symbiont-bearing,spinose,0
MD99-2304,Calypso core,77.621067,9.948333,1348,North Atlantic,5.3,symbiont-facultative,non-spinose,0
MD99-2304,Calypso core,77.621067,9.948333,1348,North Atlantic,5.3,symbiont-facultative,spinose,0
MD99-2304,Calypso core,77.621067,9.948333,1348,North Atlantic,5.3,symbiont-obligate,spinose,0
MD99-2304,Calypso core,77.621067,9.948333,1348,North Atlantic,5.3,undetermined,non-spinose,0
MD99-2304,Calypso core,77.621067,9.948333,1348,North Atlantic,5.39,symbiont-barren,spinose,0
MD99-2304,Calypso core,77.621067,9.948333,1348,North Atlantic,5.39,symbiont-bearing,non-spinose,0
MD99-2304,Calypso core,77.621067,9.948333,1348,North Atlantic,5.39,symbiont-bearing,spinose,0
MD99-2304,Calypso core,77.621067,9.948333,1348,North Atlantic,5.39,symbiont-facultative,non-spinose,0
MD99-2304,Calypso core,77.621067,9.948333,1348,North Atlantic,5.39,symbiont-facultative,spinose,0
MD99-2304,Calypso core,77.621067,9.948333,1348,North Atlantic,5.39,symbiont-obligate,spinose,0
MD99-2304,Calypso core,77.621067,9.948333,1348,North Atlantic,5.39,undetermined,non-spinose,0
MD99-2304,Calypso core,77.621067,9.948333,1348,North Atlantic,5.48,symbiont-barren,spinose,0
MD99-2304,Calypso core,77.621067,9.948333,1348,North Atlantic,5.48,symbiont-bearing,non-spinose,0
MD99-2304,Calypso core,77.621067,9.948333,1348,North Atlantic,5.48,symbiont-bearing,spinose,0
MD99-2304,Calypso core,77.621067,9.948333,1348,North Atlantic,5.48,symbiont-facultative,non-spinose,0
MD99-2304,Calypso core,77.621067,9.948333,1348,North Atlantic,5.48,symbiont-facultative,spinose,0
MD99-2304,Calypso core,77.621067,9.948333,1348,North Atlantic,5.48,symbiont-obligate,spinose,0
MD99-2304,Calypso core,77.621067,9.948333,1348,North Atlantic,5.48,undetermined,non-spinose,0
MD99-2304,Calypso core,77.621067,9.948333,1348,North Atlantic,5.57,symbiont-barren,spinose,0
MD99-2304,Calypso core,77.621067,9.948333,1348,North Atlantic,5.57,symbiont-bearing,non-spinose,0
MD99-2304,Calypso core,77.621067,9.948333,1348,North Atlantic,5.57,symbiont-bearing,spinose,0
MD99-2304,Calypso core,77.621067,9.948333,1348,North Atlantic,5.57,symbiont-facultative,non-spinose,0
MD99-2304,Calypso core,77.621067,9.948333,1348,North Atlantic,5.57,symbiont-facultative,spinose,0
MD99-2304,Calypso core,77.621067,9.948333,1348,North Atlantic,5.57,symbiont-obligate,spinose,0
MD99-2304,Calypso core,77.621067,9.948333,1348,North Atlantic,5.57,undetermined,non-spinose,0
MD99-2331,Calypso Corer,42.15,-9.68333,2120,North Atlantic,,symbiont-bearing,non-spinose,0
MD99-2331,Calypso Corer,42.15,-9.68333,2120,North Atlantic,,symbiont-bearing,spinose,0.00210084033613445
MD99-2331,Calypso Corer,42.15,-9.68333,2120,North Atlantic,,symbiont-facultative,spinose,0
MD99-2331,Calypso Corer,42.15,-9.68333,2120,North Atlantic,,symbiont-obligate,spinose,0.904579523719027
MD99-2331,Calypso Corer,42.15,-9.68333,2120,North Atlantic,,undetermined,non-spinose,0
MD99-2339,Calypso Corer,35.8855,-7.52783,1177,North Atlantic,,symbiont-bearing,non-spinose,0.00198766289
MD99-2339,Calypso Corer,35.8855,-7.52783,1177,North Atlantic,,symbiont-bearing,spinose,0.14221881344
MD99-2339,Calypso Corer,35.8855,-7.52783,1177,North Atlantic,,symbiont-facultative,spinose,0
MD99-2339,Calypso Corer,35.8855,-7.52783,1177,North Atlantic,,undetermined,non-spinose,0
MD992344,Piston,41.997,4.836,2326,Mediterranean,,symbiont-barren,non-spinose,0
MD992344,Piston,41.997,4.836,2326,Mediterranean,,symbiont-barren,spinose,0
MD992344,Piston,41.997,4.836,2326,Mediterranean,,symbiont-bearing,non-spinose,0
MD992344,Piston,41.997,4.836,2326,Mediterranean,,symbiont-bearing,spinose,0
MD992344,Piston,41.997,4.836,2326,Mediterranean,,symbiont-facultative,non-spinose,0
MD992344,Piston,41.997,4.836,2326,Mediterranean,,symbiont-facultative,spinose,0
MD992344,Piston,41.997,4.836,2326,Mediterranean,,symbiont-obligate,spinose,0
MD992344,Piston,41.997,4.836,2326,Mediterranean,,undetermined,non-spinose,0
MD992346,Piston,42.044,4.151,2089,Mediterranean,,symbiont-bearing,non-spinose,0
MD992346,Piston,42.044,4.151,2089,Mediterranean,,symbiont-bearing,spinose,0
MD992346,Piston,42.044,4.151,2089,Mediterranean,,symbiont-facultative,spinose,0
MD992346,Piston,42.044,4.151,2089,Mediterranean,,symbiont-obligate,spinose,0.18
MD992346,Piston,42.044,4.151,2089,Mediterranean,,undetermined,non-spinose,0
ME0005A-3JC,piston core,15.65666667,-95.2805,740,Pacific,,symbiont-barren,non-spinose,0.6110862468919
ME0005A-3JC,piston core,15.65666667,-95.2805,740,Pacific,,symbiont-bearing,non-spinose,0.0775226792327428
ME0005A-3JC,piston core,15.65666667,-95.2805,740,Pacific,,symbiont-bearing,spinose,0.102655320269925
ME0005A-3JC,piston core,15.65666667,-95.2805,740,Pacific,,symbiont-facultative,spinose,0
ME0005A-3JC,piston core,15.65666667,-95.2805,740,Pacific,,symbiont-obligate,spinose,0.583833156562008
ME0005A-3JC,piston core,15.65666667,-95.2805,740,Pacific,,undetermined,non-spinose,0.0118343195266272
NA87-22,,55.5,-14.5833,2161,North Atlantic,3.8,symbiont-barren,non-spinose,0.909
NA87-22,,55.5,-14.5833,2161,North Atlantic,3.8,symbiont-barren,spinose,0.031
NA87-22,,55.5,-14.5833,2161,North Atlantic,3.8,symbiont-bearing,non-spinose,0
NA87-22,,55.5,-14.5833,2161,North Atlantic,3.8,symbiont-bearing,spinose,0
NA87-22,,55.5,-14.5833,2161,North Atlantic,3.8,symbiont-facultative,non-spinose,0.061
NA87-22,,55.5,-14.5833,2161,North Atlantic,3.8,symbiont-facultative,spinose,0
NA87-22,,55.5,-14.5833,2161,North Atlantic,3.8,symbiont-obligate,spinose,0
NA87-22,,55.5,-14.5833,2161,North Atlantic,3.8,undetermined,non-spinose,0
NA87-22,,55.5,-14.5833,2161,North Atlantic,3.9,symbiont-barren,non-spinose,0.941
NA87-22,,55.5,-14.5833,2161,North Atlantic,3.9,symbiont-barren,spinose,0.028
NA87-22,,55.5,-14.5833,2161,North Atlantic,3.9,symbiont-bearing,non-spinose,0
NA87-22,,55.5,-14.5833,2161,North Atlantic,3.9,symbiont-bearing,spinose,0
NA87-22,,55.5,-14.5833,2161,North Atlantic,3.9,symbiont-facultative,non-spinose,0.032
NA87-22,,55.5,-14.5833,2161,North Atlantic,3.9,symbiont-facultative,spinose,0
NA87-22,,55.5,-14.5833,2161,North Atlantic,3.9,symbiont-obligate,spinose,0
NA87-22,,55.5,-14.5833,2161,North Atlantic,3.9,undetermined,non-spinose,0
NA87-22,,55.5,-14.5833,2161,North Atlantic,4,symbiont-barren,non-spinose,0.888
NA87-22,,55.5,-14.5833,2161,North Atlantic,4,symbiont-barren,spinose,0.092
NA87-22,,55.5,-14.5833,2161,North Atlantic,4,symbiont-bearing,non-spinose,0
NA87-22,,55.5,-14.5833,2161,North Atlantic,4,symbiont-bearing,spinose,0
NA87-22,,55.5,-14.5833,2161,North Atlantic,4,symbiont-facultative,non-spinose,0.021
NA87-22,,55.5,-14.5833,2161,North Atlantic,4,symbiont-facultative,spinose,0
NA87-22,,55.5,-14.5833,2161,North Atlantic,4,symbiont-obligate,spinose,0
NA87-22,,55.5,-14.5833,2161,North Atlantic,4,undetermined,non-spinose,0
NA87-22,,55.5,-14.5833,2161,North Atlantic,4.1,symbiont-barren,non-spinose,0.918
NA87-22,,55.5,-14.5833,2161,North Atlantic,4.1,symbiont-barren,spinose,0.041
NA87-22,,55.5,-14.5833,2161,North Atlantic,4.1,symbiont-bearing,non-spinose,0
NA87-22,,55.5,-14.5833,2161,North Atlantic,4.1,symbiont-bearing,spinose,0
NA87-22,,55.5,-14.5833,2161,North Atlantic,4.1,symbiont-facultative,non-spinose,0.041
NA87-22,,55.5,-14.5833,2161,North Atlantic,4.1,symbiont-facultative,spinose,0
NA87-22,,55.5,-14.5833,2161,North Atlantic,4.1,symbiont-obligate,spinose,0
NA87-22,,55.5,-14.5833,2161,North Atlantic,4.1,undetermined,non-spinose,0
NA87-22,,55.5,-14.5833,2161,North Atlantic,4.2,symbiont-barren,non-spinose,0.892
NA87-22,,55.5,-14.5833,2161,North Atlantic,4.2,symbiont-barren,spinose,0.049
NA87-22,,55.5,-14.5833,2161,North Atlantic,4.2,symbiont-bearing,non-spinose,0
NA87-22,,55.5,-14.5833,2161,North Atlantic,4.2,symbiont-bearing,spinose,0
NA87-22,,55.5,-14.5833,2161,North Atlantic,4.2,symbiont-facultative,non-spinose,0.058
NA87-22,,55.5,-14.5833,2161,North Atlantic,4.2,symbiont-facultative,spinose,0
NA87-22,,55.5,-14.5833,2161,North Atlantic,4.2,symbiont-obligate,spinose,0
NA87-22,,55.5,-14.5833,2161,North Atlantic,4.2,undetermined,non-spinose,0
NA87-22,,55.5,-14.5833,2161,North Atlantic,4.3,symbiont-barren,non-spinose,0.916
NA87-22,,55.5,-14.5833,2161,North Atlantic,4.3,symbiont-barren,spinose,0.071
NA87-22,,55.5,-14.5833,2161,North Atlantic,4.3,symbiont-bearing,non-spinose,0
NA87-22,,55.5,-14.5833,2161,North Atlantic,4.3,symbiont-bearing,spinose,0
NA87-22,,55.5,-14.5833,2161,North Atlantic,4.3,symbiont-facultative,non-spinose,0.013
NA87-22,,55.5,-14.5833,2161,North Atlantic,4.3,symbiont-facultative,spinose,0
NA87-22,,55.5,-14.5833,2161,North Atlantic,4.3,symbiont-obligate,spinose,0
NA87-22,,55.5,-14.5833,2161,North Atlantic,4.3,undetermined,non-spinose,0
NA87-22,,55.5,-14.5833,2161,North Atlantic,4.4,symbiont-barren,non-spinose,0.948
NA87-22,,55.5,-14.5833,2161,North Atlantic,4.4,symbiont-barren,spinose,0.033
NA87-22,,55.5,-14.5833,2161,North Atlantic,4.4,symbiont-bearing,non-spinose,0
NA87-22,,55.5,-14.5833,2161,North Atlantic,4.4,symbiont-bearing,spinose,0
NA87-22,,55.5,-14.5833,2161,North Atlantic,4.4,symbiont-facultative,non-spinose,0.019
NA87-22,,55.5,-14.5833,2161,North Atlantic,4.4,symbiont-facultative,spinose,0
NA87-22,,55.5,-14.5833,2161,North Atlantic,4.4,symbiont-obligate,spinose,0
NA87-22,,55.5,-14.5833,2161,North Atlantic,4.4,undetermined,non-spinose,0
NS07-25,gravity core,6.66575,113.5489333,2006,Pacific,,symbiont-barren,non-spinose,0.327736920980637
NS07-25,gravity core,6.66575,113.5489333,2006,Pacific,,symbiont-barren,spinose,0.191510208585073
NS07-25,gravity core,6.66575,113.5489333,2006,Pacific,,symbiont-bearing,non-spinose,0
NS07-25,gravity core,6.66575,113.5489333,2006,Pacific,,symbiont-bearing,spinose,0.0314672858348837
NS07-25,gravity core,6.66575,113.5489333,2006,Pacific,,symbiont-facultative,spinose,0
NS07-25,gravity core,6.66575,113.5489333,2006,Pacific,,undetermined,non-spinose,0.0234423646061313
OD-041-04,,84.0292,11.2383,3344,North Atlantic,0.14,symbiont-barren,non-spinose,0.993
OD-041-04,,84.0292,11.2383,3344,North Atlantic,0.14,symbiont-barren,spinose,0
OD-041-04,,84.0292,11.2383,3344,North Atlantic,0.14,symbiont-bearing,non-spinose,0
OD-041-04,,84.0292,11.2383,3344,North Atlantic,0.14,symbiont-bearing,spinose,0
OD-041-04,,84.0292,11.2383,3344,North Atlantic,0.14,symbiont-facultative,non-spinose,0.007
OD-041-04,,84.0292,11.2383,3344,North Atlantic,0.14,symbiont-facultative,spinose,0
OD-041-04,,84.0292,11.2383,3344,North Atlantic,0.14,symbiont-obligate,spinose,0
OD-041-04,,84.0292,11.2383,3344,North Atlantic,0.14,undetermined,non-spinose,0
OD-041-04,,84.0292,11.2383,3344,North Atlantic,0.15,symbiont-barren,non-spinose,0.998
OD-041-04,,84.0292,11.2383,3344,North Atlantic,0.15,symbiont-barren,spinose,0.001
OD-041-04,,84.0292,11.2383,3344,North Atlantic,0.15,symbiont-bearing,non-spinose,0
OD-041-04,,84.0292,11.2383,3344,North Atlantic,0.15,symbiont-bearing,spinose,0
OD-041-04,,84.0292,11.2383,3344,North Atlantic,0.15,symbiont-facultative,non-spinose,0.001
OD-041-04,,84.0292,11.2383,3344,North Atlantic,0.15,symbiont-facultative,spinose,0
OD-041-04,,84.0292,11.2383,3344,North Atlantic,0.15,symbiont-obligate,spinose,0
OD-041-04,,84.0292,11.2383,3344,North Atlantic,0.15,undetermined,non-spinose,0
ODP 658C,Drilling/drill rig,20.7492,-18.5808,2273,North Atlantic,,symbiont-bearing,non-spinose,0
ODP 658C,Drilling/drill rig,20.7492,-18.5808,2273,North Atlantic,,symbiont-bearing,spinose,0.0192206988666499
ODP 658C,Drilling/drill rig,20.7492,-18.5808,2273,North Atlantic,,symbiont-facultative,non-spinose,0.780247571723955
ODP 658C,Drilling/drill rig,20.7492,-18.5808,2273,North Atlantic,,symbiont-facultative,spinose,0
ODP 658C,Drilling/drill rig,20.7492,-18.5808,2273,North Atlantic,,symbiont-obligate,spinose,0.143444400037909
ODP 658C,Drilling/drill rig,20.7492,-18.5808,2273,North Atlantic,,undetermined,non-spinose,0
ODP 969,Piston,33.839,24.884,2200,Mediterranean,,symbiont-barren,non-spinose,0
ODP 969,Piston,33.839,24.884,2200,Mediterranean,,symbiont-barren,spinose,0
ODP 969,Piston,33.839,24.884,2200,Mediterranean,,symbiont-bearing,non-spinose,0
ODP 969,Piston,33.839,24.884,2200,Mediterranean,,symbiont-bearing,spinose,0
ODP 969,Piston,33.839,24.884,2200,Mediterranean,,symbiont-facultative,non-spinose,0
ODP 969,Piston,33.839,24.884,2200,Mediterranean,,symbiont-facultative,spinose,0
ODP 969,Piston,33.839,24.884,2200,Mediterranean,,symbiont-obligate,spinose,0
ODP 969,Piston,33.839,24.884,2200,Mediterranean,,undetermined,non-spinose,0
ODP 973,Piston,35.78,18.948,3695,Mediterranean,,symbiont-barren,non-spinose,0
ODP 973,Piston,35.78,18.948,3695,Mediterranean,,symbiont-barren,spinose,0
ODP 973,Piston,35.78,18.948,3695,Mediterranean,,symbiont-bearing,non-spinose,0
ODP 973,Piston,35.78,18.948,3695,Mediterranean,,symbiont-bearing,spinose,0
ODP 973,Piston,35.78,18.948,3695,Mediterranean,,symbiont-facultative,non-spinose,0
ODP 973,Piston,35.78,18.948,3695,Mediterranean,,symbiont-facultative,spinose,0
ODP 973,Piston,35.78,18.948,3695,Mediterranean,,symbiont-obligate,spinose,0
ODP 973,Piston,35.78,18.948,3695,Mediterranean,,undetermined,non-spinose,0
ODP 975,Piston,38.89,4.5,2426,Mediterranean,,symbiont-barren,non-spinose,0
ODP 975,Piston,38.89,4.5,2426,Mediterranean,,symbiont-barren,spinose,0
ODP 975,Piston,38.89,4.5,2426,Mediterranean,,symbiont-bearing,non-spinose,0
ODP 975,Piston,38.89,4.5,2426,Mediterranean,,symbiont-bearing,spinose,0
ODP 975,Piston,38.89,4.5,2426,Mediterranean,,symbiont-facultative,non-spinose,0
ODP 975,Piston,38.89,4.5,2426,Mediterranean,,symbiont-facultative,spinose,0
ODP 975,Piston,38.89,4.5,2426,Mediterranean,,symbiont-obligate,spinose,0
ODP 975,Piston,38.89,4.5,2426,Mediterranean,,undetermined,non-spinose,0
ODP 977,Piston,36.0317,-1.95528,1984,Mediterranean,,symbiont-barren,non-spinose,0
ODP 977,Piston,36.0317,-1.95528,1984,Mediterranean,,symbiont-barren,spinose,0
ODP 977,Piston,36.0317,-1.95528,1984,Mediterranean,,symbiont-bearing,non-spinose,0
ODP 977,Piston,36.0317,-1.95528,1984,Mediterranean,,symbiont-bearing,spinose,0
ODP 977,Piston,36.0317,-1.95528,1984,Mediterranean,,symbiont-facultative,non-spinose,0
ODP 977,Piston,36.0317,-1.95528,1984,Mediterranean,,symbiont-facultative,spinose,0
ODP 977,Piston,36.0317,-1.95528,1984,Mediterranean,,symbiont-obligate,spinose,0
ODP 977,Piston,36.0317,-1.95528,1984,Mediterranean,,undetermined,non-spinose,0
ODP Site 883D,Hydraulic piston core,51.199,167.768,2385,Pacific,116,symbiont-barren,non-spinose,0.91030684503
ODP Site 883D,Hydraulic piston core,51.199,167.768,2385,Pacific,116,symbiont-barren,spinose,0.089693155
ODP Site 883D,Hydraulic piston core,51.199,167.768,2385,Pacific,116,symbiont-bearing,non-spinose,0
ODP Site 883D,Hydraulic piston core,51.199,167.768,2385,Pacific,116,symbiont-bearing,spinose,0
ODP Site 883D,Hydraulic piston core,51.199,167.768,2385,Pacific,116,symbiont-facultative,non-spinose,0
ODP Site 883D,Hydraulic piston core,51.199,167.768,2385,Pacific,116,symbiont-facultative,spinose,0
ODP Site 883D,Hydraulic piston core,51.199,167.768,2385,Pacific,116,symbiont-obligate,spinose,0
ODP Site 883D,Hydraulic piston core,51.199,167.768,2385,Pacific,116,undetermined,non-spinose,0
ODP Site 883D,Hydraulic piston core,51.199,167.768,2385,Pacific,120,symbiont-barren,non-spinose,0.88828337872
ODP Site 883D,Hydraulic piston core,51.199,167.768,2385,Pacific,120,symbiont-barren,spinose,0.1117166213
ODP Site 883D,Hydraulic piston core,51.199,167.768,2385,Pacific,120,symbiont-bearing,non-spinose,0
ODP Site 883D,Hydraulic piston core,51.199,167.768,2385,Pacific,120,symbiont-bearing,spinose,0
ODP Site 883D,Hydraulic piston core,51.199,167.768,2385,Pacific,120,symbiont-facultative,non-spinose,0
ODP Site 883D,Hydraulic piston core,51.199,167.768,2385,Pacific,120,symbiont-facultative,spinose,0
ODP Site 883D,Hydraulic piston core,51.199,167.768,2385,Pacific,120,symbiont-obligate,spinose,0
ODP Site 883D,Hydraulic piston core,51.199,167.768,2385,Pacific,120,undetermined,non-spinose,0
ODP Site 883D,Hydraulic piston core,51.199,167.768,2385,Pacific,123,symbiont-barren,non-spinose,0.86877828049
ODP Site 883D,Hydraulic piston core,51.199,167.768,2385,Pacific,123,symbiont-barren,spinose,0.1312217195
ODP Site 883D,Hydraulic piston core,51.199,167.768,2385,Pacific,123,symbiont-bearing,non-spinose,0
ODP Site 883D,Hydraulic piston core,51.199,167.768,2385,Pacific,123,symbiont-bearing,spinose,0
ODP Site 883D,Hydraulic piston core,51.199,167.768,2385,Pacific,123,symbiont-facultative,non-spinose,0
ODP Site 883D,Hydraulic piston core,51.199,167.768,2385,Pacific,123,symbiont-facultative,spinose,0
ODP Site 883D,Hydraulic piston core,51.199,167.768,2385,Pacific,123,symbiont-obligate,spinose,0
ODP Site 883D,Hydraulic piston core,51.199,167.768,2385,Pacific,123,undetermined,non-spinose,0
ODP Site 883D,Hydraulic piston core,51.199,167.768,2385,Pacific,126,symbiont-barren,non-spinose,0.87358916483
ODP Site 883D,Hydraulic piston core,51.199,167.768,2385,Pacific,126,symbiont-barren,spinose,0.1264108352
ODP Site 883D,Hydraulic piston core,51.199,167.768,2385,Pacific,126,symbiont-bearing,non-spinose,0
ODP Site 883D,Hydraulic piston core,51.199,167.768,2385,Pacific,126,symbiont-bearing,spinose,0
ODP Site 883D,Hydraulic piston core,51.199,167.768,2385,Pacific,126,symbiont-facultative,non-spinose,0
ODP Site 883D,Hydraulic piston core,51.199,167.768,2385,Pacific,126,symbiont-facultative,spinose,0
ODP Site 883D,Hydraulic piston core,51.199,167.768,2385,Pacific,126,symbiont-obligate,spinose,0
ODP Site 883D,Hydraulic piston core,51.199,167.768,2385,Pacific,126,undetermined,non-spinose,0
ODP Site 883D,Hydraulic piston core,51.199,167.768,2385,Pacific,130,symbiont-barren,non-spinose,0.86338797811
ODP Site 883D,Hydraulic piston core,51.199,167.768,2385,Pacific,130,symbiont-barren,spinose,0.13114754094
ODP Site 883D,Hydraulic piston core,51.199,167.768,2385,Pacific,130,symbiont-bearing,non-spinose,0
ODP Site 883D,Hydraulic piston core,51.199,167.768,2385,Pacific,130,symbiont-bearing,spinose,0
ODP Site 883D,Hydraulic piston core,51.199,167.768,2385,Pacific,130,symbiont-facultative,non-spinose,0.00546448087
ODP Site 883D,Hydraulic piston core,51.199,167.768,2385,Pacific,130,symbiont-facultative,spinose,0
ODP Site 883D,Hydraulic piston core,51.199,167.768,2385,Pacific,130,symbiont-obligate,spinose,0
ODP Site 883D,Hydraulic piston core,51.199,167.768,2385,Pacific,130,undetermined,non-spinose,0
ODP Site 883D,Hydraulic piston core,51.199,167.768,2385,Pacific,133,symbiont-barren,non-spinose,0.87142857145
ODP Site 883D,Hydraulic piston core,51.199,167.768,2385,Pacific,133,symbiont-barren,spinose,0.1285714286
ODP Site 883D,Hydraulic piston core,51.199,167.768,2385,Pacific,133,symbiont-bearing,non-spinose,0
ODP Site 883D,Hydraulic piston core,51.199,167.768,2385,Pacific,133,symbiont-bearing,spinose,0
ODP Site 883D,Hydraulic piston core,51.199,167.768,2385,Pacific,133,symbiont-facultative,non-spinose,0
ODP Site 883D,Hydraulic piston core,51.199,167.768,2385,Pacific,133,symbiont-facultative,spinose,0
ODP Site 883D,Hydraulic piston core,51.199,167.768,2385,Pacific,133,symbiont-obligate,spinose,0
ODP Site 883D,Hydraulic piston core,51.199,167.768,2385,Pacific,133,undetermined,non-spinose,0
ODP Site 883D,Hydraulic piston core,51.199,167.768,2385,Pacific,136,symbiont-barren,non-spinose,0.90989010989
ODP Site 883D,Hydraulic piston core,51.199,167.768,2385,Pacific,136,symbiont-barren,spinose,0.08791208791
ODP Site 883D,Hydraulic piston core,51.199,167.768,2385,Pacific,136,symbiont-bearing,non-spinose,0
ODP Site 883D,Hydraulic piston core,51.199,167.768,2385,Pacific,136,symbiont-bearing,spinose,0
ODP Site 883D,Hydraulic piston core,51.199,167.768,2385,Pacific,136,symbiont-facultative,non-spinose,0
ODP Site 883D,Hydraulic piston core,51.199,167.768,2385,Pacific,136,symbiont-facultative,spinose,0
ODP Site 883D,Hydraulic piston core,51.199,167.768,2385,Pacific,136,symbiont-obligate,spinose,0.0021978022
ODP Site 883D,Hydraulic piston core,51.199,167.768,2385,Pacific,136,undetermined,non-spinose,0
ODP Site 883D,Hydraulic piston core,51.199,167.768,2385,Pacific,140,symbiont-barren,non-spinose,0.94382022469
ODP Site 883D,Hydraulic piston core,51.199,167.768,2385,Pacific,140,symbiont-barren,spinose,0.05617977528
ODP Site 883D,Hydraulic piston core,51.199,167.768,2385,Pacific,140,symbiont-bearing,non-spinose,0
ODP Site 883D,Hydraulic piston core,51.199,167.768,2385,Pacific,140,symbiont-bearing,spinose,0
ODP Site 883D,Hydraulic piston core,51.199,167.768,2385,Pacific,140,symbiont-facultative,non-spinose,0
ODP Site 883D,Hydraulic piston core,51.199,167.768,2385,Pacific,140,symbiont-facultative,spinose,0
ODP Site 883D,Hydraulic piston core,51.199,167.768,2385,Pacific,140,symbiont-obligate,spinose,0
ODP Site 883D,Hydraulic piston core,51.199,167.768,2385,Pacific,140,undetermined,non-spinose,0
ODP Site 883D,Hydraulic piston core,51.199,167.768,2385,Pacific,143,symbiont-barren,non-spinose,0.92727272723
ODP Site 883D,Hydraulic piston core,51.199,167.768,2385,Pacific,143,symbiont-barren,spinose,0.07272727273
ODP Site 883D,Hydraulic piston core,51.199,167.768,2385,Pacific,143,symbiont-bearing,non-spinose,0
ODP Site 883D,Hydraulic piston core,51.199,167.768,2385,Pacific,143,symbiont-bearing,spinose,0
ODP Site 883D,Hydraulic piston core,51.199,167.768,2385,Pacific,143,symbiont-facultative,non-spinose,0
ODP Site 883D,Hydraulic piston core,51.199,167.768,2385,Pacific,143,symbiont-facultative,spinose,0
ODP Site 883D,Hydraulic piston core,51.199,167.768,2385,Pacific,143,symbiont-obligate,spinose,0
ODP Site 883D,Hydraulic piston core,51.199,167.768,2385,Pacific,143,undetermined,non-spinose,0
ODP Site 883D,Hydraulic piston core,51.199,167.768,2385,Pacific,145,symbiont-barren,non-spinose,0.91176470591
ODP Site 883D,Hydraulic piston core,51.199,167.768,2385,Pacific,145,symbiont-barren,spinose,0.08823529412
ODP Site 883D,Hydraulic piston core,51.199,167.768,2385,Pacific,145,symbiont-bearing,non-spinose,0
ODP Site 883D,Hydraulic piston core,51.199,167.768,2385,Pacific,145,symbiont-bearing,spinose,0
ODP Site 883D,Hydraulic piston core,51.199,167.768,2385,Pacific,145,symbiont-facultative,non-spinose,0
ODP Site 883D,Hydraulic piston core,51.199,167.768,2385,Pacific,145,symbiont-facultative,spinose,0
ODP Site 883D,Hydraulic piston core,51.199,167.768,2385,Pacific,145,symbiont-obligate,spinose,0
ODP Site 883D,Hydraulic piston core,51.199,167.768,2385,Pacific,145,undetermined,non-spinose,0
ODP site 828,,-15.2889,166.2839,3086.7,Pacific,12.38,symbiont-barren,non-spinose,0.0258
ODP site 828,,-15.2889,166.2839,3086.7,Pacific,12.38,symbiont-barren,spinose,0.0774
ODP site 828,,-15.2889,166.2839,3086.7,Pacific,12.38,symbiont-bearing,non-spinose,0
ODP site 828,,-15.2889,166.2839,3086.7,Pacific,12.38,symbiont-bearing,spinose,0.0128
ODP site 828,,-15.2889,166.2839,3086.7,Pacific,12.38,symbiont-facultative,non-spinose,0.3356
ODP site 828,,-15.2889,166.2839,3086.7,Pacific,12.38,symbiont-facultative,spinose,0
ODP site 828,,-15.2889,166.2839,3086.7,Pacific,12.38,symbiont-obligate,spinose,0.5221
ODP site 828,,-15.2889,166.2839,3086.7,Pacific,12.38,undetermined,non-spinose,0
ODP122-760A,,-16.922,115.5413333,1970,Indian,0.39,symbiont-barren,non-spinose,0
ODP122-760A,,-16.922,115.5413333,1970,Indian,0.39,symbiont-barren,spinose,0
ODP122-760A,,-16.922,115.5413333,1970,Indian,0.39,symbiont-bearing,non-spinose,0
ODP122-760A,,-16.922,115.5413333,1970,Indian,0.39,symbiont-bearing,spinose,0
ODP122-760A,,-16.922,115.5413333,1970,Indian,0.39,symbiont-facultative,non-spinose,0
ODP122-760A,,-16.922,115.5413333,1970,Indian,0.39,symbiont-facultative,spinose,0
ODP122-760A,,-16.922,115.5413333,1970,Indian,0.39,symbiont-obligate,spinose,0
ODP122-760A,,-16.922,115.5413333,1970,Indian,0.39,undetermined,non-spinose,0
ODP122-762B,,-19.88733333,112.254,1360,Indian,0.8,symbiont-barren,non-spinose,0
ODP122-762B,,-19.88733333,112.254,1360,Indian,0.8,symbiont-barren,spinose,0
ODP122-762B,,-19.88733333,112.254,1360,Indian,0.8,symbiont-bearing,non-spinose,0
ODP122-762B,,-19.88733333,112.254,1360,Indian,0.8,symbiont-bearing,spinose,0
ODP122-762B,,-19.88733333,112.254,1360,Indian,0.8,symbiont-facultative,non-spinose,0
ODP122-762B,,-19.88733333,112.254,1360,Indian,0.8,symbiont-facultative,spinose,0
ODP122-762B,,-19.88733333,112.254,1360,Indian,0.8,symbiont-obligate,spinose,0
ODP122-762B,,-19.88733333,112.254,1360,Indian,0.8,undetermined,non-spinose,0
ODP506B,Hydraulic piston core,0.61,-86.092,2711,Pacific,97,symbiont-barren,non-spinose,0.0619047619
ODP506B,Hydraulic piston core,0.61,-86.092,2711,Pacific,97,symbiont-barren,spinose,0.17619047618
ODP506B,Hydraulic piston core,0.61,-86.092,2711,Pacific,97,symbiont-bearing,non-spinose,0
ODP506B,Hydraulic piston core,0.61,-86.092,2711,Pacific,97,symbiont-bearing,spinose,0.00238095238
ODP506B,Hydraulic piston core,0.61,-86.092,2711,Pacific,97,symbiont-facultative,non-spinose,0.59285714287
ODP506B,Hydraulic piston core,0.61,-86.092,2711,Pacific,97,symbiont-facultative,spinose,0
ODP506B,Hydraulic piston core,0.61,-86.092,2711,Pacific,97,symbiont-obligate,spinose,0.09761904762
ODP506B,Hydraulic piston core,0.61,-86.092,2711,Pacific,97,undetermined,non-spinose,0
ODP506B,Hydraulic piston core,0.61,-86.092,2711,Pacific,100,symbiont-barren,non-spinose,0.07610993657
ODP506B,Hydraulic piston core,0.61,-86.092,2711,Pacific,100,symbiont-barren,spinose,0.1226215645
ODP506B,Hydraulic piston core,0.61,-86.092,2711,Pacific,100,symbiont-bearing,non-spinose,0
ODP506B,Hydraulic piston core,0.61,-86.092,2711,Pacific,100,symbiont-bearing,spinose,0.01268498943
ODP506B,Hydraulic piston core,0.61,-86.092,2711,Pacific,100,symbiont-facultative,non-spinose,0.63213530659
ODP506B,Hydraulic piston core,0.61,-86.092,2711,Pacific,100,symbiont-facultative,spinose,0
ODP506B,Hydraulic piston core,0.61,-86.092,2711,Pacific,100,symbiont-obligate,spinose,0.08245243128
ODP506B,Hydraulic piston core,0.61,-86.092,2711,Pacific,100,undetermined,non-spinose,0
ODP506B,Hydraulic piston core,0.61,-86.092,2711,Pacific,102,symbiont-barren,non-spinose,0.07303370786
ODP506B,Hydraulic piston core,0.61,-86.092,2711,Pacific,102,symbiont-barren,spinose,0.1207865169
ODP506B,Hydraulic piston core,0.61,-86.092,2711,Pacific,102,symbiont-bearing,non-spinose,0
ODP506B,Hydraulic piston core,0.61,-86.092,2711,Pacific,102,symbiont-bearing,spinose,0.01123595506
ODP506B,Hydraulic piston core,0.61,-86.092,2711,Pacific,102,symbiont-facultative,non-spinose,0.64044943819
ODP506B,Hydraulic piston core,0.61,-86.092,2711,Pacific,102,symbiont-facultative,spinose,0
ODP506B,Hydraulic piston core,0.61,-86.092,2711,Pacific,102,symbiont-obligate,spinose,0.05617977528
ODP506B,Hydraulic piston core,0.61,-86.092,2711,Pacific,102,undetermined,non-spinose,0
ODP506B,Hydraulic piston core,0.61,-86.092,2711,Pacific,110,symbiont-barren,non-spinose,0.03134796239
ODP506B,Hydraulic piston core,0.61,-86.092,2711,Pacific,110,symbiont-barren,spinose,0.08150470219
ODP506B,Hydraulic piston core,0.61,-86.092,2711,Pacific,110,symbiont-bearing,non-spinose,0
ODP506B,Hydraulic piston core,0.61,-86.092,2711,Pacific,110,symbiont-bearing,spinose,0.00940438871
ODP506B,Hydraulic piston core,0.61,-86.092,2711,Pacific,110,symbiont-facultative,non-spinose,0.71786833855
ODP506B,Hydraulic piston core,0.61,-86.092,2711,Pacific,110,symbiont-facultative,spinose,0
ODP506B,Hydraulic piston core,0.61,-86.092,2711,Pacific,110,symbiont-obligate,spinose,0.05956112853
ODP506B,Hydraulic piston core,0.61,-86.092,2711,Pacific,110,undetermined,non-spinose,0
ODP506B,Hydraulic piston core,0.61,-86.092,2711,Pacific,114,symbiont-barren,non-spinose,0.03072625698
ODP506B,Hydraulic piston core,0.61,-86.092,2711,Pacific,114,symbiont-barren,spinose,0.1005586592
ODP506B,Hydraulic piston core,0.61,-86.092,2711,Pacific,114,symbiont-bearing,non-spinose,0
ODP506B,Hydraulic piston core,0.61,-86.092,2711,Pacific,114,symbiont-bearing,spinose,0.00558659218
ODP506B,Hydraulic piston core,0.61,-86.092,2711,Pacific,114,symbiont-facultative,non-spinose,0.66201117314
ODP506B,Hydraulic piston core,0.61,-86.092,2711,Pacific,114,symbiont-facultative,spinose,0
ODP506B,Hydraulic piston core,0.61,-86.092,2711,Pacific,114,symbiont-obligate,spinose,0.09776536314
ODP506B,Hydraulic piston core,0.61,-86.092,2711,Pacific,114,undetermined,non-spinose,0
ODP506B,Hydraulic piston core,0.61,-86.092,2711,Pacific,118,symbiont-barren,non-spinose,0.02906976744
ODP506B,Hydraulic piston core,0.61,-86.092,2711,Pacific,118,symbiont-barren,spinose,0.1308139535
ODP506B,Hydraulic piston core,0.61,-86.092,2711,Pacific,118,symbiont-bearing,non-spinose,0
ODP506B,Hydraulic piston core,0.61,-86.092,2711,Pacific,118,symbiont-bearing,spinose,0.00581395348
ODP506B,Hydraulic piston core,0.61,-86.092,2711,Pacific,118,symbiont-facultative,non-spinose,0.63662790696
ODP506B,Hydraulic piston core,0.61,-86.092,2711,Pacific,118,symbiont-facultative,spinose,0
ODP506B,Hydraulic piston core,0.61,-86.092,2711,Pacific,118,symbiont-obligate,spinose,0.08720930233
ODP506B,Hydraulic piston core,0.61,-86.092,2711,Pacific,118,undetermined,non-spinose,0
ODP677B,Hydraulic piston core,1.202,-83.737,3461,Pacific,104,symbiont-barren,non-spinose,0.08092485549
ODP677B,Hydraulic piston core,1.202,-83.737,3461,Pacific,104,symbiont-barren,spinose,0.07514450867
ODP677B,Hydraulic piston core,1.202,-83.737,3461,Pacific,104,symbiont-bearing,non-spinose,0
ODP677B,Hydraulic piston core,1.202,-83.737,3461,Pacific,104,symbiont-bearing,spinose,0.00578034682
ODP677B,Hydraulic piston core,1.202,-83.737,3461,Pacific,104,symbiont-facultative,non-spinose,0.65606936417
ODP677B,Hydraulic piston core,1.202,-83.737,3461,Pacific,104,symbiont-facultative,spinose,0
ODP677B,Hydraulic piston core,1.202,-83.737,3461,Pacific,104,symbiont-obligate,spinose,0.08959537572
ODP677B,Hydraulic piston core,1.202,-83.737,3461,Pacific,104,undetermined,non-spinose,0
ODP677B,Hydraulic piston core,1.202,-83.737,3461,Pacific,107,symbiont-barren,non-spinose,0.09302325581
ODP677B,Hydraulic piston core,1.202,-83.737,3461,Pacific,107,symbiont-barren,spinose,0.05647840532
ODP677B,Hydraulic piston core,1.202,-83.737,3461,Pacific,107,symbiont-bearing,non-spinose,0
ODP677B,Hydraulic piston core,1.202,-83.737,3461,Pacific,107,symbiont-bearing,spinose,0
ODP677B,Hydraulic piston core,1.202,-83.737,3461,Pacific,107,symbiont-facultative,non-spinose,0.67441860466
ODP677B,Hydraulic piston core,1.202,-83.737,3461,Pacific,107,symbiont-facultative,spinose,0
ODP677B,Hydraulic piston core,1.202,-83.737,3461,Pacific,107,symbiont-obligate,spinose,0.06976744186
ODP677B,Hydraulic piston core,1.202,-83.737,3461,Pacific,107,undetermined,non-spinose,0
ODP677B,Hydraulic piston core,1.202,-83.737,3461,Pacific,110,symbiont-barren,non-spinose,0.05637982196
ODP677B,Hydraulic piston core,1.202,-83.737,3461,Pacific,110,symbiont-barren,spinose,0.06528189911
ODP677B,Hydraulic piston core,1.202,-83.737,3461,Pacific,110,symbiont-bearing,non-spinose,0
ODP677B,Hydraulic piston core,1.202,-83.737,3461,Pacific,110,symbiont-bearing,spinose,0
ODP677B,Hydraulic piston core,1.202,-83.737,3461,Pacific,110,symbiont-facultative,non-spinose,0.71810089017
ODP677B,Hydraulic piston core,1.202,-83.737,3461,Pacific,110,symbiont-facultative,spinose,0
ODP677B,Hydraulic piston core,1.202,-83.737,3461,Pacific,110,symbiont-obligate,spinose,0.08902077151
ODP677B,Hydraulic piston core,1.202,-83.737,3461,Pacific,110,undetermined,non-spinose,0
ODP677B,Hydraulic piston core,1.202,-83.737,3461,Pacific,113,symbiont-barren,non-spinose,0.07277628032
ODP677B,Hydraulic piston core,1.202,-83.737,3461,Pacific,113,symbiont-barren,spinose,0.06738544474
ODP677B,Hydraulic piston core,1.202,-83.737,3461,Pacific,113,symbiont-bearing,non-spinose,0
ODP677B,Hydraulic piston core,1.202,-83.737,3461,Pacific,113,symbiont-bearing,spinose,0.00539083558
ODP677B,Hydraulic piston core,1.202,-83.737,3461,Pacific,113,symbiont-facultative,non-spinose,0.61994609166
ODP677B,Hydraulic piston core,1.202,-83.737,3461,Pacific,113,symbiont-facultative,spinose,0
ODP677B,Hydraulic piston core,1.202,-83.737,3461,Pacific,113,symbiont-obligate,spinose,0.09703504043
ODP677B,Hydraulic piston core,1.202,-83.737,3461,Pacific,113,undetermined,non-spinose,0
ODP677B,Hydraulic piston core,1.202,-83.737,3461,Pacific,116,symbiont-barren,non-spinose,0.05537459283
ODP677B,Hydraulic piston core,1.202,-83.737,3461,Pacific,116,symbiont-barren,spinose,0.04885993485
ODP677B,Hydraulic piston core,1.202,-83.737,3461,Pacific,116,symbiont-bearing,non-spinose,0
ODP677B,Hydraulic piston core,1.202,-83.737,3461,Pacific,116,symbiont-bearing,spinose,0.00325732899
ODP677B,Hydraulic piston core,1.202,-83.737,3461,Pacific,116,symbiont-facultative,non-spinose,0.70358306188
ODP677B,Hydraulic piston core,1.202,-83.737,3461,Pacific,116,symbiont-facultative,spinose,0
ODP677B,Hydraulic piston core,1.202,-83.737,3461,Pacific,116,symbiont-obligate,spinose,0.07817589576
ODP677B,Hydraulic piston core,1.202,-83.737,3461,Pacific,116,undetermined,non-spinose,0
ODP677B,Hydraulic piston core,1.202,-83.737,3461,Pacific,119,symbiont-barren,non-spinose,0.08888888888
ODP677B,Hydraulic piston core,1.202,-83.737,3461,Pacific,119,symbiont-barren,spinose,0.06031746032
ODP677B,Hydraulic piston core,1.202,-83.737,3461,Pacific,119,symbiont-bearing,non-spinose,0
ODP677B,Hydraulic piston core,1.202,-83.737,3461,Pacific,119,symbiont-bearing,spinose,0
ODP677B,Hydraulic piston core,1.202,-83.737,3461,Pacific,119,symbiont-facultative,non-spinose,0.62222222227
ODP677B,Hydraulic piston core,1.202,-83.737,3461,Pacific,119,symbiont-facultative,spinose,0
ODP677B,Hydraulic piston core,1.202,-83.737,3461,Pacific,119,symbiont-obligate,spinose,0.07936507936
ODP677B,Hydraulic piston core,1.202,-83.737,3461,Pacific,119,undetermined,non-spinose,0
ODP846B,Hydraulic piston core,-3.05,-90.49,3307,Pacific,78,symbiont-barren,non-spinose,0.03
ODP846B,Hydraulic piston core,-3.05,-90.49,3307,Pacific,78,symbiont-barren,spinose,0.1233333333
ODP846B,Hydraulic piston core,-3.05,-90.49,3307,Pacific,78,symbiont-bearing,non-spinose,0
ODP846B,Hydraulic piston core,-3.05,-90.49,3307,Pacific,78,symbiont-bearing,spinose,0
ODP846B,Hydraulic piston core,-3.05,-90.49,3307,Pacific,78,symbiont-facultative,non-spinose,0.74666666667
ODP846B,Hydraulic piston core,-3.05,-90.49,3307,Pacific,78,symbiont-facultative,spinose,0
ODP846B,Hydraulic piston core,-3.05,-90.49,3307,Pacific,78,symbiont-obligate,spinose,0.06333333333
ODP846B,Hydraulic piston core,-3.05,-90.49,3307,Pacific,78,undetermined,non-spinose,0
ODP846B,Hydraulic piston core,-3.05,-90.49,3307,Pacific,81,symbiont-barren,non-spinose,0.04081632653
ODP846B,Hydraulic piston core,-3.05,-90.49,3307,Pacific,81,symbiont-barren,spinose,0.2653061224
ODP846B,Hydraulic piston core,-3.05,-90.49,3307,Pacific,81,symbiont-bearing,non-spinose,0
ODP846B,Hydraulic piston core,-3.05,-90.49,3307,Pacific,81,symbiont-bearing,spinose,0
ODP846B,Hydraulic piston core,-3.05,-90.49,3307,Pacific,81,symbiont-facultative,non-spinose,0.62099125368
ODP846B,Hydraulic piston core,-3.05,-90.49,3307,Pacific,81,symbiont-facultative,spinose,0
ODP846B,Hydraulic piston core,-3.05,-90.49,3307,Pacific,81,symbiont-obligate,spinose,0.02040816327
ODP846B,Hydraulic piston core,-3.05,-90.49,3307,Pacific,81,undetermined,non-spinose,0
ODP846B,Hydraulic piston core,-3.05,-90.49,3307,Pacific,85,symbiont-barren,non-spinose,0.07333333334
ODP846B,Hydraulic piston core,-3.05,-90.49,3307,Pacific,85,symbiont-barren,spinose,0.1933333333
ODP846B,Hydraulic piston core,-3.05,-90.49,3307,Pacific,85,symbiont-bearing,non-spinose,0
ODP846B,Hydraulic piston core,-3.05,-90.49,3307,Pacific,85,symbiont-bearing,spinose,0.00666666666
ODP846B,Hydraulic piston core,-3.05,-90.49,3307,Pacific,85,symbiont-facultative,non-spinose,0.6566666667
ODP846B,Hydraulic piston core,-3.05,-90.49,3307,Pacific,85,symbiont-facultative,spinose,0
ODP846B,Hydraulic piston core,-3.05,-90.49,3307,Pacific,85,symbiont-obligate,spinose,0.03
ODP846B,Hydraulic piston core,-3.05,-90.49,3307,Pacific,85,undetermined,non-spinose,0
ODP846B,Hydraulic piston core,-3.05,-90.49,3307,Pacific,88,symbiont-barren,non-spinose,0.1223529412
ODP846B,Hydraulic piston core,-3.05,-90.49,3307,Pacific,88,symbiont-barren,spinose,0.2141176471
ODP846B,Hydraulic piston core,-3.05,-90.49,3307,Pacific,88,symbiont-bearing,non-spinose,0
ODP846B,Hydraulic piston core,-3.05,-90.49,3307,Pacific,88,symbiont-bearing,spinose,0
ODP846B,Hydraulic piston core,-3.05,-90.49,3307,Pacific,88,symbiont-facultative,non-spinose,0.60235294123
ODP846B,Hydraulic piston core,-3.05,-90.49,3307,Pacific,88,symbiont-facultative,spinose,0
ODP846B,Hydraulic piston core,-3.05,-90.49,3307,Pacific,88,symbiont-obligate,spinose,0.02588235294
ODP846B,Hydraulic piston core,-3.05,-90.49,3307,Pacific,88,undetermined,non-spinose,0
ODP846B,Hydraulic piston core,-3.05,-90.49,3307,Pacific,89,symbiont-barren,non-spinose,0.05466237942
ODP846B,Hydraulic piston core,-3.05,-90.49,3307,Pacific,89,symbiont-barren,spinose,0.1382636656
ODP846B,Hydraulic piston core,-3.05,-90.49,3307,Pacific,89,symbiont-bearing,non-spinose,0
ODP846B,Hydraulic piston core,-3.05,-90.49,3307,Pacific,89,symbiont-bearing,spinose,0
ODP846B,Hydraulic piston core,-3.05,-90.49,3307,Pacific,89,symbiont-facultative,non-spinose,0.69774919607
ODP846B,Hydraulic piston core,-3.05,-90.49,3307,Pacific,89,symbiont-facultative,spinose,0
ODP846B,Hydraulic piston core,-3.05,-90.49,3307,Pacific,89,symbiont-obligate,spinose,0.06109324759
ODP846B,Hydraulic piston core,-3.05,-90.49,3307,Pacific,89,undetermined,non-spinose,0
ODP846B,Hydraulic piston core,-3.05,-90.49,3307,Pacific,93,symbiont-barren,non-spinose,0.02640264026
ODP846B,Hydraulic piston core,-3.05,-90.49,3307,Pacific,93,symbiont-barren,spinose,0.19141914186
ODP846B,Hydraulic piston core,-3.05,-90.49,3307,Pacific,93,symbiont-bearing,non-spinose,0
ODP846B,Hydraulic piston core,-3.05,-90.49,3307,Pacific,93,symbiont-bearing,spinose,0
ODP846B,Hydraulic piston core,-3.05,-90.49,3307,Pacific,93,symbiont-facultative,non-spinose,0.69966996693
ODP846B,Hydraulic piston core,-3.05,-90.49,3307,Pacific,93,symbiont-facultative,spinose,0
ODP846B,Hydraulic piston core,-3.05,-90.49,3307,Pacific,93,symbiont-obligate,spinose,0.03630363036
ODP846B,Hydraulic piston core,-3.05,-90.49,3307,Pacific,93,undetermined,non-spinose,0
ODP846B,Hydraulic piston core,-3.05,-90.49,3307,Pacific,97,symbiont-barren,non-spinose,0.05647840531
ODP846B,Hydraulic piston core,-3.05,-90.49,3307,Pacific,97,symbiont-barren,spinose,0.10631229234
ODP846B,Hydraulic piston core,-3.05,-90.49,3307,Pacific,97,symbiont-bearing,non-spinose,0
ODP846B,Hydraulic piston core,-3.05,-90.49,3307,Pacific,97,symbiont-bearing,spinose,0
ODP846B,Hydraulic piston core,-3.05,-90.49,3307,Pacific,97,symbiont-facultative,non-spinose,0.75083056475
ODP846B,Hydraulic piston core,-3.05,-90.49,3307,Pacific,97,symbiont-facultative,spinose,0
ODP846B,Hydraulic piston core,-3.05,-90.49,3307,Pacific,97,symbiont-obligate,spinose,0.04318936877
ODP846B,Hydraulic piston core,-3.05,-90.49,3307,Pacific,97,undetermined,non-spinose,0
ODP846B,Hydraulic piston core,-3.05,-90.49,3307,Pacific,100,symbiont-barren,non-spinose,0.1380368098
ODP846B,Hydraulic piston core,-3.05,-90.49,3307,Pacific,100,symbiont-barren,spinose,0.1503067485
ODP846B,Hydraulic piston core,-3.05,-90.49,3307,Pacific,100,symbiont-bearing,non-spinose,0
ODP846B,Hydraulic piston core,-3.05,-90.49,3307,Pacific,100,symbiont-bearing,spinose,0
ODP846B,Hydraulic piston core,-3.05,-90.49,3307,Pacific,100,symbiont-facultative,non-spinose,0.62576687121
ODP846B,Hydraulic piston core,-3.05,-90.49,3307,Pacific,100,symbiont-facultative,spinose,0
ODP846B,Hydraulic piston core,-3.05,-90.49,3307,Pacific,100,symbiont-obligate,spinose,0.04907975461
ODP846B,Hydraulic piston core,-3.05,-90.49,3307,Pacific,100,undetermined,non-spinose,0
ODP846B,Hydraulic piston core,-3.05,-90.49,3307,Pacific,104,symbiont-barren,non-spinose,0.02990033222
ODP846B,Hydraulic piston core,-3.05,-90.49,3307,Pacific,104,symbiont-barren,spinose,0.13289036547
ODP846B,Hydraulic piston core,-3.05,-90.49,3307,Pacific,104,symbiont-bearing,non-spinose,0
ODP846B,Hydraulic piston core,-3.05,-90.49,3307,Pacific,104,symbiont-bearing,spinose,0
ODP846B,Hydraulic piston core,-3.05,-90.49,3307,Pacific,104,symbiont-facultative,non-spinose,0.74086378736
ODP846B,Hydraulic piston core,-3.05,-90.49,3307,Pacific,104,symbiont-facultative,spinose,0
ODP846B,Hydraulic piston core,-3.05,-90.49,3307,Pacific,104,symbiont-obligate,spinose,0.0830564784
ODP846B,Hydraulic piston core,-3.05,-90.49,3307,Pacific,104,undetermined,non-spinose,0
ODP846B,Hydraulic piston core,-3.05,-90.49,3307,Pacific,108,symbiont-barren,non-spinose,0.04230769231
ODP846B,Hydraulic piston core,-3.05,-90.49,3307,Pacific,108,symbiont-barren,spinose,0.06153846154
ODP846B,Hydraulic piston core,-3.05,-90.49,3307,Pacific,108,symbiont-bearing,non-spinose,0
ODP846B,Hydraulic piston core,-3.05,-90.49,3307,Pacific,108,symbiont-bearing,spinose,0
ODP846B,Hydraulic piston core,-3.05,-90.49,3307,Pacific,108,symbiont-facultative,non-spinose,0.78461538462
ODP846B,Hydraulic piston core,-3.05,-90.49,3307,Pacific,108,symbiont-facultative,spinose,0
ODP846B,Hydraulic piston core,-3.05,-90.49,3307,Pacific,108,symbiont-obligate,spinose,0.06923076923
ODP846B,Hydraulic piston core,-3.05,-90.49,3307,Pacific,108,undetermined,non-spinose,0
OMEXII-9K,,42.33233333,-9.698666667,1833,North Atlantic,,symbiont-bearing,non-spinose,0
OMEXII-9K,,42.33233333,-9.698666667,1833,North Atlantic,,symbiont-bearing,spinose,0.00402084405558415
OMEXII-9K,,42.33233333,-9.698666667,1833,North Atlantic,,symbiont-facultative,spinose,0
OMEXII-9K,,42.33233333,-9.698666667,1833,North Atlantic,,symbiont-obligate,spinose,0.658436940997286
OMEXII-9K,,42.33233333,-9.698666667,1833,North Atlantic,,undetermined,non-spinose,0
P69,,-40.39666667,177.9966667,2195,Pacific,3.9,symbiont-barren,non-spinose,0
P69,,-40.39666667,177.9966667,2195,Pacific,3.9,symbiont-barren,spinose,0
P69,,-40.39666667,177.9966667,2195,Pacific,3.9,symbiont-bearing,non-spinose,0
P69,,-40.39666667,177.9966667,2195,Pacific,3.9,symbiont-bearing,spinose,0
P69,,-40.39666667,177.9966667,2195,Pacific,3.9,symbiont-facultative,non-spinose,0
P69,,-40.39666667,177.9966667,2195,Pacific,3.9,symbiont-facultative,spinose,0
P69,,-40.39666667,177.9966667,2195,Pacific,3.9,symbiont-obligate,spinose,0
P69,,-40.39666667,177.9966667,2195,Pacific,3.9,undetermined,non-spinose,0
PC17,,21.36,-158.19,503,Pacific,370,symbiont-barren,non-spinose,0.0457
PC17,,21.36,-158.19,503,Pacific,370,symbiont-barren,spinose,0.0256
PC17,,21.36,-158.19,503,Pacific,370,symbiont-bearing,non-spinose,0
PC17,,21.36,-158.19,503,Pacific,370,symbiont-bearing,spinose,0.1828
PC17,,21.36,-158.19,503,Pacific,370,symbiont-facultative,non-spinose,0.0932
PC17,,21.36,-158.19,503,Pacific,370,symbiont-facultative,spinose,0
PC17,,21.36,-158.19,503,Pacific,370,symbiont-obligate,spinose,0.5942
PC17,,21.36,-158.19,503,Pacific,370,undetermined,non-spinose,0.0018
PC17,,21.36,-158.19,503,Pacific,374,symbiont-barren,non-spinose,0.0737
PC17,,21.36,-158.19,503,Pacific,374,symbiont-barren,spinose,0.0246
PC17,,21.36,-158.19,503,Pacific,374,symbiont-bearing,non-spinose,0
PC17,,21.36,-158.19,503,Pacific,374,symbiont-bearing,spinose,0.145
PC17,,21.36,-158.19,503,Pacific,374,symbiont-facultative,non-spinose,0.091
PC17,,21.36,-158.19,503,Pacific,374,symbiont-facultative,spinose,0
PC17,,21.36,-158.19,503,Pacific,374,symbiont-obligate,spinose,0.5921
PC17,,21.36,-158.19,503,Pacific,374,undetermined,non-spinose,0.0098
PC17,,21.36,-158.19,503,Pacific,378,symbiont-barren,non-spinose,0.0504
PC17,,21.36,-158.19,503,Pacific,378,symbiont-barren,spinose,0.0192
PC17,,21.36,-158.19,503,Pacific,378,symbiont-bearing,non-spinose,0
PC17,,21.36,-158.19,503,Pacific,378,symbiont-bearing,spinose,0.137
PC17,,21.36,-158.19,503,Pacific,378,symbiont-facultative,non-spinose,0.1322
PC17,,21.36,-158.19,503,Pacific,378,symbiont-facultative,spinose,0
PC17,,21.36,-158.19,503,Pacific,378,symbiont-obligate,spinose,0.6106
PC17,,21.36,-158.19,503,Pacific,378,undetermined,non-spinose,0.0024
PE109-13,,42.572,-9.69,2000,North Atlantic,,symbiont-bearing,non-spinose,0
PE109-13,,42.572,-9.69,2000,North Atlantic,,symbiont-bearing,spinose,0
PE109-13,,42.572,-9.69,2000,North Atlantic,,symbiont-facultative,spinose,0.0028169014084507
PE109-13,,42.572,-9.69,2000,North Atlantic,,undetermined,non-spinose,0
PO200_10_28_1,,41.488,-9.722,2160,North Atlantic,,symbiont-bearing,non-spinose,0
PO200_10_28_1,,41.488,-9.722,2160,North Atlantic,,symbiont-bearing,spinose,0
PO200_10_28_1,,41.488,-9.722,2160,North Atlantic,,symbiont-facultative,non-spinose,0.904
PO200_10_28_1,,41.488,-9.722,2160,North Atlantic,,symbiont-facultative,spinose,0.003
PO200_10_28_1,,41.488,-9.722,2160,North Atlantic,,symbiont-obligate,spinose,0.382
PO200_10_28_1,,41.488,-9.722,2160,North Atlantic,,undetermined,non-spinose,0
PS1230-1,,78.8553,-4.7812,1249,North Atlantic,0.24,symbiont-barren,non-spinose,1
PS1230-1,,78.8553,-4.7812,1249,North Atlantic,0.24,symbiont-barren,spinose,0
PS1230-1,,78.8553,-4.7812,1249,North Atlantic,0.24,symbiont-bearing,non-spinose,0
PS1230-1,,78.8553,-4.7812,1249,North Atlantic,0.24,symbiont-bearing,spinose,0
PS1230-1,,78.8553,-4.7812,1249,North Atlantic,0.24,symbiont-facultative,non-spinose,0
PS1230-1,,78.8553,-4.7812,1249,North Atlantic,0.24,symbiont-facultative,spinose,0
PS1230-1,,78.8553,-4.7812,1249,North Atlantic,0.24,symbiont-obligate,spinose,0
PS1230-1,,78.8553,-4.7812,1249,North Atlantic,0.24,undetermined,non-spinose,0
PS1230-1,,78.8553,-4.7812,1249,North Atlantic,0.26,symbiont-barren,non-spinose,1
PS1230-1,,78.8553,-4.7812,1249,North Atlantic,0.26,symbiont-barren,spinose,0
PS1230-1,,78.8553,-4.7812,1249,North Atlantic,0.26,symbiont-bearing,non-spinose,0
PS1230-1,,78.8553,-4.7812,1249,North Atlantic,0.26,symbiont-bearing,spinose,0
PS1230-1,,78.8553,-4.7812,1249,North Atlantic,0.26,symbiont-facultative,non-spinose,0
PS1230-1,,78.8553,-4.7812,1249,North Atlantic,0.26,symbiont-facultative,spinose,0
PS1230-1,,78.8553,-4.7812,1249,North Atlantic,0.26,symbiont-obligate,spinose,0
PS1230-1,,78.8553,-4.7812,1249,North Atlantic,0.26,undetermined,non-spinose,0
PS1533-3,,82.0317,15.1908,2026,North Atlantic,0.73,symbiont-barren,non-spinose,0.984
PS1533-3,,82.0317,15.1908,2026,North Atlantic,0.73,symbiont-barren,spinose,0.015
PS1533-3,,82.0317,15.1908,2026,North Atlantic,0.73,symbiont-bearing,non-spinose,0
PS1533-3,,82.0317,15.1908,2026,North Atlantic,0.73,symbiont-bearing,spinose,0
PS1533-3,,82.0317,15.1908,2026,North Atlantic,0.73,symbiont-facultative,non-spinose,0.001
PS1533-3,,82.0317,15.1908,2026,North Atlantic,0.73,symbiont-facultative,spinose,0
PS1533-3,,82.0317,15.1908,2026,North Atlantic,0.73,symbiont-obligate,spinose,0
PS1533-3,,82.0317,15.1908,2026,North Atlantic,0.73,undetermined,non-spinose,0
PS1533-3,,82.0317,15.1908,2026,North Atlantic,0.79,symbiont-barren,non-spinose,0.985
PS1533-3,,82.0317,15.1908,2026,North Atlantic,0.79,symbiont-barren,spinose,0.015
PS1533-3,,82.0317,15.1908,2026,North Atlantic,0.79,symbiont-bearing,non-spinose,0
PS1533-3,,82.0317,15.1908,2026,North Atlantic,0.79,symbiont-bearing,spinose,0
PS1533-3,,82.0317,15.1908,2026,North Atlantic,0.79,symbiont-facultative,non-spinose,0
PS1533-3,,82.0317,15.1908,2026,North Atlantic,0.79,symbiont-facultative,spinose,0
PS1533-3,,82.0317,15.1908,2026,North Atlantic,0.79,symbiont-obligate,spinose,0
PS1533-3,,82.0317,15.1908,2026,North Atlantic,0.79,undetermined,non-spinose,0
PS1730-2,,70.1165,-17.6943,1622,North Atlantic,0.9,symbiont-barren,non-spinose,1
PS1730-2,,70.1165,-17.6943,1622,North Atlantic,0.9,symbiont-barren,spinose,0
PS1730-2,,70.1165,-17.6943,1622,North Atlantic,0.9,symbiont-bearing,non-spinose,0
PS1730-2,,70.1165,-17.6943,1622,North Atlantic,0.9,symbiont-bearing,spinose,0
PS1730-2,,70.1165,-17.6943,1622,North Atlantic,0.9,symbiont-facultative,non-spinose,0
PS1730-2,,70.1165,-17.6943,1622,North Atlantic,0.9,symbiont-facultative,spinose,0
PS1730-2,,70.1165,-17.6943,1622,North Atlantic,0.9,symbiont-obligate,spinose,0
PS1730-2,,70.1165,-17.6943,1622,North Atlantic,0.9,undetermined,non-spinose,0
PS1919-2,,74.9967,-11.8267,1955,North Atlantic,0.23,symbiont-barren,non-spinose,1
PS1919-2,,74.9967,-11.8267,1955,North Atlantic,0.23,symbiont-barren,spinose,0
PS1919-2,,74.9967,-11.8267,1955,North Atlantic,0.23,symbiont-bearing,non-spinose,0
PS1919-2,,74.9967,-11.8267,1955,North Atlantic,0.23,symbiont-bearing,spinose,0
PS1919-2,,74.9967,-11.8267,1955,North Atlantic,0.23,symbiont-facultative,non-spinose,0
PS1919-2,,74.9967,-11.8267,1955,North Atlantic,0.23,symbiont-facultative,spinose,0
PS1919-2,,74.9967,-11.8267,1955,North Atlantic,0.23,symbiont-obligate,spinose,0
PS1919-2,,74.9967,-11.8267,1955,North Atlantic,0.23,undetermined,non-spinose,0
PS1919-2,,74.9967,-11.8267,1955,North Atlantic,0.36,symbiont-barren,non-spinose,1
PS1919-2,,74.9967,-11.8267,1955,North Atlantic,0.36,symbiont-barren,spinose,0
PS1919-2,,74.9967,-11.8267,1955,North Atlantic,0.36,symbiont-bearing,non-spinose,0
PS1919-2,,74.9967,-11.8267,1955,North Atlantic,0.36,symbiont-bearing,spinose,0
PS1919-2,,74.9967,-11.8267,1955,North Atlantic,0.36,symbiont-facultative,non-spinose,0
PS1919-2,,74.9967,-11.8267,1955,North Atlantic,0.36,symbiont-facultative,spinose,0
PS1919-2,,74.9967,-11.8267,1955,North Atlantic,0.36,symbiont-obligate,spinose,0
PS1919-2,,74.9967,-11.8267,1955,North Atlantic,0.36,undetermined,non-spinose,0
PS1922-1,,75.0003,-8.771,3350,North Atlantic,1.32,symbiont-barren,spinose,0
PS1922-1,,75.0003,-8.771,3350,North Atlantic,1.32,symbiont-bearing,non-spinose,0
PS1922-1,,75.0003,-8.771,3350,North Atlantic,1.32,symbiont-bearing,spinose,0
PS1922-1,,75.0003,-8.771,3350,North Atlantic,1.32,symbiont-facultative,non-spinose,0
PS1922-1,,75.0003,-8.771,3350,North Atlantic,1.32,symbiont-facultative,spinose,0
PS1922-1,,75.0003,-8.771,3350,North Atlantic,1.32,symbiont-obligate,spinose,0
PS1922-1,,75.0003,-8.771,3350,North Atlantic,1.32,undetermined,non-spinose,0
PS1922-1,,75.0003,-8.771,3350,North Atlantic,1.56,symbiont-barren,spinose,0
PS1922-1,,75.0003,-8.771,3350,North Atlantic,1.56,symbiont-bearing,non-spinose,0
PS1922-1,,75.0003,-8.771,3350,North Atlantic,1.56,symbiont-bearing,spinose,0
PS1922-1,,75.0003,-8.771,3350,North Atlantic,1.56,symbiont-facultative,non-spinose,0
PS1922-1,,75.0003,-8.771,3350,North Atlantic,1.56,symbiont-facultative,spinose,0
PS1922-1,,75.0003,-8.771,3350,North Atlantic,1.56,symbiont-obligate,spinose,0
PS1922-1,,75.0003,-8.771,3350,North Atlantic,1.56,undetermined,non-spinose,0
PS1927-2,,71.4967,-17.1483,1706,North Atlantic,0.72,symbiont-barren,non-spinose,1
PS1927-2,,71.4967,-17.1483,1706,North Atlantic,0.72,symbiont-barren,spinose,0
PS1927-2,,71.4967,-17.1483,1706,North Atlantic,0.72,symbiont-bearing,non-spinose,0
PS1927-2,,71.4967,-17.1483,1706,North Atlantic,0.72,symbiont-bearing,spinose,0
PS1927-2,,71.4967,-17.1483,1706,North Atlantic,0.72,symbiont-facultative,non-spinose,0
PS1927-2,,71.4967,-17.1483,1706,North Atlantic,0.72,symbiont-facultative,spinose,0
PS1927-2,,71.4967,-17.1483,1706,North Atlantic,0.72,symbiont-obligate,spinose,0
PS1927-2,,71.4967,-17.1483,1706,North Atlantic,0.72,undetermined,non-spinose,0
PS1927-2,,71.4967,-17.1483,1706,North Atlantic,0.8,symbiont-barren,non-spinose,1
PS1927-2,,71.4967,-17.1483,1706,North Atlantic,0.8,symbiont-barren,spinose,0
PS1927-2,,71.4967,-17.1483,1706,North Atlantic,0.8,symbiont-bearing,non-spinose,0
PS1927-2,,71.4967,-17.1483,1706,North Atlantic,0.8,symbiont-bearing,spinose,0
PS1927-2,,71.4967,-17.1483,1706,North Atlantic,0.8,symbiont-facultative,non-spinose,0
PS1927-2,,71.4967,-17.1483,1706,North Atlantic,0.8,symbiont-facultative,spinose,0
PS1927-2,,71.4967,-17.1483,1706,North Atlantic,0.8,symbiont-obligate,spinose,0
PS1927-2,,71.4967,-17.1483,1706,North Atlantic,0.8,undetermined,non-spinose,0
PS1927-2,,71.4967,-17.1483,1706,North Atlantic,0.9,symbiont-barren,non-spinose,1
PS1927-2,,71.4967,-17.1483,1706,North Atlantic,0.9,symbiont-barren,spinose,0
PS1927-2,,71.4967,-17.1483,1706,North Atlantic,0.9,symbiont-bearing,non-spinose,0
PS1927-2,,71.4967,-17.1483,1706,North Atlantic,0.9,symbiont-bearing,spinose,0
PS1927-2,,71.4967,-17.1483,1706,North Atlantic,0.9,symbiont-facultative,non-spinose,0
PS1927-2,,71.4967,-17.1483,1706,North Atlantic,0.9,symbiont-facultative,spinose,0
PS1927-2,,71.4967,-17.1483,1706,North Atlantic,0.9,symbiont-obligate,spinose,0
PS1927-2,,71.4967,-17.1483,1706,North Atlantic,0.9,undetermined,non-spinose,0
PS1951-1,,68.8417,-20.825,1459,North Atlantic,0.83,symbiont-barren,non-spinose,1
PS1951-1,,68.8417,-20.825,1459,North Atlantic,0.83,symbiont-barren,spinose,0
PS1951-1,,68.8417,-20.825,1459,North Atlantic,0.83,symbiont-bearing,non-spinose,0
PS1951-1,,68.8417,-20.825,1459,North Atlantic,0.83,symbiont-bearing,spinose,0
PS1951-1,,68.8417,-20.825,1459,North Atlantic,0.83,symbiont-facultative,non-spinose,0
PS1951-1,,68.8417,-20.825,1459,North Atlantic,0.83,symbiont-facultative,spinose,0
PS1951-1,,68.8417,-20.825,1459,North Atlantic,0.83,symbiont-obligate,spinose,0
PS1951-1,,68.8417,-20.825,1459,North Atlantic,0.83,undetermined,non-spinose,0
PS1951-1,,68.8417,-20.825,1459,North Atlantic,0.94,symbiont-barren,non-spinose,1
PS1951-1,,68.8417,-20.825,1459,North Atlantic,0.94,symbiont-barren,spinose,0
PS1951-1,,68.8417,-20.825,1459,North Atlantic,0.94,symbiont-bearing,non-spinose,0
PS1951-1,,68.8417,-20.825,1459,North Atlantic,0.94,symbiont-bearing,spinose,0
PS1951-1,,68.8417,-20.825,1459,North Atlantic,0.94,symbiont-facultative,non-spinose,0
PS1951-1,,68.8417,-20.825,1459,North Atlantic,0.94,symbiont-facultative,spinose,0
PS1951-1,,68.8417,-20.825,1459,North Atlantic,0.94,symbiont-obligate,spinose,0
PS1951-1,,68.8417,-20.825,1459,North Atlantic,0.94,undetermined,non-spinose,0
PS1951-1,,68.8417,-20.825,1459,North Atlantic,1,symbiont-barren,non-spinose,1
PS1951-1,,68.8417,-20.825,1459,North Atlantic,1,symbiont-barren,spinose,0
PS1951-1,,68.8417,-20.825,1459,North Atlantic,1,symbiont-bearing,non-spinose,0
PS1951-1,,68.8417,-20.825,1459,North Atlantic,1,symbiont-bearing,spinose,0
PS1951-1,,68.8417,-20.825,1459,North Atlantic,1,symbiont-facultative,non-spinose,0
PS1951-1,,68.8417,-20.825,1459,North Atlantic,1,symbiont-facultative,spinose,0
PS1951-1,,68.8417,-20.825,1459,North Atlantic,1,symbiont-obligate,spinose,0
PS1951-1,,68.8417,-20.825,1459,North Atlantic,1,undetermined,non-spinose,0
PS2129-1,,81.3667,17.4717,861,North Atlantic,0.3,symbiont-barren,non-spinose,0.997
PS2129-1,,81.3667,17.4717,861,North Atlantic,0.3,symbiont-barren,spinose,0
PS2129-1,,81.3667,17.4717,861,North Atlantic,0.3,symbiont-bearing,non-spinose,0
PS2129-1,,81.3667,17.4717,861,North Atlantic,0.3,symbiont-bearing,spinose,0
PS2129-1,,81.3667,17.4717,861,North Atlantic,0.3,symbiont-facultative,non-spinose,0.003
PS2129-1,,81.3667,17.4717,861,North Atlantic,0.3,symbiont-facultative,spinose,0
PS2129-1,,81.3667,17.4717,861,North Atlantic,0.3,symbiont-obligate,spinose,0
PS2129-1,,81.3667,17.4717,861,North Atlantic,0.3,undetermined,non-spinose,0
PS2129-1,,81.3667,17.4717,861,North Atlantic,0.4,symbiont-barren,non-spinose,0.992
PS2129-1,,81.3667,17.4717,861,North Atlantic,0.4,symbiont-barren,spinose,0.002
PS2129-1,,81.3667,17.4717,861,North Atlantic,0.4,symbiont-bearing,non-spinose,0
PS2129-1,,81.3667,17.4717,861,North Atlantic,0.4,symbiont-bearing,spinose,0
PS2129-1,,81.3667,17.4717,861,North Atlantic,0.4,symbiont-facultative,non-spinose,0.006
PS2129-1,,81.3667,17.4717,861,North Atlantic,0.4,symbiont-facultative,spinose,0
PS2129-1,,81.3667,17.4717,861,North Atlantic,0.4,symbiont-obligate,spinose,0
PS2129-1,,81.3667,17.4717,861,North Atlantic,0.4,undetermined,non-spinose,0
PS2138-1,,81.535,30.5933,862,North Atlantic,1.72,symbiont-barren,non-spinose,1
PS2138-1,,81.535,30.5933,862,North Atlantic,1.72,symbiont-barren,spinose,0
PS2138-1,,81.535,30.5933,862,North Atlantic,1.72,symbiont-bearing,non-spinose,0
PS2138-1,,81.535,30.5933,862,North Atlantic,1.72,symbiont-bearing,spinose,0
PS2138-1,,81.535,30.5933,862,North Atlantic,1.72,symbiont-facultative,non-spinose,0
PS2138-1,,81.535,30.5933,862,North Atlantic,1.72,symbiont-facultative,spinose,0
PS2138-1,,81.535,30.5933,862,North Atlantic,1.72,symbiont-obligate,spinose,0
PS2138-1,,81.535,30.5933,862,North Atlantic,1.72,undetermined,non-spinose,0
PS2138-1,,81.535,30.5933,862,North Atlantic,1.92,symbiont-barren,non-spinose,0.998
PS2138-1,,81.535,30.5933,862,North Atlantic,1.92,symbiont-barren,spinose,0.002
PS2138-1,,81.535,30.5933,862,North Atlantic,1.92,symbiont-bearing,non-spinose,0
PS2138-1,,81.535,30.5933,862,North Atlantic,1.92,symbiont-bearing,spinose,0
PS2138-1,,81.535,30.5933,862,North Atlantic,1.92,symbiont-facultative,non-spinose,0
PS2138-1,,81.535,30.5933,862,North Atlantic,1.92,symbiont-facultative,spinose,0
PS2138-1,,81.535,30.5933,862,North Atlantic,1.92,symbiont-obligate,spinose,0
PS2138-1,,81.535,30.5933,862,North Atlantic,1.92,undetermined,non-spinose,0
PS2138-1,,81.535,30.5933,862,North Atlantic,2.13,symbiont-barren,non-spinose,0.994
PS2138-1,,81.535,30.5933,862,North Atlantic,2.13,symbiont-barren,spinose,0.006
PS2138-1,,81.535,30.5933,862,North Atlantic,2.13,symbiont-bearing,non-spinose,0
PS2138-1,,81.535,30.5933,862,North Atlantic,2.13,symbiont-bearing,spinose,0
PS2138-1,,81.535,30.5933,862,North Atlantic,2.13,symbiont-facultative,non-spinose,0
PS2138-1,,81.535,30.5933,862,North Atlantic,2.13,symbiont-facultative,spinose,0
PS2138-1,,81.535,30.5933,862,North Atlantic,2.13,symbiont-obligate,spinose,0
PS2138-1,,81.535,30.5933,862,North Atlantic,2.13,undetermined,non-spinose,0
PS2138-1,,81.535,30.5933,862,North Atlantic,2.23,symbiont-barren,non-spinose,1
PS2138-1,,81.535,30.5933,862,North Atlantic,2.23,symbiont-barren,spinose,0
PS2138-1,,81.535,30.5933,862,North Atlantic,2.23,symbiont-bearing,non-spinose,0
PS2138-1,,81.535,30.5933,862,North Atlantic,2.23,symbiont-bearing,spinose,0
PS2138-1,,81.535,30.5933,862,North Atlantic,2.23,symbiont-facultative,non-spinose,0
PS2138-1,,81.535,30.5933,862,North Atlantic,2.23,symbiont-facultative,spinose,0
PS2138-1,,81.535,30.5933,862,North Atlantic,2.23,symbiont-obligate,spinose,0
PS2138-1,,81.535,30.5933,862,North Atlantic,2.23,undetermined,non-spinose,0
PS2446-4,,82.3967,40.9083,2022,North Atlantic,3.1,symbiont-barren,non-spinose,1
PS2446-4,,82.3967,40.9083,2022,North Atlantic,3.1,symbiont-barren,spinose,0
PS2446-4,,82.3967,40.9083,2022,North Atlantic,3.1,symbiont-bearing,non-spinose,0
PS2446-4,,82.3967,40.9083,2022,North Atlantic,3.1,symbiont-bearing,spinose,0
PS2446-4,,82.3967,40.9083,2022,North Atlantic,3.1,symbiont-facultative,non-spinose,0
PS2446-4,,82.3967,40.9083,2022,North Atlantic,3.1,symbiont-facultative,spinose,0
PS2446-4,,82.3967,40.9083,2022,North Atlantic,3.1,symbiont-obligate,spinose,0
PS2446-4,,82.3967,40.9083,2022,North Atlantic,3.1,undetermined,non-spinose,0
PS2446-4,,82.3967,40.9083,2022,North Atlantic,3.3,symbiont-barren,non-spinose,1
PS2446-4,,82.3967,40.9083,2022,North Atlantic,3.3,symbiont-barren,spinose,0
PS2446-4,,82.3967,40.9083,2022,North Atlantic,3.3,symbiont-bearing,non-spinose,0
PS2446-4,,82.3967,40.9083,2022,North Atlantic,3.3,symbiont-bearing,spinose,0
PS2446-4,,82.3967,40.9083,2022,North Atlantic,3.3,symbiont-facultative,non-spinose,0
PS2446-4,,82.3967,40.9083,2022,North Atlantic,3.3,symbiont-facultative,spinose,0
PS2446-4,,82.3967,40.9083,2022,North Atlantic,3.3,symbiont-obligate,spinose,0
PS2446-4,,82.3967,40.9083,2022,North Atlantic,3.3,undetermined,non-spinose,0
PS2446-4,,82.3967,40.9083,2022,North Atlantic,3.5,symbiont-barren,non-spinose,1
PS2446-4,,82.3967,40.9083,2022,North Atlantic,3.5,symbiont-barren,spinose,0
PS2446-4,,82.3967,40.9083,2022,North Atlantic,3.5,symbiont-bearing,non-spinose,0
PS2446-4,,82.3967,40.9083,2022,North Atlantic,3.5,symbiont-bearing,spinose,0
PS2446-4,,82.3967,40.9083,2022,North Atlantic,3.5,symbiont-facultative,non-spinose,0
PS2446-4,,82.3967,40.9083,2022,North Atlantic,3.5,symbiont-facultative,spinose,0
PS2446-4,,82.3967,40.9083,2022,North Atlantic,3.5,symbiont-obligate,spinose,0
PS2446-4,,82.3967,40.9083,2022,North Atlantic,3.5,undetermined,non-spinose,0
PS2613-6,,74.1767,-0.48,3266,North Atlantic,0.35,symbiont-barren,non-spinose,0.999
PS2613-6,,74.1767,-0.48,3266,North Atlantic,0.35,symbiont-barren,spinose,0
PS2613-6,,74.1767,-0.48,3266,North Atlantic,0.35,symbiont-bearing,non-spinose,0
PS2613-6,,74.1767,-0.48,3266,North Atlantic,0.35,symbiont-bearing,spinose,0
PS2613-6,,74.1767,-0.48,3266,North Atlantic,0.35,symbiont-facultative,non-spinose,0.001
PS2613-6,,74.1767,-0.48,3266,North Atlantic,0.35,symbiont-facultative,spinose,0
PS2613-6,,74.1767,-0.48,3266,North Atlantic,0.35,symbiont-obligate,spinose,0
PS2613-6,,74.1767,-0.48,3266,North Atlantic,0.35,undetermined,non-spinose,0
PS2613-6,,74.1767,-0.48,3266,North Atlantic,0.4,symbiont-barren,non-spinose,1
PS2613-6,,74.1767,-0.48,3266,North Atlantic,0.4,symbiont-barren,spinose,0
PS2613-6,,74.1767,-0.48,3266,North Atlantic,0.4,symbiont-bearing,non-spinose,0
PS2613-6,,74.1767,-0.48,3266,North Atlantic,0.4,symbiont-bearing,spinose,0
PS2613-6,,74.1767,-0.48,3266,North Atlantic,0.4,symbiont-facultative,non-spinose,0
PS2613-6,,74.1767,-0.48,3266,North Atlantic,0.4,symbiont-facultative,spinose,0
PS2613-6,,74.1767,-0.48,3266,North Atlantic,0.4,symbiont-obligate,spinose,0
PS2613-6,,74.1767,-0.48,3266,North Atlantic,0.4,undetermined,non-spinose,0
PS2644-5,,67.8667,-21.765,777,North Atlantic,,symbiont-barren,spinose,0
PS2644-5,,67.8667,-21.765,777,North Atlantic,,symbiont-bearing,non-spinose,0
PS2644-5,,67.8667,-21.765,777,North Atlantic,,symbiont-bearing,spinose,0
PS2644-5,,67.8667,-21.765,777,North Atlantic,,symbiont-facultative,non-spinose,0
PS2644-5,,67.8667,-21.765,777,North Atlantic,,symbiont-facultative,spinose,0
PS2644-5,,67.8667,-21.765,777,North Atlantic,,symbiont-obligate,spinose,0
PS2644-5,,67.8667,-21.765,777,North Atlantic,,undetermined,non-spinose,0
PS2837-5,,81.2333,2.3817,1023,North Atlantic,3.89,symbiont-barren,non-spinose,0.996
PS2837-5,,81.2333,2.3817,1023,North Atlantic,3.89,symbiont-barren,spinose,0
PS2837-5,,81.2333,2.3817,1023,North Atlantic,3.89,symbiont-bearing,non-spinose,0
PS2837-5,,81.2333,2.3817,1023,North Atlantic,3.89,symbiont-bearing,spinose,0
PS2837-5,,81.2333,2.3817,1023,North Atlantic,3.89,symbiont-facultative,non-spinose,0.004
PS2837-5,,81.2333,2.3817,1023,North Atlantic,3.89,symbiont-facultative,spinose,0
PS2837-5,,81.2333,2.3817,1023,North Atlantic,3.89,symbiont-obligate,spinose,0
PS2837-5,,81.2333,2.3817,1023,North Atlantic,3.89,undetermined,non-spinose,0
PS2837-5,,81.2333,2.3817,1023,North Atlantic,3.95,symbiont-barren,non-spinose,0.997
PS2837-5,,81.2333,2.3817,1023,North Atlantic,3.95,symbiont-barren,spinose,0
PS2837-5,,81.2333,2.3817,1023,North Atlantic,3.95,symbiont-bearing,non-spinose,0
PS2837-5,,81.2333,2.3817,1023,North Atlantic,3.95,symbiont-bearing,spinose,0
PS2837-5,,81.2333,2.3817,1023,North Atlantic,3.95,symbiont-facultative,non-spinose,0.003
PS2837-5,,81.2333,2.3817,1023,North Atlantic,3.95,symbiont-facultative,spinose,0
PS2837-5,,81.2333,2.3817,1023,North Atlantic,3.95,symbiont-obligate,spinose,0
PS2837-5,,81.2333,2.3817,1023,North Atlantic,3.95,undetermined,non-spinose,0
PS2837-5,,81.2333,2.3817,1023,North Atlantic,3.97,symbiont-barren,non-spinose,1
PS2837-5,,81.2333,2.3817,1023,North Atlantic,3.97,symbiont-barren,spinose,0
PS2837-5,,81.2333,2.3817,1023,North Atlantic,3.97,symbiont-bearing,non-spinose,0
PS2837-5,,81.2333,2.3817,1023,North Atlantic,3.97,symbiont-bearing,spinose,0
PS2837-5,,81.2333,2.3817,1023,North Atlantic,3.97,symbiont-facultative,non-spinose,0
PS2837-5,,81.2333,2.3817,1023,North Atlantic,3.97,symbiont-facultative,spinose,0
PS2837-5,,81.2333,2.3817,1023,North Atlantic,3.97,symbiont-obligate,spinose,0
PS2837-5,,81.2333,2.3817,1023,North Atlantic,3.97,undetermined,non-spinose,0
PS2876-1,,81.759,-9.4355,1976,North Atlantic,0.17,symbiont-barren,non-spinose,0.999
PS2876-1,,81.759,-9.4355,1976,North Atlantic,0.17,symbiont-barren,spinose,0
PS2876-1,,81.759,-9.4355,1976,North Atlantic,0.17,symbiont-bearing,non-spinose,0
PS2876-1,,81.759,-9.4355,1976,North Atlantic,0.17,symbiont-bearing,spinose,0
PS2876-1,,81.759,-9.4355,1976,North Atlantic,0.17,symbiont-facultative,non-spinose,0.001
PS2876-1,,81.759,-9.4355,1976,North Atlantic,0.17,symbiont-facultative,spinose,0
PS2876-1,,81.759,-9.4355,1976,North Atlantic,0.17,symbiont-obligate,spinose,0
PS2876-1,,81.759,-9.4355,1976,North Atlantic,0.17,undetermined,non-spinose,0
PS2876-1,,81.759,-9.4355,1976,North Atlantic,0.27,symbiont-barren,non-spinose,0.993
PS2876-1,,81.759,-9.4355,1976,North Atlantic,0.27,symbiont-barren,spinose,0
PS2876-1,,81.759,-9.4355,1976,North Atlantic,0.27,symbiont-bearing,non-spinose,0
PS2876-1,,81.759,-9.4355,1976,North Atlantic,0.27,symbiont-bearing,spinose,0
PS2876-1,,81.759,-9.4355,1976,North Atlantic,0.27,symbiont-facultative,non-spinose,0.006
PS2876-1,,81.759,-9.4355,1976,North Atlantic,0.27,symbiont-facultative,spinose,0
PS2876-1,,81.759,-9.4355,1976,North Atlantic,0.27,symbiont-obligate,spinose,0
PS2876-1,,81.759,-9.4355,1976,North Atlantic,0.27,undetermined,non-spinose,0
PS2876-1,,81.759,-9.4355,1976,North Atlantic,0.61,symbiont-barren,non-spinose,1
PS2876-1,,81.759,-9.4355,1976,North Atlantic,0.61,symbiont-barren,spinose,0
PS2876-1,,81.759,-9.4355,1976,North Atlantic,0.61,symbiont-bearing,non-spinose,0
PS2876-1,,81.759,-9.4355,1976,North Atlantic,0.61,symbiont-bearing,spinose,0
PS2876-1,,81.759,-9.4355,1976,North Atlantic,0.61,symbiont-facultative,non-spinose,0
PS2876-1,,81.759,-9.4355,1976,North Atlantic,0.61,symbiont-facultative,spinose,0
PS2876-1,,81.759,-9.4355,1976,North Atlantic,0.61,symbiont-obligate,spinose,0
PS2876-1,,81.759,-9.4355,1976,North Atlantic,0.61,undetermined,non-spinose,0
PS2876-1,,81.759,-9.4355,1976,North Atlantic,0.83,symbiont-barren,non-spinose,0.999
PS2876-1,,81.759,-9.4355,1976,North Atlantic,0.83,symbiont-barren,spinose,0
PS2876-1,,81.759,-9.4355,1976,North Atlantic,0.83,symbiont-bearing,non-spinose,0
PS2876-1,,81.759,-9.4355,1976,North Atlantic,0.83,symbiont-bearing,spinose,0
PS2876-1,,81.759,-9.4355,1976,North Atlantic,0.83,symbiont-facultative,non-spinose,0.001
PS2876-1,,81.759,-9.4355,1976,North Atlantic,0.83,symbiont-facultative,spinose,0
PS2876-1,,81.759,-9.4355,1976,North Atlantic,0.83,symbiont-obligate,spinose,0
PS2876-1,,81.759,-9.4355,1976,North Atlantic,0.83,undetermined,non-spinose,0
PS2887-1,,79.6,-4.6077,1411,North Atlantic,0.5,symbiont-barren,non-spinose,0.999
PS2887-1,,79.6,-4.6077,1411,North Atlantic,0.5,symbiont-barren,spinose,0
PS2887-1,,79.6,-4.6077,1411,North Atlantic,0.5,symbiont-bearing,non-spinose,0
PS2887-1,,79.6,-4.6077,1411,North Atlantic,0.5,symbiont-bearing,spinose,0
PS2887-1,,79.6,-4.6077,1411,North Atlantic,0.5,symbiont-facultative,non-spinose,0.001
PS2887-1,,79.6,-4.6077,1411,North Atlantic,0.5,symbiont-facultative,spinose,0
PS2887-1,,79.6,-4.6077,1411,North Atlantic,0.5,symbiont-obligate,spinose,0
PS2887-1,,79.6,-4.6077,1411,North Atlantic,0.5,undetermined,non-spinose,0
PS2887-1,,79.6,-4.6077,1411,North Atlantic,0.52,symbiont-barren,non-spinose,1
PS2887-1,,79.6,-4.6077,1411,North Atlantic,0.52,symbiont-barren,spinose,0
PS2887-1,,79.6,-4.6077,1411,North Atlantic,0.52,symbiont-bearing,non-spinose,0
PS2887-1,,79.6,-4.6077,1411,North Atlantic,0.52,symbiont-bearing,spinose,0
PS2887-1,,79.6,-4.6077,1411,North Atlantic,0.52,symbiont-facultative,non-spinose,0
PS2887-1,,79.6,-4.6077,1411,North Atlantic,0.52,symbiont-facultative,spinose,0
PS2887-1,,79.6,-4.6077,1411,North Atlantic,0.52,symbiont-obligate,spinose,0
PS2887-1,,79.6,-4.6077,1411,North Atlantic,0.52,undetermined,non-spinose,0
PS2887-1,,79.6,-4.6077,1411,North Atlantic,0.56,symbiont-barren,non-spinose,1
PS2887-1,,79.6,-4.6077,1411,North Atlantic,0.56,symbiont-barren,spinose,0
PS2887-1,,79.6,-4.6077,1411,North Atlantic,0.56,symbiont-bearing,non-spinose,0
PS2887-1,,79.6,-4.6077,1411,North Atlantic,0.56,symbiont-bearing,spinose,0
PS2887-1,,79.6,-4.6077,1411,North Atlantic,0.56,symbiont-facultative,non-spinose,0
PS2887-1,,79.6,-4.6077,1411,North Atlantic,0.56,symbiont-facultative,spinose,0
PS2887-1,,79.6,-4.6077,1411,North Atlantic,0.56,symbiont-obligate,spinose,0
PS2887-1,,79.6,-4.6077,1411,North Atlantic,0.56,undetermined,non-spinose,0
Q200,,-45.995,172.025,1370,Pacific,0.59,symbiont-barren,non-spinose,0
Q200,,-45.995,172.025,1370,Pacific,0.59,symbiont-barren,spinose,0
Q200,,-45.995,172.025,1370,Pacific,0.59,symbiont-bearing,non-spinose,0
Q200,,-45.995,172.025,1370,Pacific,0.59,symbiont-bearing,spinose,0
Q200,,-45.995,172.025,1370,Pacific,0.59,symbiont-facultative,non-spinose,0
Q200,,-45.995,172.025,1370,Pacific,0.59,symbiont-facultative,spinose,0
Q200,,-45.995,172.025,1370,Pacific,0.59,symbiont-obligate,spinose,0
Q200,,-45.995,172.025,1370,Pacific,0.59,undetermined,non-spinose,0
Q585,,-49.70333333,-177.99,4354,Pacific,0.73,symbiont-barren,non-spinose,0
Q585,,-49.70333333,-177.99,4354,Pacific,0.73,symbiont-barren,spinose,0
Q585,,-49.70333333,-177.99,4354,Pacific,0.73,symbiont-bearing,non-spinose,0
Q585,,-49.70333333,-177.99,4354,Pacific,0.73,symbiont-bearing,spinose,0
Q585,,-49.70333333,-177.99,4354,Pacific,0.73,symbiont-facultative,non-spinose,0
Q585,,-49.70333333,-177.99,4354,Pacific,0.73,symbiont-facultative,spinose,0
Q585,,-49.70333333,-177.99,4354,Pacific,0.73,symbiont-obligate,spinose,0
Q585,,-49.70333333,-177.99,4354,Pacific,0.73,undetermined,non-spinose,0
R657 (S),,-42.53333333,-178.4916667,1408,Pacific,0.5,symbiont-barren,non-spinose,0
R657 (S),,-42.53333333,-178.4916667,1408,Pacific,0.5,symbiont-barren,spinose,0
R657 (S),,-42.53333333,-178.4916667,1408,Pacific,0.5,symbiont-bearing,non-spinose,0
R657 (S),,-42.53333333,-178.4916667,1408,Pacific,0.5,symbiont-bearing,spinose,0
R657 (S),,-42.53333333,-178.4916667,1408,Pacific,0.5,symbiont-facultative,non-spinose,0
R657 (S),,-42.53333333,-178.4916667,1408,Pacific,0.5,symbiont-facultative,spinose,0
R657 (S),,-42.53333333,-178.4916667,1408,Pacific,0.5,symbiont-obligate,spinose,0
R657 (S),,-42.53333333,-178.4916667,1408,Pacific,0.5,undetermined,non-spinose,0
R657 (W),,-42.53333333,-178.4916667,1408,Pacific,0.5,symbiont-barren,non-spinose,0
R657 (W),,-42.53333333,-178.4916667,1408,Pacific,0.5,symbiont-barren,spinose,0
R657 (W),,-42.53333333,-178.4916667,1408,Pacific,0.5,symbiont-bearing,non-spinose,0
R657 (W),,-42.53333333,-178.4916667,1408,Pacific,0.5,symbiont-bearing,spinose,0
R657 (W),,-42.53333333,-178.4916667,1408,Pacific,0.5,symbiont-facultative,non-spinose,0
R657 (W),,-42.53333333,-178.4916667,1408,Pacific,0.5,symbiont-facultative,spinose,0
R657 (W),,-42.53333333,-178.4916667,1408,Pacific,0.5,symbiont-obligate,spinose,0
R657 (W),,-42.53333333,-178.4916667,1408,Pacific,0.5,undetermined,non-spinose,0
RC08-018,,-24.067,-15.117,3977,South Atlantic,20,symbiont-barren,non-spinose,0.0827067669172932
RC08-018,,-24.067,-15.117,3977,South Atlantic,20,symbiont-barren,spinose,0.0350877192982456
RC08-018,,-24.067,-15.117,3977,South Atlantic,20,symbiont-bearing,non-spinose,0
RC08-018,,-24.067,-15.117,3977,South Atlantic,20,symbiont-bearing,spinose,0.107769423558897
RC08-018,,-24.067,-15.117,3977,South Atlantic,20,symbiont-facultative,non-spinose,0.233082706766917
RC08-018,,-24.067,-15.117,3977,South Atlantic,20,symbiont-facultative,spinose,0
RC08-018,,-24.067,-15.117,3977,South Atlantic,20,symbiont-obligate,spinose,0.533834586466165
RC08-018,,-24.067,-15.117,3977,South Atlantic,20,undetermined,non-spinose,0
RC08-039,,-42.88333333,42.35,4330,Indian,0.7,symbiont-barren,non-spinose,0
RC08-039,,-42.88333333,42.35,4330,Indian,0.7,symbiont-barren,spinose,0
RC08-039,,-42.88333333,42.35,4330,Indian,0.7,symbiont-bearing,non-spinose,0
RC08-039,,-42.88333333,42.35,4330,Indian,0.7,symbiont-bearing,spinose,0
RC08-039,,-42.88333333,42.35,4330,Indian,0.7,symbiont-facultative,non-spinose,0
RC08-039,,-42.88333333,42.35,4330,Indian,0.7,symbiont-facultative,spinose,0
RC08-039,,-42.88333333,42.35,4330,Indian,0.7,symbiont-obligate,spinose,0
RC08-039,,-42.88333333,42.35,4330,Indian,0.7,undetermined,non-spinose,0
RC08-078,,-44.78333333,-175.7666667,1756,Pacific,0.5,symbiont-barren,non-spinose,0
RC08-078,,-44.78333333,-175.7666667,1756,Pacific,0.5,symbiont-barren,spinose,0
RC08-078,,-44.78333333,-175.7666667,1756,Pacific,0.5,symbiont-bearing,non-spinose,0
RC08-078,,-44.78333333,-175.7666667,1756,Pacific,0.5,symbiont-bearing,spinose,0
RC08-078,,-44.78333333,-175.7666667,1756,Pacific,0.5,symbiont-facultative,non-spinose,0
RC08-078,,-44.78333333,-175.7666667,1756,Pacific,0.5,symbiont-facultative,spinose,0
RC08-078,,-44.78333333,-175.7666667,1756,Pacific,0.5,symbiont-obligate,spinose,0
RC08-078,,-44.78333333,-175.7666667,1756,Pacific,0.5,undetermined,non-spinose,0
RC08-145,,33.569,-62.383,2743,North Atlantic,35,symbiont-barren,non-spinose,0.249350649350649
RC08-145,,33.569,-62.383,2743,North Atlantic,35,symbiont-barren,spinose,0.223376623376623
RC08-145,,33.569,-62.383,2743,North Atlantic,35,symbiont-bearing,non-spinose,0
RC08-145,,33.569,-62.383,2743,North Atlantic,35,symbiont-bearing,spinose,0.0207792207792208
RC08-145,,33.569,-62.383,2743,North Atlantic,35,symbiont-facultative,non-spinose,0.264935064935065
RC08-145,,33.569,-62.383,2743,North Atlantic,35,symbiont-facultative,spinose,0
RC08-145,,33.569,-62.383,2743,North Atlantic,35,symbiont-obligate,spinose,0.218181818181818
RC08-145,,33.569,-62.383,2743,North Atlantic,35,undetermined,non-spinose,0.0025974025974026
RC09-049,,11.184,-58.585,1851,North Atlantic,70,symbiont-barren,non-spinose,0.0746606334841629
RC09-049,,11.184,-58.585,1851,North Atlantic,70,symbiont-barren,spinose,0.0475113122171946
RC09-049,,11.184,-58.585,1851,North Atlantic,70,symbiont-bearing,non-spinose,0
RC09-049,,11.184,-58.585,1851,North Atlantic,70,symbiont-bearing,spinose,0.0384615384615385
RC09-049,,11.184,-58.585,1851,North Atlantic,70,symbiont-facultative,non-spinose,0.149321266968326
RC09-049,,11.184,-58.585,1851,North Atlantic,70,symbiont-facultative,spinose,0
RC09-049,,11.184,-58.585,1851,North Atlantic,70,symbiont-obligate,spinose,0.678733031674208
RC09-049,,11.184,-58.585,1851,North Atlantic,70,undetermined,non-spinose,0
RC09-049,,11.184,-58.585,1851,North Atlantic,85,symbiont-barren,non-spinose,0.0805369127516779
RC09-049,,11.184,-58.585,1851,North Atlantic,85,symbiont-barren,spinose,0.0771812080536913
RC09-049,,11.184,-58.585,1851,North Atlantic,85,symbiont-bearing,non-spinose,0
RC09-049,,11.184,-58.585,1851,North Atlantic,85,symbiont-bearing,spinose,0.0402684563758389
RC09-049,,11.184,-58.585,1851,North Atlantic,85,symbiont-facultative,non-spinose,0.167785234899329
RC09-049,,11.184,-58.585,1851,North Atlantic,85,symbiont-facultative,spinose,0
RC09-049,,11.184,-58.585,1851,North Atlantic,85,symbiont-obligate,spinose,0.61744966442953
RC09-049,,11.184,-58.585,1851,North Atlantic,85,undetermined,non-spinose,0.0100671140939597
RC09-148,,-29.68,113.7,2056,Indian,0.19,symbiont-barren,non-spinose,0
RC09-148,,-29.68,113.7,2056,Indian,0.19,symbiont-barren,spinose,0
RC09-148,,-29.68,113.7,2056,Indian,0.19,symbiont-bearing,non-spinose,0
RC09-148,,-29.68,113.7,2056,Indian,0.19,symbiont-bearing,spinose,0
RC09-148,,-29.68,113.7,2056,Indian,0.19,symbiont-facultative,non-spinose,0
RC09-148,,-29.68,113.7,2056,Indian,0.19,symbiont-facultative,spinose,0
RC09-148,,-29.68,113.7,2056,Indian,0.19,symbiont-obligate,spinose,0
RC09-148,,-29.68,113.7,2056,Indian,0.19,undetermined,non-spinose,0
RC09-150 (P),,-31.28333333,114.5516667,2703,Indian,0.8,symbiont-barren,non-spinose,0
RC09-150 (P),,-31.28333333,114.5516667,2703,Indian,0.8,symbiont-barren,spinose,0
RC09-150 (P),,-31.28333333,114.5516667,2703,Indian,0.8,symbiont-bearing,non-spinose,0
RC09-150 (P),,-31.28333333,114.5516667,2703,Indian,0.8,symbiont-bearing,spinose,0
RC09-150 (P),,-31.28333333,114.5516667,2703,Indian,0.8,symbiont-facultative,non-spinose,0
RC09-150 (P),,-31.28333333,114.5516667,2703,Indian,0.8,symbiont-facultative,spinose,0
RC09-150 (P),,-31.28333333,114.5516667,2703,Indian,0.8,symbiont-obligate,spinose,0
RC09-150 (P),,-31.28333333,114.5516667,2703,Indian,0.8,undetermined,non-spinose,0
RC09-150 (W),,-31.28333333,114.5516667,2703,Indian,0.9,symbiont-barren,non-spinose,0
RC09-150 (W),,-31.28333333,114.5516667,2703,Indian,0.9,symbiont-barren,spinose,0
RC09-150 (W),,-31.28333333,114.5516667,2703,Indian,0.9,symbiont-bearing,non-spinose,0
RC09-150 (W),,-31.28333333,114.5516667,2703,Indian,0.9,symbiont-bearing,spinose,0
RC09-150 (W),,-31.28333333,114.5516667,2703,Indian,0.9,symbiont-facultative,non-spinose,0
RC09-150 (W),,-31.28333333,114.5516667,2703,Indian,0.9,symbiont-facultative,spinose,0
RC09-150 (W),,-31.28333333,114.5516667,2703,Indian,0.9,symbiont-obligate,spinose,0
RC09-150 (W),,-31.28333333,114.5516667,2703,Indian,0.9,undetermined,non-spinose,0
RC09-161,,19.56833333,59.595,3332,Indian,1.6,symbiont-barren,non-spinose,0
RC09-161,,19.56833333,59.595,3332,Indian,1.6,symbiont-barren,spinose,0
RC09-161,,19.56833333,59.595,3332,Indian,1.6,symbiont-bearing,non-spinose,0
RC09-161,,19.56833333,59.595,3332,Indian,1.6,symbiont-bearing,spinose,0
RC09-161,,19.56833333,59.595,3332,Indian,1.6,symbiont-facultative,non-spinose,0
RC09-161,,19.56833333,59.595,3332,Indian,1.6,symbiont-facultative,spinose,0
RC09-161,,19.56833333,59.595,3332,Indian,1.6,symbiont-obligate,spinose,0
RC09-161,,19.56833333,59.595,3332,Indian,1.6,undetermined,non-spinose,0
RC09-162,,19.07666667,60.42166667,3092,Indian,0.5,symbiont-barren,non-spinose,0
RC09-162,,19.07666667,60.42166667,3092,Indian,0.5,symbiont-barren,spinose,0
RC09-162,,19.07666667,60.42166667,3092,Indian,0.5,symbiont-bearing,non-spinose,0
RC09-162,,19.07666667,60.42166667,3092,Indian,0.5,symbiont-bearing,spinose,0
RC09-162,,19.07666667,60.42166667,3092,Indian,0.5,symbiont-facultative,non-spinose,0
RC09-162,,19.07666667,60.42166667,3092,Indian,0.5,symbiont-facultative,spinose,0
RC09-162,,19.07666667,60.42166667,3092,Indian,0.5,symbiont-obligate,spinose,0
RC09-162,,19.07666667,60.42166667,3092,Indian,0.5,undetermined,non-spinose,0
RC09-225,,54.968,-15.385,2334,North Atlantic,135,symbiont-barren,non-spinose,0.965
RC09-225,,54.968,-15.385,2334,North Atlantic,135,symbiont-barren,spinose,0.015
RC09-225,,54.968,-15.385,2334,North Atlantic,135,symbiont-bearing,non-spinose,0
RC09-225,,54.968,-15.385,2334,North Atlantic,135,symbiont-bearing,spinose,0
RC09-225,,54.968,-15.385,2334,North Atlantic,135,symbiont-facultative,non-spinose,0.02
RC09-225,,54.968,-15.385,2334,North Atlantic,135,symbiont-facultative,spinose,0
RC09-225,,54.968,-15.385,2334,North Atlantic,135,symbiont-obligate,spinose,0
RC09-225,,54.968,-15.385,2334,North Atlantic,135,undetermined,non-spinose,0
RC10-050,,11.767,-81.086,2072,North Atlantic,100,symbiont-barren,non-spinose,0.0700636942675159
RC10-050,,11.767,-81.086,2072,North Atlantic,100,symbiont-barren,spinose,0.00636942675159236
RC10-050,,11.767,-81.086,2072,North Atlantic,100,symbiont-bearing,non-spinose,0
RC10-050,,11.767,-81.086,2072,North Atlantic,100,symbiont-bearing,spinose,0.0191082802547771
RC10-050,,11.767,-81.086,2072,North Atlantic,100,symbiont-facultative,non-spinose,0.213375796178344
RC10-050,,11.767,-81.086,2072,North Atlantic,100,symbiont-facultative,spinose,0
RC10-050,,11.767,-81.086,2072,North Atlantic,100,symbiont-obligate,spinose,0.687898089171975
RC10-050,,11.767,-81.086,2072,North Atlantic,100,undetermined,non-spinose,0
RC10-11,,-11.183,-162.917,,Pacific,20,symbiont-barren,non-spinose,0.00411099691675231
RC10-11,,-11.183,-162.917,,Pacific,20,symbiont-barren,spinose,0.0102774922918808
RC10-11,,-11.183,-162.917,,Pacific,20,symbiont-bearing,non-spinose,0
RC10-11,,-11.183,-162.917,,Pacific,20,symbiont-bearing,spinose,0.065775950668037
RC10-11,,-11.183,-162.917,,Pacific,20,symbiont-facultative,non-spinose,0.350462487153135
RC10-11,,-11.183,-162.917,,Pacific,20,symbiont-facultative,spinose,0
RC10-11,,-11.183,-162.917,,Pacific,20,symbiont-obligate,spinose,0.564234326824255
RC10-11,,-11.183,-162.917,,Pacific,20,undetermined,non-spinose,0
RC10-131,,-14.53,157.97,2933,Pacific,0.3,symbiont-barren,non-spinose,0
RC10-131,,-14.53,157.97,2933,Pacific,0.3,symbiont-barren,spinose,0
RC10-131,,-14.53,157.97,2933,Pacific,0.3,symbiont-bearing,non-spinose,0
RC10-131,,-14.53,157.97,2933,Pacific,0.3,symbiont-bearing,spinose,0
RC10-131,,-14.53,157.97,2933,Pacific,0.3,symbiont-facultative,non-spinose,0
RC10-131,,-14.53,157.97,2933,Pacific,0.3,symbiont-facultative,spinose,0
RC10-131,,-14.53,157.97,2933,Pacific,0.3,symbiont-obligate,spinose,0
RC10-131,,-14.53,157.97,2933,Pacific,0.3,undetermined,non-spinose,0
RC10-16,,33.083,158,,Pacific,9,symbiont-barren,non-spinose,0.2
RC10-16,,33.083,158,,Pacific,9,symbiont-barren,spinose,0.120481927710843
RC10-16,,33.083,158,,Pacific,9,symbiont-bearing,non-spinose,0
RC10-16,,33.083,158,,Pacific,9,symbiont-bearing,spinose,0
RC10-16,,33.083,158,,Pacific,9,symbiont-facultative,non-spinose,0.624096385542169
RC10-16,,33.083,158,,Pacific,9,symbiont-facultative,spinose,0
RC10-16,,33.083,158,,Pacific,9,symbiont-obligate,spinose,0.0530120481927711
RC10-16,,33.083,158,,Pacific,9,undetermined,non-spinose,0.00240963855421687
RC10-62,,3.333,-101.717,,Pacific,51,symbiont-barren,non-spinose,0.0565217391304348
RC10-62,,3.333,-101.717,,Pacific,51,symbiont-barren,spinose,0.0434782608695652
RC10-62,,3.333,-101.717,,Pacific,51,symbiont-bearing,non-spinose,0
RC10-62,,3.333,-101.717,,Pacific,51,symbiont-bearing,spinose,0.0130434782608696
RC10-62,,3.333,-101.717,,Pacific,51,symbiont-facultative,non-spinose,0.760869565217391
RC10-62,,3.333,-101.717,,Pacific,51,symbiont-facultative,spinose,0
RC10-62,,3.333,-101.717,,Pacific,51,symbiont-obligate,spinose,0.126086956521739
RC10-62,,3.333,-101.717,,Pacific,51,undetermined,non-spinose,0
RC10-97,,0.917,-134.317,,Pacific,44,symbiont-barren,non-spinose,0.286792452830189
RC10-97,,0.917,-134.317,,Pacific,44,symbiont-barren,spinose,0.0289308176100629
RC10-97,,0.917,-134.317,,Pacific,44,symbiont-bearing,non-spinose,0
RC10-97,,0.917,-134.317,,Pacific,44,symbiont-bearing,spinose,0
RC10-97,,0.917,-134.317,,Pacific,44,symbiont-facultative,non-spinose,0.623899371069182
RC10-97,,0.917,-134.317,,Pacific,44,symbiont-facultative,spinose,0
RC10-97,,0.917,-134.317,,Pacific,44,symbiont-obligate,spinose,0.0389937106918239
RC10-97,,0.917,-134.317,,Pacific,44,undetermined,non-spinose,0.0213836477987421
RC11-021,,-17.252,-35.967,4021,South Atlantic,30,symbiont-barren,non-spinose,0.0231958762886598
RC11-021,,-17.252,-35.967,4021,South Atlantic,30,symbiont-barren,spinose,0.0077319587628866
RC11-021,,-17.252,-35.967,4021,South Atlantic,30,symbiont-bearing,non-spinose,0
RC11-021,,-17.252,-35.967,4021,South Atlantic,30,symbiont-bearing,spinose,0.0283505154639175
RC11-021,,-17.252,-35.967,4021,South Atlantic,30,symbiont-facultative,non-spinose,0.170103092783505
RC11-021,,-17.252,-35.967,4021,South Atlantic,30,symbiont-facultative,spinose,0
RC11-021,,-17.252,-35.967,4021,South Atlantic,30,symbiont-obligate,spinose,0.742268041237113
RC11-021,,-17.252,-35.967,4021,South Atlantic,30,undetermined,non-spinose,0
RC11-026,,-28.583,-30.051,2349,South Atlantic,30,symbiont-barren,non-spinose,0.171912832929782
RC11-026,,-28.583,-30.051,2349,South Atlantic,30,symbiont-barren,spinose,0.036319612590799
RC11-026,,-28.583,-30.051,2349,South Atlantic,30,symbiont-bearing,non-spinose,0
RC11-026,,-28.583,-30.051,2349,South Atlantic,30,symbiont-bearing,spinose,0.0338983050847458
RC11-026,,-28.583,-30.051,2349,South Atlantic,30,symbiont-facultative,non-spinose,0.150121065375303
RC11-026,,-28.583,-30.051,2349,South Atlantic,30,symbiont-facultative,spinose,0
RC11-026,,-28.583,-30.051,2349,South Atlantic,30,symbiont-obligate,spinose,0.583535108958838
RC11-026,,-28.583,-30.051,2349,South Atlantic,30,undetermined,non-spinose,0
RC11-086,,-35.78,18.45,2829,South Atlantic,45,symbiont-barren,non-spinose,0.538461538461538
RC11-086,,-35.78,18.45,2829,South Atlantic,45,symbiont-barren,spinose,0.0817307692307692
RC11-086,,-35.78,18.45,2829,South Atlantic,45,symbiont-bearing,non-spinose,0
RC11-086,,-35.78,18.45,2829,South Atlantic,45,symbiont-bearing,spinose,0.00480769230769231
RC11-086,,-35.78,18.45,2829,South Atlantic,45,symbiont-facultative,non-spinose,0.247596153846154
RC11-086,,-35.78,18.45,2829,South Atlantic,45,symbiont-facultative,spinose,0
RC11-086,,-35.78,18.45,2829,South Atlantic,45,symbiont-obligate,spinose,0.0961538461538461
RC11-086,,-35.78,18.45,2829,South Atlantic,45,undetermined,non-spinose,0
RC11-120,,-43.51666667,79.86666667,3193,Indian,0.74,symbiont-barren,non-spinose,0
RC11-120,,-43.51666667,79.86666667,3193,Indian,0.74,symbiont-barren,spinose,0
RC11-120,,-43.51666667,79.86666667,3193,Indian,0.74,symbiont-bearing,non-spinose,0
RC11-120,,-43.51666667,79.86666667,3193,Indian,0.74,symbiont-bearing,spinose,0
RC11-120,,-43.51666667,79.86666667,3193,Indian,0.74,symbiont-facultative,non-spinose,0
RC11-120,,-43.51666667,79.86666667,3193,Indian,0.74,symbiont-facultative,spinose,0
RC11-120,,-43.51666667,79.86666667,3193,Indian,0.74,symbiont-obligate,spinose,0
RC11-120,,-43.51666667,79.86666667,3193,Indian,0.74,undetermined,non-spinose,0
RC11-121,,-39.71666667,82.25,3426,Indian,0.4,symbiont-barren,non-spinose,0
RC11-121,,-39.71666667,82.25,3426,Indian,0.4,symbiont-barren,spinose,0
RC11-121,,-39.71666667,82.25,3426,Indian,0.4,symbiont-bearing,non-spinose,0
RC11-121,,-39.71666667,82.25,3426,Indian,0.4,symbiont-bearing,spinose,0
RC11-121,,-39.71666667,82.25,3426,Indian,0.4,symbiont-facultative,non-spinose,0
RC11-121,,-39.71666667,82.25,3426,Indian,0.4,symbiont-facultative,spinose,0
RC11-121,,-39.71666667,82.25,3426,Indian,0.4,symbiont-obligate,spinose,0
RC11-121,,-39.71666667,82.25,3426,Indian,0.4,undetermined,non-spinose,0
RC11-126,,-30.06666667,94.41666667,2336,Indian,0.2,symbiont-barren,non-spinose,0
RC11-126,,-30.06666667,94.41666667,2336,Indian,0.2,symbiont-barren,spinose,0
RC11-126,,-30.06666667,94.41666667,2336,Indian,0.2,symbiont-bearing,non-spinose,0
RC11-126,,-30.06666667,94.41666667,2336,Indian,0.2,symbiont-bearing,spinose,0
RC11-126,,-30.06666667,94.41666667,2336,Indian,0.2,symbiont-facultative,non-spinose,0
RC11-126,,-30.06666667,94.41666667,2336,Indian,0.2,symbiont-facultative,spinose,0
RC11-126,,-30.06666667,94.41666667,2336,Indian,0.2,symbiont-obligate,spinose,0
RC11-126,,-30.06666667,94.41666667,2336,Indian,0.2,undetermined,non-spinose,0
RC11-134,,-33.06666667,110.55,2345,Indian,0.1,symbiont-barren,non-spinose,0
RC11-134,,-33.06666667,110.55,2345,Indian,0.1,symbiont-barren,spinose,0
RC11-134,,-33.06666667,110.55,2345,Indian,0.1,symbiont-bearing,non-spinose,0
RC11-134,,-33.06666667,110.55,2345,Indian,0.1,symbiont-bearing,spinose,0
RC11-134,,-33.06666667,110.55,2345,Indian,0.1,symbiont-facultative,non-spinose,0
RC11-134,,-33.06666667,110.55,2345,Indian,0.1,symbiont-facultative,spinose,0
RC11-134,,-33.06666667,110.55,2345,Indian,0.1,symbiont-obligate,spinose,0
RC11-134,,-33.06666667,110.55,2345,Indian,0.1,undetermined,non-spinose,0
RC11-145,,-25.48333333,110.0166667,3911,Indian,0.29,symbiont-barren,non-spinose,0
RC11-145,,-25.48333333,110.0166667,3911,Indian,0.29,symbiont-barren,spinose,0
RC11-145,,-25.48333333,110.0166667,3911,Indian,0.29,symbiont-bearing,non-spinose,0
RC11-145,,-25.48333333,110.0166667,3911,Indian,0.29,symbiont-bearing,spinose,0
RC11-145,,-25.48333333,110.0166667,3911,Indian,0.29,symbiont-facultative,non-spinose,0
RC11-145,,-25.48333333,110.0166667,3911,Indian,0.29,symbiont-facultative,spinose,0
RC11-145,,-25.48333333,110.0166667,3911,Indian,0.29,symbiont-obligate,spinose,0
RC11-145,,-25.48333333,110.0166667,3911,Indian,0.29,undetermined,non-spinose,0
RC11-147,,-19.05833333,112.75,1953,Indian,0.6,symbiont-barren,non-spinose,0
RC11-147,,-19.05833333,112.75,1953,Indian,0.6,symbiont-barren,spinose,0
RC11-147,,-19.05833333,112.75,1953,Indian,0.6,symbiont-bearing,non-spinose,0
RC11-147,,-19.05833333,112.75,1953,Indian,0.6,symbiont-bearing,spinose,0
RC11-147,,-19.05833333,112.75,1953,Indian,0.6,symbiont-facultative,non-spinose,0
RC11-147,,-19.05833333,112.75,1953,Indian,0.6,symbiont-facultative,spinose,0
RC11-147,,-19.05833333,112.75,1953,Indian,0.6,symbiont-obligate,spinose,0
RC11-147,,-19.05833333,112.75,1953,Indian,0.6,undetermined,non-spinose,0
RC11-210,,1.817,-140.05,,Pacific,40,symbiont-barren,non-spinose,0.381625441696113
RC11-210,,1.817,-140.05,,Pacific,40,symbiont-barren,spinose,0.0353356890459364
RC11-210,,1.817,-140.05,,Pacific,40,symbiont-bearing,non-spinose,0
RC11-210,,1.817,-140.05,,Pacific,40,symbiont-bearing,spinose,0.0141342756183746
RC11-210,,1.817,-140.05,,Pacific,40,symbiont-facultative,non-spinose,0.477031802120141
RC11-210,,1.817,-140.05,,Pacific,40,symbiont-facultative,spinose,0
RC11-210,,1.817,-140.05,,Pacific,40,symbiont-obligate,spinose,0.0671378091872792
RC11-210,,1.817,-140.05,,Pacific,40,undetermined,non-spinose,0.0141342756183746
RC11-213,,-6.133,-140.85,,Pacific,15,symbiont-barren,non-spinose,0.0542857142857143
RC11-213,,-6.133,-140.85,,Pacific,15,symbiont-barren,spinose,0.0857142857142857
RC11-213,,-6.133,-140.85,,Pacific,15,symbiont-bearing,non-spinose,0
RC11-213,,-6.133,-140.85,,Pacific,15,symbiont-bearing,spinose,0.0642857142857143
RC11-213,,-6.133,-140.85,,Pacific,15,symbiont-facultative,non-spinose,0.412857142857143
RC11-213,,-6.133,-140.85,,Pacific,15,symbiont-facultative,spinose,0.00142857142857143
RC11-213,,-6.133,-140.85,,Pacific,15,symbiont-obligate,spinose,0.284285714285714
RC11-213,,-6.133,-140.85,,Pacific,15,undetermined,non-spinose,0.0728571428571429
RC11-22,,-14.817,-139.967,,Pacific,30,symbiont-barren,non-spinose,0.022
RC11-22,,-14.817,-139.967,,Pacific,30,symbiont-barren,spinose,0.017
RC11-22,,-14.817,-139.967,,Pacific,30,symbiont-bearing,non-spinose,0
RC11-22,,-14.817,-139.967,,Pacific,30,symbiont-bearing,spinose,0.094
RC11-22,,-14.817,-139.967,,Pacific,30,symbiont-facultative,non-spinose,0.29
RC11-22,,-14.817,-139.967,,Pacific,30,symbiont-facultative,spinose,0.002
RC11-22,,-14.817,-139.967,,Pacific,30,symbiont-obligate,spinose,0.553
RC11-22,,-14.817,-139.967,,Pacific,30,undetermined,non-spinose,0.015
RC11-23,,-8.8,-110.8,,Pacific,45,symbiont-barren,non-spinose,0.153846153846154
RC11-23,,-8.8,-110.8,,Pacific,45,symbiont-barren,spinose,0.0727272727272727
RC11-23,,-8.8,-110.8,,Pacific,45,symbiont-bearing,non-spinose,0
RC11-23,,-8.8,-110.8,,Pacific,45,symbiont-bearing,spinose,0.00559440559440559
RC11-23,,-8.8,-110.8,,Pacific,45,symbiont-facultative,non-spinose,0.478321678321678
RC11-23,,-8.8,-110.8,,Pacific,45,symbiont-facultative,spinose,0.0041958041958042
RC11-23,,-8.8,-110.8,,Pacific,45,symbiont-obligate,spinose,0.239160839160839
RC11-23,,-8.8,-110.8,,Pacific,45,undetermined,non-spinose,0.0307692307692308
RC11-86,,-35.78,18.45,2829,South Atlantic,0.4,symbiont-barren,non-spinose,0.646
RC11-86,,-35.78,18.45,2829,South Atlantic,0.4,symbiont-barren,spinose,0.132
RC11-86,,-35.78,18.45,2829,South Atlantic,0.4,symbiont-bearing,non-spinose,0
RC11-86,,-35.78,18.45,2829,South Atlantic,0.4,symbiont-bearing,spinose,0
RC11-86,,-35.78,18.45,2829,South Atlantic,0.4,symbiont-facultative,non-spinose,0.174
RC11-86,,-35.78,18.45,2829,South Atlantic,0.4,symbiont-facultative,spinose,0
RC11-86,,-35.78,18.45,2829,South Atlantic,0.4,symbiont-obligate,spinose,0.045
RC11-86,,-35.78,18.45,2829,South Atlantic,0.4,undetermined,non-spinose,0
RC11-86,,-35.78,18.45,2829,South Atlantic,0.5,symbiont-barren,non-spinose,0.6
RC11-86,,-35.78,18.45,2829,South Atlantic,0.5,symbiont-barren,spinose,0.125
RC11-86,,-35.78,18.45,2829,South Atlantic,0.5,symbiont-bearing,non-spinose,0
RC11-86,,-35.78,18.45,2829,South Atlantic,0.5,symbiont-bearing,spinose,0.007
RC11-86,,-35.78,18.45,2829,South Atlantic,0.5,symbiont-facultative,non-spinose,0.23
RC11-86,,-35.78,18.45,2829,South Atlantic,0.5,symbiont-facultative,spinose,0.003
RC11-86,,-35.78,18.45,2829,South Atlantic,0.5,symbiont-obligate,spinose,0.034
RC11-86,,-35.78,18.45,2829,South Atlantic,0.5,undetermined,non-spinose,0
RC12-10,,-26,169.2,,Pacific,40,symbiont-barren,non-spinose,0.114239742558327
RC12-10,,-26,169.2,,Pacific,40,symbiont-barren,spinose,0.085277554304103
RC12-10,,-26,169.2,,Pacific,40,symbiont-bearing,non-spinose,0
RC12-10,,-26,169.2,,Pacific,40,symbiont-bearing,spinose,0.0080450522928399
RC12-10,,-26,169.2,,Pacific,40,symbiont-facultative,non-spinose,0.274336283185841
RC12-10,,-26,169.2,,Pacific,40,symbiont-facultative,spinose,0
RC12-10,,-26,169.2,,Pacific,40,symbiont-obligate,spinose,0.514883346741754
RC12-10,,-26,169.2,,Pacific,40,undetermined,non-spinose,0
RC12-109,,-25.88333333,157.8666667,2930,Pacific,0.4,symbiont-barren,non-spinose,0
RC12-109,,-25.88333333,157.8666667,2930,Pacific,0.4,symbiont-barren,spinose,0
RC12-109,,-25.88333333,157.8666667,2930,Pacific,0.4,symbiont-bearing,non-spinose,0
RC12-109,,-25.88333333,157.8666667,2930,Pacific,0.4,symbiont-bearing,spinose,0
RC12-109,,-25.88333333,157.8666667,2930,Pacific,0.4,symbiont-facultative,non-spinose,0
RC12-109,,-25.88333333,157.8666667,2930,Pacific,0.4,symbiont-facultative,spinose,0
RC12-109,,-25.88333333,157.8666667,2930,Pacific,0.4,symbiont-obligate,spinose,0
RC12-109,,-25.88333333,157.8666667,2930,Pacific,0.4,undetermined,non-spinose,0
RC12-113 (A),,-24.88,163.52,2454,Pacific,0.5,symbiont-barren,non-spinose,0
RC12-113 (A),,-24.88,163.52,2454,Pacific,0.5,symbiont-barren,spinose,0
RC12-113 (A),,-24.88,163.52,2454,Pacific,0.5,symbiont-bearing,non-spinose,0
RC12-113 (A),,-24.88,163.52,2454,Pacific,0.5,symbiont-bearing,spinose,0
RC12-113 (A),,-24.88,163.52,2454,Pacific,0.5,symbiont-facultative,non-spinose,0
RC12-113 (A),,-24.88,163.52,2454,Pacific,0.5,symbiont-facultative,spinose,0
RC12-113 (A),,-24.88,163.52,2454,Pacific,0.5,symbiont-obligate,spinose,0
RC12-113 (A),,-24.88,163.52,2454,Pacific,0.5,undetermined,non-spinose,0
RC12-113 (M),,-24.88,163.52,2454,Pacific,0.4,symbiont-barren,non-spinose,0.0458
RC12-113 (M),,-24.88,163.52,2454,Pacific,0.4,symbiont-barren,spinose,0.0817
RC12-113 (M),,-24.88,163.52,2454,Pacific,0.4,symbiont-bearing,non-spinose,0
RC12-113 (M),,-24.88,163.52,2454,Pacific,0.4,symbiont-bearing,spinose,0.0361
RC12-113 (M),,-24.88,163.52,2454,Pacific,0.4,symbiont-facultative,non-spinose,0.2548
RC12-113 (M),,-24.88,163.52,2454,Pacific,0.4,symbiont-facultative,spinose,0
RC12-113 (M),,-24.88,163.52,2454,Pacific,0.4,symbiont-obligate,spinose,0.5393
RC12-113 (M),,-24.88,163.52,2454,Pacific,0.4,undetermined,non-spinose,0
RC12-234,,-55.135,-63.985,2027,South Atlantic,70,symbiont-barren,non-spinose,0.885117493472585
RC12-234,,-55.135,-63.985,2027,South Atlantic,70,symbiont-barren,spinose,0.0913838120104439
RC12-234,,-55.135,-63.985,2027,South Atlantic,70,symbiont-bearing,non-spinose,0
RC12-234,,-55.135,-63.985,2027,South Atlantic,70,symbiont-bearing,spinose,0
RC12-234,,-55.135,-63.985,2027,South Atlantic,70,symbiont-facultative,non-spinose,0.0130548302872063
RC12-234,,-55.135,-63.985,2027,South Atlantic,70,symbiont-facultative,spinose,0
RC12-234,,-55.135,-63.985,2027,South Atlantic,70,symbiont-obligate,spinose,0
RC12-234,,-55.135,-63.985,2027,South Atlantic,70,undetermined,non-spinose,0
RC12-241,,-43.467,-57.651,3499,South Atlantic,70,symbiont-barren,non-spinose,0.375722543352601
RC12-241,,-43.467,-57.651,3499,South Atlantic,70,symbiont-barren,spinose,0.326589595375723
RC12-241,,-43.467,-57.651,3499,South Atlantic,70,symbiont-bearing,non-spinose,0
RC12-241,,-43.467,-57.651,3499,South Atlantic,70,symbiont-bearing,spinose,0
RC12-241,,-43.467,-57.651,3499,South Atlantic,70,symbiont-facultative,non-spinose,0.257225433526012
RC12-241,,-43.467,-57.651,3499,South Atlantic,70,symbiont-facultative,spinose,0
RC12-241,,-43.467,-57.651,3499,South Atlantic,70,symbiont-obligate,spinose,0
RC12-241,,-43.467,-57.651,3499,South Atlantic,70,undetermined,non-spinose,0
RC12-267,,-38.68,-25.78,4144,South Atlantic,0.73,symbiont-barren,non-spinose,0.576
RC12-267,,-38.68,-25.78,4144,South Atlantic,0.73,symbiont-barren,spinose,0.042
RC12-267,,-38.68,-25.78,4144,South Atlantic,0.73,symbiont-bearing,non-spinose,0
RC12-267,,-38.68,-25.78,4144,South Atlantic,0.73,symbiont-bearing,spinose,0
RC12-267,,-38.68,-25.78,4144,South Atlantic,0.73,symbiont-facultative,non-spinose,0.379
RC12-267,,-38.68,-25.78,4144,South Atlantic,0.73,symbiont-facultative,spinose,0
RC12-267,,-38.68,-25.78,4144,South Atlantic,0.73,symbiont-obligate,spinose,0.004
RC12-267,,-38.68,-25.78,4144,South Atlantic,0.73,undetermined,non-spinose,0
RC12-291,,-42.584,-17.8,3508,South Atlantic,80,symbiont-barren,non-spinose,0.512422360248447
RC12-291,,-42.584,-17.8,3508,South Atlantic,80,symbiont-barren,spinose,0.229813664596273
RC12-291,,-42.584,-17.8,3508,South Atlantic,80,symbiont-bearing,non-spinose,0
RC12-291,,-42.584,-17.8,3508,South Atlantic,80,symbiont-bearing,spinose,0
RC12-291,,-42.584,-17.8,3508,South Atlantic,80,symbiont-facultative,non-spinose,0.226708074534162
RC12-291,,-42.584,-17.8,3508,South Atlantic,80,symbiont-facultative,spinose,0
RC12-291,,-42.584,-17.8,3508,South Atlantic,80,symbiont-obligate,spinose,0.0062111801242236
RC12-291,,-42.584,-17.8,3508,South Atlantic,80,undetermined,non-spinose,0
RC12-294,,-37.27,-10.1,3308,South Atlantic,0.4,symbiont-barren,non-spinose,0.383
RC12-294,,-37.27,-10.1,3308,South Atlantic,0.4,symbiont-barren,spinose,0.452
RC12-294,,-37.27,-10.1,3308,South Atlantic,0.4,symbiont-bearing,non-spinose,0
RC12-294,,-37.27,-10.1,3308,South Atlantic,0.4,symbiont-bearing,spinose,0
RC12-294,,-37.27,-10.1,3308,South Atlantic,0.4,symbiont-facultative,non-spinose,0.15
RC12-294,,-37.27,-10.1,3308,South Atlantic,0.4,symbiont-facultative,spinose,0
RC12-294,,-37.27,-10.1,3308,South Atlantic,0.4,symbiont-obligate,spinose,0.016
RC12-294,,-37.27,-10.1,3308,South Atlantic,0.4,undetermined,non-spinose,0
RC12-294,,-37.27,-10.1,3308,South Atlantic,0.45,symbiont-barren,non-spinose,0.312
RC12-294,,-37.27,-10.1,3308,South Atlantic,0.45,symbiont-barren,spinose,0.498
RC12-294,,-37.27,-10.1,3308,South Atlantic,0.45,symbiont-bearing,non-spinose,0
RC12-294,,-37.27,-10.1,3308,South Atlantic,0.45,symbiont-bearing,spinose,0
RC12-294,,-37.27,-10.1,3308,South Atlantic,0.45,symbiont-facultative,non-spinose,0.183
RC12-294,,-37.27,-10.1,3308,South Atlantic,0.45,symbiont-facultative,spinose,0
RC12-294,,-37.27,-10.1,3308,South Atlantic,0.45,symbiont-obligate,spinose,0.006
RC12-294,,-37.27,-10.1,3308,South Atlantic,0.45,undetermined,non-spinose,0
RC12-294,,-37.27,-10.1,3308,South Atlantic,0.46,symbiont-barren,non-spinose,0.451
RC12-294,,-37.27,-10.1,3308,South Atlantic,0.46,symbiont-barren,spinose,0.403
RC12-294,,-37.27,-10.1,3308,South Atlantic,0.46,symbiont-bearing,non-spinose,0
RC12-294,,-37.27,-10.1,3308,South Atlantic,0.46,symbiont-bearing,spinose,0
RC12-294,,-37.27,-10.1,3308,South Atlantic,0.46,symbiont-facultative,non-spinose,0.14
RC12-294,,-37.27,-10.1,3308,South Atlantic,0.46,symbiont-facultative,spinose,0
RC12-294,,-37.27,-10.1,3308,South Atlantic,0.46,symbiont-obligate,spinose,0.006
RC12-294,,-37.27,-10.1,3308,South Atlantic,0.46,undetermined,non-spinose,0
RC12-294,,-37.27,-10.1,3308,South Atlantic,0.48,symbiont-barren,non-spinose,0.495
RC12-294,,-37.27,-10.1,3308,South Atlantic,0.48,symbiont-barren,spinose,0.359
RC12-294,,-37.27,-10.1,3308,South Atlantic,0.48,symbiont-bearing,non-spinose,0
RC12-294,,-37.27,-10.1,3308,South Atlantic,0.48,symbiont-bearing,spinose,0
RC12-294,,-37.27,-10.1,3308,South Atlantic,0.48,symbiont-facultative,non-spinose,0.143
RC12-294,,-37.27,-10.1,3308,South Atlantic,0.48,symbiont-facultative,spinose,0.001
RC12-294,,-37.27,-10.1,3308,South Atlantic,0.48,symbiont-obligate,spinose,0.002
RC12-294,,-37.27,-10.1,3308,South Atlantic,0.48,undetermined,non-spinose,0
RC12-294,,-37.27,-10.1,3308,South Atlantic,0.5,symbiont-barren,non-spinose,0.372
RC12-294,,-37.27,-10.1,3308,South Atlantic,0.5,symbiont-barren,spinose,0.428
RC12-294,,-37.27,-10.1,3308,South Atlantic,0.5,symbiont-bearing,non-spinose,0
RC12-294,,-37.27,-10.1,3308,South Atlantic,0.5,symbiont-bearing,spinose,0
RC12-294,,-37.27,-10.1,3308,South Atlantic,0.5,symbiont-facultative,non-spinose,0.166
RC12-294,,-37.27,-10.1,3308,South Atlantic,0.5,symbiont-facultative,spinose,0
RC12-294,,-37.27,-10.1,3308,South Atlantic,0.5,symbiont-obligate,spinose,0.035
RC12-294,,-37.27,-10.1,3308,South Atlantic,0.5,undetermined,non-spinose,0
RC12-294,,-37.27,-10.1,3308,South Atlantic,0.53,symbiont-barren,non-spinose,0.433
RC12-294,,-37.27,-10.1,3308,South Atlantic,0.53,symbiont-barren,spinose,0.386
RC12-294,,-37.27,-10.1,3308,South Atlantic,0.53,symbiont-bearing,non-spinose,0.001
RC12-294,,-37.27,-10.1,3308,South Atlantic,0.53,symbiont-bearing,spinose,0
RC12-294,,-37.27,-10.1,3308,South Atlantic,0.53,symbiont-facultative,non-spinose,0.169
RC12-294,,-37.27,-10.1,3308,South Atlantic,0.53,symbiont-facultative,spinose,0
RC12-294,,-37.27,-10.1,3308,South Atlantic,0.53,symbiont-obligate,spinose,0.009
RC12-294,,-37.27,-10.1,3308,South Atlantic,0.53,undetermined,non-spinose,0
RC12-294,,-37.27,-10.1,3308,South Atlantic,0.55,symbiont-barren,non-spinose,0.262
RC12-294,,-37.27,-10.1,3308,South Atlantic,0.55,symbiont-barren,spinose,0.521
RC12-294,,-37.27,-10.1,3308,South Atlantic,0.55,symbiont-bearing,non-spinose,0
RC12-294,,-37.27,-10.1,3308,South Atlantic,0.55,symbiont-bearing,spinose,0
RC12-294,,-37.27,-10.1,3308,South Atlantic,0.55,symbiont-facultative,non-spinose,0.211
RC12-294,,-37.27,-10.1,3308,South Atlantic,0.55,symbiont-facultative,spinose,0
RC12-294,,-37.27,-10.1,3308,South Atlantic,0.55,symbiont-obligate,spinose,0.006
RC12-294,,-37.27,-10.1,3308,South Atlantic,0.55,undetermined,non-spinose,0
RC12-328,,-3.95,60.6,3087,Indian,0.3,symbiont-barren,non-spinose,0.07
RC12-328,,-3.95,60.6,3087,Indian,0.3,symbiont-barren,spinose,0.07
RC12-328,,-3.95,60.6,3087,Indian,0.3,symbiont-bearing,non-spinose,0
RC12-328,,-3.95,60.6,3087,Indian,0.3,symbiont-bearing,spinose,0.03
RC12-328,,-3.95,60.6,3087,Indian,0.3,symbiont-facultative,non-spinose,0.327
RC12-328,,-3.95,60.6,3087,Indian,0.3,symbiont-facultative,spinose,0
RC12-328,,-3.95,60.6,3087,Indian,0.3,symbiont-obligate,spinose,0.495
RC12-328,,-3.95,60.6,3087,Indian,0.3,undetermined,non-spinose,0.006
RC12-339,,9.133333333,90.03333333,3010,Indian,0.7,symbiont-barren,non-spinose,0
RC12-339,,9.133333333,90.03333333,3010,Indian,0.7,symbiont-barren,spinose,0
RC12-339,,9.133333333,90.03333333,3010,Indian,0.7,symbiont-bearing,non-spinose,0
RC12-339,,9.133333333,90.03333333,3010,Indian,0.7,symbiont-bearing,spinose,0
RC12-339,,9.133333333,90.03333333,3010,Indian,0.7,symbiont-facultative,non-spinose,0
RC12-339,,9.133333333,90.03333333,3010,Indian,0.7,symbiont-facultative,spinose,0
RC12-339,,9.133333333,90.03333333,3010,Indian,0.7,symbiont-obligate,spinose,0
RC12-339,,9.133333333,90.03333333,3010,Indian,0.7,undetermined,non-spinose,0
RC12-340,,12.7,90.017,3012,Indian,0.7,symbiont-barren,non-spinose,0.027
RC12-340,,12.7,90.017,3012,Indian,0.7,symbiont-barren,spinose,0.022
RC12-340,,12.7,90.017,3012,Indian,0.7,symbiont-bearing,non-spinose,0
RC12-340,,12.7,90.017,3012,Indian,0.7,symbiont-bearing,spinose,0.098
RC12-340,,12.7,90.017,3012,Indian,0.7,symbiont-facultative,non-spinose,0.441
RC12-340,,12.7,90.017,3012,Indian,0.7,symbiont-facultative,spinose,0
RC12-340,,12.7,90.017,3012,Indian,0.7,symbiont-obligate,spinose,0.401
RC12-340,,12.7,90.017,3012,Indian,0.7,undetermined,non-spinose,0.01
RC12-341,,13.05,89.583,2988,Indian,0.6,symbiont-barren,non-spinose,0.043
RC12-341,,13.05,89.583,2988,Indian,0.6,symbiont-barren,spinose,0.032
RC12-341,,13.05,89.583,2988,Indian,0.6,symbiont-bearing,non-spinose,0
RC12-341,,13.05,89.583,2988,Indian,0.6,symbiont-bearing,spinose,0.145
RC12-341,,13.05,89.583,2988,Indian,0.6,symbiont-facultative,non-spinose,0.44
RC12-341,,13.05,89.583,2988,Indian,0.6,symbiont-facultative,spinose,0
RC12-341,,13.05,89.583,2988,Indian,0.6,symbiont-obligate,spinose,0.323
RC12-341,,13.05,89.583,2988,Indian,0.6,undetermined,non-spinose,0.017
RC12-343,,15.167,90.567,2666,Indian,0.6,symbiont-barren,non-spinose,0.009
RC12-343,,15.167,90.567,2666,Indian,0.6,symbiont-barren,spinose,0.033
RC12-343,,15.167,90.567,2666,Indian,0.6,symbiont-bearing,non-spinose,0
RC12-343,,15.167,90.567,2666,Indian,0.6,symbiont-bearing,spinose,0.085
RC12-343,,15.167,90.567,2666,Indian,0.6,symbiont-facultative,non-spinose,0.516
RC12-343,,15.167,90.567,2666,Indian,0.6,symbiont-facultative,spinose,0
RC12-343,,15.167,90.567,2666,Indian,0.6,symbiont-obligate,spinose,0.351
RC12-343,,15.167,90.567,2666,Indian,0.6,undetermined,non-spinose,0.006
RC12-344,,12.767,96.067,2140,Indian,2.9,symbiont-barren,non-spinose,0.025
RC12-344,,12.767,96.067,2140,Indian,2.9,symbiont-barren,spinose,0.063
RC12-344,,12.767,96.067,2140,Indian,2.9,symbiont-bearing,non-spinose,0
RC12-344,,12.767,96.067,2140,Indian,2.9,symbiont-bearing,spinose,0.078
RC12-344,,12.767,96.067,2140,Indian,2.9,symbiont-facultative,non-spinose,0.193
RC12-344,,12.767,96.067,2140,Indian,2.9,symbiont-facultative,spinose,0
RC12-344,,12.767,96.067,2140,Indian,2.9,symbiont-obligate,spinose,0.622
RC12-344,,12.767,96.067,2140,Indian,2.9,undetermined,non-spinose,0.021
RC12-36,,15.1,124.133,,Pacific,20,symbiont-barren,non-spinose,0.012326656394453
RC12-36,,15.1,124.133,,Pacific,20,symbiont-barren,spinose,0.0585516178736518
RC12-36,,15.1,124.133,,Pacific,20,symbiont-bearing,non-spinose,0
RC12-36,,15.1,124.133,,Pacific,20,symbiont-bearing,spinose,0.049306625577812
RC12-36,,15.1,124.133,,Pacific,20,symbiont-facultative,non-spinose,0.10939907550077
RC12-36,,15.1,124.133,,Pacific,20,symbiont-facultative,spinose,0
RC12-36,,15.1,124.133,,Pacific,20,symbiont-obligate,spinose,0.756548536209553
RC12-36,,15.1,124.133,,Pacific,20,undetermined,non-spinose,0
RC13-038,,-14.51666667,177.1,2867,Pacific,0.4,symbiont-barren,non-spinose,0
RC13-038,,-14.51666667,177.1,2867,Pacific,0.4,symbiont-barren,spinose,0
RC13-038,,-14.51666667,177.1,2867,Pacific,0.4,symbiont-bearing,non-spinose,0
RC13-038,,-14.51666667,177.1,2867,Pacific,0.4,symbiont-bearing,spinose,0
RC13-038,,-14.51666667,177.1,2867,Pacific,0.4,symbiont-facultative,non-spinose,0
RC13-038,,-14.51666667,177.1,2867,Pacific,0.4,symbiont-facultative,spinose,0
RC13-038,,-14.51666667,177.1,2867,Pacific,0.4,symbiont-obligate,spinose,0
RC13-038,,-14.51666667,177.1,2867,Pacific,0.4,undetermined,non-spinose,0
RC13-11,,-1.65,-103.633,,Pacific,50,symbiont-barren,non-spinose,0.488054607508532
RC13-11,,-1.65,-103.633,,Pacific,50,symbiont-barren,spinose,0.052901023890785
RC13-11,,-1.65,-103.633,,Pacific,50,symbiont-bearing,non-spinose,0
RC13-11,,-1.65,-103.633,,Pacific,50,symbiont-bearing,spinose,0.00170648464163823
RC13-11,,-1.65,-103.633,,Pacific,50,symbiont-facultative,non-spinose,0.412969283276451
RC13-11,,-1.65,-103.633,,Pacific,50,symbiont-facultative,spinose,0
RC13-11,,-1.65,-103.633,,Pacific,50,symbiont-obligate,spinose,0.0409556313993174
RC13-11,,-1.65,-103.633,,Pacific,50,undetermined,non-spinose,0.00341296928327645
RC13-151,,15.851,-74.784,2792,North Atlantic,60,symbiont-barren,non-spinose,0.0634005763688761
RC13-151,,15.851,-74.784,2792,North Atlantic,60,symbiont-barren,spinose,0.0172910662824208
RC13-151,,15.851,-74.784,2792,North Atlantic,60,symbiont-bearing,non-spinose,0
RC13-151,,15.851,-74.784,2792,North Atlantic,60,symbiont-bearing,spinose,0.0230547550432277
RC13-151,,15.851,-74.784,2792,North Atlantic,60,symbiont-facultative,non-spinose,0.256484149855908
RC13-151,,15.851,-74.784,2792,North Atlantic,60,symbiont-facultative,spinose,0
RC13-151,,15.851,-74.784,2792,North Atlantic,60,symbiont-obligate,spinose,0.631123919308358
RC13-151,,15.851,-74.784,2792,North Atlantic,60,undetermined,non-spinose,0
RC13-152,,16.701,-75.435,2027,North Atlantic,60,symbiont-barren,non-spinose,0.0301003344481605
RC13-152,,16.701,-75.435,2027,North Atlantic,60,symbiont-barren,spinose,0.0100334448160535
RC13-152,,16.701,-75.435,2027,North Atlantic,60,symbiont-bearing,non-spinose,0
RC13-152,,16.701,-75.435,2027,North Atlantic,60,symbiont-bearing,spinose,0.020066889632107
RC13-152,,16.701,-75.435,2027,North Atlantic,60,symbiont-facultative,non-spinose,0.153846153846154
RC13-152,,16.701,-75.435,2027,North Atlantic,60,symbiont-facultative,spinose,0
RC13-152,,16.701,-75.435,2027,North Atlantic,60,symbiont-obligate,spinose,0.785953177257525
RC13-152,,16.701,-75.435,2027,North Atlantic,60,undetermined,non-spinose,0
RC13-153,,15.065,-75.95,3334,North Atlantic,0.59,symbiont-barren,non-spinose,0.04
RC13-153,,15.065,-75.95,3334,North Atlantic,0.59,symbiont-barren,spinose,0.059
RC13-153,,15.065,-75.95,3334,North Atlantic,0.59,symbiont-bearing,non-spinose,0
RC13-153,,15.065,-75.95,3334,North Atlantic,0.59,symbiont-bearing,spinose,0.016
RC13-153,,15.065,-75.95,3334,North Atlantic,0.59,symbiont-facultative,non-spinose,0.236
RC13-153,,15.065,-75.95,3334,North Atlantic,0.59,symbiont-facultative,spinose,0.003
RC13-153,,15.065,-75.95,3334,North Atlantic,0.59,symbiont-obligate,spinose,0.643
RC13-153,,15.065,-75.95,3334,North Atlantic,0.59,undetermined,non-spinose,0
RC13-153,,15.065,-75.95,3334,North Atlantic,0.6,symbiont-barren,non-spinose,0.06
RC13-153,,15.065,-75.95,3334,North Atlantic,0.6,symbiont-barren,spinose,0.019
RC13-153,,15.065,-75.95,3334,North Atlantic,0.6,symbiont-bearing,non-spinose,0
RC13-153,,15.065,-75.95,3334,North Atlantic,0.6,symbiont-bearing,spinose,0.038
RC13-153,,15.065,-75.95,3334,North Atlantic,0.6,symbiont-facultative,non-spinose,0.24
RC13-153,,15.065,-75.95,3334,North Atlantic,0.6,symbiont-facultative,spinose,0
RC13-153,,15.065,-75.95,3334,North Atlantic,0.6,symbiont-obligate,spinose,0.64
RC13-153,,15.065,-75.95,3334,North Atlantic,0.6,undetermined,non-spinose,0
RC13-158,,13.169,-79.818,3016,North Atlantic,80,symbiont-barren,non-spinose,0.0457516339869281
RC13-158,,13.169,-79.818,3016,North Atlantic,80,symbiont-barren,spinose,0.0163398692810458
RC13-158,,13.169,-79.818,3016,North Atlantic,80,symbiont-bearing,non-spinose,0
RC13-158,,13.169,-79.818,3016,North Atlantic,80,symbiont-bearing,spinose,0.0588235294117647
RC13-158,,13.169,-79.818,3016,North Atlantic,80,symbiont-facultative,non-spinose,0.212418300653595
RC13-158,,13.169,-79.818,3016,North Atlantic,80,symbiont-facultative,spinose,0
RC13-158,,13.169,-79.818,3016,North Atlantic,80,symbiont-obligate,spinose,0.660130718954248
RC13-158,,13.169,-79.818,3016,North Atlantic,80,undetermined,non-spinose,0
RC13-159,,14.685,-77.167,4027,North Atlantic,83,symbiont-barren,non-spinose,0.0472636815920398
RC13-159,,14.685,-77.167,4027,North Atlantic,83,symbiont-barren,spinose,0.0124378109452736
RC13-159,,14.685,-77.167,4027,North Atlantic,83,symbiont-bearing,non-spinose,0
RC13-159,,14.685,-77.167,4027,North Atlantic,83,symbiont-bearing,spinose,0.0373134328358209
RC13-159,,14.685,-77.167,4027,North Atlantic,83,symbiont-facultative,non-spinose,0.241293532338309
RC13-159,,14.685,-77.167,4027,North Atlantic,83,symbiont-facultative,spinose,0
RC13-159,,14.685,-77.167,4027,North Atlantic,83,symbiont-obligate,spinose,0.649253731343284
RC13-159,,14.685,-77.167,4027,North Atlantic,83,undetermined,non-spinose,0
RC13-17,,19.083,-170.067,,Pacific,30,symbiont-barren,non-spinose,0.198473282442748
RC13-17,,19.083,-170.067,,Pacific,30,symbiont-barren,spinose,0.0343511450381679
RC13-17,,19.083,-170.067,,Pacific,30,symbiont-bearing,non-spinose,0
RC13-17,,19.083,-170.067,,Pacific,30,symbiont-bearing,spinose,0.152671755725191
RC13-17,,19.083,-170.067,,Pacific,30,symbiont-facultative,non-spinose,0.270992366412214
RC13-17,,19.083,-170.067,,Pacific,30,symbiont-facultative,spinose,0
RC13-17,,19.083,-170.067,,Pacific,30,symbiont-obligate,spinose,0.278625954198473
RC13-17,,19.083,-170.067,,Pacific,30,undetermined,non-spinose,0.00381679389312977
RC13-184,,3.867,-43.3,3446,North Atlantic,55,symbiont-barren,non-spinose,0.12
RC13-184,,3.867,-43.3,3446,North Atlantic,55,symbiont-barren,spinose,0.00266666666666667
RC13-184,,3.867,-43.3,3446,North Atlantic,55,symbiont-bearing,non-spinose,0
RC13-184,,3.867,-43.3,3446,North Atlantic,55,symbiont-bearing,spinose,0
RC13-184,,3.867,-43.3,3446,North Atlantic,55,symbiont-facultative,non-spinose,0.138666666666667
RC13-184,,3.867,-43.3,3446,North Atlantic,55,symbiont-facultative,spinose,0
RC13-184,,3.867,-43.3,3446,North Atlantic,55,symbiont-obligate,spinose,0.733333333333333
RC13-184,,3.867,-43.3,3446,North Atlantic,55,undetermined,non-spinose,0
RC13-189,,1.867,-30,3233,North Atlantic,67.5,symbiont-barren,non-spinose,0.275964391691395
RC13-189,,1.867,-30,3233,North Atlantic,67.5,symbiont-barren,spinose,0.0326409495548961
RC13-189,,1.867,-30,3233,North Atlantic,67.5,symbiont-bearing,non-spinose,0
RC13-189,,1.867,-30,3233,North Atlantic,67.5,symbiont-bearing,spinose,0.0118694362017804
RC13-189,,1.867,-30,3233,North Atlantic,67.5,symbiont-facultative,non-spinose,0.299703264094956
RC13-189,,1.867,-30,3233,North Atlantic,67.5,symbiont-facultative,spinose,0
RC13-189,,1.867,-30,3233,North Atlantic,67.5,symbiont-obligate,spinose,0.376854599406528
RC13-189,,1.867,-30,3233,North Atlantic,67.5,undetermined,non-spinose,0
RC13-197,,4.517,-0.718,2904,North Atlantic,110,symbiont-barren,non-spinose,0.287610619469027
RC13-197,,4.517,-0.718,2904,North Atlantic,110,symbiont-barren,spinose,0.11283185840708
RC13-197,,4.517,-0.718,2904,North Atlantic,110,symbiont-bearing,non-spinose,0
RC13-197,,4.517,-0.718,2904,North Atlantic,110,symbiont-bearing,spinose,0.0154867256637168
RC13-197,,4.517,-0.718,2904,North Atlantic,110,symbiont-facultative,non-spinose,0.143805309734513
RC13-197,,4.517,-0.718,2904,North Atlantic,110,symbiont-facultative,spinose,0
RC13-197,,4.517,-0.718,2904,North Atlantic,110,symbiont-obligate,spinose,0.413716814159292
RC13-197,,4.517,-0.718,2904,North Atlantic,110,undetermined,non-spinose,0
RC13-205,,-2.284,5.183,3731,South Atlantic,50,symbiont-barren,non-spinose,0.297376093294461
RC13-205,,-2.284,5.183,3731,South Atlantic,50,symbiont-barren,spinose,0.0291545189504373
RC13-205,,-2.284,5.183,3731,South Atlantic,50,symbiont-bearing,non-spinose,0
RC13-205,,-2.284,5.183,3731,South Atlantic,50,symbiont-bearing,spinose,0.0233236151603499
RC13-205,,-2.284,5.183,3731,South Atlantic,50,symbiont-facultative,non-spinose,0.323615160349854
RC13-205,,-2.284,5.183,3731,South Atlantic,50,symbiont-facultative,spinose,0
RC13-205,,-2.284,5.183,3731,South Atlantic,50,symbiont-obligate,spinose,0.309037900874636
RC13-205,,-2.284,5.183,3731,South Atlantic,50,undetermined,non-spinose,0
RC13-210,,-9.135,-10.601,3658,South Atlantic,40,symbiont-barren,non-spinose,0.190600522193211
RC13-210,,-9.135,-10.601,3658,South Atlantic,40,symbiont-barren,spinose,0.031331592689295
RC13-210,,-9.135,-10.601,3658,South Atlantic,40,symbiont-bearing,non-spinose,0
RC13-210,,-9.135,-10.601,3658,South Atlantic,40,symbiont-bearing,spinose,0.00783289817232376
RC13-210,,-9.135,-10.601,3658,South Atlantic,40,symbiont-facultative,non-spinose,0.29242819843342
RC13-210,,-9.135,-10.601,3658,South Atlantic,40,symbiont-facultative,spinose,0
RC13-210,,-9.135,-10.601,3658,South Atlantic,40,symbiont-obligate,spinose,0.446475195822454
RC13-210,,-9.135,-10.601,3658,South Atlantic,40,undetermined,non-spinose,0
RC13-227,,-21.869,8.868,4301,South Atlantic,40,symbiont-barren,non-spinose,0.628342245989305
RC13-227,,-21.869,8.868,4301,South Atlantic,40,symbiont-barren,spinose,0.131016042780749
RC13-227,,-21.869,8.868,4301,South Atlantic,40,symbiont-bearing,non-spinose,0
RC13-227,,-21.869,8.868,4301,South Atlantic,40,symbiont-bearing,spinose,0
RC13-227,,-21.869,8.868,4301,South Atlantic,40,symbiont-facultative,non-spinose,0.165775401069519
RC13-227,,-21.869,8.868,4301,South Atlantic,40,symbiont-facultative,spinose,0
RC13-227,,-21.869,8.868,4301,South Atlantic,40,symbiont-obligate,spinose,0.053475935828877
RC13-227,,-21.869,8.868,4301,South Atlantic,40,undetermined,non-spinose,0
RC13-228,,-22.33,11.198,3204,South Atlantic,1.1,symbiont-barren,non-spinose,0.711
RC13-228,,-22.33,11.198,3204,South Atlantic,1.1,symbiont-barren,spinose,0.226
RC13-228,,-22.33,11.198,3204,South Atlantic,1.1,symbiont-bearing,non-spinose,0
RC13-228,,-22.33,11.198,3204,South Atlantic,1.1,symbiont-bearing,spinose,0
RC13-228,,-22.33,11.198,3204,South Atlantic,1.1,symbiont-facultative,non-spinose,0.039
RC13-228,,-22.33,11.198,3204,South Atlantic,1.1,symbiont-facultative,spinose,0
RC13-228,,-22.33,11.198,3204,South Atlantic,1.1,symbiont-obligate,spinose,0.022
RC13-228,,-22.33,11.198,3204,South Atlantic,1.1,undetermined,non-spinose,0
RC13-228,,-22.33,11.198,3204,South Atlantic,1.15,symbiont-barren,non-spinose,0.485
RC13-228,,-22.33,11.198,3204,South Atlantic,1.15,symbiont-barren,spinose,0.239
RC13-228,,-22.33,11.198,3204,South Atlantic,1.15,symbiont-bearing,non-spinose,0
RC13-228,,-22.33,11.198,3204,South Atlantic,1.15,symbiont-bearing,spinose,0.003
RC13-228,,-22.33,11.198,3204,South Atlantic,1.15,symbiont-facultative,non-spinose,0.223
RC13-228,,-22.33,11.198,3204,South Atlantic,1.15,symbiont-facultative,spinose,0
RC13-228,,-22.33,11.198,3204,South Atlantic,1.15,symbiont-obligate,spinose,0.049
RC13-228,,-22.33,11.198,3204,South Atlantic,1.15,undetermined,non-spinose,0
RC13-228,,-22.33,11.198,3204,South Atlantic,1.2,symbiont-barren,non-spinose,0.606
RC13-228,,-22.33,11.198,3204,South Atlantic,1.2,symbiont-barren,spinose,0.231
RC13-228,,-22.33,11.198,3204,South Atlantic,1.2,symbiont-bearing,non-spinose,0
RC13-228,,-22.33,11.198,3204,South Atlantic,1.2,symbiont-bearing,spinose,0
RC13-228,,-22.33,11.198,3204,South Atlantic,1.2,symbiont-facultative,non-spinose,0.128
RC13-228,,-22.33,11.198,3204,South Atlantic,1.2,symbiont-facultative,spinose,0
RC13-228,,-22.33,11.198,3204,South Atlantic,1.2,symbiont-obligate,spinose,0.036
RC13-228,,-22.33,11.198,3204,South Atlantic,1.2,undetermined,non-spinose,0
RC13-228,,-22.33,11.198,3204,South Atlantic,1.25,symbiont-barren,non-spinose,0.604
RC13-228,,-22.33,11.198,3204,South Atlantic,1.25,symbiont-barren,spinose,0.274
RC13-228,,-22.33,11.198,3204,South Atlantic,1.25,symbiont-bearing,non-spinose,0
RC13-228,,-22.33,11.198,3204,South Atlantic,1.25,symbiont-bearing,spinose,0
RC13-228,,-22.33,11.198,3204,South Atlantic,1.25,symbiont-facultative,non-spinose,0.097
RC13-228,,-22.33,11.198,3204,South Atlantic,1.25,symbiont-facultative,spinose,0
RC13-228,,-22.33,11.198,3204,South Atlantic,1.25,symbiont-obligate,spinose,0.025
RC13-228,,-22.33,11.198,3204,South Atlantic,1.25,undetermined,non-spinose,0
RC13-228,,-22.33,11.198,3204,South Atlantic,1.3,symbiont-barren,non-spinose,0.757
RC13-228,,-22.33,11.198,3204,South Atlantic,1.3,symbiont-barren,spinose,0.148
RC13-228,,-22.33,11.198,3204,South Atlantic,1.3,symbiont-bearing,non-spinose,0
RC13-228,,-22.33,11.198,3204,South Atlantic,1.3,symbiont-bearing,spinose,0
RC13-228,,-22.33,11.198,3204,South Atlantic,1.3,symbiont-facultative,non-spinose,0.076
RC13-228,,-22.33,11.198,3204,South Atlantic,1.3,symbiont-facultative,spinose,0
RC13-228,,-22.33,11.198,3204,South Atlantic,1.3,symbiont-obligate,spinose,0.019
RC13-228,,-22.33,11.198,3204,South Atlantic,1.3,undetermined,non-spinose,0
RC13-228,,-22.33,11.198,3204,South Atlantic,1.35,symbiont-barren,non-spinose,0.822
RC13-228,,-22.33,11.198,3204,South Atlantic,1.35,symbiont-barren,spinose,0.129
RC13-228,,-22.33,11.198,3204,South Atlantic,1.35,symbiont-bearing,non-spinose,0
RC13-228,,-22.33,11.198,3204,South Atlantic,1.35,symbiont-bearing,spinose,0
RC13-228,,-22.33,11.198,3204,South Atlantic,1.35,symbiont-facultative,non-spinose,0.036
RC13-228,,-22.33,11.198,3204,South Atlantic,1.35,symbiont-facultative,spinose,0
RC13-228,,-22.33,11.198,3204,South Atlantic,1.35,symbiont-obligate,spinose,0.012
RC13-228,,-22.33,11.198,3204,South Atlantic,1.35,undetermined,non-spinose,0
RC13-229,,-25.49,11.307,4191,South Atlantic,0.52,symbiont-barren,non-spinose,0.733
RC13-229,,-25.49,11.307,4191,South Atlantic,0.52,symbiont-barren,spinose,0.03
RC13-229,,-25.49,11.307,4191,South Atlantic,0.52,symbiont-bearing,non-spinose,0
RC13-229,,-25.49,11.307,4191,South Atlantic,0.52,symbiont-bearing,spinose,0
RC13-229,,-25.49,11.307,4191,South Atlantic,0.52,symbiont-facultative,non-spinose,0.211
RC13-229,,-25.49,11.307,4191,South Atlantic,0.52,symbiont-facultative,spinose,0
RC13-229,,-25.49,11.307,4191,South Atlantic,0.52,symbiont-obligate,spinose,0.026
RC13-229,,-25.49,11.307,4191,South Atlantic,0.52,undetermined,non-spinose,0
RC13-229,,-25.49,11.307,4191,South Atlantic,0.55,symbiont-barren,non-spinose,0.703
RC13-229,,-25.49,11.307,4191,South Atlantic,0.55,symbiont-barren,spinose,0.109
RC13-229,,-25.49,11.307,4191,South Atlantic,0.55,symbiont-bearing,non-spinose,0
RC13-229,,-25.49,11.307,4191,South Atlantic,0.55,symbiont-bearing,spinose,0
RC13-229,,-25.49,11.307,4191,South Atlantic,0.55,symbiont-facultative,non-spinose,0.154
RC13-229,,-25.49,11.307,4191,South Atlantic,0.55,symbiont-facultative,spinose,0
RC13-229,,-25.49,11.307,4191,South Atlantic,0.55,symbiont-obligate,spinose,0.03
RC13-229,,-25.49,11.307,4191,South Atlantic,0.55,undetermined,non-spinose,0
RC13-229,,-25.49,11.307,4191,South Atlantic,0.58,symbiont-barren,non-spinose,0.814
RC13-229,,-25.49,11.307,4191,South Atlantic,0.58,symbiont-barren,spinose,0.076
RC13-229,,-25.49,11.307,4191,South Atlantic,0.58,symbiont-bearing,non-spinose,0
RC13-229,,-25.49,11.307,4191,South Atlantic,0.58,symbiont-bearing,spinose,0
RC13-229,,-25.49,11.307,4191,South Atlantic,0.58,symbiont-facultative,non-spinose,0.094
RC13-229,,-25.49,11.307,4191,South Atlantic,0.58,symbiont-facultative,spinose,0
RC13-229,,-25.49,11.307,4191,South Atlantic,0.58,symbiont-obligate,spinose,0.017
RC13-229,,-25.49,11.307,4191,South Atlantic,0.58,undetermined,non-spinose,0
RC13-229,,-25.49,11.307,4191,South Atlantic,0.6,symbiont-barren,non-spinose,0.773
RC13-229,,-25.49,11.307,4191,South Atlantic,0.6,symbiont-barren,spinose,0.114
RC13-229,,-25.49,11.307,4191,South Atlantic,0.6,symbiont-bearing,non-spinose,0
RC13-229,,-25.49,11.307,4191,South Atlantic,0.6,symbiont-bearing,spinose,0
RC13-229,,-25.49,11.307,4191,South Atlantic,0.6,symbiont-facultative,non-spinose,0.11
RC13-229,,-25.49,11.307,4191,South Atlantic,0.6,symbiont-facultative,spinose,0
RC13-229,,-25.49,11.307,4191,South Atlantic,0.6,symbiont-obligate,spinose,0.004
RC13-229,,-25.49,11.307,4191,South Atlantic,0.6,undetermined,non-spinose,0
RC13-81,,-19.017,-124.233,,Pacific,10,symbiont-barren,non-spinose,0.0482536764705882
RC13-81,,-19.017,-124.233,,Pacific,10,symbiont-barren,spinose,0.0211397058823529
RC13-81,,-19.017,-124.233,,Pacific,10,symbiont-bearing,non-spinose,0
RC13-81,,-19.017,-124.233,,Pacific,10,symbiont-bearing,spinose,0.0243566176470588
RC13-81,,-19.017,-124.233,,Pacific,10,symbiont-facultative,non-spinose,0.298253676470588
RC13-81,,-19.017,-124.233,,Pacific,10,symbiont-facultative,spinose,0.00137867647058824
RC13-81,,-19.017,-124.233,,Pacific,10,symbiont-obligate,spinose,0.564338235294118
RC13-81,,-19.017,-124.233,,Pacific,10,undetermined,non-spinose,0.0174632352941176
RC13110,,0.1,-95.65,,Pacific,54,symbiont-barren,non-spinose,0.107784431137725
RC13110,,0.1,-95.65,,Pacific,54,symbiont-barren,spinose,0.0988023952095808
RC13110,,0.1,-95.65,,Pacific,54,symbiont-bearing,non-spinose,0
RC13110,,0.1,-95.65,,Pacific,54,symbiont-bearing,spinose,0
RC13110,,0.1,-95.65,,Pacific,54,symbiont-facultative,non-spinose,0.745508982035928
RC13110,,0.1,-95.65,,Pacific,54,symbiont-facultative,spinose,0
RC13110,,0.1,-95.65,,Pacific,54,symbiont-obligate,spinose,0.0479041916167665
RC13110,,0.1,-95.65,,Pacific,54,undetermined,non-spinose,0
RC13115,,-1.633,-104.833,,Pacific,61,symbiont-barren,non-spinose,0.0754716981132076
RC13115,,-1.633,-104.833,,Pacific,61,symbiont-barren,spinose,0.0700808625336927
RC13115,,-1.633,-104.833,,Pacific,61,symbiont-bearing,non-spinose,0
RC13115,,-1.633,-104.833,,Pacific,61,symbiont-bearing,spinose,0
RC13115,,-1.633,-104.833,,Pacific,61,symbiont-facultative,non-spinose,0.773584905660377
RC13115,,-1.633,-104.833,,Pacific,61,symbiont-facultative,spinose,0
RC13115,,-1.633,-104.833,,Pacific,61,symbiont-obligate,spinose,0.0754716981132076
RC13115,,-1.633,-104.833,,Pacific,61,undetermined,non-spinose,0.00539083557951483
RC14-007,,-35.51666667,44.75,3288,Indian,0.25,symbiont-barren,non-spinose,0
RC14-007,,-35.51666667,44.75,3288,Indian,0.25,symbiont-barren,spinose,0
RC14-007,,-35.51666667,44.75,3288,Indian,0.25,symbiont-bearing,non-spinose,0
RC14-007,,-35.51666667,44.75,3288,Indian,0.25,symbiont-bearing,spinose,0
RC14-007,,-35.51666667,44.75,3288,Indian,0.25,symbiont-facultative,non-spinose,0
RC14-007,,-35.51666667,44.75,3288,Indian,0.25,symbiont-facultative,spinose,0
RC14-007,,-35.51666667,44.75,3288,Indian,0.25,symbiont-obligate,spinose,0
RC14-007,,-35.51666667,44.75,3288,Indian,0.25,undetermined,non-spinose,0
RC14-009,,-39.01666667,47.88333333,2692,Indian,0.7,symbiont-barren,non-spinose,0
RC14-009,,-39.01666667,47.88333333,2692,Indian,0.7,symbiont-barren,spinose,0
RC14-009,,-39.01666667,47.88333333,2692,Indian,0.7,symbiont-bearing,non-spinose,0
RC14-009,,-39.01666667,47.88333333,2692,Indian,0.7,symbiont-bearing,spinose,0
RC14-009,,-39.01666667,47.88333333,2692,Indian,0.7,symbiont-facultative,non-spinose,0
RC14-009,,-39.01666667,47.88333333,2692,Indian,0.7,symbiont-facultative,spinose,0
RC14-009,,-39.01666667,47.88333333,2692,Indian,0.7,symbiont-obligate,spinose,0
RC14-009,,-39.01666667,47.88333333,2692,Indian,0.7,undetermined,non-spinose,0
RC14-029,,-10.92333333,88.315,2869,Indian,0.2,symbiont-barren,non-spinose,0
RC14-029,,-10.92333333,88.315,2869,Indian,0.2,symbiont-barren,spinose,0
RC14-029,,-10.92333333,88.315,2869,Indian,0.2,symbiont-bearing,non-spinose,0
RC14-029,,-10.92333333,88.315,2869,Indian,0.2,symbiont-bearing,spinose,0
RC14-029,,-10.92333333,88.315,2869,Indian,0.2,symbiont-facultative,non-spinose,0
RC14-029,,-10.92333333,88.315,2869,Indian,0.2,symbiont-facultative,spinose,0
RC14-029,,-10.92333333,88.315,2869,Indian,0.2,symbiont-obligate,spinose,0
RC14-029,,-10.92333333,88.315,2869,Indian,0.2,undetermined,non-spinose,0
RC14-035,,-0.833333333,89.95,3021,Indian,0.4,symbiont-barren,non-spinose,0
RC14-035,,-0.833333333,89.95,3021,Indian,0.4,symbiont-barren,spinose,0
RC14-035,,-0.833333333,89.95,3021,Indian,0.4,symbiont-bearing,non-spinose,0
RC14-035,,-0.833333333,89.95,3021,Indian,0.4,symbiont-bearing,spinose,0
RC14-035,,-0.833333333,89.95,3021,Indian,0.4,symbiont-facultative,non-spinose,0
RC14-035,,-0.833333333,89.95,3021,Indian,0.4,symbiont-facultative,spinose,0
RC14-035,,-0.833333333,89.95,3021,Indian,0.4,symbiont-obligate,spinose,0
RC14-035,,-0.833333333,89.95,3021,Indian,0.4,undetermined,non-spinose,0
RC14-037,,1.466666667,90.16666667,2226,Indian,0.4,symbiont-barren,non-spinose,0
RC14-037,,1.466666667,90.16666667,2226,Indian,0.4,symbiont-barren,spinose,0
RC14-037,,1.466666667,90.16666667,2226,Indian,0.4,symbiont-bearing,non-spinose,0
RC14-037,,1.466666667,90.16666667,2226,Indian,0.4,symbiont-bearing,spinose,0
RC14-037,,1.466666667,90.16666667,2226,Indian,0.4,symbiont-facultative,non-spinose,0
RC14-037,,1.466666667,90.16666667,2226,Indian,0.4,symbiont-facultative,spinose,0
RC14-037,,1.466666667,90.16666667,2226,Indian,0.4,symbiont-obligate,spinose,0
RC14-037,,1.466666667,90.16666667,2226,Indian,0.4,undetermined,non-spinose,0
RC14-039,,-5.857,90.52,2952,Indian,0.7,symbiont-barren,non-spinose,0.033
RC14-039,,-5.857,90.52,2952,Indian,0.7,symbiont-barren,spinose,0.121
RC14-039,,-5.857,90.52,2952,Indian,0.7,symbiont-bearing,non-spinose,0
RC14-039,,-5.857,90.52,2952,Indian,0.7,symbiont-bearing,spinose,0.021
RC14-039,,-5.857,90.52,2952,Indian,0.7,symbiont-facultative,non-spinose,0.468
RC14-039,,-5.857,90.52,2952,Indian,0.7,symbiont-facultative,spinose,0
RC14-039,,-5.857,90.52,2952,Indian,0.7,symbiont-obligate,spinose,0.327
RC14-039,,-5.857,90.52,2952,Indian,0.7,undetermined,non-spinose,0.03
RC14-039,,5.85,90.517,2952,Indian,70,symbiont-barren,non-spinose,0.0433884297520661
RC14-039,,5.85,90.517,2952,Indian,70,symbiont-barren,spinose,0.107438016528926
RC14-039,,5.85,90.517,2952,Indian,70,symbiont-bearing,non-spinose,0
RC14-039,,5.85,90.517,2952,Indian,70,symbiont-bearing,spinose,0.0185950413223141
RC14-039,,5.85,90.517,2952,Indian,70,symbiont-facultative,non-spinose,0.512396694214876
RC14-039,,5.85,90.517,2952,Indian,70,symbiont-facultative,spinose,0
RC14-039,,5.85,90.517,2952,Indian,70,symbiont-obligate,spinose,0.289256198347108
RC14-039,,5.85,90.517,2952,Indian,70,undetermined,non-spinose,0.0289256198347107
RC15-093,,-46.086,-13.218,2714,South Atlantic,102,symbiont-barren,non-spinose,0.567398119122257
RC15-093,,-46.086,-13.218,2714,South Atlantic,102,symbiont-barren,spinose,0.347962382445141
RC15-093,,-46.086,-13.218,2714,South Atlantic,102,symbiont-bearing,non-spinose,0
RC15-093,,-46.086,-13.218,2714,South Atlantic,102,symbiont-bearing,spinose,0
RC15-093,,-46.086,-13.218,2714,South Atlantic,102,symbiont-facultative,non-spinose,0.0783699059561129
RC15-093,,-46.086,-13.218,2714,South Atlantic,102,symbiont-facultative,spinose,0
RC15-093,,-46.086,-13.218,2714,South Atlantic,102,symbiont-obligate,spinose,0
RC15-093,,-46.086,-13.218,2714,South Atlantic,102,undetermined,non-spinose,0
RC15-094,,-42.969,-20.851,3762,South Atlantic,120,symbiont-barren,non-spinose,0.680616740088106
RC15-094,,-42.969,-20.851,3762,South Atlantic,120,symbiont-barren,spinose,0.0572687224669604
RC15-094,,-42.969,-20.851,3762,South Atlantic,120,symbiont-bearing,non-spinose,0
RC15-094,,-42.969,-20.851,3762,South Atlantic,120,symbiont-bearing,spinose,0
RC15-094,,-42.969,-20.851,3762,South Atlantic,120,symbiont-facultative,non-spinose,0.253303964757709
RC15-094,,-42.969,-20.851,3762,South Atlantic,120,symbiont-facultative,spinose,0
RC15-094,,-42.969,-20.851,3762,South Atlantic,120,symbiont-obligate,spinose,0
RC15-094,,-42.969,-20.851,3762,South Atlantic,120,undetermined,non-spinose,0
RC17-069,,-31.5,32.6,3380,Indian,0.6,symbiont-barren,non-spinose,0
RC17-069,,-31.5,32.6,3380,Indian,0.6,symbiont-barren,spinose,0
RC17-069,,-31.5,32.6,3380,Indian,0.6,symbiont-bearing,non-spinose,0
RC17-069,,-31.5,32.6,3380,Indian,0.6,symbiont-bearing,spinose,0
RC17-069,,-31.5,32.6,3380,Indian,0.6,symbiont-facultative,non-spinose,0
RC17-069,,-31.5,32.6,3380,Indian,0.6,symbiont-facultative,spinose,0
RC17-069,,-31.5,32.6,3380,Indian,0.6,symbiont-obligate,spinose,0
RC17-069,,-31.5,32.6,3380,Indian,0.6,undetermined,non-spinose,0
RC17-073,,-32.11666667,36.01666667,2021,Indian,0.3,symbiont-barren,non-spinose,0
RC17-073,,-32.11666667,36.01666667,2021,Indian,0.3,symbiont-barren,spinose,0
RC17-073,,-32.11666667,36.01666667,2021,Indian,0.3,symbiont-bearing,non-spinose,0
RC17-073,,-32.11666667,36.01666667,2021,Indian,0.3,symbiont-bearing,spinose,0
RC17-073,,-32.11666667,36.01666667,2021,Indian,0.3,symbiont-facultative,non-spinose,0
RC17-073,,-32.11666667,36.01666667,2021,Indian,0.3,symbiont-facultative,spinose,0
RC17-073,,-32.11666667,36.01666667,2021,Indian,0.3,symbiont-obligate,spinose,0
RC17-073,,-32.11666667,36.01666667,2021,Indian,0.3,undetermined,non-spinose,0
RC17-098,,-13.21666667,65.61666667,3409,Indian,0.53,symbiont-barren,non-spinose,0
RC17-098,,-13.21666667,65.61666667,3409,Indian,0.53,symbiont-barren,spinose,0
RC17-098,,-13.21666667,65.61666667,3409,Indian,0.53,symbiont-bearing,non-spinose,0
RC17-098,,-13.21666667,65.61666667,3409,Indian,0.53,symbiont-bearing,spinose,0
RC17-098,,-13.21666667,65.61666667,3409,Indian,0.53,symbiont-facultative,non-spinose,0
RC17-098,,-13.21666667,65.61666667,3409,Indian,0.53,symbiont-facultative,spinose,0
RC17-098,,-13.21666667,65.61666667,3409,Indian,0.53,symbiont-obligate,spinose,0
RC17-098,,-13.21666667,65.61666667,3409,Indian,0.53,undetermined,non-spinose,0
RC17-108,,-10.508,57.72,4051,Indian,0.4,symbiont-barren,non-spinose,0
RC17-108,,-10.508,57.72,4051,Indian,0.4,symbiont-barren,spinose,0
RC17-108,,-10.508,57.72,4051,Indian,0.4,symbiont-bearing,non-spinose,0
RC17-108,,-10.508,57.72,4051,Indian,0.4,symbiont-bearing,spinose,0
RC17-108,,-10.508,57.72,4051,Indian,0.4,symbiont-facultative,non-spinose,0
RC17-108,,-10.508,57.72,4051,Indian,0.4,symbiont-facultative,spinose,0
RC17-108,,-10.508,57.72,4051,Indian,0.4,symbiont-obligate,spinose,0
RC17-108,,-10.508,57.72,4051,Indian,0.4,undetermined,non-spinose,0
RC17-113,,15.033,66.097,3874,Indian,0.3,symbiont-barren,non-spinose,0
RC17-113,,15.033,66.097,3874,Indian,0.3,symbiont-barren,spinose,0
RC17-113,,15.033,66.097,3874,Indian,0.3,symbiont-bearing,non-spinose,0
RC17-113,,15.033,66.097,3874,Indian,0.3,symbiont-bearing,spinose,0
RC17-113,,15.033,66.097,3874,Indian,0.3,symbiont-facultative,non-spinose,0
RC17-113,,15.033,66.097,3874,Indian,0.3,symbiont-facultative,spinose,0
RC17-113,,15.033,66.097,3874,Indian,0.3,symbiont-obligate,spinose,0
RC17-113,,15.033,66.097,3874,Indian,0.3,undetermined,non-spinose,0
RC24-001,,0.567,-13.35,3837,North Atlantic,72,symbiont-barren,non-spinose,0.245614035087719
RC24-001,,0.567,-13.35,3837,North Atlantic,72,symbiont-barren,spinose,0.0401002506265664
RC24-001,,0.567,-13.35,3837,North Atlantic,72,symbiont-bearing,non-spinose,0
RC24-001,,0.567,-13.35,3837,North Atlantic,72,symbiont-bearing,spinose,0.0050125313283208
RC24-001,,0.567,-13.35,3837,North Atlantic,72,symbiont-facultative,non-spinose,0.488721804511278
RC24-001,,0.567,-13.35,3837,North Atlantic,72,symbiont-facultative,spinose,0
RC24-001,,0.567,-13.35,3837,North Atlantic,72,symbiont-obligate,spinose,0.210526315789474
RC24-001,,0.567,-13.35,3837,North Atlantic,72,undetermined,non-spinose,0
RC24-008,,-1.35,-11.917,3882,South Atlantic,120,symbiont-barren,non-spinose,0.28494623655914
RC24-008,,-1.35,-11.917,3882,South Atlantic,120,symbiont-barren,spinose,0.0887096774193548
RC24-008,,-1.35,-11.917,3882,South Atlantic,120,symbiont-bearing,non-spinose,0
RC24-008,,-1.35,-11.917,3882,South Atlantic,120,symbiont-bearing,spinose,0
RC24-008,,-1.35,-11.917,3882,South Atlantic,120,symbiont-facultative,non-spinose,0.543010752688172
RC24-008,,-1.35,-11.917,3882,South Atlantic,120,symbiont-facultative,spinose,0
RC24-008,,-1.35,-11.917,3882,South Atlantic,120,symbiont-obligate,spinose,0.0779569892473118
RC24-008,,-1.35,-11.917,3882,South Atlantic,120,undetermined,non-spinose,0
RC24-027,,-5.417,-0.367,3806,South Atlantic,72,symbiont-barren,non-spinose,0.107784431137725
RC24-027,,-5.417,-0.367,3806,South Atlantic,72,symbiont-barren,spinose,0.029940119760479
RC24-027,,-5.417,-0.367,3806,South Atlantic,72,symbiont-bearing,non-spinose,0
RC24-027,,-5.417,-0.367,3806,South Atlantic,72,symbiont-bearing,spinose,0.0029940119760479
RC24-027,,-5.417,-0.367,3806,South Atlantic,72,symbiont-facultative,non-spinose,0.374251497005988
RC24-027,,-5.417,-0.367,3806,South Atlantic,72,symbiont-facultative,spinose,0
RC24-027,,-5.417,-0.367,3806,South Atlantic,72,symbiont-obligate,spinose,0.485029940119761
RC24-027,,-5.417,-0.367,3806,South Atlantic,72,undetermined,non-spinose,0
RC24-16,,-5.038,-10.19,3543,South Atlantic,0.66,symbiont-barren,non-spinose,0.133
RC24-16,,-5.038,-10.19,3543,South Atlantic,0.66,symbiont-barren,spinose,0.141
RC24-16,,-5.038,-10.19,3543,South Atlantic,0.66,symbiont-bearing,non-spinose,0
RC24-16,,-5.038,-10.19,3543,South Atlantic,0.66,symbiont-bearing,spinose,0.003
RC24-16,,-5.038,-10.19,3543,South Atlantic,0.66,symbiont-facultative,non-spinose,0.413
RC24-16,,-5.038,-10.19,3543,South Atlantic,0.66,symbiont-facultative,spinose,0
RC24-16,,-5.038,-10.19,3543,South Atlantic,0.66,symbiont-obligate,spinose,0.306
RC24-16,,-5.038,-10.19,3543,South Atlantic,0.66,undetermined,non-spinose,0
RC24-16,,-5.038,-10.19,3543,South Atlantic,0.69,symbiont-barren,non-spinose,0.112
RC24-16,,-5.038,-10.19,3543,South Atlantic,0.69,symbiont-barren,spinose,0.117
RC24-16,,-5.038,-10.19,3543,South Atlantic,0.69,symbiont-bearing,non-spinose,0
RC24-16,,-5.038,-10.19,3543,South Atlantic,0.69,symbiont-bearing,spinose,0.006
RC24-16,,-5.038,-10.19,3543,South Atlantic,0.69,symbiont-facultative,non-spinose,0.418
RC24-16,,-5.038,-10.19,3543,South Atlantic,0.69,symbiont-facultative,spinose,0
RC24-16,,-5.038,-10.19,3543,South Atlantic,0.69,symbiont-obligate,spinose,0.337
RC24-16,,-5.038,-10.19,3543,South Atlantic,0.69,undetermined,non-spinose,0
RC24-16,,-5.038,-10.19,3543,South Atlantic,0.72,symbiont-barren,non-spinose,0.139
RC24-16,,-5.038,-10.19,3543,South Atlantic,0.72,symbiont-barren,spinose,0.112
RC24-16,,-5.038,-10.19,3543,South Atlantic,0.72,symbiont-bearing,non-spinose,0
RC24-16,,-5.038,-10.19,3543,South Atlantic,0.72,symbiont-bearing,spinose,0
RC24-16,,-5.038,-10.19,3543,South Atlantic,0.72,symbiont-facultative,non-spinose,0.474
RC24-16,,-5.038,-10.19,3543,South Atlantic,0.72,symbiont-facultative,spinose,0
RC24-16,,-5.038,-10.19,3543,South Atlantic,0.72,symbiont-obligate,spinose,0.264
RC24-16,,-5.038,-10.19,3543,South Atlantic,0.72,undetermined,non-spinose,0
RC24-16,,-5.038,-10.19,3543,South Atlantic,0.75,symbiont-barren,non-spinose,0.148
RC24-16,,-5.038,-10.19,3543,South Atlantic,0.75,symbiont-barren,spinose,0.08
RC24-16,,-5.038,-10.19,3543,South Atlantic,0.75,symbiont-bearing,non-spinose,0
RC24-16,,-5.038,-10.19,3543,South Atlantic,0.75,symbiont-bearing,spinose,0
RC24-16,,-5.038,-10.19,3543,South Atlantic,0.75,symbiont-facultative,non-spinose,0.414
RC24-16,,-5.038,-10.19,3543,South Atlantic,0.75,symbiont-facultative,spinose,0
RC24-16,,-5.038,-10.19,3543,South Atlantic,0.75,symbiont-obligate,spinose,0.359
RC24-16,,-5.038,-10.19,3543,South Atlantic,0.75,undetermined,non-spinose,0
RC24-16,,-5.038,-10.19,3543,South Atlantic,0.78,symbiont-barren,non-spinose,0.117
RC24-16,,-5.038,-10.19,3543,South Atlantic,0.78,symbiont-barren,spinose,0.052
RC24-16,,-5.038,-10.19,3543,South Atlantic,0.78,symbiont-bearing,non-spinose,0
RC24-16,,-5.038,-10.19,3543,South Atlantic,0.78,symbiont-bearing,spinose,0
RC24-16,,-5.038,-10.19,3543,South Atlantic,0.78,symbiont-facultative,non-spinose,0.485
RC24-16,,-5.038,-10.19,3543,South Atlantic,0.78,symbiont-facultative,spinose,0
RC24-16,,-5.038,-10.19,3543,South Atlantic,0.78,symbiont-obligate,spinose,0.341
RC24-16,,-5.038,-10.19,3543,South Atlantic,0.78,undetermined,non-spinose,0
RC8-94,,-27.283,-102.083,,Pacific,16,symbiont-barren,non-spinose,0.122051282051282
RC8-94,,-27.283,-102.083,,Pacific,16,symbiont-barren,spinose,0.0353846153846154
RC8-94,,-27.283,-102.083,,Pacific,16,symbiont-bearing,non-spinose,0
RC8-94,,-27.283,-102.083,,Pacific,16,symbiont-bearing,spinose,0.0743589743589744
RC8-94,,-27.283,-102.083,,Pacific,16,symbiont-facultative,non-spinose,0.168717948717949
RC8-94,,-27.283,-102.083,,Pacific,16,symbiont-facultative,spinose,0
RC8-94,,-27.283,-102.083,,Pacific,16,symbiont-obligate,spinose,0.578461538461539
RC8-94,,-27.283,-102.083,,Pacific,16,undetermined,non-spinose,0.0082051282051282
RC9-124,,-28.75,172.6,,Pacific,40,symbiont-barren,non-spinose,0.234657039711191
RC9-124,,-28.75,172.6,,Pacific,40,symbiont-barren,spinose,0.125451263537906
RC9-124,,-28.75,172.6,,Pacific,40,symbiont-bearing,non-spinose,0
RC9-124,,-28.75,172.6,,Pacific,40,symbiont-bearing,spinose,0.00992779783393502
RC9-124,,-28.75,172.6,,Pacific,40,symbiont-facultative,non-spinose,0.226534296028881
RC9-124,,-28.75,172.6,,Pacific,40,symbiont-facultative,spinose,0
RC9-124,,-28.75,172.6,,Pacific,40,symbiont-obligate,spinose,0.40072202166065
RC9-124,,-28.75,172.6,,Pacific,40,undetermined,non-spinose,0.000902527075812274
RC9-126,,-33.233,168.733,,Pacific,30,symbiont-barren,non-spinose,0.276479750778816
RC9-126,,-33.233,168.733,,Pacific,30,symbiont-barren,spinose,0.197040498442368
RC9-126,,-33.233,168.733,,Pacific,30,symbiont-bearing,non-spinose,0
RC9-126,,-33.233,168.733,,Pacific,30,symbiont-bearing,spinose,0.00311526479750779
RC9-126,,-33.233,168.733,,Pacific,30,symbiont-facultative,non-spinose,0.320872274143302
RC9-126,,-33.233,168.733,,Pacific,30,symbiont-facultative,spinose,0
RC9-126,,-33.233,168.733,,Pacific,30,symbiont-obligate,spinose,0.200155763239875
RC9-126,,-33.233,168.733,,Pacific,30,undetermined,non-spinose,0
RC9-178,Piston,33.733,27.917,2628,Mediterranean,,symbiont-barren,non-spinose,0
RC9-178,Piston,33.733,27.917,2628,Mediterranean,,symbiont-barren,spinose,0
RC9-178,Piston,33.733,27.917,2628,Mediterranean,,symbiont-bearing,non-spinose,0
RC9-178,Piston,33.733,27.917,2628,Mediterranean,,symbiont-bearing,spinose,0
RC9-178,Piston,33.733,27.917,2628,Mediterranean,,symbiont-facultative,non-spinose,0
RC9-178,Piston,33.733,27.917,2628,Mediterranean,,symbiont-facultative,spinose,0
RC9-178,Piston,33.733,27.917,2628,Mediterranean,,symbiont-obligate,spinose,0
RC9-178,Piston,33.733,27.917,2628,Mediterranean,,undetermined,non-spinose,0
RC9191,Piston,38.2,18.033,2345,Mediterranean,,symbiont-barren,non-spinose,0
RC9191,Piston,38.2,18.033,2345,Mediterranean,,symbiont-barren,spinose,0
RC9191,Piston,38.2,18.033,2345,Mediterranean,,symbiont-bearing,non-spinose,0
RC9191,Piston,38.2,18.033,2345,Mediterranean,,symbiont-bearing,spinose,0
RC9191,Piston,38.2,18.033,2345,Mediterranean,,symbiont-facultative,non-spinose,0
RC9191,Piston,38.2,18.033,2345,Mediterranean,,symbiont-facultative,spinose,0
RC9191,Piston,38.2,18.033,2345,Mediterranean,,symbiont-obligate,spinose,0
RC9191,Piston,38.2,18.033,2345,Mediterranean,,undetermined,non-spinose,0
RE05-034,,42.383,-21.967,3750,North Atlantic,40,symbiont-barren,non-spinose,0.452747252747253
RE05-034,,42.383,-21.967,3750,North Atlantic,40,symbiont-barren,spinose,0.294505494505495
RE05-034,,42.383,-21.967,3750,North Atlantic,40,symbiont-bearing,non-spinose,0
RE05-034,,42.383,-21.967,3750,North Atlantic,40,symbiont-bearing,spinose,0
RE05-034,,42.383,-21.967,3750,North Atlantic,40,symbiont-facultative,non-spinose,0.193406593406593
RE05-034,,42.383,-21.967,3750,North Atlantic,40,symbiont-facultative,spinose,0
RE05-034,,42.383,-21.967,3750,North Atlantic,40,symbiont-obligate,spinose,0.0505494505494506
RE05-034,,42.383,-21.967,3750,North Atlantic,40,undetermined,non-spinose,0
RE05-036,,46.917,-18.583,4500,North Atlantic,70,symbiont-barren,non-spinose,0.979351032448378
RE05-036,,46.917,-18.583,4500,North Atlantic,70,symbiont-barren,spinose,0.0176991150442478
RE05-036,,46.917,-18.583,4500,North Atlantic,70,symbiont-bearing,non-spinose,0
RE05-036,,46.917,-18.583,4500,North Atlantic,70,symbiont-bearing,spinose,0
RE05-036,,46.917,-18.583,4500,North Atlantic,70,symbiont-facultative,non-spinose,0.00294985250737463
RE05-036,,46.917,-18.583,4500,North Atlantic,70,symbiont-facultative,spinose,0
RE05-036,,46.917,-18.583,4500,North Atlantic,70,symbiont-obligate,spinose,0
RE05-036,,46.917,-18.583,4500,North Atlantic,70,undetermined,non-spinose,0
RE05-054,,25.868,-19.051,3295,North Atlantic,10,symbiont-barren,non-spinose,0.464673913043478
RE05-054,,25.868,-19.051,3295,North Atlantic,10,symbiont-barren,spinose,0.190217391304348
RE05-054,,25.868,-19.051,3295,North Atlantic,10,symbiont-bearing,non-spinose,0
RE05-054,,25.868,-19.051,3295,North Atlantic,10,symbiont-bearing,spinose,0.00815217391304348
RE05-054,,25.868,-19.051,3295,North Atlantic,10,symbiont-facultative,non-spinose,0.22554347826087
RE05-054,,25.868,-19.051,3295,North Atlantic,10,symbiont-facultative,spinose,0.00543478260869565
RE05-054,,25.868,-19.051,3295,North Atlantic,10,symbiont-obligate,spinose,0.105978260869565
RE05-054,,25.868,-19.051,3295,North Atlantic,10,undetermined,non-spinose,0
RE05-057,,19.652,-19.1,2954,North Atlantic,100,symbiont-barren,non-spinose,0.313769751693002
RE05-057,,19.652,-19.1,2954,North Atlantic,100,symbiont-barren,spinose,0.417607223476298
RE05-057,,19.652,-19.1,2954,North Atlantic,100,symbiont-bearing,non-spinose,0
RE05-057,,19.652,-19.1,2954,North Atlantic,100,symbiont-bearing,spinose,0.0112866817155756
RE05-057,,19.652,-19.1,2954,North Atlantic,100,symbiont-facultative,non-spinose,0.18961625282167
RE05-057,,19.652,-19.1,2954,North Atlantic,100,symbiont-facultative,spinose,0
RE05-057,,19.652,-19.1,2954,North Atlantic,100,symbiont-obligate,spinose,0.0677200902934537
RE05-057,,19.652,-19.1,2954,North Atlantic,100,undetermined,non-spinose,0
RE10-002,,56.984,-12.467,2305,North Atlantic,60,symbiont-barren,non-spinose,0.946927374301676
RE10-002,,56.984,-12.467,2305,North Atlantic,60,symbiont-barren,spinose,0.053072625698324
RE10-002,,56.984,-12.467,2305,North Atlantic,60,symbiont-bearing,non-spinose,0
RE10-002,,56.984,-12.467,2305,North Atlantic,60,symbiont-bearing,spinose,0
RE10-002,,56.984,-12.467,2305,North Atlantic,60,symbiont-facultative,non-spinose,0
RE10-002,,56.984,-12.467,2305,North Atlantic,60,symbiont-facultative,spinose,0
RE10-002,,56.984,-12.467,2305,North Atlantic,60,symbiont-obligate,spinose,0
RE10-002,,56.984,-12.467,2305,North Atlantic,60,undetermined,non-spinose,0
RR9702A-63TC,,-18.085,-79.04,,Pacific,16,symbiont-barren,non-spinose,0.175510204081633
RR9702A-63TC,,-18.085,-79.04,,Pacific,16,symbiont-barren,spinose,0.2
RR9702A-63TC,,-18.085,-79.04,,Pacific,16,symbiont-bearing,non-spinose,0
RR9702A-63TC,,-18.085,-79.04,,Pacific,16,symbiont-bearing,spinose,0.00204081632653061
RR9702A-63TC,,-18.085,-79.04,,Pacific,16,symbiont-facultative,non-spinose,0.559183673469388
RR9702A-63TC,,-18.085,-79.04,,Pacific,16,symbiont-facultative,spinose,0
RR9702A-63TC,,-18.085,-79.04,,Pacific,16,symbiont-obligate,spinose,0.0591836734693878
RR9702A-63TC,,-18.085,-79.04,,Pacific,16,undetermined,non-spinose,0.00408163265306122
RR9702A-69TC,,-16.007,-76.378,,Pacific,70,symbiont-barren,non-spinose,0.250602409638554
RR9702A-69TC,,-16.007,-76.378,,Pacific,70,symbiont-barren,spinose,0.385542168674699
RR9702A-69TC,,-16.007,-76.378,,Pacific,70,symbiont-bearing,non-spinose,0
RR9702A-69TC,,-16.007,-76.378,,Pacific,70,symbiont-bearing,spinose,0
RR9702A-69TC,,-16.007,-76.378,,Pacific,70,symbiont-facultative,non-spinose,0.306024096385542
RR9702A-69TC,,-16.007,-76.378,,Pacific,70,symbiont-facultative,spinose,0
RR9702A-69TC,,-16.007,-76.378,,Pacific,70,symbiont-obligate,spinose,0.0578313253012048
RR9702A-69TC,,-16.007,-76.378,,Pacific,70,undetermined,non-spinose,0
RR9702A-69TC,,-16.007,-76.378,,Pacific,80,symbiont-barren,non-spinose,0.432584269662921
RR9702A-69TC,,-16.007,-76.378,,Pacific,80,symbiont-barren,spinose,0.120786516853933
RR9702A-69TC,,-16.007,-76.378,,Pacific,80,symbiont-bearing,non-spinose,0
RR9702A-69TC,,-16.007,-76.378,,Pacific,80,symbiont-bearing,spinose,0
RR9702A-69TC,,-16.007,-76.378,,Pacific,80,symbiont-facultative,non-spinose,0.404494382022472
RR9702A-69TC,,-16.007,-76.378,,Pacific,80,symbiont-facultative,spinose,0
RR9702A-69TC,,-16.007,-76.378,,Pacific,80,symbiont-obligate,spinose,0.0421348314606742
RR9702A-69TC,,-16.007,-76.378,,Pacific,80,undetermined,non-spinose,0
RS067-GC10,,-38.86166667,140.1,3332,Indian,0.505,symbiont-barren,non-spinose,0
RS067-GC10,,-38.86166667,140.1,3332,Indian,0.505,symbiont-barren,spinose,0
RS067-GC10,,-38.86166667,140.1,3332,Indian,0.505,symbiont-bearing,non-spinose,0
RS067-GC10,,-38.86166667,140.1,3332,Indian,0.505,symbiont-bearing,spinose,0
RS067-GC10,,-38.86166667,140.1,3332,Indian,0.505,symbiont-facultative,non-spinose,0
RS067-GC10,,-38.86166667,140.1,3332,Indian,0.505,symbiont-facultative,spinose,0
RS067-GC10,,-38.86166667,140.1,3332,Indian,0.505,symbiont-obligate,spinose,0
RS067-GC10,,-38.86166667,140.1,3332,Indian,0.505,undetermined,non-spinose,0
RS096-GC21,,-23.77216667,108.5006667,2100,Indian,0.29,symbiont-barren,non-spinose,0
RS096-GC21,,-23.77216667,108.5006667,2100,Indian,0.29,symbiont-barren,spinose,0
RS096-GC21,,-23.77216667,108.5006667,2100,Indian,0.29,symbiont-bearing,non-spinose,0
RS096-GC21,,-23.77216667,108.5006667,2100,Indian,0.29,symbiont-bearing,spinose,0
RS096-GC21,,-23.77216667,108.5006667,2100,Indian,0.29,symbiont-facultative,non-spinose,0
RS096-GC21,,-23.77216667,108.5006667,2100,Indian,0.29,symbiont-facultative,spinose,0
RS096-GC21,,-23.77216667,108.5006667,2100,Indian,0.29,symbiont-obligate,spinose,0
RS096-GC21,,-23.77216667,108.5006667,2100,Indian,0.29,undetermined,non-spinose,0
RS147-GC07,,-45.15,146.2833333,3300,Pacific,0.85,symbiont-barren,non-spinose,0.477401129943503
RS147-GC07,,-45.15,146.2833333,3300,Pacific,0.85,symbiont-barren,spinose,0.319209039548023
RS147-GC07,,-45.15,146.2833333,3300,Pacific,0.85,symbiont-bearing,non-spinose,0
RS147-GC07,,-45.15,146.2833333,3300,Pacific,0.85,symbiont-bearing,spinose,0
RS147-GC07,,-45.15,146.2833333,3300,Pacific,0.85,symbiont-facultative,non-spinose,0.18361581920904
RS147-GC07,,-45.15,146.2833333,3300,Pacific,0.85,symbiont-facultative,spinose,0
RS147-GC07,,-45.15,146.2833333,3300,Pacific,0.85,symbiont-obligate,spinose,0.00282485875706215
RS147-GC07,,-45.15,146.2833333,3300,Pacific,0.85,undetermined,non-spinose,0
RS147-GC07,,-45.15,146.2833333,3300,Pacific,0.87,symbiont-barren,non-spinose,0.488425925925926
RS147-GC07,,-45.15,146.2833333,3300,Pacific,0.87,symbiont-barren,spinose,0.305555555555556
RS147-GC07,,-45.15,146.2833333,3300,Pacific,0.87,symbiont-bearing,non-spinose,0
RS147-GC07,,-45.15,146.2833333,3300,Pacific,0.87,symbiont-bearing,spinose,0
RS147-GC07,,-45.15,146.2833333,3300,Pacific,0.87,symbiont-facultative,non-spinose,0.168981481481482
RS147-GC07,,-45.15,146.2833333,3300,Pacific,0.87,symbiont-facultative,spinose,0
RS147-GC07,,-45.15,146.2833333,3300,Pacific,0.87,symbiont-obligate,spinose,0.00694444444444444
RS147-GC07,,-45.15,146.2833333,3300,Pacific,0.87,undetermined,non-spinose,0
RS147-GC07,,-45.15,146.2833333,3300,Pacific,0.88,symbiont-barren,non-spinose,0.363636363636364
RS147-GC07,,-45.15,146.2833333,3300,Pacific,0.88,symbiont-barren,spinose,0.41958041958042
RS147-GC07,,-45.15,146.2833333,3300,Pacific,0.88,symbiont-bearing,non-spinose,0
RS147-GC07,,-45.15,146.2833333,3300,Pacific,0.88,symbiont-bearing,spinose,0
RS147-GC07,,-45.15,146.2833333,3300,Pacific,0.88,symbiont-facultative,non-spinose,0.174825174825175
RS147-GC07,,-45.15,146.2833333,3300,Pacific,0.88,symbiont-facultative,spinose,0
RS147-GC07,,-45.15,146.2833333,3300,Pacific,0.88,symbiont-obligate,spinose,0.0174825174825175
RS147-GC07,,-45.15,146.2833333,3300,Pacific,0.88,undetermined,non-spinose,0
RS147-GC07,,-45.15,146.2833333,3300,Pacific,0.91,symbiont-barren,non-spinose,0.410468319559229
RS147-GC07,,-45.15,146.2833333,3300,Pacific,0.91,symbiont-barren,spinose,0.410468319559229
RS147-GC07,,-45.15,146.2833333,3300,Pacific,0.91,symbiont-bearing,non-spinose,0
RS147-GC07,,-45.15,146.2833333,3300,Pacific,0.91,symbiont-bearing,spinose,0
RS147-GC07,,-45.15,146.2833333,3300,Pacific,0.91,symbiont-facultative,non-spinose,0.137741046831956
RS147-GC07,,-45.15,146.2833333,3300,Pacific,0.91,symbiont-facultative,spinose,0
RS147-GC07,,-45.15,146.2833333,3300,Pacific,0.91,symbiont-obligate,spinose,0
RS147-GC07,,-45.15,146.2833333,3300,Pacific,0.91,undetermined,non-spinose,0
RS147-GC07,,-45.15,146.2833333,3300,Pacific,0.935,symbiont-barren,non-spinose,0.336823734729494
RS147-GC07,,-45.15,146.2833333,3300,Pacific,0.935,symbiont-barren,spinose,0.469458987783595
RS147-GC07,,-45.15,146.2833333,3300,Pacific,0.935,symbiont-bearing,non-spinose,0
RS147-GC07,,-45.15,146.2833333,3300,Pacific,0.935,symbiont-bearing,spinose,0
RS147-GC07,,-45.15,146.2833333,3300,Pacific,0.935,symbiont-facultative,non-spinose,0.164048865619546
RS147-GC07,,-45.15,146.2833333,3300,Pacific,0.935,symbiont-facultative,spinose,0
RS147-GC07,,-45.15,146.2833333,3300,Pacific,0.935,symbiont-obligate,spinose,0.0226876090750436
RS147-GC07,,-45.15,146.2833333,3300,Pacific,0.935,undetermined,non-spinose,0
RS147-GC07,,-45.15,146.2833333,3300,Pacific,0.985,symbiont-barren,non-spinose,0.337579617834395
RS147-GC07,,-45.15,146.2833333,3300,Pacific,0.985,symbiont-barren,spinose,0.495222929936306
RS147-GC07,,-45.15,146.2833333,3300,Pacific,0.985,symbiont-bearing,non-spinose,0
RS147-GC07,,-45.15,146.2833333,3300,Pacific,0.985,symbiont-bearing,spinose,0
RS147-GC07,,-45.15,146.2833333,3300,Pacific,0.985,symbiont-facultative,non-spinose,0.135350318471338
RS147-GC07,,-45.15,146.2833333,3300,Pacific,0.985,symbiont-facultative,spinose,0
RS147-GC07,,-45.15,146.2833333,3300,Pacific,0.985,symbiont-obligate,spinose,0.0222929936305732
RS147-GC07,,-45.15,146.2833333,3300,Pacific,0.985,undetermined,non-spinose,0
RS147-GC14,,-46.45,145.24,3360,Indian,0.25,symbiont-barren,non-spinose,0
RS147-GC14,,-46.45,145.24,3360,Indian,0.25,symbiont-barren,spinose,0
RS147-GC14,,-46.45,145.24,3360,Indian,0.25,symbiont-bearing,non-spinose,0
RS147-GC14,,-46.45,145.24,3360,Indian,0.25,symbiont-bearing,spinose,0
RS147-GC14,,-46.45,145.24,3360,Indian,0.25,symbiont-facultative,non-spinose,0
RS147-GC14,,-46.45,145.24,3360,Indian,0.25,symbiont-facultative,spinose,0
RS147-GC14,,-46.45,145.24,3360,Indian,0.25,symbiont-obligate,spinose,0
RS147-GC14,,-46.45,145.24,3360,Indian,0.25,undetermined,non-spinose,0
RS147-GC31,,-44.53,149.05,3402,Pacific,0.69,symbiont-barren,non-spinose,0
RS147-GC31,,-44.53,149.05,3402,Pacific,0.69,symbiont-barren,spinose,0
RS147-GC31,,-44.53,149.05,3402,Pacific,0.69,symbiont-bearing,non-spinose,0
RS147-GC31,,-44.53,149.05,3402,Pacific,0.69,symbiont-bearing,spinose,0
RS147-GC31,,-44.53,149.05,3402,Pacific,0.69,symbiont-facultative,non-spinose,0
RS147-GC31,,-44.53,149.05,3402,Pacific,0.69,symbiont-facultative,spinose,0
RS147-GC31,,-44.53,149.05,3402,Pacific,0.69,symbiont-obligate,spinose,0
RS147-GC31,,-44.53,149.05,3402,Pacific,0.69,undetermined,non-spinose,0
S794,,-35.31,177.9966667,2195,Pacific,1.39,symbiont-barren,non-spinose,0
S794,,-35.31,177.9966667,2195,Pacific,1.39,symbiont-barren,spinose,0
S794,,-35.31,177.9966667,2195,Pacific,1.39,symbiont-bearing,non-spinose,0
S794,,-35.31,177.9966667,2195,Pacific,1.39,symbiont-bearing,spinose,0
S794,,-35.31,177.9966667,2195,Pacific,1.39,symbiont-facultative,non-spinose,0
S794,,-35.31,177.9966667,2195,Pacific,1.39,symbiont-facultative,spinose,0
S794,,-35.31,177.9966667,2195,Pacific,1.39,symbiont-obligate,spinose,0
S794,,-35.31,177.9966667,2195,Pacific,1.39,undetermined,non-spinose,0
SHI9006,,-4.33223,117.59584,1999,Indian,5.99,symbiont-barren,non-spinose,0
SHI9006,,-4.33223,117.59584,1999,Indian,5.99,symbiont-barren,spinose,0
SHI9006,,-4.33223,117.59584,1999,Indian,5.99,symbiont-bearing,non-spinose,0
SHI9006,,-4.33223,117.59584,1999,Indian,5.99,symbiont-bearing,spinose,0
SHI9006,,-4.33223,117.59584,1999,Indian,5.99,symbiont-facultative,non-spinose,0
SHI9006,,-4.33223,117.59584,1999,Indian,5.99,symbiont-facultative,spinose,0
SHI9006,,-4.33223,117.59584,1999,Indian,5.99,symbiont-obligate,spinose,0
SHI9006,,-4.33223,117.59584,1999,Indian,5.99,undetermined,non-spinose,0
SHI9016,,-8.455833333,128.238,1805,Indian,0.52,symbiont-barren,non-spinose,0
SHI9016,,-8.455833333,128.238,1805,Indian,0.52,symbiont-barren,spinose,0
SHI9016,,-8.455833333,128.238,1805,Indian,0.52,symbiont-bearing,non-spinose,0
SHI9016,,-8.455833333,128.238,1805,Indian,0.52,symbiont-bearing,spinose,0
SHI9016,,-8.455833333,128.238,1805,Indian,0.52,symbiont-facultative,non-spinose,0
SHI9016,,-8.455833333,128.238,1805,Indian,0.52,symbiont-facultative,spinose,0
SHI9016,,-8.455833333,128.238,1805,Indian,0.52,symbiont-obligate,spinose,0
SHI9016,,-8.455833333,128.238,1805,Indian,0.52,undetermined,non-spinose,0
SHI9022,,-11.35444,122.03799,2313,Indian,5.79,symbiont-barren,non-spinose,0
SHI9022,,-11.35444,122.03799,2313,Indian,5.79,symbiont-barren,spinose,0
SHI9022,,-11.35444,122.03799,2313,Indian,5.79,symbiont-bearing,non-spinose,0
SHI9022,,-11.35444,122.03799,2313,Indian,5.79,symbiont-bearing,spinose,0
SHI9022,,-11.35444,122.03799,2313,Indian,5.79,symbiont-facultative,non-spinose,0
SHI9022,,-11.35444,122.03799,2313,Indian,5.79,symbiont-facultative,spinose,0
SHI9022,,-11.35444,122.03799,2313,Indian,5.79,symbiont-obligate,spinose,0
SHI9022,,-11.35444,122.03799,2313,Indian,5.79,undetermined,non-spinose,0
SHI9034,,-9.09764,111.00721,3330,Indian,8.3,symbiont-barren,non-spinose,0
SHI9034,,-9.09764,111.00721,3330,Indian,8.3,symbiont-barren,spinose,0
SHI9034,,-9.09764,111.00721,3330,Indian,8.3,symbiont-bearing,non-spinose,0
SHI9034,,-9.09764,111.00721,3330,Indian,8.3,symbiont-bearing,spinose,0
SHI9034,,-9.09764,111.00721,3330,Indian,8.3,symbiont-facultative,non-spinose,0
SHI9034,,-9.09764,111.00721,3330,Indian,8.3,symbiont-facultative,spinose,0
SHI9034,,-9.09764,111.00721,3330,Indian,8.3,symbiont-obligate,spinose,0
SHI9034,,-9.09764,111.00721,3330,Indian,8.3,undetermined,non-spinose,0
SO189-119KL,,3.5178,96.3145,808,Indian,,symbiont-barren,non-spinose,0.220942353799646
SO189-119KL,,3.5178,96.3145,808,Indian,,symbiont-barren,spinose,0.108349838423851
SO189-119KL,,3.5178,96.3145,808,Indian,,symbiont-bearing,non-spinose,0
SO189-119KL,,3.5178,96.3145,808,Indian,,symbiont-bearing,spinose,0.108078807463776
SO189-119KL,,3.5178,96.3145,808,Indian,,symbiont-facultative,non-spinose,0.623485875117273
SO189-119KL,,3.5178,96.3145,808,Indian,,symbiont-facultative,spinose,0.00377358490566038
SO189-119KL,,3.5178,96.3145,808,Indian,,symbiont-obligate,spinose,0.909496507870322
SO189-119KL,,3.5178,96.3145,808,Indian,,undetermined,non-spinose,0.0258730324194725
SO189-144KL,,1.155,98.066,481,Indian,,symbiont-barren,non-spinose,0.132075471698113
SO189-144KL,,1.155,98.066,481,Indian,,symbiont-barren,spinose,0.0542452830188679
SO189-144KL,,1.155,98.066,481,Indian,,symbiont-bearing,non-spinose,0
SO189-144KL,,1.155,98.066,481,Indian,,symbiont-bearing,spinose,0.0589622641509434
SO189-144KL,,1.155,98.066,481,Indian,,symbiont-facultative,non-spinose,0.363207547169811
SO189-144KL,,1.155,98.066,481,Indian,,symbiont-facultative,spinose,0
SO189-144KL,,1.155,98.066,481,Indian,,symbiont-obligate,spinose,0.384433962264151
SO189-144KL,,1.155,98.066,481,Indian,,undetermined,non-spinose,0.00707547169811321
SO189-39KL,,-0.79,99.9085,517,Indian,,symbiont-barren,non-spinose,0.266090207992522
SO189-39KL,,-0.79,99.9085,517,Indian,,symbiont-barren,spinose,0.0862724935732648
SO189-39KL,,-0.79,99.9085,517,Indian,,symbiont-bearing,non-spinose,0
SO189-39KL,,-0.79,99.9085,517,Indian,,symbiont-bearing,spinose,0.123075484926385
SO189-39KL,,-0.79,99.9085,517,Indian,,symbiont-facultative,non-spinose,0.805795746669783
SO189-39KL,,-0.79,99.9085,517,Indian,,symbiont-facultative,spinose,0
SO189-39KL,,-0.79,99.9085,517,Indian,,symbiont-obligate,spinose,0.695003505491938
SO189-39KL,,-0.79,99.9085,517,Indian,,undetermined,non-spinose,0.0237625613461089
SO201-2-77KL,,56.3305,170.7,2135,Pacific,2.54,symbiont-barren,non-spinose,0.749596122778675
SO201-2-77KL,,56.3305,170.7,2135,Pacific,2.54,symbiont-barren,spinose,0.245557350565428
SO201-2-77KL,,56.3305,170.7,2135,Pacific,2.54,symbiont-bearing,non-spinose,0.00323101777059774
SO201-2-77KL,,56.3305,170.7,2135,Pacific,2.54,symbiont-bearing,spinose,0
SO201-2-77KL,,56.3305,170.7,2135,Pacific,2.54,symbiont-facultative,non-spinose,0
SO201-2-77KL,,56.3305,170.7,2135,Pacific,2.54,symbiont-facultative,spinose,0
SO201-2-77KL,,56.3305,170.7,2135,Pacific,2.54,symbiont-obligate,spinose,0.00161550888529887
SO201-2-77KL,,56.3305,170.7,2135,Pacific,2.54,undetermined,non-spinose,0
SO201-2-77KL,,56.3305,170.7,2135,Pacific,2.74,symbiont-barren,non-spinose,0.751740139211137
SO201-2-77KL,,56.3305,170.7,2135,Pacific,2.74,symbiont-barren,spinose,0.248259860788863
SO201-2-77KL,,56.3305,170.7,2135,Pacific,2.74,symbiont-bearing,non-spinose,0
SO201-2-77KL,,56.3305,170.7,2135,Pacific,2.74,symbiont-bearing,spinose,0
SO201-2-77KL,,56.3305,170.7,2135,Pacific,2.74,symbiont-facultative,non-spinose,0
SO201-2-77KL,,56.3305,170.7,2135,Pacific,2.74,symbiont-facultative,spinose,0
SO201-2-77KL,,56.3305,170.7,2135,Pacific,2.74,symbiont-obligate,spinose,0
SO201-2-77KL,,56.3305,170.7,2135,Pacific,2.74,undetermined,non-spinose,0
SO201-2-85KL,,57.505,170.413167,975,Pacific,1.35,symbiont-barren,non-spinose,0.770661157024794
SO201-2-85KL,,57.505,170.413167,975,Pacific,1.35,symbiont-barren,spinose,0.229338842975207
SO201-2-85KL,,57.505,170.413167,975,Pacific,1.35,symbiont-bearing,non-spinose,0
SO201-2-85KL,,57.505,170.413167,975,Pacific,1.35,symbiont-bearing,spinose,0
SO201-2-85KL,,57.505,170.413167,975,Pacific,1.35,symbiont-facultative,non-spinose,0
SO201-2-85KL,,57.505,170.413167,975,Pacific,1.35,symbiont-facultative,spinose,0
SO201-2-85KL,,57.505,170.413167,975,Pacific,1.35,symbiont-obligate,spinose,0
SO201-2-85KL,,57.505,170.413167,975,Pacific,1.35,undetermined,non-spinose,0
SO36-07,,-42.25,144.75,1085,Indian,0.73,symbiont-barren,non-spinose,0
SO36-07,,-42.25,144.75,1085,Indian,0.73,symbiont-barren,spinose,0
SO36-07,,-42.25,144.75,1085,Indian,0.73,symbiont-bearing,non-spinose,0
SO36-07,,-42.25,144.75,1085,Indian,0.73,symbiont-bearing,spinose,0
SO36-07,,-42.25,144.75,1085,Indian,0.73,symbiont-facultative,non-spinose,0
SO36-07,,-42.25,144.75,1085,Indian,0.73,symbiont-facultative,spinose,0
SO36-07,,-42.25,144.75,1085,Indian,0.73,symbiont-obligate,spinose,0
SO36-07,,-42.25,144.75,1085,Indian,0.73,undetermined,non-spinose,0
SO36-21,,-43.8,145.5,2829,Indian,0.2,symbiont-barren,non-spinose,0
SO36-21,,-43.8,145.5,2829,Indian,0.2,symbiont-barren,spinose,0
SO36-21,,-43.8,145.5,2829,Indian,0.2,symbiont-bearing,non-spinose,0
SO36-21,,-43.8,145.5,2829,Indian,0.2,symbiont-bearing,spinose,0
SO36-21,,-43.8,145.5,2829,Indian,0.2,symbiont-facultative,non-spinose,0
SO36-21,,-43.8,145.5,2829,Indian,0.2,symbiont-facultative,spinose,0
SO36-21,,-43.8,145.5,2829,Indian,0.2,symbiont-obligate,spinose,0
SO36-21,,-43.8,145.5,2829,Indian,0.2,undetermined,non-spinose,0
SO36-39,,-45.87,145.99,2497,Pacific,0.3,symbiont-barren,non-spinose,0
SO36-39,,-45.87,145.99,2497,Pacific,0.3,symbiont-barren,spinose,0
SO36-39,,-45.87,145.99,2497,Pacific,0.3,symbiont-bearing,non-spinose,0
SO36-39,,-45.87,145.99,2497,Pacific,0.3,symbiont-bearing,spinose,0
SO36-39,,-45.87,145.99,2497,Pacific,0.3,symbiont-facultative,non-spinose,0
SO36-39,,-45.87,145.99,2497,Pacific,0.3,symbiont-facultative,spinose,0
SO36-39,,-45.87,145.99,2497,Pacific,0.3,symbiont-obligate,spinose,0
SO36-39,,-45.87,145.99,2497,Pacific,0.3,undetermined,non-spinose,0
SO36-47,,-46.87,145.98,2497,Pacific,0.5,symbiont-barren,non-spinose,0
SO36-47,,-46.87,145.98,2497,Pacific,0.5,symbiont-barren,spinose,0
SO36-47,,-46.87,145.98,2497,Pacific,0.5,symbiont-bearing,non-spinose,0
SO36-47,,-46.87,145.98,2497,Pacific,0.5,symbiont-bearing,spinose,0
SO36-47,,-46.87,145.98,2497,Pacific,0.5,symbiont-facultative,non-spinose,0
SO36-47,,-46.87,145.98,2497,Pacific,0.5,symbiont-facultative,spinose,0
SO36-47,,-46.87,145.98,2497,Pacific,0.5,symbiont-obligate,spinose,0
SO36-47,,-46.87,145.98,2497,Pacific,0.5,undetermined,non-spinose,0
SO82_5-2,,59.1862,-30.9048,1416,North Atlantic,1,symbiont-barren,non-spinose,0.983
SO82_5-2,,59.1862,-30.9048,1416,North Atlantic,1,symbiont-barren,spinose,0.014
SO82_5-2,,59.1862,-30.9048,1416,North Atlantic,1,symbiont-bearing,non-spinose,0
SO82_5-2,,59.1862,-30.9048,1416,North Atlantic,1,symbiont-bearing,spinose,0
SO82_5-2,,59.1862,-30.9048,1416,North Atlantic,1,symbiont-facultative,non-spinose,0.003
SO82_5-2,,59.1862,-30.9048,1416,North Atlantic,1,symbiont-facultative,spinose,0
SO82_5-2,,59.1862,-30.9048,1416,North Atlantic,1,symbiont-obligate,spinose,0
SO82_5-2,,59.1862,-30.9048,1416,North Atlantic,1,undetermined,non-spinose,0
SO82_5-2,,59.1862,-30.9048,1416,North Atlantic,1.05,symbiont-barren,non-spinose,0.989
SO82_5-2,,59.1862,-30.9048,1416,North Atlantic,1.05,symbiont-barren,spinose,0.009
SO82_5-2,,59.1862,-30.9048,1416,North Atlantic,1.05,symbiont-bearing,non-spinose,0
SO82_5-2,,59.1862,-30.9048,1416,North Atlantic,1.05,symbiont-bearing,spinose,0
SO82_5-2,,59.1862,-30.9048,1416,North Atlantic,1.05,symbiont-facultative,non-spinose,0.002
SO82_5-2,,59.1862,-30.9048,1416,North Atlantic,1.05,symbiont-facultative,spinose,0
SO82_5-2,,59.1862,-30.9048,1416,North Atlantic,1.05,symbiont-obligate,spinose,0
SO82_5-2,,59.1862,-30.9048,1416,North Atlantic,1.05,undetermined,non-spinose,0
SO82_5-2,,59.1862,-30.9048,1416,North Atlantic,1.1,symbiont-barren,non-spinose,0.992
SO82_5-2,,59.1862,-30.9048,1416,North Atlantic,1.1,symbiont-barren,spinose,0.006
SO82_5-2,,59.1862,-30.9048,1416,North Atlantic,1.1,symbiont-bearing,non-spinose,0
SO82_5-2,,59.1862,-30.9048,1416,North Atlantic,1.1,symbiont-bearing,spinose,0
SO82_5-2,,59.1862,-30.9048,1416,North Atlantic,1.1,symbiont-facultative,non-spinose,0.002
SO82_5-2,,59.1862,-30.9048,1416,North Atlantic,1.1,symbiont-facultative,spinose,0
SO82_5-2,,59.1862,-30.9048,1416,North Atlantic,1.1,symbiont-obligate,spinose,0
SO82_5-2,,59.1862,-30.9048,1416,North Atlantic,1.1,undetermined,non-spinose,0
SO82_5-2,,59.1862,-30.9048,1416,North Atlantic,1.15,symbiont-barren,non-spinose,0.991
SO82_5-2,,59.1862,-30.9048,1416,North Atlantic,1.15,symbiont-barren,spinose,0.007
SO82_5-2,,59.1862,-30.9048,1416,North Atlantic,1.15,symbiont-bearing,non-spinose,0
SO82_5-2,,59.1862,-30.9048,1416,North Atlantic,1.15,symbiont-bearing,spinose,0
SO82_5-2,,59.1862,-30.9048,1416,North Atlantic,1.15,symbiont-facultative,non-spinose,0.002
SO82_5-2,,59.1862,-30.9048,1416,North Atlantic,1.15,symbiont-facultative,spinose,0
SO82_5-2,,59.1862,-30.9048,1416,North Atlantic,1.15,symbiont-obligate,spinose,0
SO82_5-2,,59.1862,-30.9048,1416,North Atlantic,1.15,undetermined,non-spinose,0
SO82_5-2,,59.1862,-30.9048,1416,North Atlantic,1.2,symbiont-barren,non-spinose,0.975
SO82_5-2,,59.1862,-30.9048,1416,North Atlantic,1.2,symbiont-barren,spinose,0.017
SO82_5-2,,59.1862,-30.9048,1416,North Atlantic,1.2,symbiont-bearing,non-spinose,0
SO82_5-2,,59.1862,-30.9048,1416,North Atlantic,1.2,symbiont-bearing,spinose,0
SO82_5-2,,59.1862,-30.9048,1416,North Atlantic,1.2,symbiont-facultative,non-spinose,0.004
SO82_5-2,,59.1862,-30.9048,1416,North Atlantic,1.2,symbiont-facultative,spinose,0.003
SO82_5-2,,59.1862,-30.9048,1416,North Atlantic,1.2,symbiont-obligate,spinose,0.001
SO82_5-2,,59.1862,-30.9048,1416,North Atlantic,1.2,undetermined,non-spinose,0
SO82_5-2,,59.1862,-30.9048,1416,North Atlantic,1.21,symbiont-barren,non-spinose,0.979
SO82_5-2,,59.1862,-30.9048,1416,North Atlantic,1.21,symbiont-barren,spinose,0.017
SO82_5-2,,59.1862,-30.9048,1416,North Atlantic,1.21,symbiont-bearing,non-spinose,0
SO82_5-2,,59.1862,-30.9048,1416,North Atlantic,1.21,symbiont-bearing,spinose,0
SO82_5-2,,59.1862,-30.9048,1416,North Atlantic,1.21,symbiont-facultative,non-spinose,0.002
SO82_5-2,,59.1862,-30.9048,1416,North Atlantic,1.21,symbiont-facultative,spinose,0
SO82_5-2,,59.1862,-30.9048,1416,North Atlantic,1.21,symbiont-obligate,spinose,0.002
SO82_5-2,,59.1862,-30.9048,1416,North Atlantic,1.21,undetermined,non-spinose,0
SO82_5-2,,59.1862,-30.9048,1416,North Atlantic,1.22,symbiont-barren,non-spinose,0.983
SO82_5-2,,59.1862,-30.9048,1416,North Atlantic,1.22,symbiont-barren,spinose,0.016
SO82_5-2,,59.1862,-30.9048,1416,North Atlantic,1.22,symbiont-bearing,non-spinose,0
SO82_5-2,,59.1862,-30.9048,1416,North Atlantic,1.22,symbiont-bearing,spinose,0
SO82_5-2,,59.1862,-30.9048,1416,North Atlantic,1.22,symbiont-facultative,non-spinose,0
SO82_5-2,,59.1862,-30.9048,1416,North Atlantic,1.22,symbiont-facultative,spinose,0
SO82_5-2,,59.1862,-30.9048,1416,North Atlantic,1.22,symbiont-obligate,spinose,0.001
SO82_5-2,,59.1862,-30.9048,1416,North Atlantic,1.22,undetermined,non-spinose,0
SO82_5-2,,59.1862,-30.9048,1416,North Atlantic,1.23,symbiont-barren,non-spinose,0.967
SO82_5-2,,59.1862,-30.9048,1416,North Atlantic,1.23,symbiont-barren,spinose,0.03
SO82_5-2,,59.1862,-30.9048,1416,North Atlantic,1.23,symbiont-bearing,non-spinose,0
SO82_5-2,,59.1862,-30.9048,1416,North Atlantic,1.23,symbiont-bearing,spinose,0
SO82_5-2,,59.1862,-30.9048,1416,North Atlantic,1.23,symbiont-facultative,non-spinose,0.001
SO82_5-2,,59.1862,-30.9048,1416,North Atlantic,1.23,symbiont-facultative,spinose,0
SO82_5-2,,59.1862,-30.9048,1416,North Atlantic,1.23,symbiont-obligate,spinose,0.002
SO82_5-2,,59.1862,-30.9048,1416,North Atlantic,1.23,undetermined,non-spinose,0
SO82_5-2,,59.1862,-30.9048,1416,North Atlantic,1.24,symbiont-barren,non-spinose,0.962
SO82_5-2,,59.1862,-30.9048,1416,North Atlantic,1.24,symbiont-barren,spinose,0.036
SO82_5-2,,59.1862,-30.9048,1416,North Atlantic,1.24,symbiont-bearing,non-spinose,0
SO82_5-2,,59.1862,-30.9048,1416,North Atlantic,1.24,symbiont-bearing,spinose,0
SO82_5-2,,59.1862,-30.9048,1416,North Atlantic,1.24,symbiont-facultative,non-spinose,0.001
SO82_5-2,,59.1862,-30.9048,1416,North Atlantic,1.24,symbiont-facultative,spinose,0
SO82_5-2,,59.1862,-30.9048,1416,North Atlantic,1.24,symbiont-obligate,spinose,0.001
SO82_5-2,,59.1862,-30.9048,1416,North Atlantic,1.24,undetermined,non-spinose,0
SO82_5-2,,59.1862,-30.9048,1416,North Atlantic,1.25,symbiont-barren,non-spinose,0.963
SO82_5-2,,59.1862,-30.9048,1416,North Atlantic,1.25,symbiont-barren,spinose,0.033
SO82_5-2,,59.1862,-30.9048,1416,North Atlantic,1.25,symbiont-bearing,non-spinose,0
SO82_5-2,,59.1862,-30.9048,1416,North Atlantic,1.25,symbiont-bearing,spinose,0
SO82_5-2,,59.1862,-30.9048,1416,North Atlantic,1.25,symbiont-facultative,non-spinose,0.003
SO82_5-2,,59.1862,-30.9048,1416,North Atlantic,1.25,symbiont-facultative,spinose,0
SO82_5-2,,59.1862,-30.9048,1416,North Atlantic,1.25,symbiont-obligate,spinose,0.001
SO82_5-2,,59.1862,-30.9048,1416,North Atlantic,1.25,undetermined,non-spinose,0
SO82_5-2,,59.1862,-30.9048,1416,North Atlantic,1.26,symbiont-barren,non-spinose,0.97
SO82_5-2,,59.1862,-30.9048,1416,North Atlantic,1.26,symbiont-barren,spinose,0.025
SO82_5-2,,59.1862,-30.9048,1416,North Atlantic,1.26,symbiont-bearing,non-spinose,0
SO82_5-2,,59.1862,-30.9048,1416,North Atlantic,1.26,symbiont-bearing,spinose,0
SO82_5-2,,59.1862,-30.9048,1416,North Atlantic,1.26,symbiont-facultative,non-spinose,0.004
SO82_5-2,,59.1862,-30.9048,1416,North Atlantic,1.26,symbiont-facultative,spinose,0
SO82_5-2,,59.1862,-30.9048,1416,North Atlantic,1.26,symbiont-obligate,spinose,0.001
SO82_5-2,,59.1862,-30.9048,1416,North Atlantic,1.26,undetermined,non-spinose,0
SO82_5-2,,59.1862,-30.9048,1416,North Atlantic,1.27,symbiont-barren,non-spinose,0.955
SO82_5-2,,59.1862,-30.9048,1416,North Atlantic,1.27,symbiont-barren,spinose,0.039
SO82_5-2,,59.1862,-30.9048,1416,North Atlantic,1.27,symbiont-bearing,non-spinose,0
SO82_5-2,,59.1862,-30.9048,1416,North Atlantic,1.27,symbiont-bearing,spinose,0
SO82_5-2,,59.1862,-30.9048,1416,North Atlantic,1.27,symbiont-facultative,non-spinose,0.004
SO82_5-2,,59.1862,-30.9048,1416,North Atlantic,1.27,symbiont-facultative,spinose,0
SO82_5-2,,59.1862,-30.9048,1416,North Atlantic,1.27,symbiont-obligate,spinose,0.002
SO82_5-2,,59.1862,-30.9048,1416,North Atlantic,1.27,undetermined,non-spinose,0
SO82_5-2,,59.1862,-30.9048,1416,North Atlantic,1.28,symbiont-barren,non-spinose,0.963
SO82_5-2,,59.1862,-30.9048,1416,North Atlantic,1.28,symbiont-barren,spinose,0.029
SO82_5-2,,59.1862,-30.9048,1416,North Atlantic,1.28,symbiont-bearing,non-spinose,0
SO82_5-2,,59.1862,-30.9048,1416,North Atlantic,1.28,symbiont-bearing,spinose,0
SO82_5-2,,59.1862,-30.9048,1416,North Atlantic,1.28,symbiont-facultative,non-spinose,0.008
SO82_5-2,,59.1862,-30.9048,1416,North Atlantic,1.28,symbiont-facultative,spinose,0
SO82_5-2,,59.1862,-30.9048,1416,North Atlantic,1.28,symbiont-obligate,spinose,0
SO82_5-2,,59.1862,-30.9048,1416,North Atlantic,1.28,undetermined,non-spinose,0
SO82_5-2,,59.1862,-30.9048,1416,North Atlantic,1.29,symbiont-barren,non-spinose,0.681
SO82_5-2,,59.1862,-30.9048,1416,North Atlantic,1.29,symbiont-barren,spinose,0.257
SO82_5-2,,59.1862,-30.9048,1416,North Atlantic,1.29,symbiont-bearing,non-spinose,0
SO82_5-2,,59.1862,-30.9048,1416,North Atlantic,1.29,symbiont-bearing,spinose,0
SO82_5-2,,59.1862,-30.9048,1416,North Atlantic,1.29,symbiont-facultative,non-spinose,0.053
SO82_5-2,,59.1862,-30.9048,1416,North Atlantic,1.29,symbiont-facultative,spinose,0
SO82_5-2,,59.1862,-30.9048,1416,North Atlantic,1.29,symbiont-obligate,spinose,0.009
SO82_5-2,,59.1862,-30.9048,1416,North Atlantic,1.29,undetermined,non-spinose,0
SO82_5-2,,59.1862,-30.9048,1416,North Atlantic,1.3,symbiont-barren,non-spinose,0.453
SO82_5-2,,59.1862,-30.9048,1416,North Atlantic,1.3,symbiont-barren,spinose,0.463
SO82_5-2,,59.1862,-30.9048,1416,North Atlantic,1.3,symbiont-bearing,non-spinose,0.002
SO82_5-2,,59.1862,-30.9048,1416,North Atlantic,1.3,symbiont-bearing,spinose,0
SO82_5-2,,59.1862,-30.9048,1416,North Atlantic,1.3,symbiont-facultative,non-spinose,0.062
SO82_5-2,,59.1862,-30.9048,1416,North Atlantic,1.3,symbiont-facultative,spinose,0
SO82_5-2,,59.1862,-30.9048,1416,North Atlantic,1.3,symbiont-obligate,spinose,0.022
SO82_5-2,,59.1862,-30.9048,1416,North Atlantic,1.3,undetermined,non-spinose,0
SO82_5-2,,59.1862,-30.9048,1416,North Atlantic,1.31,symbiont-barren,non-spinose,0.526
SO82_5-2,,59.1862,-30.9048,1416,North Atlantic,1.31,symbiont-barren,spinose,0.392
SO82_5-2,,59.1862,-30.9048,1416,North Atlantic,1.31,symbiont-bearing,non-spinose,0
SO82_5-2,,59.1862,-30.9048,1416,North Atlantic,1.31,symbiont-bearing,spinose,0
SO82_5-2,,59.1862,-30.9048,1416,North Atlantic,1.31,symbiont-facultative,non-spinose,0.067
SO82_5-2,,59.1862,-30.9048,1416,North Atlantic,1.31,symbiont-facultative,spinose,0
SO82_5-2,,59.1862,-30.9048,1416,North Atlantic,1.31,symbiont-obligate,spinose,0.014
SO82_5-2,,59.1862,-30.9048,1416,North Atlantic,1.31,undetermined,non-spinose,0
SO82_5-2,,59.1862,-30.9048,1416,North Atlantic,1.32,symbiont-barren,non-spinose,0.912
SO82_5-2,,59.1862,-30.9048,1416,North Atlantic,1.32,symbiont-barren,spinose,0.083
SO82_5-2,,59.1862,-30.9048,1416,North Atlantic,1.32,symbiont-bearing,non-spinose,0
SO82_5-2,,59.1862,-30.9048,1416,North Atlantic,1.32,symbiont-bearing,spinose,0
SO82_5-2,,59.1862,-30.9048,1416,North Atlantic,1.32,symbiont-facultative,non-spinose,0.005
SO82_5-2,,59.1862,-30.9048,1416,North Atlantic,1.32,symbiont-facultative,spinose,0
SO82_5-2,,59.1862,-30.9048,1416,North Atlantic,1.32,symbiont-obligate,spinose,0
SO82_5-2,,59.1862,-30.9048,1416,North Atlantic,1.32,undetermined,non-spinose,0
SO82_5-2,,59.1862,-30.9048,1416,North Atlantic,1.33,symbiont-barren,non-spinose,0.951
SO82_5-2,,59.1862,-30.9048,1416,North Atlantic,1.33,symbiont-barren,spinose,0.044
SO82_5-2,,59.1862,-30.9048,1416,North Atlantic,1.33,symbiont-bearing,non-spinose,0
SO82_5-2,,59.1862,-30.9048,1416,North Atlantic,1.33,symbiont-bearing,spinose,0
SO82_5-2,,59.1862,-30.9048,1416,North Atlantic,1.33,symbiont-facultative,non-spinose,0.005
SO82_5-2,,59.1862,-30.9048,1416,North Atlantic,1.33,symbiont-facultative,spinose,0
SO82_5-2,,59.1862,-30.9048,1416,North Atlantic,1.33,symbiont-obligate,spinose,0
SO82_5-2,,59.1862,-30.9048,1416,North Atlantic,1.33,undetermined,non-spinose,0
SO82_5-2,,59.1862,-30.9048,1416,North Atlantic,1.34,symbiont-barren,non-spinose,0.959
SO82_5-2,,59.1862,-30.9048,1416,North Atlantic,1.34,symbiont-barren,spinose,0.035
SO82_5-2,,59.1862,-30.9048,1416,North Atlantic,1.34,symbiont-bearing,non-spinose,0
SO82_5-2,,59.1862,-30.9048,1416,North Atlantic,1.34,symbiont-bearing,spinose,0
SO82_5-2,,59.1862,-30.9048,1416,North Atlantic,1.34,symbiont-facultative,non-spinose,0.003
SO82_5-2,,59.1862,-30.9048,1416,North Atlantic,1.34,symbiont-facultative,spinose,0
SO82_5-2,,59.1862,-30.9048,1416,North Atlantic,1.34,symbiont-obligate,spinose,0.003
SO82_5-2,,59.1862,-30.9048,1416,North Atlantic,1.34,undetermined,non-spinose,0
SO82_5-2,,59.1862,-30.9048,1416,North Atlantic,1.35,symbiont-barren,non-spinose,0.976
SO82_5-2,,59.1862,-30.9048,1416,North Atlantic,1.35,symbiont-barren,spinose,0.021
SO82_5-2,,59.1862,-30.9048,1416,North Atlantic,1.35,symbiont-bearing,non-spinose,0
SO82_5-2,,59.1862,-30.9048,1416,North Atlantic,1.35,symbiont-bearing,spinose,0
SO82_5-2,,59.1862,-30.9048,1416,North Atlantic,1.35,symbiont-facultative,non-spinose,0.003
SO82_5-2,,59.1862,-30.9048,1416,North Atlantic,1.35,symbiont-facultative,spinose,0
SO82_5-2,,59.1862,-30.9048,1416,North Atlantic,1.35,symbiont-obligate,spinose,0
SO82_5-2,,59.1862,-30.9048,1416,North Atlantic,1.35,undetermined,non-spinose,0
SP08-004,,32.818,-18.518,3365,North Atlantic,30,symbiont-barren,non-spinose,0.218354430379747
SP08-004,,32.818,-18.518,3365,North Atlantic,30,symbiont-barren,spinose,0.240506329113924
SP08-004,,32.818,-18.518,3365,North Atlantic,30,symbiont-bearing,non-spinose,0
SP08-004,,32.818,-18.518,3365,North Atlantic,30,symbiont-bearing,spinose,0
SP08-004,,32.818,-18.518,3365,North Atlantic,30,symbiont-facultative,non-spinose,0.287974683544304
SP08-004,,32.818,-18.518,3365,North Atlantic,30,symbiont-facultative,spinose,0.00474683544303798
SP08-004,,32.818,-18.518,3365,North Atlantic,30,symbiont-obligate,spinose,0.248417721518987
SP08-004,,32.818,-18.518,3365,North Atlantic,30,undetermined,non-spinose,0
SU81-18,,37.767,-10.183,3155,North Atlantic,3.8,symbiont-barren,non-spinose,0.481
SU81-18,,37.767,-10.183,3155,North Atlantic,3.8,symbiont-barren,spinose,0.181
SU81-18,,37.767,-10.183,3155,North Atlantic,3.8,symbiont-bearing,non-spinose,0
SU81-18,,37.767,-10.183,3155,North Atlantic,3.8,symbiont-bearing,spinose,0
SU81-18,,37.767,-10.183,3155,North Atlantic,3.8,symbiont-facultative,non-spinose,0.3
SU81-18,,37.767,-10.183,3155,North Atlantic,3.8,symbiont-facultative,spinose,0
SU81-18,,37.767,-10.183,3155,North Atlantic,3.8,symbiont-obligate,spinose,0.038
SU81-18,,37.767,-10.183,3155,North Atlantic,3.8,undetermined,non-spinose,0
SU81-18,,37.767,-10.183,3155,North Atlantic,3.9,symbiont-barren,non-spinose,0.447
SU81-18,,37.767,-10.183,3155,North Atlantic,3.9,symbiont-barren,spinose,0.271
SU81-18,,37.767,-10.183,3155,North Atlantic,3.9,symbiont-bearing,non-spinose,0
SU81-18,,37.767,-10.183,3155,North Atlantic,3.9,symbiont-bearing,spinose,0
SU81-18,,37.767,-10.183,3155,North Atlantic,3.9,symbiont-facultative,non-spinose,0.204
SU81-18,,37.767,-10.183,3155,North Atlantic,3.9,symbiont-facultative,spinose,0
SU81-18,,37.767,-10.183,3155,North Atlantic,3.9,symbiont-obligate,spinose,0.079
SU81-18,,37.767,-10.183,3155,North Atlantic,3.9,undetermined,non-spinose,0
SU81-18,,37.767,-10.183,3155,North Atlantic,4,symbiont-barren,non-spinose,0.289
SU81-18,,37.767,-10.183,3155,North Atlantic,4,symbiont-barren,spinose,0.426
SU81-18,,37.767,-10.183,3155,North Atlantic,4,symbiont-bearing,non-spinose,0
SU81-18,,37.767,-10.183,3155,North Atlantic,4,symbiont-bearing,spinose,0
SU81-18,,37.767,-10.183,3155,North Atlantic,4,symbiont-facultative,non-spinose,0.206
SU81-18,,37.767,-10.183,3155,North Atlantic,4,symbiont-facultative,spinose,0
SU81-18,,37.767,-10.183,3155,North Atlantic,4,symbiont-obligate,spinose,0.076
SU81-18,,37.767,-10.183,3155,North Atlantic,4,undetermined,non-spinose,0
SU81-18,,37.767,-10.183,3155,North Atlantic,4.1,symbiont-barren,non-spinose,0.451
SU81-18,,37.767,-10.183,3155,North Atlantic,4.1,symbiont-barren,spinose,0.157
SU81-18,,37.767,-10.183,3155,North Atlantic,4.1,symbiont-bearing,non-spinose,0
SU81-18,,37.767,-10.183,3155,North Atlantic,4.1,symbiont-bearing,spinose,0
SU81-18,,37.767,-10.183,3155,North Atlantic,4.1,symbiont-facultative,non-spinose,0.273
SU81-18,,37.767,-10.183,3155,North Atlantic,4.1,symbiont-facultative,spinose,0
SU81-18,,37.767,-10.183,3155,North Atlantic,4.1,symbiont-obligate,spinose,0.119
SU81-18,,37.767,-10.183,3155,North Atlantic,4.1,undetermined,non-spinose,0
SU81-18,,37.767,-10.183,3155,North Atlantic,4.2,symbiont-barren,non-spinose,0.323
SU81-18,,37.767,-10.183,3155,North Atlantic,4.2,symbiont-barren,spinose,0.249
SU81-18,,37.767,-10.183,3155,North Atlantic,4.2,symbiont-bearing,non-spinose,0
SU81-18,,37.767,-10.183,3155,North Atlantic,4.2,symbiont-bearing,spinose,0.003
SU81-18,,37.767,-10.183,3155,North Atlantic,4.2,symbiont-facultative,non-spinose,0.327
SU81-18,,37.767,-10.183,3155,North Atlantic,4.2,symbiont-facultative,spinose,0
SU81-18,,37.767,-10.183,3155,North Atlantic,4.2,symbiont-obligate,spinose,0.097
SU81-18,,37.767,-10.183,3155,North Atlantic,4.2,undetermined,non-spinose,0
SU81-18,,37.767,-10.183,3155,North Atlantic,4.3,symbiont-barren,non-spinose,0.429
SU81-18,,37.767,-10.183,3155,North Atlantic,4.3,symbiont-barren,spinose,0.237
SU81-18,,37.767,-10.183,3155,North Atlantic,4.3,symbiont-bearing,non-spinose,0
SU81-18,,37.767,-10.183,3155,North Atlantic,4.3,symbiont-bearing,spinose,0
SU81-18,,37.767,-10.183,3155,North Atlantic,4.3,symbiont-facultative,non-spinose,0.253
SU81-18,,37.767,-10.183,3155,North Atlantic,4.3,symbiont-facultative,spinose,0
SU81-18,,37.767,-10.183,3155,North Atlantic,4.3,symbiont-obligate,spinose,0.08
SU81-18,,37.767,-10.183,3155,North Atlantic,4.3,undetermined,non-spinose,0
SU81-18,,37.767,-10.183,3155,North Atlantic,4.4,symbiont-barren,non-spinose,0.359
SU81-18,,37.767,-10.183,3155,North Atlantic,4.4,symbiont-barren,spinose,0.279
SU81-18,,37.767,-10.183,3155,North Atlantic,4.4,symbiont-bearing,non-spinose,0
SU81-18,,37.767,-10.183,3155,North Atlantic,4.4,symbiont-bearing,spinose,0
SU81-18,,37.767,-10.183,3155,North Atlantic,4.4,symbiont-facultative,non-spinose,0.275
SU81-18,,37.767,-10.183,3155,North Atlantic,4.4,symbiont-facultative,spinose,0
SU81-18,,37.767,-10.183,3155,North Atlantic,4.4,symbiont-obligate,spinose,0.088
SU81-18,,37.767,-10.183,3155,North Atlantic,4.4,undetermined,non-spinose,0
SU81-18,,37.767,-10.183,3155,North Atlantic,4.5,symbiont-barren,non-spinose,0.43
SU81-18,,37.767,-10.183,3155,North Atlantic,4.5,symbiont-barren,spinose,0.309
SU81-18,,37.767,-10.183,3155,North Atlantic,4.5,symbiont-bearing,non-spinose,0
SU81-18,,37.767,-10.183,3155,North Atlantic,4.5,symbiont-bearing,spinose,0.003
SU81-18,,37.767,-10.183,3155,North Atlantic,4.5,symbiont-facultative,non-spinose,0.198
SU81-18,,37.767,-10.183,3155,North Atlantic,4.5,symbiont-facultative,spinose,0
SU81-18,,37.767,-10.183,3155,North Atlantic,4.5,symbiont-obligate,spinose,0.059
SU81-18,,37.767,-10.183,3155,North Atlantic,4.5,undetermined,non-spinose,0
SU81-18,,37.767,-10.183,3155,North Atlantic,4.7,symbiont-barren,non-spinose,0.57
SU81-18,,37.767,-10.183,3155,North Atlantic,4.7,symbiont-barren,spinose,0.192
SU81-18,,37.767,-10.183,3155,North Atlantic,4.7,symbiont-bearing,non-spinose,0
SU81-18,,37.767,-10.183,3155,North Atlantic,4.7,symbiont-bearing,spinose,0.007
SU81-18,,37.767,-10.183,3155,North Atlantic,4.7,symbiont-facultative,non-spinose,0.155
SU81-18,,37.767,-10.183,3155,North Atlantic,4.7,symbiont-facultative,spinose,0
SU81-18,,37.767,-10.183,3155,North Atlantic,4.7,symbiont-obligate,spinose,0.074
SU81-18,,37.767,-10.183,3155,North Atlantic,4.7,undetermined,non-spinose,0
SU81-18,,37.767,-10.183,3155,North Atlantic,4.8,symbiont-barren,non-spinose,0.568
SU81-18,,37.767,-10.183,3155,North Atlantic,4.8,symbiont-barren,spinose,0.236
SU81-18,,37.767,-10.183,3155,North Atlantic,4.8,symbiont-bearing,non-spinose,0
SU81-18,,37.767,-10.183,3155,North Atlantic,4.8,symbiont-bearing,spinose,0.006
SU81-18,,37.767,-10.183,3155,North Atlantic,4.8,symbiont-facultative,non-spinose,0.142
SU81-18,,37.767,-10.183,3155,North Atlantic,4.8,symbiont-facultative,spinose,0
SU81-18,,37.767,-10.183,3155,North Atlantic,4.8,symbiont-obligate,spinose,0.046
SU81-18,,37.767,-10.183,3155,North Atlantic,4.8,undetermined,non-spinose,0
SU81-18,,37.767,-10.183,3155,North Atlantic,4.9,symbiont-barren,non-spinose,0.503
SU81-18,,37.767,-10.183,3155,North Atlantic,4.9,symbiont-barren,spinose,0.302
SU81-18,,37.767,-10.183,3155,North Atlantic,4.9,symbiont-bearing,non-spinose,0
SU81-18,,37.767,-10.183,3155,North Atlantic,4.9,symbiont-bearing,spinose,0
SU81-18,,37.767,-10.183,3155,North Atlantic,4.9,symbiont-facultative,non-spinose,0.142
SU81-18,,37.767,-10.183,3155,North Atlantic,4.9,symbiont-facultative,spinose,0
SU81-18,,37.767,-10.183,3155,North Atlantic,4.9,symbiont-obligate,spinose,0.052
SU81-18,,37.767,-10.183,3155,North Atlantic,4.9,undetermined,non-spinose,0
SU81-18,,37.767,-10.183,3155,North Atlantic,5,symbiont-barren,non-spinose,0.411
SU81-18,,37.767,-10.183,3155,North Atlantic,5,symbiont-barren,spinose,0.322
SU81-18,,37.767,-10.183,3155,North Atlantic,5,symbiont-bearing,non-spinose,0
SU81-18,,37.767,-10.183,3155,North Atlantic,5,symbiont-bearing,spinose,0
SU81-18,,37.767,-10.183,3155,North Atlantic,5,symbiont-facultative,non-spinose,0.212
SU81-18,,37.767,-10.183,3155,North Atlantic,5,symbiont-facultative,spinose,0
SU81-18,,37.767,-10.183,3155,North Atlantic,5,symbiont-obligate,spinose,0.055
SU81-18,,37.767,-10.183,3155,North Atlantic,5,undetermined,non-spinose,0
SU81-18,,37.767,-10.183,3155,North Atlantic,5.1,symbiont-barren,non-spinose,0.341
SU81-18,,37.767,-10.183,3155,North Atlantic,5.1,symbiont-barren,spinose,0.571
SU81-18,,37.767,-10.183,3155,North Atlantic,5.1,symbiont-bearing,non-spinose,0
SU81-18,,37.767,-10.183,3155,North Atlantic,5.1,symbiont-bearing,spinose,0
SU81-18,,37.767,-10.183,3155,North Atlantic,5.1,symbiont-facultative,non-spinose,0.077
SU81-18,,37.767,-10.183,3155,North Atlantic,5.1,symbiont-facultative,spinose,0
SU81-18,,37.767,-10.183,3155,North Atlantic,5.1,symbiont-obligate,spinose,0.01
SU81-18,,37.767,-10.183,3155,North Atlantic,5.1,undetermined,non-spinose,0
SU81-18,,37.767,-10.183,3155,North Atlantic,5.2,symbiont-barren,non-spinose,0.14
SU81-18,,37.767,-10.183,3155,North Atlantic,5.2,symbiont-barren,spinose,0.807
SU81-18,,37.767,-10.183,3155,North Atlantic,5.2,symbiont-bearing,non-spinose,0
SU81-18,,37.767,-10.183,3155,North Atlantic,5.2,symbiont-bearing,spinose,0
SU81-18,,37.767,-10.183,3155,North Atlantic,5.2,symbiont-facultative,non-spinose,0.053
SU81-18,,37.767,-10.183,3155,North Atlantic,5.2,symbiont-facultative,spinose,0
SU81-18,,37.767,-10.183,3155,North Atlantic,5.2,symbiont-obligate,spinose,0
SU81-18,,37.767,-10.183,3155,North Atlantic,5.2,undetermined,non-spinose,0
SU81-18,,37.767,-10.183,3155,North Atlantic,5.3,symbiont-barren,non-spinose,0.325
SU81-18,,37.767,-10.183,3155,North Atlantic,5.3,symbiont-barren,spinose,0.378
SU81-18,,37.767,-10.183,3155,North Atlantic,5.3,symbiont-bearing,non-spinose,0
SU81-18,,37.767,-10.183,3155,North Atlantic,5.3,symbiont-bearing,spinose,0
SU81-18,,37.767,-10.183,3155,North Atlantic,5.3,symbiont-facultative,non-spinose,0.269
SU81-18,,37.767,-10.183,3155,North Atlantic,5.3,symbiont-facultative,spinose,0
SU81-18,,37.767,-10.183,3155,North Atlantic,5.3,symbiont-obligate,spinose,0.028
SU81-18,,37.767,-10.183,3155,North Atlantic,5.3,undetermined,non-spinose,0
SU8107,Piston,35.57,-3.48,1375,Mediterranean,,symbiont-barren,non-spinose,0
SU8107,Piston,35.57,-3.48,1375,Mediterranean,,symbiont-barren,spinose,0
SU8107,Piston,35.57,-3.48,1375,Mediterranean,,symbiont-bearing,non-spinose,0
SU8107,Piston,35.57,-3.48,1375,Mediterranean,,symbiont-bearing,spinose,0
SU8107,Piston,35.57,-3.48,1375,Mediterranean,,symbiont-facultative,non-spinose,0
SU8107,Piston,35.57,-3.48,1375,Mediterranean,,symbiont-facultative,spinose,0
SU8107,Piston,35.57,-3.48,1375,Mediterranean,,symbiont-obligate,spinose,0
SU8107,Piston,35.57,-3.48,1375,Mediterranean,,undetermined,non-spinose,0
SU90-03,,40.505,-32.0533,2475,North Atlantic,0.97,symbiont-barren,non-spinose,0.389
SU90-03,,40.505,-32.0533,2475,North Atlantic,0.97,symbiont-barren,spinose,0.284
SU90-03,,40.505,-32.0533,2475,North Atlantic,0.97,symbiont-bearing,non-spinose,0
SU90-03,,40.505,-32.0533,2475,North Atlantic,0.97,symbiont-bearing,spinose,0
SU90-03,,40.505,-32.0533,2475,North Atlantic,0.97,symbiont-facultative,non-spinose,0.287
SU90-03,,40.505,-32.0533,2475,North Atlantic,0.97,symbiont-facultative,spinose,0
SU90-03,,40.505,-32.0533,2475,North Atlantic,0.97,symbiont-obligate,spinose,0.028
SU90-03,,40.505,-32.0533,2475,North Atlantic,0.97,undetermined,non-spinose,0
SU90-03,,40.505,-32.0533,2475,North Atlantic,0.98,symbiont-barren,non-spinose,0.356
SU90-03,,40.505,-32.0533,2475,North Atlantic,0.98,symbiont-barren,spinose,0.294
SU90-03,,40.505,-32.0533,2475,North Atlantic,0.98,symbiont-bearing,non-spinose,0
SU90-03,,40.505,-32.0533,2475,North Atlantic,0.98,symbiont-bearing,spinose,0
SU90-03,,40.505,-32.0533,2475,North Atlantic,0.98,symbiont-facultative,non-spinose,0.305
SU90-03,,40.505,-32.0533,2475,North Atlantic,0.98,symbiont-facultative,spinose,0
SU90-03,,40.505,-32.0533,2475,North Atlantic,0.98,symbiont-obligate,spinose,0.044
SU90-03,,40.505,-32.0533,2475,North Atlantic,0.98,undetermined,non-spinose,0
SU90-03,,40.505,-32.0533,2475,North Atlantic,1,symbiont-barren,non-spinose,0.399
SU90-03,,40.505,-32.0533,2475,North Atlantic,1,symbiont-barren,spinose,0.243
SU90-03,,40.505,-32.0533,2475,North Atlantic,1,symbiont-bearing,non-spinose,0
SU90-03,,40.505,-32.0533,2475,North Atlantic,1,symbiont-bearing,spinose,0
SU90-03,,40.505,-32.0533,2475,North Atlantic,1,symbiont-facultative,non-spinose,0.306
SU90-03,,40.505,-32.0533,2475,North Atlantic,1,symbiont-facultative,spinose,0
SU90-03,,40.505,-32.0533,2475,North Atlantic,1,symbiont-obligate,spinose,0.041
SU90-03,,40.505,-32.0533,2475,North Atlantic,1,undetermined,non-spinose,0
SU90-03,,40.505,-32.0533,2475,North Atlantic,1.02,symbiont-barren,non-spinose,0.393
SU90-03,,40.505,-32.0533,2475,North Atlantic,1.02,symbiont-barren,spinose,0.227
SU90-03,,40.505,-32.0533,2475,North Atlantic,1.02,symbiont-bearing,non-spinose,0
SU90-03,,40.505,-32.0533,2475,North Atlantic,1.02,symbiont-bearing,spinose,0
SU90-03,,40.505,-32.0533,2475,North Atlantic,1.02,symbiont-facultative,non-spinose,0.33
SU90-03,,40.505,-32.0533,2475,North Atlantic,1.02,symbiont-facultative,spinose,0
SU90-03,,40.505,-32.0533,2475,North Atlantic,1.02,symbiont-obligate,spinose,0.037
SU90-03,,40.505,-32.0533,2475,North Atlantic,1.02,undetermined,non-spinose,0
SU90-03,,40.505,-32.0533,2475,North Atlantic,1.04,symbiont-barren,non-spinose,0.419
SU90-03,,40.505,-32.0533,2475,North Atlantic,1.04,symbiont-barren,spinose,0.263
SU90-03,,40.505,-32.0533,2475,North Atlantic,1.04,symbiont-bearing,non-spinose,0
SU90-03,,40.505,-32.0533,2475,North Atlantic,1.04,symbiont-bearing,spinose,0.003
SU90-03,,40.505,-32.0533,2475,North Atlantic,1.04,symbiont-facultative,non-spinose,0.247
SU90-03,,40.505,-32.0533,2475,North Atlantic,1.04,symbiont-facultative,spinose,0
SU90-03,,40.505,-32.0533,2475,North Atlantic,1.04,symbiont-obligate,spinose,0.055
SU90-03,,40.505,-32.0533,2475,North Atlantic,1.04,undetermined,non-spinose,0
SU90-03,,40.505,-32.0533,2475,North Atlantic,1.06,symbiont-barren,non-spinose,0.372
SU90-03,,40.505,-32.0533,2475,North Atlantic,1.06,symbiont-barren,spinose,0.284
SU90-03,,40.505,-32.0533,2475,North Atlantic,1.06,symbiont-bearing,non-spinose,0
SU90-03,,40.505,-32.0533,2475,North Atlantic,1.06,symbiont-bearing,spinose,0
SU90-03,,40.505,-32.0533,2475,North Atlantic,1.06,symbiont-facultative,non-spinose,0.282
SU90-03,,40.505,-32.0533,2475,North Atlantic,1.06,symbiont-facultative,spinose,0
SU90-03,,40.505,-32.0533,2475,North Atlantic,1.06,symbiont-obligate,spinose,0.063
SU90-03,,40.505,-32.0533,2475,North Atlantic,1.06,undetermined,non-spinose,0
SU90-03,,40.505,-32.0533,2475,North Atlantic,1.07,symbiont-barren,non-spinose,0.37
SU90-03,,40.505,-32.0533,2475,North Atlantic,1.07,symbiont-barren,spinose,0.279
SU90-03,,40.505,-32.0533,2475,North Atlantic,1.07,symbiont-bearing,non-spinose,0
SU90-03,,40.505,-32.0533,2475,North Atlantic,1.07,symbiont-bearing,spinose,0
SU90-03,,40.505,-32.0533,2475,North Atlantic,1.07,symbiont-facultative,non-spinose,0.297
SU90-03,,40.505,-32.0533,2475,North Atlantic,1.07,symbiont-facultative,spinose,0
SU90-03,,40.505,-32.0533,2475,North Atlantic,1.07,symbiont-obligate,spinose,0.044
SU90-03,,40.505,-32.0533,2475,North Atlantic,1.07,undetermined,non-spinose,0
SU90-03,,40.505,-32.0533,2475,North Atlantic,1.08,symbiont-barren,non-spinose,0.357
SU90-03,,40.505,-32.0533,2475,North Atlantic,1.08,symbiont-barren,spinose,0.295
SU90-03,,40.505,-32.0533,2475,North Atlantic,1.08,symbiont-bearing,non-spinose,0
SU90-03,,40.505,-32.0533,2475,North Atlantic,1.08,symbiont-bearing,spinose,0
SU90-03,,40.505,-32.0533,2475,North Atlantic,1.08,symbiont-facultative,non-spinose,0.296
SU90-03,,40.505,-32.0533,2475,North Atlantic,1.08,symbiont-facultative,spinose,0
SU90-03,,40.505,-32.0533,2475,North Atlantic,1.08,symbiont-obligate,spinose,0.048
SU90-03,,40.505,-32.0533,2475,North Atlantic,1.08,undetermined,non-spinose,0
SU90-03,,40.505,-32.0533,2475,North Atlantic,1.1,symbiont-barren,non-spinose,0.368
SU90-03,,40.505,-32.0533,2475,North Atlantic,1.1,symbiont-barren,spinose,0.311
SU90-03,,40.505,-32.0533,2475,North Atlantic,1.1,symbiont-bearing,non-spinose,0
SU90-03,,40.505,-32.0533,2475,North Atlantic,1.1,symbiont-bearing,spinose,0
SU90-03,,40.505,-32.0533,2475,North Atlantic,1.1,symbiont-facultative,non-spinose,0.256
SU90-03,,40.505,-32.0533,2475,North Atlantic,1.1,symbiont-facultative,spinose,0
SU90-03,,40.505,-32.0533,2475,North Atlantic,1.1,symbiont-obligate,spinose,0.055
SU90-03,,40.505,-32.0533,2475,North Atlantic,1.1,undetermined,non-spinose,0
SU90-03,,40.505,-32.0533,2475,North Atlantic,1.12,symbiont-barren,non-spinose,0.378
SU90-03,,40.505,-32.0533,2475,North Atlantic,1.12,symbiont-barren,spinose,0.28
SU90-03,,40.505,-32.0533,2475,North Atlantic,1.12,symbiont-bearing,non-spinose,0
SU90-03,,40.505,-32.0533,2475,North Atlantic,1.12,symbiont-bearing,spinose,0
SU90-03,,40.505,-32.0533,2475,North Atlantic,1.12,symbiont-facultative,non-spinose,0.276
SU90-03,,40.505,-32.0533,2475,North Atlantic,1.12,symbiont-facultative,spinose,0
SU90-03,,40.505,-32.0533,2475,North Atlantic,1.12,symbiont-obligate,spinose,0.062
SU90-03,,40.505,-32.0533,2475,North Atlantic,1.12,undetermined,non-spinose,0
SU90-39,,52.5667,-21.94,3955,North Atlantic,0.81,symbiont-barren,non-spinose,0.961
SU90-39,,52.5667,-21.94,3955,North Atlantic,0.81,symbiont-barren,spinose,0.033
SU90-39,,52.5667,-21.94,3955,North Atlantic,0.81,symbiont-bearing,non-spinose,0
SU90-39,,52.5667,-21.94,3955,North Atlantic,0.81,symbiont-bearing,spinose,0
SU90-39,,52.5667,-21.94,3955,North Atlantic,0.81,symbiont-facultative,non-spinose,0.007
SU90-39,,52.5667,-21.94,3955,North Atlantic,0.81,symbiont-facultative,spinose,0
SU90-39,,52.5667,-21.94,3955,North Atlantic,0.81,symbiont-obligate,spinose,0
SU90-39,,52.5667,-21.94,3955,North Atlantic,0.81,undetermined,non-spinose,0
SU90-39,,52.5667,-21.94,3955,North Atlantic,0.9,symbiont-barren,non-spinose,0.914
SU90-39,,52.5667,-21.94,3955,North Atlantic,0.9,symbiont-barren,spinose,0.047
SU90-39,,52.5667,-21.94,3955,North Atlantic,0.9,symbiont-bearing,non-spinose,0
SU90-39,,52.5667,-21.94,3955,North Atlantic,0.9,symbiont-bearing,spinose,0
SU90-39,,52.5667,-21.94,3955,North Atlantic,0.9,symbiont-facultative,non-spinose,0.036
SU90-39,,52.5667,-21.94,3955,North Atlantic,0.9,symbiont-facultative,spinose,0
SU90-39,,52.5667,-21.94,3955,North Atlantic,0.9,symbiont-obligate,spinose,0
SU90-39,,52.5667,-21.94,3955,North Atlantic,0.9,undetermined,non-spinose,0
SU90-39,,52.5667,-21.94,3955,North Atlantic,0.99,symbiont-barren,non-spinose,0.935
SU90-39,,52.5667,-21.94,3955,North Atlantic,0.99,symbiont-barren,spinose,0.056
SU90-39,,52.5667,-21.94,3955,North Atlantic,0.99,symbiont-bearing,non-spinose,0
SU90-39,,52.5667,-21.94,3955,North Atlantic,0.99,symbiont-bearing,spinose,0
SU90-39,,52.5667,-21.94,3955,North Atlantic,0.99,symbiont-facultative,non-spinose,0.006
SU90-39,,52.5667,-21.94,3955,North Atlantic,0.99,symbiont-facultative,spinose,0
SU90-39,,52.5667,-21.94,3955,North Atlantic,0.99,symbiont-obligate,spinose,0
SU90-39,,52.5667,-21.94,3955,North Atlantic,0.99,undetermined,non-spinose,0
SU90-I02,multi core,45.09,-39.438333,1965,North Atlantic,,symbiont-barren,spinose,0.232
SU90-I02,multi core,45.09,-39.438333,1965,North Atlantic,,symbiont-bearing,non-spinose,0.01
SU90-I02,multi core,45.09,-39.438333,1965,North Atlantic,,symbiont-bearing,spinose,0
SU90-I02,multi core,45.09,-39.438333,1965,North Atlantic,,symbiont-facultative,non-spinose,0.035
SU90-I02,multi core,45.09,-39.438333,1965,North Atlantic,,symbiont-facultative,spinose,0
SU90-I02,multi core,45.09,-39.438333,1965,North Atlantic,,symbiont-obligate,spinose,0
SU90-I02,multi core,45.09,-39.438333,1965,North Atlantic,,undetermined,non-spinose,0
SU90-I03,multi core,51.878333,-39.781667,2970,North Atlantic,,symbiont-barren,spinose,0.141
SU90-I03,multi core,51.878333,-39.781667,2970,North Atlantic,,symbiont-bearing,non-spinose,0
SU90-I03,multi core,51.878333,-39.781667,2970,North Atlantic,,symbiont-bearing,spinose,0
SU90-I03,multi core,51.878333,-39.781667,2970,North Atlantic,,symbiont-facultative,non-spinose,0.004
SU90-I03,multi core,51.878333,-39.781667,2970,North Atlantic,,symbiont-facultative,spinose,0
SU90-I03,multi core,51.878333,-39.781667,2970,North Atlantic,,symbiont-obligate,spinose,0
SU90-I03,multi core,51.878333,-39.781667,2970,North Atlantic,,undetermined,non-spinose,0
SU90-I06,,59.5217,-39.445,1315,North Atlantic,0.21,symbiont-barren,non-spinose,0.997
SU90-I06,,59.5217,-39.445,1315,North Atlantic,0.21,symbiont-barren,spinose,0
SU90-I06,,59.5217,-39.445,1315,North Atlantic,0.21,symbiont-bearing,non-spinose,0
SU90-I06,,59.5217,-39.445,1315,North Atlantic,0.21,symbiont-bearing,spinose,0
SU90-I06,,59.5217,-39.445,1315,North Atlantic,0.21,symbiont-facultative,non-spinose,0.002
SU90-I06,,59.5217,-39.445,1315,North Atlantic,0.21,symbiont-facultative,spinose,0
SU90-I06,,59.5217,-39.445,1315,North Atlantic,0.21,symbiont-obligate,spinose,0
SU90-I06,,59.5217,-39.445,1315,North Atlantic,0.21,undetermined,non-spinose,0
SU90-I06,,59.5217,-39.445,1315,North Atlantic,0.23,symbiont-barren,non-spinose,0.991
SU90-I06,,59.5217,-39.445,1315,North Atlantic,0.23,symbiont-barren,spinose,0.005
SU90-I06,,59.5217,-39.445,1315,North Atlantic,0.23,symbiont-bearing,non-spinose,0
SU90-I06,,59.5217,-39.445,1315,North Atlantic,0.23,symbiont-bearing,spinose,0
SU90-I06,,59.5217,-39.445,1315,North Atlantic,0.23,symbiont-facultative,non-spinose,0.004
SU90-I06,,59.5217,-39.445,1315,North Atlantic,0.23,symbiont-facultative,spinose,0
SU90-I06,,59.5217,-39.445,1315,North Atlantic,0.23,symbiont-obligate,spinose,0
SU90-I06,,59.5217,-39.445,1315,North Atlantic,0.23,undetermined,non-spinose,0
SU92-03,,43.196,10.113,3005,North Atlantic,,symbiont-bearing,non-spinose,0.00160513643659711
SU92-03,,43.196,10.113,3005,North Atlantic,,symbiont-bearing,spinose,0.0702173041435515
SU92-03,,43.196,10.113,3005,North Atlantic,,symbiont-facultative,spinose,0
SU92-03,,43.196,10.113,3005,North Atlantic,,symbiont-obligate,spinose,0.451562438492013
SU92-03,,43.196,10.113,3005,North Atlantic,,undetermined,non-spinose,0
SU92-21,,36.5117,-23.7367,4170,North Atlantic,0.8,symbiont-barren,non-spinose,0.281
SU92-21,,36.5117,-23.7367,4170,North Atlantic,0.8,symbiont-barren,spinose,0.049
SU92-21,,36.5117,-23.7367,4170,North Atlantic,0.8,symbiont-bearing,non-spinose,0
SU92-21,,36.5117,-23.7367,4170,North Atlantic,0.8,symbiont-bearing,spinose,0
SU92-21,,36.5117,-23.7367,4170,North Atlantic,0.8,symbiont-facultative,non-spinose,0.563
SU92-21,,36.5117,-23.7367,4170,North Atlantic,0.8,symbiont-facultative,spinose,0
SU92-21,,36.5117,-23.7367,4170,North Atlantic,0.8,symbiont-obligate,spinose,0.107
SU92-21,,36.5117,-23.7367,4170,North Atlantic,0.8,undetermined,non-spinose,0
SU92-21,,36.5117,-23.7367,4170,North Atlantic,0.85,symbiont-barren,non-spinose,0.354
SU92-21,,36.5117,-23.7367,4170,North Atlantic,0.85,symbiont-barren,spinose,0.101
SU92-21,,36.5117,-23.7367,4170,North Atlantic,0.85,symbiont-bearing,non-spinose,0
SU92-21,,36.5117,-23.7367,4170,North Atlantic,0.85,symbiont-bearing,spinose,0.013
SU92-21,,36.5117,-23.7367,4170,North Atlantic,0.85,symbiont-facultative,non-spinose,0.422
SU92-21,,36.5117,-23.7367,4170,North Atlantic,0.85,symbiont-facultative,spinose,0
SU92-21,,36.5117,-23.7367,4170,North Atlantic,0.85,symbiont-obligate,spinose,0.109
SU92-21,,36.5117,-23.7367,4170,North Atlantic,0.85,undetermined,non-spinose,0
T87/2/20G,Piston,34.97,23.75,707,Mediterranean,,symbiont-barren,non-spinose,0
T87/2/20G,Piston,34.97,23.75,707,Mediterranean,,symbiont-barren,spinose,0
T87/2/20G,Piston,34.97,23.75,707,Mediterranean,,symbiont-bearing,non-spinose,0
T87/2/20G,Piston,34.97,23.75,707,Mediterranean,,symbiont-bearing,spinose,0
T87/2/20G,Piston,34.97,23.75,707,Mediterranean,,symbiont-facultative,non-spinose,0
T87/2/20G,Piston,34.97,23.75,707,Mediterranean,,symbiont-facultative,spinose,0
T87/2/20G,Piston,34.97,23.75,707,Mediterranean,,symbiont-obligate,spinose,0
T87/2/20G,Piston,34.97,23.75,707,Mediterranean,,undetermined,non-spinose,0
T89-40,,-21.6,6.783333333,3073,South Atlantic,,symbiont-barren,non-spinose,0.315625
T89-40,,-21.6,6.783333333,3073,South Atlantic,,symbiont-barren,spinose,0.25
T89-40,,-21.6,6.783333333,3073,South Atlantic,,symbiont-bearing,non-spinose,0
T89-40,,-21.6,6.783333333,3073,South Atlantic,,symbiont-bearing,spinose,0.009375
T89-40,,-21.6,6.783333333,3073,South Atlantic,,symbiont-facultative,non-spinose,0.28435
T89-40,,-21.6,6.783333333,3073,South Atlantic,,symbiont-facultative,spinose,0
T89-40,,-21.6,6.783333333,3073,South Atlantic,,symbiont-obligate,spinose,0.115625
T89-40,,-21.6,6.783333333,3073,South Atlantic,,undetermined,non-spinose,0.003125
TAN0803-09,,-46.997,166.061,1648,Pacific,,symbiont-bearing,non-spinose,0.011
TAN0803-09,,-46.997,166.061,1648,Pacific,,symbiont-bearing,spinose,0
TAN0803-09,,-46.997,166.061,1648,Pacific,,symbiont-facultative,non-spinose,0.609
TAN0803-09,,-46.997,166.061,1648,Pacific,,symbiont-facultative,spinose,0
TAN0803-09,,-46.997,166.061,1648,Pacific,,symbiont-obligate,spinose,0.037
TAN0803-09,,-46.997,166.061,1648,Pacific,,undetermined,non-spinose,0
TAN1106-28,,-48.372,165.659,2798,Pacific,,symbiont-barren,spinose,0.412
TAN1106-28,,-48.372,165.659,2798,Pacific,,symbiont-bearing,non-spinose,0.004
TAN1106-28,,-48.372,165.659,2798,Pacific,,symbiont-bearing,spinose,0
TAN1106-28,,-48.372,165.659,2798,Pacific,,symbiont-facultative,non-spinose,0.234
TAN1106-28,,-48.372,165.659,2798,Pacific,,symbiont-facultative,spinose,0
TAN1106-28,,-48.372,165.659,2798,Pacific,,symbiont-obligate,spinose,0.018
TAN1106-28,,-48.372,165.659,2798,Pacific,,undetermined,non-spinose,0.15
TAN1106-34,,-49.302,165.166,3416,Pacific,,symbiont-bearing,non-spinose,0.013
TAN1106-34,,-49.302,165.166,3416,Pacific,,symbiont-bearing,spinose,0
TAN1106-34,,-49.302,165.166,3416,Pacific,,symbiont-facultative,non-spinose,0.716
TAN1106-34,,-49.302,165.166,3416,Pacific,,symbiont-facultative,spinose,0
TAN1106-34,,-49.302,165.166,3416,Pacific,,symbiont-obligate,spinose,0.027
TAN1106-34,,-49.302,165.166,3416,Pacific,,undetermined,non-spinose,0
TAN1106-43,,-50.449,164.878,3670,Pacific,,symbiont-barren,spinose,1.012
TAN1106-43,,-50.449,164.878,3670,Pacific,,symbiont-bearing,non-spinose,0
TAN1106-43,,-50.449,164.878,3670,Pacific,,symbiont-bearing,spinose,0
TAN1106-43,,-50.449,164.878,3670,Pacific,,symbiont-facultative,non-spinose,0.314
TAN1106-43,,-50.449,164.878,3670,Pacific,,symbiont-facultative,spinose,0
TAN1106-43,,-50.449,164.878,3670,Pacific,,symbiont-obligate,spinose,0.059
TAN1106-43,,-50.449,164.878,3670,Pacific,,undetermined,non-spinose,0
TAN1106-89,,-47.971,169.36,671,Pacific,,symbiont-barren,non-spinose,0.52
TAN1106-89,,-47.971,169.36,671,Pacific,,symbiont-barren,spinose,0.377
TAN1106-89,,-47.971,169.36,671,Pacific,,symbiont-bearing,non-spinose,0
TAN1106-89,,-47.971,169.36,671,Pacific,,symbiont-bearing,spinose,0
TAN1106-89,,-47.971,169.36,671,Pacific,,symbiont-facultative,non-spinose,0.095
TAN1106-89,,-47.971,169.36,671,Pacific,,symbiont-facultative,spinose,0
TAN1106-89,,-47.971,169.36,671,Pacific,,symbiont-obligate,spinose,0.009
TAN1106-89,,-47.971,169.36,671,Pacific,,undetermined,non-spinose,0
TR163-11,,6.45,-85.822,1950,Pacific,36,symbiont-barren,non-spinose,0.08250825083
TR163-11,,6.45,-85.822,1950,Pacific,36,symbiont-barren,spinose,0.1122112211
TR163-11,,6.45,-85.822,1950,Pacific,36,symbiont-bearing,non-spinose,0
TR163-11,,6.45,-85.822,1950,Pacific,36,symbiont-bearing,spinose,0
TR163-11,,6.45,-85.822,1950,Pacific,36,symbiont-facultative,non-spinose,0.4422442244
TR163-11,,6.45,-85.822,1950,Pacific,36,symbiont-facultative,spinose,0
TR163-11,,6.45,-85.822,1950,Pacific,36,symbiont-obligate,spinose,0.0594059406
TR163-11,,6.45,-85.822,1950,Pacific,36,undetermined,non-spinose,0
TR163-33,,-1.913,-82.568,2230,Pacific,76,symbiont-barren,non-spinose,0.0988700565
TR163-33,,-1.913,-82.568,2230,Pacific,76,symbiont-barren,spinose,0.1807909605
TR163-33,,-1.913,-82.568,2230,Pacific,76,symbiont-bearing,non-spinose,0
TR163-33,,-1.913,-82.568,2230,Pacific,76,symbiont-bearing,spinose,0.00282485876
TR163-33,,-1.913,-82.568,2230,Pacific,76,symbiont-facultative,non-spinose,0.66101694915
TR163-33,,-1.913,-82.568,2230,Pacific,76,symbiont-facultative,spinose,0
TR163-33,,-1.913,-82.568,2230,Pacific,76,symbiont-obligate,spinose,0.0395480226
TR163-33,,-1.913,-82.568,2230,Pacific,76,undetermined,non-spinose,0
TR163-33,,-1.913,-82.568,2230,Pacific,78,symbiont-barren,non-spinose,0.08666666667
TR163-33,,-1.913,-82.568,2230,Pacific,78,symbiont-barren,spinose,0.21
TR163-33,,-1.913,-82.568,2230,Pacific,78,symbiont-bearing,non-spinose,0
TR163-33,,-1.913,-82.568,2230,Pacific,78,symbiont-bearing,spinose,0
TR163-33,,-1.913,-82.568,2230,Pacific,78,symbiont-facultative,non-spinose,0.63000000003
TR163-33,,-1.913,-82.568,2230,Pacific,78,symbiont-facultative,spinose,0
TR163-33,,-1.913,-82.568,2230,Pacific,78,symbiont-obligate,spinose,0.03333333333
TR163-33,,-1.913,-82.568,2230,Pacific,78,undetermined,non-spinose,0
TR163-33,,-1.913,-82.568,2230,Pacific,82,symbiont-barren,non-spinose,0.09
TR163-33,,-1.913,-82.568,2230,Pacific,82,symbiont-barren,spinose,0.2066666667
TR163-33,,-1.913,-82.568,2230,Pacific,82,symbiont-bearing,non-spinose,0
TR163-33,,-1.913,-82.568,2230,Pacific,82,symbiont-bearing,spinose,0.00333333333
TR163-33,,-1.913,-82.568,2230,Pacific,82,symbiont-facultative,non-spinose,0.63999999994
TR163-33,,-1.913,-82.568,2230,Pacific,82,symbiont-facultative,spinose,0
TR163-33,,-1.913,-82.568,2230,Pacific,82,symbiont-obligate,spinose,0.03999999999
TR163-33,,-1.913,-82.568,2230,Pacific,82,undetermined,non-spinose,0
TR163-33,,-1.913,-82.568,2230,Pacific,84,symbiont-barren,non-spinose,0.07395498393
TR163-33,,-1.913,-82.568,2230,Pacific,84,symbiont-barren,spinose,0.1318327974
TR163-33,,-1.913,-82.568,2230,Pacific,84,symbiont-bearing,non-spinose,0
TR163-33,,-1.913,-82.568,2230,Pacific,84,symbiont-bearing,spinose,0
TR163-33,,-1.913,-82.568,2230,Pacific,84,symbiont-facultative,non-spinose,0.72025723472
TR163-33,,-1.913,-82.568,2230,Pacific,84,symbiont-facultative,spinose,0
TR163-33,,-1.913,-82.568,2230,Pacific,84,symbiont-obligate,spinose,0.04823151126
TR163-33,,-1.913,-82.568,2230,Pacific,84,undetermined,non-spinose,0
TR163-33,,-1.913,-82.568,2230,Pacific,86,symbiont-barren,non-spinose,0.06481481481
TR163-33,,-1.913,-82.568,2230,Pacific,86,symbiont-barren,spinose,0.19444444445
TR163-33,,-1.913,-82.568,2230,Pacific,86,symbiont-bearing,non-spinose,0
TR163-33,,-1.913,-82.568,2230,Pacific,86,symbiont-bearing,spinose,0
TR163-33,,-1.913,-82.568,2230,Pacific,86,symbiont-facultative,non-spinose,0.64197530867
TR163-33,,-1.913,-82.568,2230,Pacific,86,symbiont-facultative,spinose,0
TR163-33,,-1.913,-82.568,2230,Pacific,86,symbiont-obligate,spinose,0.07407407407
TR163-33,,-1.913,-82.568,2230,Pacific,86,undetermined,non-spinose,0
TR163-33,,-1.913,-82.568,2230,Pacific,88,symbiont-barren,non-spinose,0.08169014085
TR163-33,,-1.913,-82.568,2230,Pacific,88,symbiont-barren,spinose,0.2394366197
TR163-33,,-1.913,-82.568,2230,Pacific,88,symbiont-bearing,non-spinose,0
TR163-33,,-1.913,-82.568,2230,Pacific,88,symbiont-bearing,spinose,0
TR163-33,,-1.913,-82.568,2230,Pacific,88,symbiont-facultative,non-spinose,0.62816901415
TR163-33,,-1.913,-82.568,2230,Pacific,88,symbiont-facultative,spinose,0
TR163-33,,-1.913,-82.568,2230,Pacific,88,symbiont-obligate,spinose,0.02253521127
TR163-33,,-1.913,-82.568,2230,Pacific,88,undetermined,non-spinose,0
TR163-33,,-1.913,-82.568,2230,Pacific,90,symbiont-barren,non-spinose,0.09666666666
TR163-33,,-1.913,-82.568,2230,Pacific,90,symbiont-barren,spinose,0.1666666667
TR163-33,,-1.913,-82.568,2230,Pacific,90,symbiont-bearing,non-spinose,0
TR163-33,,-1.913,-82.568,2230,Pacific,90,symbiont-bearing,spinose,0.00333333333
TR163-33,,-1.913,-82.568,2230,Pacific,90,symbiont-facultative,non-spinose,0.67000000003
TR163-33,,-1.913,-82.568,2230,Pacific,90,symbiont-facultative,spinose,0
TR163-33,,-1.913,-82.568,2230,Pacific,90,symbiont-obligate,spinose,0.04666666667
TR163-33,,-1.913,-82.568,2230,Pacific,90,undetermined,non-spinose,0
TR163-33,,-1.913,-82.568,2230,Pacific,92,symbiont-barren,non-spinose,0.03144654088
TR163-33,,-1.913,-82.568,2230,Pacific,92,symbiont-barren,spinose,0.20440251569
TR163-33,,-1.913,-82.568,2230,Pacific,92,symbiont-bearing,non-spinose,0
TR163-33,,-1.913,-82.568,2230,Pacific,92,symbiont-bearing,spinose,0
TR163-33,,-1.913,-82.568,2230,Pacific,92,symbiont-facultative,non-spinose,0.66981132071
TR163-33,,-1.913,-82.568,2230,Pacific,92,symbiont-facultative,spinose,0
TR163-33,,-1.913,-82.568,2230,Pacific,92,symbiont-obligate,spinose,0.05660377359
TR163-33,,-1.913,-82.568,2230,Pacific,92,undetermined,non-spinose,0
U938,,-45.075,179.4983333,2700,Pacific,1.3,symbiont-barren,non-spinose,0
U938,,-45.075,179.4983333,2700,Pacific,1.3,symbiont-barren,spinose,0
U938,,-45.075,179.4983333,2700,Pacific,1.3,symbiont-bearing,non-spinose,0
U938,,-45.075,179.4983333,2700,Pacific,1.3,symbiont-bearing,spinose,0
U938,,-45.075,179.4983333,2700,Pacific,1.3,symbiont-facultative,non-spinose,0
U938,,-45.075,179.4983333,2700,Pacific,1.3,symbiont-facultative,spinose,0
U938,,-45.075,179.4983333,2700,Pacific,1.3,symbiont-obligate,spinose,0
U938,,-45.075,179.4983333,2700,Pacific,1.3,undetermined,non-spinose,0
V  28294,,28.433,139.967,,Pacific,4,symbiont-barren,non-spinose,0.233994589720469
V  28294,,28.433,139.967,,Pacific,4,symbiont-barren,spinose,0.126239855725879
V  28294,,28.433,139.967,,Pacific,4,symbiont-bearing,non-spinose,0
V  28294,,28.433,139.967,,Pacific,4,symbiont-bearing,spinose,0.0153291253381425
V  28294,,28.433,139.967,,Pacific,4,symbiont-facultative,non-spinose,0.220468890892696
V  28294,,28.433,139.967,,Pacific,4,symbiont-facultative,spinose,0
V  28294,,28.433,139.967,,Pacific,4,symbiont-obligate,spinose,0.399458972046889
V  28294,,28.433,139.967,,Pacific,4,undetermined,non-spinose,0.000450856627592426
V  28304,,28.533,134.133,,Pacific,45,symbiont-barren,non-spinose,0.195182724252492
V  28304,,28.533,134.133,,Pacific,45,symbiont-barren,spinose,0.148671096345515
V  28304,,28.533,134.133,,Pacific,45,symbiont-bearing,non-spinose,0
V  28304,,28.533,134.133,,Pacific,45,symbiont-bearing,spinose,0.00415282392026578
V  28304,,28.533,134.133,,Pacific,45,symbiont-facultative,non-spinose,0.290697674418605
V  28304,,28.533,134.133,,Pacific,45,symbiont-facultative,spinose,0
V  28304,,28.533,134.133,,Pacific,45,symbiont-obligate,spinose,0.352990033222591
V  28304,,28.533,134.133,,Pacific,45,undetermined,non-spinose,0.00166112956810631
V  32139,,31.567,151.1,,Pacific,1,symbiont-barren,non-spinose,0.173267326732673
V  32139,,31.567,151.1,,Pacific,1,symbiont-barren,spinose,0.0767326732673267
V  32139,,31.567,151.1,,Pacific,1,symbiont-bearing,non-spinose,0
V  32139,,31.567,151.1,,Pacific,1,symbiont-bearing,spinose,0
V  32139,,31.567,151.1,,Pacific,1,symbiont-facultative,non-spinose,0.643564356435644
V  32139,,31.567,151.1,,Pacific,1,symbiont-facultative,spinose,0
V  32139,,31.567,151.1,,Pacific,1,symbiont-obligate,spinose,0.101485148514851
V  32139,,31.567,151.1,,Pacific,1,undetermined,non-spinose,0.00495049504950495
V 19-53,,-17.017,-113.517,,Pacific,45,symbiont-barren,non-spinose,0.336267605633803
V 19-53,,-17.017,-113.517,,Pacific,45,symbiont-barren,spinose,0.00528169014084507
V 19-53,,-17.017,-113.517,,Pacific,45,symbiont-bearing,non-spinose,0
V 19-53,,-17.017,-113.517,,Pacific,45,symbiont-bearing,spinose,0.00880281690140845
V 19-53,,-17.017,-113.517,,Pacific,45,symbiont-facultative,non-spinose,0.417253521126761
V 19-53,,-17.017,-113.517,,Pacific,45,symbiont-facultative,spinose,0
V 19-53,,-17.017,-113.517,,Pacific,45,symbiont-obligate,spinose,0.117957746478873
V 19-53,,-17.017,-113.517,,Pacific,45,undetermined,non-spinose,0.11443661971831
V 19-55,,-17,-114.183,,Pacific,23,symbiont-barren,non-spinose,0.0364526659412405
V 19-55,,-17,-114.183,,Pacific,23,symbiont-barren,spinose,0.0391730141458107
V 19-55,,-17,-114.183,,Pacific,23,symbiont-bearing,non-spinose,0.000544069640914037
V 19-55,,-17,-114.183,,Pacific,23,symbiont-bearing,spinose,0.0315560391730141
V 19-55,,-17,-114.183,,Pacific,23,symbiont-facultative,non-spinose,0.426550598476605
V 19-55,,-17,-114.183,,Pacific,23,symbiont-facultative,spinose,0.00272034820457019
V 19-55,,-17,-114.183,,Pacific,23,symbiont-obligate,spinose,0.331338411316649
V 19-55,,-17,-114.183,,Pacific,23,undetermined,non-spinose,0.0473340587595212
V 19-64,,-16.933,-121.2,,Pacific,15,symbiont-barren,non-spinose,0.0174102285092492
V 19-64,,-16.933,-121.2,,Pacific,15,symbiont-barren,spinose,0.0272034820457019
V 19-64,,-16.933,-121.2,,Pacific,15,symbiont-bearing,non-spinose,0
V 19-64,,-16.933,-121.2,,Pacific,15,symbiont-bearing,spinose,0.0380848748639826
V 19-64,,-16.933,-121.2,,Pacific,15,symbiont-facultative,non-spinose,0.399347116430903
V 19-64,,-16.933,-121.2,,Pacific,15,symbiont-facultative,spinose,0.00108813928182807
V 19-64,,-16.933,-121.2,,Pacific,15,symbiont-obligate,spinose,0.464635473340588
V 19-64,,-16.933,-121.2,,Pacific,15,undetermined,non-spinose,0.0217627856365615
V 19-65,,-16.65,-124.383,,Pacific,15,symbiont-barren,non-spinose,0.0540364583333333
V 19-65,,-16.65,-124.383,,Pacific,15,symbiont-barren,spinose,0.013671875
V 19-65,,-16.65,-124.383,,Pacific,15,symbiont-bearing,non-spinose,0
V 19-65,,-16.65,-124.383,,Pacific,15,symbiont-bearing,spinose,0.0143229166666667
V 19-65,,-16.65,-124.383,,Pacific,15,symbiont-facultative,non-spinose,0.387369791666667
V 19-65,,-16.65,-124.383,,Pacific,15,symbiont-facultative,spinose,0.00325520833333333
V 19-65,,-16.65,-124.383,,Pacific,15,symbiont-obligate,spinose,0.466145833333333
V 19-65,,-16.65,-124.383,,Pacific,15,undetermined,non-spinose,0.033203125
V 19-96,,0.867,172,,Pacific,15,symbiont-barren,non-spinose,0.0838709677419355
V 19-96,,0.867,172,,Pacific,15,symbiont-barren,spinose,0.106451612903226
V 19-96,,0.867,172,,Pacific,15,symbiont-bearing,non-spinose,0
V 19-96,,0.867,172,,Pacific,15,symbiont-bearing,spinose,0.0032258064516129
V 19-96,,0.867,172,,Pacific,15,symbiont-facultative,non-spinose,0.541935483870968
V 19-96,,0.867,172,,Pacific,15,symbiont-facultative,spinose,0
V 19-96,,0.867,172,,Pacific,15,symbiont-obligate,spinose,0.258064516129032
V 19-96,,0.867,172,,Pacific,15,undetermined,non-spinose,0.00645161290322581
V 20-11,,47.95,168.783,,Pacific,20,symbiont-barren,non-spinose,0.904205607476636
V 20-11,,47.95,168.783,,Pacific,20,symbiont-barren,spinose,0.0934579439252336
V 20-11,,47.95,168.783,,Pacific,20,symbiont-bearing,non-spinose,0
V 20-11,,47.95,168.783,,Pacific,20,symbiont-bearing,spinose,0
V 20-11,,47.95,168.783,,Pacific,20,symbiont-facultative,non-spinose,0
V 20-11,,47.95,168.783,,Pacific,20,symbiont-facultative,spinose,0
V 20-11,,47.95,168.783,,Pacific,20,symbiont-obligate,spinose,0.00233644859813084
V 20-11,,47.95,168.783,,Pacific,20,undetermined,non-spinose,0
V 21-14,,37.683,163.033,,Pacific,70,symbiont-barren,non-spinose,0.237037037037037
V 21-14,,37.683,163.033,,Pacific,70,symbiont-barren,spinose,0.0716049382716049
V 21-14,,37.683,163.033,,Pacific,70,symbiont-bearing,non-spinose,0
V 21-14,,37.683,163.033,,Pacific,70,symbiont-bearing,spinose,0
V 21-14,,37.683,163.033,,Pacific,70,symbiont-facultative,non-spinose,0.679012345679012
V 21-14,,37.683,163.033,,Pacific,70,symbiont-facultative,spinose,0
V 21-14,,37.683,163.033,,Pacific,70,symbiont-obligate,spinose,0.00740740740740741
V 21-14,,37.683,163.033,,Pacific,70,undetermined,non-spinose,0
V 21-30,,-1.217,-89.683,,Pacific,250,symbiont-barren,non-spinose,0.1785944551902
V 21-30,,-1.217,-89.683,,Pacific,250,symbiont-barren,spinose,0.459703417150226
V 21-30,,-1.217,-89.683,,Pacific,250,symbiont-bearing,non-spinose,0
V 21-30,,-1.217,-89.683,,Pacific,250,symbiont-bearing,spinose,0.00451321727917473
V 21-30,,-1.217,-89.683,,Pacific,250,symbiont-facultative,non-spinose,0.322372662798195
V 21-30,,-1.217,-89.683,,Pacific,250,symbiont-facultative,spinose,0
V 21-30,,-1.217,-89.683,,Pacific,250,symbiont-obligate,spinose,0.0328820116054159
V 21-30,,-1.217,-89.683,,Pacific,250,undetermined,non-spinose,0
V 21-33,,-3.8,-92.083,,Pacific,45,symbiont-barren,non-spinose,0.21630615640599
V 21-33,,-3.8,-92.083,,Pacific,45,symbiont-barren,spinose,0.123128119800333
V 21-33,,-3.8,-92.083,,Pacific,45,symbiont-bearing,non-spinose,0
V 21-33,,-3.8,-92.083,,Pacific,45,symbiont-bearing,spinose,0
V 21-33,,-3.8,-92.083,,Pacific,45,symbiont-facultative,non-spinose,0.650582362728785
V 21-33,,-3.8,-92.083,,Pacific,45,symbiont-facultative,spinose,0
V 21-33,,-3.8,-92.083,,Pacific,45,symbiont-obligate,spinose,0.00998336106489185
V 21-33,,-3.8,-92.083,,Pacific,45,undetermined,non-spinose,0
V 28-23,,-5.5,166.75,,Pacific,20,symbiont-barren,non-spinose,0.0154185022026432
V 28-23,,-5.5,166.75,,Pacific,20,symbiont-barren,spinose,0.0781938325991189
V 28-23,,-5.5,166.75,,Pacific,20,symbiont-bearing,non-spinose,0
V 28-23,,-5.5,166.75,,Pacific,20,symbiont-bearing,spinose,0.026431718061674
V 28-23,,-5.5,166.75,,Pacific,20,symbiont-facultative,non-spinose,0.350220264317181
V 28-23,,-5.5,166.75,,Pacific,20,symbiont-facultative,spinose,0
V 28-23,,-5.5,166.75,,Pacific,20,symbiont-obligate,spinose,0.519823788546256
V 28-23,,-5.5,166.75,,Pacific,20,undetermined,non-spinose,0.00110132158590308
V 28-24,,11.067,138.533,,Pacific,20,symbiont-barren,non-spinose,0.0065437239738251
V 28-24,,11.067,138.533,,Pacific,20,symbiont-barren,spinose,0.0618679357525283
V 28-24,,11.067,138.533,,Pacific,20,symbiont-bearing,non-spinose,0
V 28-24,,11.067,138.533,,Pacific,20,symbiont-bearing,spinose,0.0380725758477097
V 28-24,,11.067,138.533,,Pacific,20,symbiont-facultative,non-spinose,0.127305175490779
V 28-24,,11.067,138.533,,Pacific,20,symbiont-facultative,spinose,0
V 28-24,,11.067,138.533,,Pacific,20,symbiont-obligate,spinose,0.750148720999405
V 28-24,,11.067,138.533,,Pacific,20,undetermined,non-spinose,0.000594883997620464
V 32126,,35.317,177.9,,Pacific,25,symbiont-barren,non-spinose,0.343891402714932
V 32126,,35.317,177.9,,Pacific,25,symbiont-barren,spinose,0.291101055806938
V 32126,,35.317,177.9,,Pacific,25,symbiont-bearing,non-spinose,0
V 32126,,35.317,177.9,,Pacific,25,symbiont-bearing,spinose,0
V 32126,,35.317,177.9,,Pacific,25,symbiont-facultative,non-spinose,0.321266968325792
V 32126,,35.317,177.9,,Pacific,25,symbiont-facultative,spinose,0
V 32126,,35.317,177.9,,Pacific,25,symbiont-obligate,spinose,0.0361990950226244
V 32126,,35.317,177.9,,Pacific,25,undetermined,non-spinose,0.00452488687782806
V04-008,,37.218,-33.134,1697,North Atlantic,50,symbiont-barren,non-spinose,0.300314465408805
V04-008,,37.218,-33.134,1697,North Atlantic,50,symbiont-barren,spinose,0.242138364779874
V04-008,,37.218,-33.134,1697,North Atlantic,50,symbiont-bearing,non-spinose,0
V04-008,,37.218,-33.134,1697,North Atlantic,50,symbiont-bearing,spinose,0.0235849056603774
V04-008,,37.218,-33.134,1697,North Atlantic,50,symbiont-facultative,non-spinose,0.259433962264151
V04-008,,37.218,-33.134,1697,North Atlantic,50,symbiont-facultative,spinose,0
V04-008,,37.218,-33.134,1697,North Atlantic,50,symbiont-obligate,spinose,0.166666666666667
V04-008,,37.218,-33.134,1697,North Atlantic,50,undetermined,non-spinose,0.00157232704402516
V04-032,,35.05,-11.617,2296,North Atlantic,30,symbiont-barren,non-spinose,0.305239179954442
V04-032,,35.05,-11.617,2296,North Atlantic,30,symbiont-barren,spinose,0.154897494305239
V04-032,,35.05,-11.617,2296,North Atlantic,30,symbiont-bearing,non-spinose,0
V04-032,,35.05,-11.617,2296,North Atlantic,30,symbiont-bearing,spinose,0.0182232346241458
V04-032,,35.05,-11.617,2296,North Atlantic,30,symbiont-facultative,non-spinose,0.211845102505695
V04-032,,35.05,-11.617,2296,North Atlantic,30,symbiont-facultative,spinose,0.00227790432801822
V04-032,,35.05,-11.617,2296,North Atlantic,30,symbiont-obligate,spinose,0.266514806378132
V04-032,,35.05,-11.617,2296,North Atlantic,30,undetermined,non-spinose,0
V10-49,Piston,36.083,26.833,1170,Mediterranean,,symbiont-barren,non-spinose,0
V10-49,Piston,36.083,26.833,1170,Mediterranean,,symbiont-barren,spinose,0
V10-49,Piston,36.083,26.833,1170,Mediterranean,,symbiont-bearing,non-spinose,0
V10-49,Piston,36.083,26.833,1170,Mediterranean,,symbiont-bearing,spinose,0
V10-49,Piston,36.083,26.833,1170,Mediterranean,,symbiont-facultative,non-spinose,0
V10-49,Piston,36.083,26.833,1170,Mediterranean,,symbiont-facultative,spinose,0
V10-49,Piston,36.083,26.833,1170,Mediterranean,,symbiont-obligate,spinose,0
V10-49,Piston,36.083,26.833,1170,Mediterranean,,undetermined,non-spinose,0
V10-51,Piston,35.917,27.3,791,Mediterranean,,symbiont-barren,non-spinose,0
V10-51,Piston,35.917,27.3,791,Mediterranean,,symbiont-barren,spinose,0
V10-51,Piston,35.917,27.3,791,Mediterranean,,symbiont-bearing,non-spinose,0
V10-51,Piston,35.917,27.3,791,Mediterranean,,symbiont-bearing,spinose,0
V10-51,Piston,35.917,27.3,791,Mediterranean,,symbiont-facultative,non-spinose,0
V10-51,Piston,35.917,27.3,791,Mediterranean,,symbiont-facultative,spinose,0
V10-51,Piston,35.917,27.3,791,Mediterranean,,symbiont-obligate,spinose,0
V10-51,Piston,35.917,27.3,791,Mediterranean,,undetermined,non-spinose,0
V14-077,,-29.64166667,32.85833333,1818,Indian,0.29,symbiont-barren,non-spinose,0
V14-077,,-29.64166667,32.85833333,1818,Indian,0.29,symbiont-barren,spinose,0
V14-077,,-29.64166667,32.85833333,1818,Indian,0.29,symbiont-bearing,non-spinose,0
V14-077,,-29.64166667,32.85833333,1818,Indian,0.29,symbiont-bearing,spinose,0
V14-077,,-29.64166667,32.85833333,1818,Indian,0.29,symbiont-facultative,non-spinose,0
V14-077,,-29.64166667,32.85833333,1818,Indian,0.29,symbiont-facultative,spinose,0
V14-077,,-29.64166667,32.85833333,1818,Indian,0.29,symbiont-obligate,spinose,0
V14-077,,-29.64166667,32.85833333,1818,Indian,0.29,undetermined,non-spinose,0
V14-081,,-28.425,43.78333333,3634,Indian,0.35,symbiont-barren,non-spinose,0
V14-081,,-28.425,43.78333333,3634,Indian,0.35,symbiont-barren,spinose,0
V14-081,,-28.425,43.78333333,3634,Indian,0.35,symbiont-bearing,non-spinose,0
V14-081,,-28.425,43.78333333,3634,Indian,0.35,symbiont-bearing,spinose,0
V14-081,,-28.425,43.78333333,3634,Indian,0.35,symbiont-facultative,non-spinose,0
V14-081,,-28.425,43.78333333,3634,Indian,0.35,symbiont-facultative,spinose,0
V14-081,,-28.425,43.78333333,3634,Indian,0.35,symbiont-obligate,spinose,0
V14-081,,-28.425,43.78333333,3634,Indian,0.35,undetermined,non-spinose,0
V14-101,,8.65,58.56666667,2849,Indian,0.7,symbiont-barren,non-spinose,0
V14-101,,8.65,58.56666667,2849,Indian,0.7,symbiont-barren,spinose,0
V14-101,,8.65,58.56666667,2849,Indian,0.7,symbiont-bearing,non-spinose,0
V14-101,,8.65,58.56666667,2849,Indian,0.7,symbiont-bearing,spinose,0
V14-101,,8.65,58.56666667,2849,Indian,0.7,symbiont-facultative,non-spinose,0
V14-101,,8.65,58.56666667,2849,Indian,0.7,symbiont-facultative,spinose,0
V14-101,,8.65,58.56666667,2849,Indian,0.7,symbiont-obligate,spinose,0
V14-101,,8.65,58.56666667,2849,Indian,0.7,undetermined,non-spinose,0
V14-102,,10.25,57.18333333,3915,Indian,0.4,symbiont-barren,non-spinose,0
V14-102,,10.25,57.18333333,3915,Indian,0.4,symbiont-barren,spinose,0
V14-102,,10.25,57.18333333,3915,Indian,0.4,symbiont-bearing,non-spinose,0
V14-102,,10.25,57.18333333,3915,Indian,0.4,symbiont-bearing,spinose,0
V14-102,,10.25,57.18333333,3915,Indian,0.4,symbiont-facultative,non-spinose,0
V14-102,,10.25,57.18333333,3915,Indian,0.4,symbiont-facultative,spinose,0
V14-102,,10.25,57.18333333,3915,Indian,0.4,symbiont-obligate,spinose,0
V14-102,,10.25,57.18333333,3915,Indian,0.4,undetermined,non-spinose,0
V15-157,,-33.167,-49.783,1123,South Atlantic,50,symbiont-barren,non-spinose,0.219026548672566
V15-157,,-33.167,-49.783,1123,South Atlantic,50,symbiont-barren,spinose,0.0730088495575221
V15-157,,-33.167,-49.783,1123,South Atlantic,50,symbiont-bearing,non-spinose,0
V15-157,,-33.167,-49.783,1123,South Atlantic,50,symbiont-bearing,spinose,0.00663716814159292
V15-157,,-33.167,-49.783,1123,South Atlantic,50,symbiont-facultative,non-spinose,0.360619469026549
V15-157,,-33.167,-49.783,1123,South Atlantic,50,symbiont-facultative,spinose,0
V15-157,,-33.167,-49.783,1123,South Atlantic,50,symbiont-obligate,spinose,0.320796460176991
V15-157,,-33.167,-49.783,1123,South Atlantic,50,undetermined,non-spinose,0
V15-168,,0.2,-39.9,4219,North Atlantic,142,symbiont-barren,non-spinose,0.189274447949527
V15-168,,0.2,-39.9,4219,North Atlantic,142,symbiont-barren,spinose,0.0126182965299685
V15-168,,0.2,-39.9,4219,North Atlantic,142,symbiont-bearing,non-spinose,0
V15-168,,0.2,-39.9,4219,North Atlantic,142,symbiont-bearing,spinose,0.0126182965299685
V15-168,,0.2,-39.9,4219,North Atlantic,142,symbiont-facultative,non-spinose,0.293375394321767
V15-168,,0.2,-39.9,4219,North Atlantic,142,symbiont-facultative,spinose,0.00630914826498423
V15-168,,0.2,-39.9,4219,North Atlantic,142,symbiont-obligate,spinose,0.482649842271293
V15-168,,0.2,-39.9,4219,North Atlantic,142,undetermined,non-spinose,0
V15-168,,0.2,-39.9,4219,North Atlantic,160,symbiont-barren,non-spinose,0.145539906103286
V15-168,,0.2,-39.9,4219,North Atlantic,160,symbiont-barren,spinose,0.00704225352112676
V15-168,,0.2,-39.9,4219,North Atlantic,160,symbiont-bearing,non-spinose,0
V15-168,,0.2,-39.9,4219,North Atlantic,160,symbiont-bearing,spinose,0.00469483568075117
V15-168,,0.2,-39.9,4219,North Atlantic,160,symbiont-facultative,non-spinose,0.312206572769953
V15-168,,0.2,-39.9,4219,North Atlantic,160,symbiont-facultative,spinose,0
V15-168,,0.2,-39.9,4219,North Atlantic,160,symbiont-obligate,spinose,0.528169014084507
V15-168,,0.2,-39.9,4219,North Atlantic,160,undetermined,non-spinose,0
V15-168,,0.2,-39.9,4219,North Atlantic,163,symbiont-barren,non-spinose,0.10989010989011
V15-168,,0.2,-39.9,4219,North Atlantic,163,symbiont-barren,spinose,0.010989010989011
V15-168,,0.2,-39.9,4219,North Atlantic,163,symbiont-bearing,non-spinose,0
V15-168,,0.2,-39.9,4219,North Atlantic,163,symbiont-bearing,spinose,0.0164835164835165
V15-168,,0.2,-39.9,4219,North Atlantic,163,symbiont-facultative,non-spinose,0.423076923076923
V15-168,,0.2,-39.9,4219,North Atlantic,163,symbiont-facultative,spinose,0
V15-168,,0.2,-39.9,4219,North Atlantic,163,symbiont-obligate,spinose,0.428571428571429
V15-168,,0.2,-39.9,4219,North Atlantic,163,undetermined,non-spinose,0
V16-025,,5.067,-36.8,4254,North Atlantic,53,symbiont-barren,non-spinose,0.0818181818181818
V16-025,,5.067,-36.8,4254,North Atlantic,53,symbiont-barren,spinose,0.00606060606060606
V16-025,,5.067,-36.8,4254,North Atlantic,53,symbiont-bearing,non-spinose,0
V16-025,,5.067,-36.8,4254,North Atlantic,53,symbiont-bearing,spinose,0.0212121212121212
V16-025,,5.067,-36.8,4254,North Atlantic,53,symbiont-facultative,non-spinose,0.148484848484848
V16-025,,5.067,-36.8,4254,North Atlantic,53,symbiont-facultative,spinose,0.00303030303030303
V16-025,,5.067,-36.8,4254,North Atlantic,53,symbiont-obligate,spinose,0.703030303030303
V16-025,,5.067,-36.8,4254,North Atlantic,53,undetermined,non-spinose,0
V16-025,,5.067,-36.8,4254,North Atlantic,55,symbiont-barren,non-spinose,0.0487804878048781
V16-025,,5.067,-36.8,4254,North Atlantic,55,symbiont-barren,spinose,0.018970189701897
V16-025,,5.067,-36.8,4254,North Atlantic,55,symbiont-bearing,non-spinose,0
V16-025,,5.067,-36.8,4254,North Atlantic,55,symbiont-bearing,spinose,0.010840108401084
V16-025,,5.067,-36.8,4254,North Atlantic,55,symbiont-facultative,non-spinose,0.154471544715447
V16-025,,5.067,-36.8,4254,North Atlantic,55,symbiont-facultative,spinose,0
V16-025,,5.067,-36.8,4254,North Atlantic,55,symbiont-obligate,spinose,0.731707317073171
V16-025,,5.067,-36.8,4254,North Atlantic,55,undetermined,non-spinose,0.00542005420054201
V16-036,,-19.368,-11.435,3329,South Atlantic,42,symbiont-barren,non-spinose,0.134268537074148
V16-036,,-19.368,-11.435,3329,South Atlantic,42,symbiont-barren,spinose,0.0220440881763527
V16-036,,-19.368,-11.435,3329,South Atlantic,42,symbiont-bearing,non-spinose,0
V16-036,,-19.368,-11.435,3329,South Atlantic,42,symbiont-bearing,spinose,0.0761523046092184
V16-036,,-19.368,-11.435,3329,South Atlantic,42,symbiont-facultative,non-spinose,0.228456913827655
V16-036,,-19.368,-11.435,3329,South Atlantic,42,symbiont-facultative,spinose,0
V16-036,,-19.368,-11.435,3329,South Atlantic,42,symbiont-obligate,spinose,0.529058116232465
V16-036,,-19.368,-11.435,3329,South Atlantic,42,undetermined,non-spinose,0
V16-089,,-33.01666667,85.78333333,3416,Indian,0.4,symbiont-barren,non-spinose,0
V16-089,,-33.01666667,85.78333333,3416,Indian,0.4,symbiont-barren,spinose,0
V16-089,,-33.01666667,85.78333333,3416,Indian,0.4,symbiont-bearing,non-spinose,0
V16-089,,-33.01666667,85.78333333,3416,Indian,0.4,symbiont-bearing,spinose,0
V16-089,,-33.01666667,85.78333333,3416,Indian,0.4,symbiont-facultative,non-spinose,0
V16-089,,-33.01666667,85.78333333,3416,Indian,0.4,symbiont-facultative,spinose,0
V16-089,,-33.01666667,85.78333333,3416,Indian,0.4,symbiont-obligate,spinose,0
V16-089,,-33.01666667,85.78333333,3416,Indian,0.4,undetermined,non-spinose,0
V16-20,,17.933,-50.35,4539,North Atlantic,0.36,symbiont-barren,non-spinose,0.04
V16-20,,17.933,-50.35,4539,North Atlantic,0.36,symbiont-barren,spinose,0.013
V16-20,,17.933,-50.35,4539,North Atlantic,0.36,symbiont-bearing,non-spinose,0
V16-20,,17.933,-50.35,4539,North Atlantic,0.36,symbiont-bearing,spinose,0.005
V16-20,,17.933,-50.35,4539,North Atlantic,0.36,symbiont-facultative,non-spinose,0.078
V16-20,,17.933,-50.35,4539,North Atlantic,0.36,symbiont-facultative,spinose,0
V16-20,,17.933,-50.35,4539,North Atlantic,0.36,symbiont-obligate,spinose,0.861
V16-20,,17.933,-50.35,4539,North Atlantic,0.36,undetermined,non-spinose,0
V16-20,,17.933,-50.35,4539,North Atlantic,0.38,symbiont-barren,non-spinose,0.033
V16-20,,17.933,-50.35,4539,North Atlantic,0.38,symbiont-barren,spinose,0.05
V16-20,,17.933,-50.35,4539,North Atlantic,0.38,symbiont-bearing,non-spinose,0.002
V16-20,,17.933,-50.35,4539,North Atlantic,0.38,symbiont-bearing,spinose,0.013
V16-20,,17.933,-50.35,4539,North Atlantic,0.38,symbiont-facultative,non-spinose,0.127
V16-20,,17.933,-50.35,4539,North Atlantic,0.38,symbiont-facultative,spinose,0
V16-20,,17.933,-50.35,4539,North Atlantic,0.38,symbiont-obligate,spinose,0.775
V16-20,,17.933,-50.35,4539,North Atlantic,0.38,undetermined,non-spinose,0
V16-20,,17.933,-50.35,4539,North Atlantic,0.4,symbiont-barren,non-spinose,0.034
V16-20,,17.933,-50.35,4539,North Atlantic,0.4,symbiont-barren,spinose,0.006
V16-20,,17.933,-50.35,4539,North Atlantic,0.4,symbiont-bearing,non-spinose,0
V16-20,,17.933,-50.35,4539,North Atlantic,0.4,symbiont-bearing,spinose,0.08
V16-20,,17.933,-50.35,4539,North Atlantic,0.4,symbiont-facultative,non-spinose,0.166
V16-20,,17.933,-50.35,4539,North Atlantic,0.4,symbiont-facultative,spinose,0
V16-20,,17.933,-50.35,4539,North Atlantic,0.4,symbiont-obligate,spinose,0.714
V16-20,,17.933,-50.35,4539,North Atlantic,0.4,undetermined,non-spinose,0
V16-20,,17.933,-50.35,4539,North Atlantic,0.44,symbiont-barren,non-spinose,0.039
V16-20,,17.933,-50.35,4539,North Atlantic,0.44,symbiont-barren,spinose,0.03
V16-20,,17.933,-50.35,4539,North Atlantic,0.44,symbiont-bearing,non-spinose,0
V16-20,,17.933,-50.35,4539,North Atlantic,0.44,symbiont-bearing,spinose,0.018
V16-20,,17.933,-50.35,4539,North Atlantic,0.44,symbiont-facultative,non-spinose,0.143
V16-20,,17.933,-50.35,4539,North Atlantic,0.44,symbiont-facultative,spinose,0
V16-20,,17.933,-50.35,4539,North Atlantic,0.44,symbiont-obligate,spinose,0.762
V16-20,,17.933,-50.35,4539,North Atlantic,0.44,undetermined,non-spinose,0
V16-205,,15.4,-43.4,4043,North Atlantic,0.19,symbiont-barren,non-spinose,0.112
V16-205,,15.4,-43.4,4043,North Atlantic,0.19,symbiont-barren,spinose,0.021
V16-205,,15.4,-43.4,4043,North Atlantic,0.19,symbiont-bearing,non-spinose,0
V16-205,,15.4,-43.4,4043,North Atlantic,0.19,symbiont-bearing,spinose,0.017
V16-205,,15.4,-43.4,4043,North Atlantic,0.19,symbiont-facultative,non-spinose,0.019
V16-205,,15.4,-43.4,4043,North Atlantic,0.19,symbiont-facultative,spinose,0
V16-205,,15.4,-43.4,4043,North Atlantic,0.19,symbiont-obligate,spinose,0.829
V16-205,,15.4,-43.4,4043,North Atlantic,0.19,undetermined,non-spinose,0
V17-039,,11.75,-80.433,3435,North Atlantic,100,symbiont-barren,non-spinose,0.0507462686567164
V17-039,,11.75,-80.433,3435,North Atlantic,100,symbiont-barren,spinose,0.00895522388059702
V17-039,,11.75,-80.433,3435,North Atlantic,100,symbiont-bearing,non-spinose,0
V17-039,,11.75,-80.433,3435,North Atlantic,100,symbiont-bearing,spinose,0.0358208955223881
V17-039,,11.75,-80.433,3435,North Atlantic,100,symbiont-facultative,non-spinose,0.164179104477612
V17-039,,11.75,-80.433,3435,North Atlantic,100,symbiont-facultative,spinose,0
V17-039,,11.75,-80.433,3435,North Atlantic,100,symbiont-obligate,spinose,0.734328358208955
V17-039,,11.75,-80.433,3435,North Atlantic,100,undetermined,non-spinose,0
V17-165,,32.75,-41.9,3924,North Atlantic,0.35,symbiont-barren,non-spinose,0.182
V17-165,,32.75,-41.9,3924,North Atlantic,0.35,symbiont-barren,spinose,0.148
V17-165,,32.75,-41.9,3924,North Atlantic,0.35,symbiont-bearing,non-spinose,0
V17-165,,32.75,-41.9,3924,North Atlantic,0.35,symbiont-bearing,spinose,0.015
V17-165,,32.75,-41.9,3924,North Atlantic,0.35,symbiont-facultative,non-spinose,0.334
V17-165,,32.75,-41.9,3924,North Atlantic,0.35,symbiont-facultative,spinose,0.007
V17-165,,32.75,-41.9,3924,North Atlantic,0.35,symbiont-obligate,spinose,0.312
V17-165,,32.75,-41.9,3924,North Atlantic,0.35,undetermined,non-spinose,0
V17-165,,32.75,-41.9,3924,North Atlantic,0.45,symbiont-barren,non-spinose,0.185
V17-165,,32.75,-41.9,3924,North Atlantic,0.45,symbiont-barren,spinose,0.156
V17-165,,32.75,-41.9,3924,North Atlantic,0.45,symbiont-bearing,non-spinose,0
V17-165,,32.75,-41.9,3924,North Atlantic,0.45,symbiont-bearing,spinose,0.002
V17-165,,32.75,-41.9,3924,North Atlantic,0.45,symbiont-facultative,non-spinose,0.358
V17-165,,32.75,-41.9,3924,North Atlantic,0.45,symbiont-facultative,spinose,0.004
V17-165,,32.75,-41.9,3924,North Atlantic,0.45,symbiont-obligate,spinose,0.284
V17-165,,32.75,-41.9,3924,North Atlantic,0.45,undetermined,non-spinose,0
V17-165,,32.75,-41.9,3924,North Atlantic,0.54,symbiont-barren,non-spinose,0.124
V17-165,,32.75,-41.9,3924,North Atlantic,0.54,symbiont-barren,spinose,0.147
V17-165,,32.75,-41.9,3924,North Atlantic,0.54,symbiont-bearing,non-spinose,0
V17-165,,32.75,-41.9,3924,North Atlantic,0.54,symbiont-bearing,spinose,0
V17-165,,32.75,-41.9,3924,North Atlantic,0.54,symbiont-facultative,non-spinose,0.335
V17-165,,32.75,-41.9,3924,North Atlantic,0.54,symbiont-facultative,spinose,0.002
V17-165,,32.75,-41.9,3924,North Atlantic,0.54,symbiont-obligate,spinose,0.363
V17-165,,32.75,-41.9,3924,North Atlantic,0.54,undetermined,non-spinose,0
V17-165,,32.75,-41.9,3924,North Atlantic,0.58,symbiont-barren,non-spinose,0.197
V17-165,,32.75,-41.9,3924,North Atlantic,0.58,symbiont-barren,spinose,0.204
V17-165,,32.75,-41.9,3924,North Atlantic,0.58,symbiont-bearing,non-spinose,0
V17-165,,32.75,-41.9,3924,North Atlantic,0.58,symbiont-bearing,spinose,0
V17-165,,32.75,-41.9,3924,North Atlantic,0.58,symbiont-facultative,non-spinose,0.276
V17-165,,32.75,-41.9,3924,North Atlantic,0.58,symbiont-facultative,spinose,0.002
V17-165,,32.75,-41.9,3924,North Atlantic,0.58,symbiont-obligate,spinose,0.315
V17-165,,32.75,-41.9,3924,North Atlantic,0.58,undetermined,non-spinose,0
V17-165,,32.75,-41.9,3924,North Atlantic,50,symbiont-barren,non-spinose,0.180758017492711
V17-165,,32.75,-41.9,3924,North Atlantic,50,symbiont-barren,spinose,0.043731778425656
V17-165,,32.75,-41.9,3924,North Atlantic,50,symbiont-bearing,non-spinose,0
V17-165,,32.75,-41.9,3924,North Atlantic,50,symbiont-bearing,spinose,0.00291545189504373
V17-165,,32.75,-41.9,3924,North Atlantic,50,symbiont-facultative,non-spinose,0.320699708454811
V17-165,,32.75,-41.9,3924,North Atlantic,50,symbiont-facultative,spinose,0
V17-165,,32.75,-41.9,3924,North Atlantic,50,symbiont-obligate,spinose,0.43731778425656
V17-165,,32.75,-41.9,3924,North Atlantic,50,undetermined,non-spinose,0
V18-110,,-53.917,-44.7,2610,South Atlantic,30,symbiont-barren,non-spinose,0.979522184300341
V18-110,,-53.917,-44.7,2610,South Atlantic,30,symbiont-barren,spinose,0.0102389078498294
V18-110,,-53.917,-44.7,2610,South Atlantic,30,symbiont-bearing,non-spinose,0
V18-110,,-53.917,-44.7,2610,South Atlantic,30,symbiont-bearing,spinose,0
V18-110,,-53.917,-44.7,2610,South Atlantic,30,symbiont-facultative,non-spinose,0.0102389078498294
V18-110,,-53.917,-44.7,2610,South Atlantic,30,symbiont-facultative,spinose,0
V18-110,,-53.917,-44.7,2610,South Atlantic,30,symbiont-obligate,spinose,0
V18-110,,-53.917,-44.7,2610,South Atlantic,30,undetermined,non-spinose,0
V18-191,,-32.433,46.567,2946,Indian,0.3,symbiont-barren,non-spinose,0
V18-191,,-32.433,46.567,2946,Indian,0.3,symbiont-barren,spinose,0
V18-191,,-32.433,46.567,2946,Indian,0.3,symbiont-bearing,non-spinose,0
V18-191,,-32.433,46.567,2946,Indian,0.3,symbiont-bearing,spinose,0
V18-191,,-32.433,46.567,2946,Indian,0.3,symbiont-facultative,non-spinose,0
V18-191,,-32.433,46.567,2946,Indian,0.3,symbiont-facultative,spinose,0
V18-191,,-32.433,46.567,2946,Indian,0.3,symbiont-obligate,spinose,0
V18-191,,-32.433,46.567,2946,Indian,0.3,undetermined,non-spinose,0
V18-207,,-25.63333333,87.11666667,2434,Indian,0.4,symbiont-barren,non-spinose,0
V18-207,,-25.63333333,87.11666667,2434,Indian,0.4,symbiont-barren,spinose,0
V18-207,,-25.63333333,87.11666667,2434,Indian,0.4,symbiont-bearing,non-spinose,0
V18-207,,-25.63333333,87.11666667,2434,Indian,0.4,symbiont-bearing,spinose,0
V18-207,,-25.63333333,87.11666667,2434,Indian,0.4,symbiont-facultative,non-spinose,0
V18-207,,-25.63333333,87.11666667,2434,Indian,0.4,symbiont-facultative,spinose,0
V18-207,,-25.63333333,87.11666667,2434,Indian,0.4,symbiont-obligate,spinose,0
V18-207,,-25.63333333,87.11666667,2434,Indian,0.4,undetermined,non-spinose,0
V18-312,,-2.85,-126.2,,Pacific,25,symbiont-barren,non-spinose,0.272401433691756
V18-312,,-2.85,-126.2,,Pacific,25,symbiont-barren,spinose,0.039426523297491
V18-312,,-2.85,-126.2,,Pacific,25,symbiont-bearing,non-spinose,0
V18-312,,-2.85,-126.2,,Pacific,25,symbiont-bearing,spinose,0.00716845878136201
V18-312,,-2.85,-126.2,,Pacific,25,symbiont-facultative,non-spinose,0.587813620071685
V18-312,,-2.85,-126.2,,Pacific,25,symbiont-facultative,spinose,0
V18-312,,-2.85,-126.2,,Pacific,25,symbiont-obligate,spinose,0.0716845878136201
V18-312,,-2.85,-126.2,,Pacific,25,undetermined,non-spinose,0.010752688172043
V18-318,,3.167,-118.467,,Pacific,15,symbiont-barren,non-spinose,0.17
V18-318,,3.167,-118.467,,Pacific,15,symbiont-barren,spinose,0.01
V18-318,,3.167,-118.467,,Pacific,15,symbiont-bearing,non-spinose,0
V18-318,,3.167,-118.467,,Pacific,15,symbiont-bearing,spinose,0
V18-318,,3.167,-118.467,,Pacific,15,symbiont-facultative,non-spinose,0.75
V18-318,,3.167,-118.467,,Pacific,15,symbiont-facultative,spinose,0
V18-318,,3.167,-118.467,,Pacific,15,symbiont-obligate,spinose,0.0633333333333333
V18-318,,3.167,-118.467,,Pacific,15,undetermined,non-spinose,0.00666666666666667
V18-357,,15.033,-80.23,1818,North Atlantic,0.6,symbiont-barren,non-spinose,0.067
V18-357,,15.033,-80.23,1818,North Atlantic,0.6,symbiont-barren,spinose,0.011
V18-357,,15.033,-80.23,1818,North Atlantic,0.6,symbiont-bearing,non-spinose,0
V18-357,,15.033,-80.23,1818,North Atlantic,0.6,symbiont-bearing,spinose,0.062
V18-357,,15.033,-80.23,1818,North Atlantic,0.6,symbiont-facultative,non-spinose,0.203
V18-357,,15.033,-80.23,1818,North Atlantic,0.6,symbiont-facultative,spinose,0
V18-357,,15.033,-80.23,1818,North Atlantic,0.6,symbiont-obligate,spinose,0.672
V18-357,,15.033,-80.23,1818,North Atlantic,0.6,undetermined,non-spinose,0
V18-357,,15.033,-80.23,1818,North Atlantic,0.61,symbiont-barren,non-spinose,0.045
V18-357,,15.033,-80.23,1818,North Atlantic,0.61,symbiont-barren,spinose,0.018
V18-357,,15.033,-80.23,1818,North Atlantic,0.61,symbiont-bearing,non-spinose,0
V18-357,,15.033,-80.23,1818,North Atlantic,0.61,symbiont-bearing,spinose,0.023
V18-357,,15.033,-80.23,1818,North Atlantic,0.61,symbiont-facultative,non-spinose,0.165
V18-357,,15.033,-80.23,1818,North Atlantic,0.61,symbiont-facultative,spinose,0
V18-357,,15.033,-80.23,1818,North Atlantic,0.61,symbiont-obligate,spinose,0.743
V18-357,,15.033,-80.23,1818,North Atlantic,0.61,undetermined,non-spinose,0
V18-357,,15.033,-80.23,1818,North Atlantic,0.65,symbiont-barren,non-spinose,0.045
V18-357,,15.033,-80.23,1818,North Atlantic,0.65,symbiont-barren,spinose,0.019
V18-357,,15.033,-80.23,1818,North Atlantic,0.65,symbiont-bearing,non-spinose,0
V18-357,,15.033,-80.23,1818,North Atlantic,0.65,symbiont-bearing,spinose,0.018
V18-357,,15.033,-80.23,1818,North Atlantic,0.65,symbiont-facultative,non-spinose,0.195
V18-357,,15.033,-80.23,1818,North Atlantic,0.65,symbiont-facultative,spinose,0
V18-357,,15.033,-80.23,1818,North Atlantic,0.65,symbiont-obligate,spinose,0.712
V18-357,,15.033,-80.23,1818,North Atlantic,0.65,undetermined,non-spinose,0
V18-357,,15.033,-80.23,1818,North Atlantic,0.7,symbiont-barren,non-spinose,0.044
V18-357,,15.033,-80.23,1818,North Atlantic,0.7,symbiont-barren,spinose,0.005
V18-357,,15.033,-80.23,1818,North Atlantic,0.7,symbiont-bearing,non-spinose,0
V18-357,,15.033,-80.23,1818,North Atlantic,0.7,symbiont-bearing,spinose,0.026
V18-357,,15.033,-80.23,1818,North Atlantic,0.7,symbiont-facultative,non-spinose,0.159
V18-357,,15.033,-80.23,1818,North Atlantic,0.7,symbiont-facultative,spinose,0
V18-357,,15.033,-80.23,1818,North Atlantic,0.7,symbiont-obligate,spinose,0.76
V18-357,,15.033,-80.23,1818,North Atlantic,0.7,undetermined,non-spinose,0
V18-357,,15.033,-80.23,1818,North Atlantic,0.71,symbiont-barren,non-spinose,0.042
V18-357,,15.033,-80.23,1818,North Atlantic,0.71,symbiont-barren,spinose,0.014
V18-357,,15.033,-80.23,1818,North Atlantic,0.71,symbiont-bearing,non-spinose,0
V18-357,,15.033,-80.23,1818,North Atlantic,0.71,symbiont-bearing,spinose,0.014
V18-357,,15.033,-80.23,1818,North Atlantic,0.71,symbiont-facultative,non-spinose,0.177
V18-357,,15.033,-80.23,1818,North Atlantic,0.71,symbiont-facultative,spinose,0
V18-357,,15.033,-80.23,1818,North Atlantic,0.71,symbiont-obligate,spinose,0.727
V18-357,,15.033,-80.23,1818,North Atlantic,0.71,undetermined,non-spinose,0
V18-357,,15.033,-80.23,1818,North Atlantic,0.79,symbiont-barren,non-spinose,0.062
V18-357,,15.033,-80.23,1818,North Atlantic,0.79,symbiont-barren,spinose,0.023
V18-357,,15.033,-80.23,1818,North Atlantic,0.79,symbiont-bearing,non-spinose,0
V18-357,,15.033,-80.23,1818,North Atlantic,0.79,symbiont-bearing,spinose,0.003
V18-357,,15.033,-80.23,1818,North Atlantic,0.79,symbiont-facultative,non-spinose,0.237
V18-357,,15.033,-80.23,1818,North Atlantic,0.79,symbiont-facultative,spinose,0.001
V18-357,,15.033,-80.23,1818,North Atlantic,0.79,symbiont-obligate,spinose,0.649
V18-357,,15.033,-80.23,1818,North Atlantic,0.79,undetermined,non-spinose,0
V18-357,,15.033,-80.23,1818,North Atlantic,0.85,symbiont-barren,non-spinose,0.042
V18-357,,15.033,-80.23,1818,North Atlantic,0.85,symbiont-barren,spinose,0.015
V18-357,,15.033,-80.23,1818,North Atlantic,0.85,symbiont-bearing,non-spinose,0
V18-357,,15.033,-80.23,1818,North Atlantic,0.85,symbiont-bearing,spinose,0.045
V18-357,,15.033,-80.23,1818,North Atlantic,0.85,symbiont-facultative,non-spinose,0.321
V18-357,,15.033,-80.23,1818,North Atlantic,0.85,symbiont-facultative,spinose,0
V18-357,,15.033,-80.23,1818,North Atlantic,0.85,symbiont-obligate,spinose,0.569
V18-357,,15.033,-80.23,1818,North Atlantic,0.85,undetermined,non-spinose,0
V19-019,,13.233,-78.367,3760,North Atlantic,80,symbiont-barren,non-spinose,0.0347222222222222
V19-019,,13.233,-78.367,3760,North Atlantic,80,symbiont-barren,spinose,0.0104166666666667
V19-019,,13.233,-78.367,3760,North Atlantic,80,symbiont-bearing,non-spinose,0.00694444444444444
V19-019,,13.233,-78.367,3760,North Atlantic,80,symbiont-bearing,spinose,0.0347222222222222
V19-019,,13.233,-78.367,3760,North Atlantic,80,symbiont-facultative,non-spinose,0.128472222222222
V19-019,,13.233,-78.367,3760,North Atlantic,80,symbiont-facultative,spinose,0
V19-019,,13.233,-78.367,3760,North Atlantic,80,symbiont-obligate,spinose,0.784722222222222
V19-019,,13.233,-78.367,3760,North Atlantic,80,undetermined,non-spinose,0
V19-021,,11.8,-79.35,3168,North Atlantic,60,symbiont-barren,non-spinose,0.0324909747292419
V19-021,,11.8,-79.35,3168,North Atlantic,60,symbiont-barren,spinose,0.0108303249097473
V19-021,,11.8,-79.35,3168,North Atlantic,60,symbiont-bearing,non-spinose,0
V19-021,,11.8,-79.35,3168,North Atlantic,60,symbiont-bearing,spinose,0.0469314079422383
V19-021,,11.8,-79.35,3168,North Atlantic,60,symbiont-facultative,non-spinose,0.194945848375451
V19-021,,11.8,-79.35,3168,North Atlantic,60,symbiont-facultative,spinose,0
V19-021,,11.8,-79.35,3168,North Atlantic,60,symbiont-obligate,spinose,0.711191335740072
V19-021,,11.8,-79.35,3168,North Atlantic,60,undetermined,non-spinose,0
V19-178,,8.116666667,73.25,2188,Indian,0.8,symbiont-barren,non-spinose,0
V19-178,,8.116666667,73.25,2188,Indian,0.8,symbiont-barren,spinose,0
V19-178,,8.116666667,73.25,2188,Indian,0.8,symbiont-bearing,non-spinose,0
V19-178,,8.116666667,73.25,2188,Indian,0.8,symbiont-bearing,spinose,0
V19-178,,8.116666667,73.25,2188,Indian,0.8,symbiont-facultative,non-spinose,0
V19-178,,8.116666667,73.25,2188,Indian,0.8,symbiont-facultative,spinose,0
V19-178,,8.116666667,73.25,2188,Indian,0.8,symbiont-obligate,spinose,0
V19-178,,8.116666667,73.25,2188,Indian,0.8,undetermined,non-spinose,0
V19-185,,6.7,59.33333333,2867,Indian,0.3,symbiont-barren,non-spinose,0
V19-185,,6.7,59.33333333,2867,Indian,0.3,symbiont-barren,spinose,0
V19-185,,6.7,59.33333333,2867,Indian,0.3,symbiont-bearing,non-spinose,0
V19-185,,6.7,59.33333333,2867,Indian,0.3,symbiont-bearing,spinose,0
V19-185,,6.7,59.33333333,2867,Indian,0.3,symbiont-facultative,non-spinose,0
V19-185,,6.7,59.33333333,2867,Indian,0.3,symbiont-facultative,spinose,0
V19-185,,6.7,59.33333333,2867,Indian,0.3,symbiont-obligate,spinose,0
V19-185,,6.7,59.33333333,2867,Indian,0.3,undetermined,non-spinose,0
V19-188,,6.866666667,60.66666667,3356,Indian,0.6,symbiont-barren,non-spinose,0
V19-188,,6.866666667,60.66666667,3356,Indian,0.6,symbiont-barren,spinose,0
V19-188,,6.866666667,60.66666667,3356,Indian,0.6,symbiont-bearing,non-spinose,0
V19-188,,6.866666667,60.66666667,3356,Indian,0.6,symbiont-bearing,spinose,0
V19-188,,6.866666667,60.66666667,3356,Indian,0.6,symbiont-facultative,non-spinose,0
V19-188,,6.866666667,60.66666667,3356,Indian,0.6,symbiont-facultative,spinose,0
V19-188,,6.866666667,60.66666667,3356,Indian,0.6,symbiont-obligate,spinose,0
V19-188,,6.866666667,60.66666667,3356,Indian,0.6,undetermined,non-spinose,0
V19-201,,-5.333333333,40.43333333,1846,Indian,0.7,symbiont-barren,non-spinose,0
V19-201,,-5.333333333,40.43333333,1846,Indian,0.7,symbiont-barren,spinose,0
V19-201,,-5.333333333,40.43333333,1846,Indian,0.7,symbiont-bearing,non-spinose,0
V19-201,,-5.333333333,40.43333333,1846,Indian,0.7,symbiont-bearing,spinose,0
V19-201,,-5.333333333,40.43333333,1846,Indian,0.7,symbiont-facultative,non-spinose,0
V19-201,,-5.333333333,40.43333333,1846,Indian,0.7,symbiont-facultative,spinose,0
V19-201,,-5.333333333,40.43333333,1846,Indian,0.7,symbiont-obligate,spinose,0
V19-201,,-5.333333333,40.43333333,1846,Indian,0.7,undetermined,non-spinose,0
V19-202,,-6.983333333,41.18333333,2589,Indian,0.4,symbiont-barren,non-spinose,0
V19-202,,-6.983333333,41.18333333,2589,Indian,0.4,symbiont-barren,spinose,0
V19-202,,-6.983333333,41.18333333,2589,Indian,0.4,symbiont-bearing,non-spinose,0
V19-202,,-6.983333333,41.18333333,2589,Indian,0.4,symbiont-bearing,spinose,0
V19-202,,-6.983333333,41.18333333,2589,Indian,0.4,symbiont-facultative,non-spinose,0
V19-202,,-6.983333333,41.18333333,2589,Indian,0.4,symbiont-facultative,spinose,0
V19-202,,-6.983333333,41.18333333,2589,Indian,0.4,symbiont-obligate,spinose,0
V19-202,,-6.983333333,41.18333333,2589,Indian,0.4,undetermined,non-spinose,0
V19-204,,-10.23333333,43.81666667,3524,Indian,0.3,symbiont-barren,non-spinose,0
V19-204,,-10.23333333,43.81666667,3524,Indian,0.3,symbiont-barren,spinose,0
V19-204,,-10.23333333,43.81666667,3524,Indian,0.3,symbiont-bearing,non-spinose,0
V19-204,,-10.23333333,43.81666667,3524,Indian,0.3,symbiont-bearing,spinose,0
V19-204,,-10.23333333,43.81666667,3524,Indian,0.3,symbiont-facultative,non-spinose,0
V19-204,,-10.23333333,43.81666667,3524,Indian,0.3,symbiont-facultative,spinose,0
V19-204,,-10.23333333,43.81666667,3524,Indian,0.3,symbiont-obligate,spinose,0
V19-204,,-10.23333333,43.81666667,3524,Indian,0.3,undetermined,non-spinose,0
V19-240,,-30.583,13.283,3103,South Atlantic,60,symbiont-barren,non-spinose,0.590673575129534
V19-240,,-30.583,13.283,3103,South Atlantic,60,symbiont-barren,spinose,0.139896373056995
V19-240,,-30.583,13.283,3103,South Atlantic,60,symbiont-bearing,non-spinose,0
V19-240,,-30.583,13.283,3103,South Atlantic,60,symbiont-bearing,spinose,0.00259067357512953
V19-240,,-30.583,13.283,3103,South Atlantic,60,symbiont-facultative,non-spinose,0.126943005181347
V19-240,,-30.583,13.283,3103,South Atlantic,60,symbiont-facultative,spinose,0
V19-240,,-30.583,13.283,3103,South Atlantic,60,symbiont-obligate,spinose,0.116580310880829
V19-240,,-30.583,13.283,3103,South Atlantic,60,undetermined,non-spinose,0
V19-248,,-24.567,4.833,3321,South Atlantic,27,symbiont-barren,non-spinose,0.292565947242206
V19-248,,-24.567,4.833,3321,South Atlantic,27,symbiont-barren,spinose,0.124700239808153
V19-248,,-24.567,4.833,3321,South Atlantic,27,symbiont-bearing,non-spinose,0
V19-248,,-24.567,4.833,3321,South Atlantic,27,symbiont-bearing,spinose,0.0431654676258993
V19-248,,-24.567,4.833,3321,South Atlantic,27,symbiont-facultative,non-spinose,0.345323741007194
V19-248,,-24.567,4.833,3321,South Atlantic,27,symbiont-facultative,spinose,0
V19-248,,-24.567,4.833,3321,South Atlantic,27,symbiont-obligate,spinose,0.167865707434053
V19-248,,-24.567,4.833,3321,South Atlantic,27,undetermined,non-spinose,0.00239808153477218
V19-281,,-3.317,4.65,4566,South Atlantic,50,symbiont-barren,non-spinose,0.156695156695157
V19-281,,-3.317,4.65,4566,South Atlantic,50,symbiont-barren,spinose,0.11965811965812
V19-281,,-3.317,4.65,4566,South Atlantic,50,symbiont-bearing,non-spinose,0
V19-281,,-3.317,4.65,4566,South Atlantic,50,symbiont-bearing,spinose,0
V19-281,,-3.317,4.65,4566,South Atlantic,50,symbiont-facultative,non-spinose,0.364672364672365
V19-281,,-3.317,4.65,4566,South Atlantic,50,symbiont-facultative,spinose,0
V19-281,,-3.317,4.65,4566,South Atlantic,50,symbiont-obligate,spinose,0.341880341880342
V19-281,,-3.317,4.65,4566,South Atlantic,50,undetermined,non-spinose,0
V19-283,,-1.283,5.533,3442,South Atlantic,79,symbiont-barren,non-spinose,0.24896265560166
V19-283,,-1.283,5.533,3442,South Atlantic,79,symbiont-barren,spinose,0.04149377593361
V19-283,,-1.283,5.533,3442,South Atlantic,79,symbiont-bearing,non-spinose,0
V19-283,,-1.283,5.533,3442,South Atlantic,79,symbiont-bearing,spinose,0.0103734439834025
V19-283,,-1.283,5.533,3442,South Atlantic,79,symbiont-facultative,non-spinose,0.309128630705394
V19-283,,-1.283,5.533,3442,South Atlantic,79,symbiont-facultative,spinose,0
V19-283,,-1.283,5.533,3442,South Atlantic,79,symbiont-obligate,spinose,0.383817427385892
V19-283,,-1.283,5.533,3442,South Atlantic,79,undetermined,non-spinose,0
V19-29,,-3.583,-83.933,,Pacific,120,symbiont-barren,non-spinose,0.447362123902722
V19-29,,-3.583,-83.933,,Pacific,120,symbiont-barren,spinose,0.592160887982099
V19-29,,-3.583,-83.933,,Pacific,120,symbiont-bearing,non-spinose,0
V19-29,,-3.583,-83.933,,Pacific,120,symbiont-bearing,spinose,0.00167294282607692
V19-29,,-3.583,-83.933,,Pacific,120,symbiont-facultative,non-spinose,0.926995042043971
V19-29,,-3.583,-83.933,,Pacific,120,symbiont-facultative,spinose,0
V19-29,,-3.583,-83.933,,Pacific,120,symbiont-obligate,spinose,0.0309735813570778
V19-29,,-3.583,-83.933,,Pacific,120,undetermined,non-spinose,0
V19-291,,2,-5.25,4956,North Atlantic,80,symbiont-barren,non-spinose,0.208430913348946
V19-291,,2,-5.25,4956,North Atlantic,80,symbiont-barren,spinose,0.053864168618267
V19-291,,2,-5.25,4956,North Atlantic,80,symbiont-bearing,non-spinose,0
V19-291,,2,-5.25,4956,North Atlantic,80,symbiont-bearing,spinose,0.00234192037470726
V19-291,,2,-5.25,4956,North Atlantic,80,symbiont-facultative,non-spinose,0.22248243559719
V19-291,,2,-5.25,4956,North Atlantic,80,symbiont-facultative,spinose,0
V19-291,,2,-5.25,4956,North Atlantic,80,symbiont-obligate,spinose,0.505854800936768
V19-291,,2,-5.25,4956,North Atlantic,80,undetermined,non-spinose,0
V19-309,,31.167,-45.133,4544,North Atlantic,31,symbiont-barren,non-spinose,0.128342245989305
V19-309,,31.167,-45.133,4544,North Atlantic,31,symbiont-barren,spinose,0.0882352941176471
V19-309,,31.167,-45.133,4544,North Atlantic,31,symbiont-bearing,non-spinose,0
V19-309,,31.167,-45.133,4544,North Atlantic,31,symbiont-bearing,spinose,0.0053475935828877
V19-309,,31.167,-45.133,4544,North Atlantic,31,symbiont-facultative,non-spinose,0.401069518716578
V19-309,,31.167,-45.133,4544,North Atlantic,31,symbiont-facultative,spinose,0.00802139037433155
V19-309,,31.167,-45.133,4544,North Atlantic,31,symbiont-obligate,spinose,0.368983957219251
V19-309,,31.167,-45.133,4544,North Atlantic,31,undetermined,non-spinose,0
V20-170,,-21.8,69.23333333,2479,Indian,0.3,symbiont-barren,non-spinose,0
V20-170,,-21.8,69.23333333,2479,Indian,0.3,symbiont-barren,spinose,0
V20-170,,-21.8,69.23333333,2479,Indian,0.3,symbiont-bearing,non-spinose,0
V20-170,,-21.8,69.23333333,2479,Indian,0.3,symbiont-bearing,spinose,0
V20-170,,-21.8,69.23333333,2479,Indian,0.3,symbiont-facultative,non-spinose,0
V20-170,,-21.8,69.23333333,2479,Indian,0.3,symbiont-facultative,spinose,0
V20-170,,-21.8,69.23333333,2479,Indian,0.3,symbiont-obligate,spinose,0
V20-170,,-21.8,69.23333333,2479,Indian,0.3,undetermined,non-spinose,0
V20-175,,-22.3,68,3526,Indian,0.3,symbiont-barren,non-spinose,0
V20-175,,-22.3,68,3526,Indian,0.3,symbiont-barren,spinose,0
V20-175,,-22.3,68,3526,Indian,0.3,symbiont-bearing,non-spinose,0
V20-175,,-22.3,68,3526,Indian,0.3,symbiont-bearing,spinose,0
V20-175,,-22.3,68,3526,Indian,0.3,symbiont-facultative,non-spinose,0
V20-175,,-22.3,68,3526,Indian,0.3,symbiont-facultative,spinose,0
V20-175,,-22.3,68,3526,Indian,0.3,symbiont-obligate,spinose,0
V20-175,,-22.3,68,3526,Indian,0.3,undetermined,non-spinose,0
V20-212,,-28.217,-10.033,3523,South Atlantic,20,symbiont-barren,non-spinose,0.213068181818182
V20-212,,-28.217,-10.033,3523,South Atlantic,20,symbiont-barren,spinose,0.0284090909090909
V20-212,,-28.217,-10.033,3523,South Atlantic,20,symbiont-bearing,non-spinose,0
V20-212,,-28.217,-10.033,3523,South Atlantic,20,symbiont-bearing,spinose,0.0596590909090909
V20-212,,-28.217,-10.033,3523,South Atlantic,20,symbiont-facultative,non-spinose,0.275568181818182
V20-212,,-28.217,-10.033,3523,South Atlantic,20,symbiont-facultative,spinose,0
V20-212,,-28.217,-10.033,3523,South Atlantic,20,symbiont-obligate,spinose,0.411931818181818
V20-212,,-28.217,-10.033,3523,South Atlantic,20,undetermined,non-spinose,0.00284090909090909
V20-227,,-4.233,-34.633,3812,South Atlantic,80,symbiont-barren,non-spinose,0.137142857142857
V20-227,,-4.233,-34.633,3812,South Atlantic,80,symbiont-barren,spinose,0.00571428571428571
V20-227,,-4.233,-34.633,3812,South Atlantic,80,symbiont-bearing,non-spinose,0
V20-227,,-4.233,-34.633,3812,South Atlantic,80,symbiont-bearing,spinose,0.00285714285714286
V20-227,,-4.233,-34.633,3812,South Atlantic,80,symbiont-facultative,non-spinose,0.282857142857143
V20-227,,-4.233,-34.633,3812,South Atlantic,80,symbiont-facultative,spinose,0
V20-227,,-4.233,-34.633,3812,South Atlantic,80,symbiont-obligate,spinose,0.554285714285714
V20-227,,-4.233,-34.633,3812,South Atlantic,80,undetermined,non-spinose,0
V20-228,,-2.483,-36.417,3676,South Atlantic,61,symbiont-barren,non-spinose,0.0323275862068966
V20-228,,-2.483,-36.417,3676,South Atlantic,61,symbiont-barren,spinose,0.0021551724137931
V20-228,,-2.483,-36.417,3676,South Atlantic,61,symbiont-bearing,non-spinose,0
V20-228,,-2.483,-36.417,3676,South Atlantic,61,symbiont-bearing,spinose,0.0172413793103448
V20-228,,-2.483,-36.417,3676,South Atlantic,61,symbiont-facultative,non-spinose,0.172413793103448
V20-228,,-2.483,-36.417,3676,South Atlantic,61,symbiont-facultative,spinose,0
V20-228,,-2.483,-36.417,3676,South Atlantic,61,symbiont-obligate,spinose,0.762931034482759
V20-228,,-2.483,-36.417,3676,South Atlantic,61,undetermined,non-spinose,0
V20-241,,22.133,-41.5,4372,North Atlantic,30,symbiont-barren,non-spinose,0.0749354005167959
V20-241,,22.133,-41.5,4372,North Atlantic,30,symbiont-barren,spinose,0.0103359173126615
V20-241,,22.133,-41.5,4372,North Atlantic,30,symbiont-bearing,non-spinose,0
V20-241,,22.133,-41.5,4372,North Atlantic,30,symbiont-bearing,spinose,0.0956072351421188
V20-241,,22.133,-41.5,4372,North Atlantic,30,symbiont-facultative,non-spinose,0.116279069767442
V20-241,,22.133,-41.5,4372,North Atlantic,30,symbiont-facultative,spinose,0.00258397932816538
V20-241,,22.133,-41.5,4372,North Atlantic,30,symbiont-obligate,spinose,0.689922480620155
V20-241,,22.133,-41.5,4372,North Atlantic,30,undetermined,non-spinose,0
V20-242,,23.367,-43.65,4565,North Atlantic,29,symbiont-barren,non-spinose,0.0392670157068063
V20-242,,23.367,-43.65,4565,North Atlantic,29,symbiont-barren,spinose,0.00785340314136126
V20-242,,23.367,-43.65,4565,North Atlantic,29,symbiont-bearing,non-spinose,0
V20-242,,23.367,-43.65,4565,North Atlantic,29,symbiont-bearing,spinose,0.0863874345549738
V20-242,,23.367,-43.65,4565,North Atlantic,29,symbiont-facultative,non-spinose,0.157068062827225
V20-242,,23.367,-43.65,4565,North Atlantic,29,symbiont-facultative,spinose,0
V20-242,,23.367,-43.65,4565,North Atlantic,29,symbiont-obligate,spinose,0.696335078534031
V20-242,,23.367,-43.65,4565,North Atlantic,29,undetermined,non-spinose,0
V22-026,,8.717,-41.25,3720,North Atlantic,40,symbiont-barren,non-spinose,0.120987654320988
V22-026,,8.717,-41.25,3720,North Atlantic,40,symbiont-barren,spinose,0.0246913580246914
V22-026,,8.717,-41.25,3720,North Atlantic,40,symbiont-bearing,non-spinose,0
V22-026,,8.717,-41.25,3720,North Atlantic,40,symbiont-bearing,spinose,0.00493827160493827
V22-026,,8.717,-41.25,3720,North Atlantic,40,symbiont-facultative,non-spinose,0.177777777777778
V22-026,,8.717,-41.25,3720,North Atlantic,40,symbiont-facultative,spinose,0
V22-026,,8.717,-41.25,3720,North Atlantic,40,symbiont-obligate,spinose,0.666666666666667
V22-026,,8.717,-41.25,3720,North Atlantic,40,undetermined,non-spinose,0
V22-038,,-9.55,-34.25,3797,South Atlantic,37.5,symbiont-barren,non-spinose,0.0420168067226891
V22-038,,-9.55,-34.25,3797,South Atlantic,37.5,symbiont-barren,spinose,0.00840336134453782
V22-038,,-9.55,-34.25,3797,South Atlantic,37.5,symbiont-bearing,non-spinose,0
V22-038,,-9.55,-34.25,3797,South Atlantic,37.5,symbiont-bearing,spinose,0
V22-038,,-9.55,-34.25,3797,South Atlantic,37.5,symbiont-facultative,non-spinose,0.0588235294117647
V22-038,,-9.55,-34.25,3797,South Atlantic,37.5,symbiont-facultative,spinose,0
V22-038,,-9.55,-34.25,3797,South Atlantic,37.5,symbiont-obligate,spinose,0.890756302521008
V22-038,,-9.55,-34.25,3797,South Atlantic,37.5,undetermined,non-spinose,0
V22-038,,-9.55,-34.25,3797,South Atlantic,40,symbiont-barren,non-spinose,0.026431718061674
V22-038,,-9.55,-34.25,3797,South Atlantic,40,symbiont-barren,spinose,0
V22-038,,-9.55,-34.25,3797,South Atlantic,40,symbiont-bearing,non-spinose,0
V22-038,,-9.55,-34.25,3797,South Atlantic,40,symbiont-bearing,spinose,0.013215859030837
V22-038,,-9.55,-34.25,3797,South Atlantic,40,symbiont-facultative,non-spinose,0.0770925110132159
V22-038,,-9.55,-34.25,3797,South Atlantic,40,symbiont-facultative,spinose,0
V22-038,,-9.55,-34.25,3797,South Atlantic,40,symbiont-obligate,spinose,0.86784140969163
V22-038,,-9.55,-34.25,3797,South Atlantic,40,undetermined,non-spinose,0
V22-168,,-17.467,-5.183,4625,South Atlantic,31,symbiont-barren,non-spinose,0.29639175257732
V22-168,,-17.467,-5.183,4625,South Atlantic,31,symbiont-barren,spinose,0.0257731958762887
V22-168,,-17.467,-5.183,4625,South Atlantic,31,symbiont-bearing,non-spinose,0
V22-168,,-17.467,-5.183,4625,South Atlantic,31,symbiont-bearing,spinose,0
V22-168,,-17.467,-5.183,4625,South Atlantic,31,symbiont-facultative,non-spinose,0.414948453608247
V22-168,,-17.467,-5.183,4625,South Atlantic,31,symbiont-facultative,spinose,0
V22-168,,-17.467,-5.183,4625,South Atlantic,31,symbiont-obligate,spinose,0.237113402061856
V22-168,,-17.467,-5.183,4625,South Atlantic,31,undetermined,non-spinose,0.0077319587628866
V22-171,,-13.1,-9.333,4155,South Atlantic,20,symbiont-barren,non-spinose,0.276190476190476
V22-171,,-13.1,-9.333,4155,South Atlantic,20,symbiont-barren,spinose,0.07002442002442
V22-171,,-13.1,-9.333,4155,South Atlantic,20,symbiont-bearing,non-spinose,0
V22-171,,-13.1,-9.333,4155,South Atlantic,20,symbiont-bearing,spinose,0.0556166056166056
V22-171,,-13.1,-9.333,4155,South Atlantic,20,symbiont-facultative,non-spinose,0.487240537240537
V22-171,,-13.1,-9.333,4155,South Atlantic,20,symbiont-facultative,spinose,0
V22-171,,-13.1,-9.333,4155,South Atlantic,20,symbiont-obligate,spinose,1.06080586080586
V22-171,,-13.1,-9.333,4155,South Atlantic,20,undetermined,non-spinose,0.00274725274725275
V22-172,,-12.667,-9.817,4127,South Atlantic,20,symbiont-barren,non-spinose,0.146099290780142
V22-172,,-12.667,-9.817,4127,South Atlantic,20,symbiont-barren,spinose,0.0269503546099291
V22-172,,-12.667,-9.817,4127,South Atlantic,20,symbiont-bearing,non-spinose,0
V22-172,,-12.667,-9.817,4127,South Atlantic,20,symbiont-bearing,spinose,0.0269503546099291
V22-172,,-12.667,-9.817,4127,South Atlantic,20,symbiont-facultative,non-spinose,0.252482269503546
V22-172,,-12.667,-9.817,4127,South Atlantic,20,symbiont-facultative,spinose,0.00141843971631206
V22-172,,-12.667,-9.817,4127,South Atlantic,20,symbiont-obligate,spinose,0.527659574468085
V22-172,,-12.667,-9.817,4127,South Atlantic,20,undetermined,non-spinose,0.00141843971631206
V22-174,,-10.07,-12.82,2630,South Atlantic,0.55,symbiont-barren,non-spinose,0.212
V22-174,,-10.07,-12.82,2630,South Atlantic,0.55,symbiont-barren,spinose,0.014
V22-174,,-10.07,-12.82,2630,South Atlantic,0.55,symbiont-bearing,non-spinose,0
V22-174,,-10.07,-12.82,2630,South Atlantic,0.55,symbiont-bearing,spinose,0.097
V22-174,,-10.07,-12.82,2630,South Atlantic,0.55,symbiont-facultative,non-spinose,0.216
V22-174,,-10.07,-12.82,2630,South Atlantic,0.55,symbiont-facultative,spinose,0
V22-174,,-10.07,-12.82,2630,South Atlantic,0.55,symbiont-obligate,spinose,0.451
V22-174,,-10.07,-12.82,2630,South Atlantic,0.55,undetermined,non-spinose,0
V22-174,,-10.07,-12.82,2630,South Atlantic,0.57,symbiont-barren,non-spinose,0.142
V22-174,,-10.07,-12.82,2630,South Atlantic,0.57,symbiont-barren,spinose,0.042
V22-174,,-10.07,-12.82,2630,South Atlantic,0.57,symbiont-bearing,non-spinose,0
V22-174,,-10.07,-12.82,2630,South Atlantic,0.57,symbiont-bearing,spinose,0.078
V22-174,,-10.07,-12.82,2630,South Atlantic,0.57,symbiont-facultative,non-spinose,0.248
V22-174,,-10.07,-12.82,2630,South Atlantic,0.57,symbiont-facultative,spinose,0.003
V22-174,,-10.07,-12.82,2630,South Atlantic,0.57,symbiont-obligate,spinose,0.471
V22-174,,-10.07,-12.82,2630,South Atlantic,0.57,undetermined,non-spinose,0
V22-174,,-10.07,-12.82,2630,South Atlantic,0.6,symbiont-barren,non-spinose,0.31
V22-174,,-10.07,-12.82,2630,South Atlantic,0.6,symbiont-barren,spinose,0.158
V22-174,,-10.07,-12.82,2630,South Atlantic,0.6,symbiont-bearing,non-spinose,0
V22-174,,-10.07,-12.82,2630,South Atlantic,0.6,symbiont-bearing,spinose,0.085
V22-174,,-10.07,-12.82,2630,South Atlantic,0.6,symbiont-facultative,non-spinose,0.536
V22-174,,-10.07,-12.82,2630,South Atlantic,0.6,symbiont-facultative,spinose,0.002
V22-174,,-10.07,-12.82,2630,South Atlantic,0.6,symbiont-obligate,spinose,0.896
V22-174,,-10.07,-12.82,2630,South Atlantic,0.6,undetermined,non-spinose,0
V22-177,,-7.75,-14.601,3290,South Atlantic,63,symbiont-barren,non-spinose,0.193029490616622
V22-177,,-7.75,-14.601,3290,South Atlantic,63,symbiont-barren,spinose,0.0616621983914209
V22-177,,-7.75,-14.601,3290,South Atlantic,63,symbiont-bearing,non-spinose,0
V22-177,,-7.75,-14.601,3290,South Atlantic,63,symbiont-bearing,spinose,0.0294906166219839
V22-177,,-7.75,-14.601,3290,South Atlantic,63,symbiont-facultative,non-spinose,0.367292225201072
V22-177,,-7.75,-14.601,3290,South Atlantic,63,symbiont-facultative,spinose,0
V22-177,,-7.75,-14.601,3290,South Atlantic,63,symbiont-obligate,spinose,0.345844504021448
V22-177,,-7.75,-14.601,3290,South Atlantic,63,undetermined,non-spinose,0
V22-177,,-7.75,-14.601,3290,South Atlantic,70,symbiont-barren,non-spinose,0.196388261851016
V22-177,,-7.75,-14.601,3290,South Atlantic,70,symbiont-barren,spinose,0.0248306997742664
V22-177,,-7.75,-14.601,3290,South Atlantic,70,symbiont-bearing,non-spinose,0
V22-177,,-7.75,-14.601,3290,South Atlantic,70,symbiont-bearing,spinose,0.0225733634311512
V22-177,,-7.75,-14.601,3290,South Atlantic,70,symbiont-facultative,non-spinose,0.306997742663657
V22-177,,-7.75,-14.601,3290,South Atlantic,70,symbiont-facultative,spinose,0
V22-177,,-7.75,-14.601,3290,South Atlantic,70,symbiont-obligate,spinose,0.433408577878104
V22-177,,-7.75,-14.601,3290,South Atlantic,70,undetermined,non-spinose,0
V22-182,,-0.535,-17.267,3614,South Atlantic,71,symbiont-barren,non-spinose,0.343195266272189
V22-182,,-0.535,-17.267,3614,South Atlantic,71,symbiont-barren,spinose,0.0552268244575937
V22-182,,-0.535,-17.267,3614,South Atlantic,71,symbiont-bearing,non-spinose,0
V22-182,,-0.535,-17.267,3614,South Atlantic,71,symbiont-bearing,spinose,0.0019723865877712
V22-182,,-0.535,-17.267,3614,South Atlantic,71,symbiont-facultative,non-spinose,0.404339250493097
V22-182,,-0.535,-17.267,3614,South Atlantic,71,symbiont-facultative,spinose,0
V22-182,,-0.535,-17.267,3614,South Atlantic,71,symbiont-obligate,spinose,0.191321499013807
V22-182,,-0.535,-17.267,3614,South Atlantic,71,undetermined,non-spinose,0
V22-182,,-0.535,-17.267,3614,South Atlantic,72,symbiont-barren,non-spinose,0.295321637426901
V22-182,,-0.535,-17.267,3614,South Atlantic,72,symbiont-barren,spinose,0.064327485380117
V22-182,,-0.535,-17.267,3614,South Atlantic,72,symbiont-bearing,non-spinose,0
V22-182,,-0.535,-17.267,3614,South Atlantic,72,symbiont-bearing,spinose,0.00292397660818713
V22-182,,-0.535,-17.267,3614,South Atlantic,72,symbiont-facultative,non-spinose,0.441520467836257
V22-182,,-0.535,-17.267,3614,South Atlantic,72,symbiont-facultative,spinose,0
V22-182,,-0.535,-17.267,3614,South Atlantic,72,symbiont-obligate,spinose,0.190058479532164
V22-182,,-0.535,-17.267,3614,South Atlantic,72,undetermined,non-spinose,0
V22-186,,3.383,-20.117,4471,North Atlantic,30,symbiont-barren,non-spinose,0.407268817204301
V22-186,,3.383,-20.117,4471,North Atlantic,30,symbiont-barren,spinose,0.0213978494623656
V22-186,,3.383,-20.117,4471,North Atlantic,30,symbiont-bearing,non-spinose,0
V22-186,,3.383,-20.117,4471,North Atlantic,30,symbiont-bearing,spinose,0.00806451612903226
V22-186,,3.383,-20.117,4471,North Atlantic,30,symbiont-facultative,non-spinose,0.806150537634409
V22-186,,3.383,-20.117,4471,North Atlantic,30,symbiont-facultative,spinose,0
V22-186,,3.383,-20.117,4471,North Atlantic,30,symbiont-obligate,spinose,0.739688172043011
V22-186,,3.383,-20.117,4471,North Atlantic,30,undetermined,non-spinose,0
V22-188,,4.667,-20.917,2600,North Atlantic,30,symbiont-barren,non-spinose,0.230729166666667
V22-188,,4.667,-20.917,2600,North Atlantic,30,symbiont-barren,spinose,0.075
V22-188,,4.667,-20.917,2600,North Atlantic,30,symbiont-bearing,non-spinose,0
V22-188,,4.667,-20.917,2600,North Atlantic,30,symbiont-bearing,spinose,0.110416666666667
V22-188,,4.667,-20.917,2600,North Atlantic,30,symbiont-facultative,non-spinose,0.505208333333333
V22-188,,4.667,-20.917,2600,North Atlantic,30,symbiont-facultative,spinose,0
V22-188,,4.667,-20.917,2600,North Atlantic,30,symbiont-obligate,spinose,1.05885416666667
V22-188,,4.667,-20.917,2600,North Atlantic,30,undetermined,non-spinose,0
V22-196,,13.833,-18.951,3728,North Atlantic,70,symbiont-barren,non-spinose,0.206467661691542
V22-196,,13.833,-18.951,3728,North Atlantic,70,symbiont-barren,spinose,0.144278606965174
V22-196,,13.833,-18.951,3728,North Atlantic,70,symbiont-bearing,non-spinose,0
V22-196,,13.833,-18.951,3728,North Atlantic,70,symbiont-bearing,spinose,0.00746268656716418
V22-196,,13.833,-18.951,3728,North Atlantic,70,symbiont-facultative,non-spinose,0.432835820895522
V22-196,,13.833,-18.951,3728,North Atlantic,70,symbiont-facultative,spinose,0
V22-196,,13.833,-18.951,3728,North Atlantic,70,symbiont-obligate,spinose,0.189054726368159
V22-196,,13.833,-18.951,3728,North Atlantic,70,undetermined,non-spinose,0
V22-197,,14.167,-18.58,3167,North Atlantic,1.11,symbiont-barren,non-spinose,0.579
V22-197,,14.167,-18.58,3167,North Atlantic,1.11,symbiont-barren,spinose,0.08
V22-197,,14.167,-18.58,3167,North Atlantic,1.11,symbiont-bearing,non-spinose,0
V22-197,,14.167,-18.58,3167,North Atlantic,1.11,symbiont-bearing,spinose,0.003
V22-197,,14.167,-18.58,3167,North Atlantic,1.11,symbiont-facultative,non-spinose,0.218
V22-197,,14.167,-18.58,3167,North Atlantic,1.11,symbiont-facultative,spinose,0
V22-197,,14.167,-18.58,3167,North Atlantic,1.11,symbiont-obligate,spinose,0.119
V22-197,,14.167,-18.58,3167,North Atlantic,1.11,undetermined,non-spinose,0
V22-197,,14.167,-18.58,3167,North Atlantic,1.14,symbiont-barren,non-spinose,0.544
V22-197,,14.167,-18.58,3167,North Atlantic,1.14,symbiont-barren,spinose,0.122
V22-197,,14.167,-18.58,3167,North Atlantic,1.14,symbiont-bearing,non-spinose,0
V22-197,,14.167,-18.58,3167,North Atlantic,1.14,symbiont-bearing,spinose,0
V22-197,,14.167,-18.58,3167,North Atlantic,1.14,symbiont-facultative,non-spinose,0.241
V22-197,,14.167,-18.58,3167,North Atlantic,1.14,symbiont-facultative,spinose,0
V22-197,,14.167,-18.58,3167,North Atlantic,1.14,symbiont-obligate,spinose,0.084
V22-197,,14.167,-18.58,3167,North Atlantic,1.14,undetermined,non-spinose,0
V22-197,,14.167,-18.58,3167,North Atlantic,1.19,symbiont-barren,non-spinose,0.416
V22-197,,14.167,-18.58,3167,North Atlantic,1.19,symbiont-barren,spinose,0.164
V22-197,,14.167,-18.58,3167,North Atlantic,1.19,symbiont-bearing,non-spinose,0
V22-197,,14.167,-18.58,3167,North Atlantic,1.19,symbiont-bearing,spinose,0.004
V22-197,,14.167,-18.58,3167,North Atlantic,1.19,symbiont-facultative,non-spinose,0.259
V22-197,,14.167,-18.58,3167,North Atlantic,1.19,symbiont-facultative,spinose,0
V22-197,,14.167,-18.58,3167,North Atlantic,1.19,symbiont-obligate,spinose,0.151
V22-197,,14.167,-18.58,3167,North Atlantic,1.19,undetermined,non-spinose,0
V22-197,,14.167,-18.58,3167,North Atlantic,1.24,symbiont-barren,non-spinose,0.452
V22-197,,14.167,-18.58,3167,North Atlantic,1.24,symbiont-barren,spinose,0.098
V22-197,,14.167,-18.58,3167,North Atlantic,1.24,symbiont-bearing,non-spinose,0
V22-197,,14.167,-18.58,3167,North Atlantic,1.24,symbiont-bearing,spinose,0.004
V22-197,,14.167,-18.58,3167,North Atlantic,1.24,symbiont-facultative,non-spinose,0.298
V22-197,,14.167,-18.58,3167,North Atlantic,1.24,symbiont-facultative,spinose,0
V22-197,,14.167,-18.58,3167,North Atlantic,1.24,symbiont-obligate,spinose,0.14
V22-197,,14.167,-18.58,3167,North Atlantic,1.24,undetermined,non-spinose,0
V22-197,,14.167,-18.58,3167,North Atlantic,1.31,symbiont-barren,non-spinose,0.423
V22-197,,14.167,-18.58,3167,North Atlantic,1.31,symbiont-barren,spinose,0.153
V22-197,,14.167,-18.58,3167,North Atlantic,1.31,symbiont-bearing,non-spinose,0
V22-197,,14.167,-18.58,3167,North Atlantic,1.31,symbiont-bearing,spinose,0
V22-197,,14.167,-18.58,3167,North Atlantic,1.31,symbiont-facultative,non-spinose,0.301
V22-197,,14.167,-18.58,3167,North Atlantic,1.31,symbiont-facultative,spinose,0
V22-197,,14.167,-18.58,3167,North Atlantic,1.31,symbiont-obligate,spinose,0.124
V22-197,,14.167,-18.58,3167,North Atlantic,1.31,undetermined,non-spinose,0
V22-222,,28.933,-43.65,3197,North Atlantic,58,symbiont-barren,non-spinose,0.102844638949672
V22-222,,28.933,-43.65,3197,North Atlantic,58,symbiont-barren,spinose,0.0196936542669584
V22-222,,28.933,-43.65,3197,North Atlantic,58,symbiont-bearing,non-spinose,0
V22-222,,28.933,-43.65,3197,North Atlantic,58,symbiont-bearing,spinose,0.0765864332603939
V22-222,,28.933,-43.65,3197,North Atlantic,58,symbiont-facultative,non-spinose,0.179431072210066
V22-222,,28.933,-43.65,3197,North Atlantic,58,symbiont-facultative,spinose,0
V22-222,,28.933,-43.65,3197,North Atlantic,58,symbiont-obligate,spinose,0.61925601750547
V22-222,,28.933,-43.65,3197,North Atlantic,58,undetermined,non-spinose,0
V23-042,,62.183,-27.933,1514,North Atlantic,70,symbiont-barren,non-spinose,0.940520446096654
V23-042,,62.183,-27.933,1514,North Atlantic,70,symbiont-barren,spinose,0.0483271375464684
V23-042,,62.183,-27.933,1514,North Atlantic,70,symbiont-bearing,non-spinose,0
V23-042,,62.183,-27.933,1514,North Atlantic,70,symbiont-bearing,spinose,0
V23-042,,62.183,-27.933,1514,North Atlantic,70,symbiont-facultative,non-spinose,0.00743494423791822
V23-042,,62.183,-27.933,1514,North Atlantic,70,symbiont-facultative,spinose,0
V23-042,,62.183,-27.933,1514,North Atlantic,70,symbiont-obligate,spinose,0.00371747211895911
V23-042,,62.183,-27.933,1514,North Atlantic,70,undetermined,non-spinose,0
V23-082,,52.584,-21.933,3974,North Atlantic,110,symbiont-barren,non-spinose,0.981515711645102
V23-082,,52.584,-21.933,3974,North Atlantic,110,symbiont-barren,spinose,0.0129390018484288
V23-082,,52.584,-21.933,3974,North Atlantic,110,symbiont-bearing,non-spinose,0
V23-082,,52.584,-21.933,3974,North Atlantic,110,symbiont-bearing,spinose,0
V23-082,,52.584,-21.933,3974,North Atlantic,110,symbiont-facultative,non-spinose,0.00184842883548983
V23-082,,52.584,-21.933,3974,North Atlantic,110,symbiont-facultative,spinose,0
V23-082,,52.584,-21.933,3974,North Atlantic,110,symbiont-obligate,spinose,0
V23-082,,52.584,-21.933,3974,North Atlantic,110,undetermined,non-spinose,0
V23-083,,49.868,-24.25,3871,North Atlantic,99,symbiont-barren,non-spinose,0.98876404494382
V23-083,,49.868,-24.25,3871,North Atlantic,99,symbiont-barren,spinose,0.0112359550561798
V23-083,,49.868,-24.25,3871,North Atlantic,99,symbiont-bearing,non-spinose,0
V23-083,,49.868,-24.25,3871,North Atlantic,99,symbiont-bearing,spinose,0
V23-083,,49.868,-24.25,3871,North Atlantic,99,symbiont-facultative,non-spinose,0
V23-083,,49.868,-24.25,3871,North Atlantic,99,symbiont-facultative,spinose,0
V23-083,,49.868,-24.25,3871,North Atlantic,99,symbiont-obligate,spinose,0
V23-083,,49.868,-24.25,3871,North Atlantic,99,undetermined,non-spinose,0
V23-084,,46.001,-16.917,4513,North Atlantic,81,symbiont-barren,non-spinose,0.835051546391753
V23-084,,46.001,-16.917,4513,North Atlantic,81,symbiont-barren,spinose,0.103092783505155
V23-084,,46.001,-16.917,4513,North Atlantic,81,symbiont-bearing,non-spinose,0
V23-084,,46.001,-16.917,4513,North Atlantic,81,symbiont-bearing,spinose,0
V23-084,,46.001,-16.917,4513,North Atlantic,81,symbiont-facultative,non-spinose,0.0584192439862543
V23-084,,46.001,-16.917,4513,North Atlantic,81,symbiont-facultative,spinose,0
V23-084,,46.001,-16.917,4513,North Atlantic,81,symbiont-obligate,spinose,0.00343642611683849
V23-084,,46.001,-16.917,4513,North Atlantic,81,undetermined,non-spinose,0
V23-091,,29.583,-28.567,2758,North Atlantic,30,symbiont-barren,non-spinose,0.194594594594595
V23-091,,29.583,-28.567,2758,North Atlantic,30,symbiont-barren,spinose,0.0621621621621622
V23-091,,29.583,-28.567,2758,North Atlantic,30,symbiont-bearing,non-spinose,0
V23-091,,29.583,-28.567,2758,North Atlantic,30,symbiont-bearing,spinose,0.0324324324324324
V23-091,,29.583,-28.567,2758,North Atlantic,30,symbiont-facultative,non-spinose,0.256756756756757
V23-091,,29.583,-28.567,2758,North Atlantic,30,symbiont-facultative,spinose,0
V23-091,,29.583,-28.567,2758,North Atlantic,30,symbiont-obligate,spinose,0.437837837837838
V23-091,,29.583,-28.567,2758,North Atlantic,30,undetermined,non-spinose,0
V23-098,,23.117,-19.3,3506,North Atlantic,70,symbiont-barren,non-spinose,0.532467532467532
V23-098,,23.117,-19.3,3506,North Atlantic,70,symbiont-barren,spinose,0.292207792207792
V23-098,,23.117,-19.3,3506,North Atlantic,70,symbiont-bearing,non-spinose,0
V23-098,,23.117,-19.3,3506,North Atlantic,70,symbiont-bearing,spinose,0
V23-098,,23.117,-19.3,3506,North Atlantic,70,symbiont-facultative,non-spinose,0.0941558441558442
V23-098,,23.117,-19.3,3506,North Atlantic,70,symbiont-facultative,spinose,0.00324675324675325
V23-098,,23.117,-19.3,3506,North Atlantic,70,symbiont-obligate,spinose,0.0681818181818182
V23-098,,23.117,-19.3,3506,North Atlantic,70,undetermined,non-spinose,0
V23-100,,21.3,-22.68,4579,North Atlantic,0.38,symbiont-barren,non-spinose,0.553
V23-100,,21.3,-22.68,4579,North Atlantic,0.38,symbiont-barren,spinose,0.1
V23-100,,21.3,-22.68,4579,North Atlantic,0.38,symbiont-bearing,non-spinose,0
V23-100,,21.3,-22.68,4579,North Atlantic,0.38,symbiont-bearing,spinose,0.005
V23-100,,21.3,-22.68,4579,North Atlantic,0.38,symbiont-facultative,non-spinose,0.141
V23-100,,21.3,-22.68,4579,North Atlantic,0.38,symbiont-facultative,spinose,0.005
V23-100,,21.3,-22.68,4579,North Atlantic,0.38,symbiont-obligate,spinose,0.197
V23-100,,21.3,-22.68,4579,North Atlantic,0.38,undetermined,non-spinose,0
V23-110,,17.633,-45.867,3746,North Atlantic,26,symbiont-barren,non-spinose,0.029810298102981
V23-110,,17.633,-45.867,3746,North Atlantic,26,symbiont-barren,spinose,0
V23-110,,17.633,-45.867,3746,North Atlantic,26,symbiont-bearing,non-spinose,0
V23-110,,17.633,-45.867,3746,North Atlantic,26,symbiont-bearing,spinose,0.032520325203252
V23-110,,17.633,-45.867,3746,North Atlantic,26,symbiont-facultative,non-spinose,0.165311653116531
V23-110,,17.633,-45.867,3746,North Atlantic,26,symbiont-facultative,spinose,0
V23-110,,17.633,-45.867,3746,North Atlantic,26,symbiont-obligate,spinose,0.772357723577236
V23-110,,17.633,-45.867,3746,North Atlantic,26,undetermined,non-spinose,0
V23-81,,54.25,-16.83,2393,North Atlantic,2.65,symbiont-barren,non-spinose,0.853
V23-81,,54.25,-16.83,2393,North Atlantic,2.65,symbiont-barren,spinose,0.111
V23-81,,54.25,-16.83,2393,North Atlantic,2.65,symbiont-bearing,non-spinose,0
V23-81,,54.25,-16.83,2393,North Atlantic,2.65,symbiont-bearing,spinose,0
V23-81,,54.25,-16.83,2393,North Atlantic,2.65,symbiont-facultative,non-spinose,0.006
V23-81,,54.25,-16.83,2393,North Atlantic,2.65,symbiont-facultative,spinose,0
V23-81,,54.25,-16.83,2393,North Atlantic,2.65,symbiont-obligate,spinose,0
V23-81,,54.25,-16.83,2393,North Atlantic,2.65,undetermined,non-spinose,0
V23-81,,54.25,-16.83,2393,North Atlantic,2.75,symbiont-barren,non-spinose,0.905
V23-81,,54.25,-16.83,2393,North Atlantic,2.75,symbiont-barren,spinose,0.051
V23-81,,54.25,-16.83,2393,North Atlantic,2.75,symbiont-bearing,non-spinose,0
V23-81,,54.25,-16.83,2393,North Atlantic,2.75,symbiont-bearing,spinose,0
V23-81,,54.25,-16.83,2393,North Atlantic,2.75,symbiont-facultative,non-spinose,0
V23-81,,54.25,-16.83,2393,North Atlantic,2.75,symbiont-facultative,spinose,0
V23-81,,54.25,-16.83,2393,North Atlantic,2.75,symbiont-obligate,spinose,0
V23-81,,54.25,-16.83,2393,North Atlantic,2.75,undetermined,non-spinose,0
V23-81,,54.25,-16.83,2393,North Atlantic,2.85,symbiont-barren,non-spinose,0.811
V23-81,,54.25,-16.83,2393,North Atlantic,2.85,symbiont-barren,spinose,0.154
V23-81,,54.25,-16.83,2393,North Atlantic,2.85,symbiont-bearing,non-spinose,0
V23-81,,54.25,-16.83,2393,North Atlantic,2.85,symbiont-bearing,spinose,0
V23-81,,54.25,-16.83,2393,North Atlantic,2.85,symbiont-facultative,non-spinose,0
V23-81,,54.25,-16.83,2393,North Atlantic,2.85,symbiont-facultative,spinose,0
V23-81,,54.25,-16.83,2393,North Atlantic,2.85,symbiont-obligate,spinose,0
V23-81,,54.25,-16.83,2393,North Atlantic,2.85,undetermined,non-spinose,0
V23-81,,54.25,-16.83,2393,North Atlantic,2.95,symbiont-barren,non-spinose,0.911
V23-81,,54.25,-16.83,2393,North Atlantic,2.95,symbiont-barren,spinose,0.075
V23-81,,54.25,-16.83,2393,North Atlantic,2.95,symbiont-bearing,non-spinose,0
V23-81,,54.25,-16.83,2393,North Atlantic,2.95,symbiont-bearing,spinose,0
V23-81,,54.25,-16.83,2393,North Atlantic,2.95,symbiont-facultative,non-spinose,0.006
V23-81,,54.25,-16.83,2393,North Atlantic,2.95,symbiont-facultative,spinose,0
V23-81,,54.25,-16.83,2393,North Atlantic,2.95,symbiont-obligate,spinose,0
V23-81,,54.25,-16.83,2393,North Atlantic,2.95,undetermined,non-spinose,0
V24-001,,36.5,-73.5,3012,North Atlantic,265,symbiont-barren,non-spinose,0.417763157894737
V24-001,,36.5,-73.5,3012,North Atlantic,265,symbiont-barren,spinose,0.148026315789474
V24-001,,36.5,-73.5,3012,North Atlantic,265,symbiont-bearing,non-spinose,0
V24-001,,36.5,-73.5,3012,North Atlantic,265,symbiont-bearing,spinose,0.00657894736842105
V24-001,,36.5,-73.5,3012,North Atlantic,265,symbiont-facultative,non-spinose,0.282894736842105
V24-001,,36.5,-73.5,3012,North Atlantic,265,symbiont-facultative,spinose,0
V24-001,,36.5,-73.5,3012,North Atlantic,265,symbiont-obligate,spinose,0.118421052631579
V24-001,,36.5,-73.5,3012,North Atlantic,265,undetermined,non-spinose,0
V24-028,,15.317,-77.95,2274,North Atlantic,60,symbiont-barren,non-spinose,0.0449438202247191
V24-028,,15.317,-77.95,2274,North Atlantic,60,symbiont-barren,spinose,0.00561797752808989
V24-028,,15.317,-77.95,2274,North Atlantic,60,symbiont-bearing,non-spinose,0
V24-028,,15.317,-77.95,2274,North Atlantic,60,symbiont-bearing,spinose,0.0308988764044944
V24-028,,15.317,-77.95,2274,North Atlantic,60,symbiont-facultative,non-spinose,0.191011235955056
V24-028,,15.317,-77.95,2274,North Atlantic,60,symbiont-facultative,spinose,0
V24-028,,15.317,-77.95,2274,North Atlantic,60,symbiont-obligate,spinose,0.716292134831461
V24-028,,15.317,-77.95,2274,North Atlantic,60,undetermined,non-spinose,0
V24-157,,-14.95,147.92,1212,Pacific,0.3,symbiont-barren,non-spinose,0
V24-157,,-14.95,147.92,1212,Pacific,0.3,symbiont-barren,spinose,0
V24-157,,-14.95,147.92,1212,Pacific,0.3,symbiont-bearing,non-spinose,0
V24-157,,-14.95,147.92,1212,Pacific,0.3,symbiont-bearing,spinose,0
V24-157,,-14.95,147.92,1212,Pacific,0.3,symbiont-facultative,non-spinose,0
V24-157,,-14.95,147.92,1212,Pacific,0.3,symbiont-facultative,spinose,0
V24-157,,-14.95,147.92,1212,Pacific,0.3,symbiont-obligate,spinose,0
V24-157,,-14.95,147.92,1212,Pacific,0.3,undetermined,non-spinose,0
V24-161,,-18.2,151.45,1670,Pacific,0.5,symbiont-barren,non-spinose,0
V24-161,,-18.2,151.45,1670,Pacific,0.5,symbiont-barren,spinose,0
V24-161,,-18.2,151.45,1670,Pacific,0.5,symbiont-bearing,non-spinose,0
V24-161,,-18.2,151.45,1670,Pacific,0.5,symbiont-bearing,spinose,0
V24-161,,-18.2,151.45,1670,Pacific,0.5,symbiont-facultative,non-spinose,0
V24-161,,-18.2,151.45,1670,Pacific,0.5,symbiont-facultative,spinose,0
V24-161,,-18.2,151.45,1670,Pacific,0.5,symbiont-obligate,spinose,0
V24-161,,-18.2,151.45,1670,Pacific,0.5,undetermined,non-spinose,0
V24-170,,-13.52,146.88,2243,Pacific,0.4,symbiont-barren,non-spinose,0
V24-170,,-13.52,146.88,2243,Pacific,0.4,symbiont-barren,spinose,0
V24-170,,-13.52,146.88,2243,Pacific,0.4,symbiont-bearing,non-spinose,0
V24-170,,-13.52,146.88,2243,Pacific,0.4,symbiont-bearing,spinose,0
V24-170,,-13.52,146.88,2243,Pacific,0.4,symbiont-facultative,non-spinose,0
V24-170,,-13.52,146.88,2243,Pacific,0.4,symbiont-facultative,spinose,0
V24-170,,-13.52,146.88,2243,Pacific,0.4,symbiont-obligate,spinose,0
V24-170,,-13.52,146.88,2243,Pacific,0.4,undetermined,non-spinose,0
V24-184,,-12.87,146.2,2708,Pacific,0.3,symbiont-barren,non-spinose,0
V24-184,,-12.87,146.2,2708,Pacific,0.3,symbiont-barren,spinose,0
V24-184,,-12.87,146.2,2708,Pacific,0.3,symbiont-bearing,non-spinose,0
V24-184,,-12.87,146.2,2708,Pacific,0.3,symbiont-bearing,spinose,0
V24-184,,-12.87,146.2,2708,Pacific,0.3,symbiont-facultative,non-spinose,0
V24-184,,-12.87,146.2,2708,Pacific,0.3,symbiont-facultative,spinose,0
V24-184,,-12.87,146.2,2708,Pacific,0.3,symbiont-obligate,spinose,0
V24-184,,-12.87,146.2,2708,Pacific,0.3,undetermined,non-spinose,0
V24-221,,-32.033,-2.817,4204,South Atlantic,30,symbiont-barren,non-spinose,0.290760869565217
V24-221,,-32.033,-2.817,4204,South Atlantic,30,symbiont-barren,spinose,0.0923913043478261
V24-221,,-32.033,-2.817,4204,South Atlantic,30,symbiont-bearing,non-spinose,0
V24-221,,-32.033,-2.817,4204,South Atlantic,30,symbiont-bearing,spinose,0
V24-221,,-32.033,-2.817,4204,South Atlantic,30,symbiont-facultative,non-spinose,0.263586956521739
V24-221,,-32.033,-2.817,4204,South Atlantic,30,symbiont-facultative,spinose,0
V24-221,,-32.033,-2.817,4204,South Atlantic,30,symbiont-obligate,spinose,0.326086956521739
V24-221,,-32.033,-2.817,4204,South Atlantic,30,undetermined,non-spinose,0.00271739130434783
V24-229,,-34.45,-10.6,4202,South Atlantic,30,symbiont-barren,non-spinose,0.408408408408408
V24-229,,-34.45,-10.6,4202,South Atlantic,30,symbiont-barren,spinose,0.195195195195195
V24-229,,-34.45,-10.6,4202,South Atlantic,30,symbiont-bearing,non-spinose,0
V24-229,,-34.45,-10.6,4202,South Atlantic,30,symbiont-bearing,spinose,0
V24-229,,-34.45,-10.6,4202,South Atlantic,30,symbiont-facultative,non-spinose,0.186186186186186
V24-229,,-34.45,-10.6,4202,South Atlantic,30,symbiont-facultative,spinose,0
V24-229,,-34.45,-10.6,4202,South Atlantic,30,symbiont-obligate,spinose,0.198198198198198
V24-229,,-34.45,-10.6,4202,South Atlantic,30,undetermined,non-spinose,0
V24-235,,-33.25,-19.55,3722,South Atlantic,10,symbiont-barren,non-spinose,0.319327731092437
V24-235,,-33.25,-19.55,3722,South Atlantic,10,symbiont-barren,spinose,0.0560224089635854
V24-235,,-33.25,-19.55,3722,South Atlantic,10,symbiont-bearing,non-spinose,0
V24-235,,-33.25,-19.55,3722,South Atlantic,10,symbiont-bearing,spinose,0.00840336134453782
V24-235,,-33.25,-19.55,3722,South Atlantic,10,symbiont-facultative,non-spinose,0.182072829131653
V24-235,,-33.25,-19.55,3722,South Atlantic,10,symbiont-facultative,spinose,0
V24-235,,-33.25,-19.55,3722,South Atlantic,10,symbiont-obligate,spinose,0.414565826330532
V24-235,,-33.25,-19.55,3722,South Atlantic,10,undetermined,non-spinose,0
V24-237,,-32.2,-26.733,4193,South Atlantic,10,symbiont-barren,non-spinose,0.564705882352941
V24-237,,-32.2,-26.733,4193,South Atlantic,10,symbiont-barren,spinose,0.00588235294117647
V24-237,,-32.2,-26.733,4193,South Atlantic,10,symbiont-bearing,non-spinose,0
V24-237,,-32.2,-26.733,4193,South Atlantic,10,symbiont-bearing,spinose,0.00294117647058824
V24-237,,-32.2,-26.733,4193,South Atlantic,10,symbiont-facultative,non-spinose,0.155882352941176
V24-237,,-32.2,-26.733,4193,South Atlantic,10,symbiont-facultative,spinose,0
V24-237,,-32.2,-26.733,4193,South Atlantic,10,symbiont-obligate,spinose,0.258823529411765
V24-237,,-32.2,-26.733,4193,South Atlantic,10,undetermined,non-spinose,0
V24-240,,-31.733,-28.2,4327,South Atlantic,20,symbiont-barren,non-spinose,0.593582887700535
V24-240,,-31.733,-28.2,4327,South Atlantic,20,symbiont-barren,spinose,0.0240641711229947
V24-240,,-31.733,-28.2,4327,South Atlantic,20,symbiont-bearing,non-spinose,0
V24-240,,-31.733,-28.2,4327,South Atlantic,20,symbiont-bearing,spinose,0
V24-240,,-31.733,-28.2,4327,South Atlantic,20,symbiont-facultative,non-spinose,0.147058823529412
V24-240,,-31.733,-28.2,4327,South Atlantic,20,symbiont-facultative,spinose,0
V24-240,,-31.733,-28.2,4327,South Atlantic,20,symbiont-obligate,spinose,0.219251336898396
V24-240,,-31.733,-28.2,4327,South Atlantic,20,undetermined,non-spinose,0
V25-042,,12.55,-50.65,4707,North Atlantic,60,symbiont-barren,non-spinose,0.0677966101694915
V25-042,,12.55,-50.65,4707,North Atlantic,60,symbiont-barren,spinose,0.0127118644067797
V25-042,,12.55,-50.65,4707,North Atlantic,60,symbiont-bearing,non-spinose,0
V25-042,,12.55,-50.65,4707,North Atlantic,60,symbiont-bearing,spinose,0
V25-042,,12.55,-50.65,4707,North Atlantic,60,symbiont-facultative,non-spinose,0.608050847457627
V25-042,,12.55,-50.65,4707,North Atlantic,60,symbiont-facultative,spinose,0
V25-042,,12.55,-50.65,4707,North Atlantic,60,symbiont-obligate,spinose,0.305084745762712
V25-042,,12.55,-50.65,4707,North Atlantic,60,undetermined,non-spinose,0
V25-044,,11.501,-45.151,4049,North Atlantic,30,symbiont-barren,non-spinose,0.0544871794871795
V25-044,,11.501,-45.151,4049,North Atlantic,30,symbiont-barren,spinose,0.0256410256410256
V25-044,,11.501,-45.151,4049,North Atlantic,30,symbiont-bearing,non-spinose,0
V25-044,,11.501,-45.151,4049,North Atlantic,30,symbiont-bearing,spinose,0.0416666666666667
V25-044,,11.501,-45.151,4049,North Atlantic,30,symbiont-facultative,non-spinose,0.243589743589744
V25-044,,11.501,-45.151,4049,North Atlantic,30,symbiont-facultative,spinose,0
V25-044,,11.501,-45.151,4049,North Atlantic,30,symbiont-obligate,spinose,0.634615384615385
V25-044,,11.501,-45.151,4049,North Atlantic,30,undetermined,non-spinose,0
V25-060,,3.283,-34.833,3749,North Atlantic,40,symbiont-barren,non-spinose,0.114285714285714
V25-060,,3.283,-34.833,3749,North Atlantic,40,symbiont-barren,spinose,0.0158730158730159
V25-060,,3.283,-34.833,3749,North Atlantic,40,symbiont-bearing,non-spinose,0
V25-060,,3.283,-34.833,3749,North Atlantic,40,symbiont-bearing,spinose,0.0285714285714286
V25-060,,3.283,-34.833,3749,North Atlantic,40,symbiont-facultative,non-spinose,0.2
V25-060,,3.283,-34.833,3749,North Atlantic,40,symbiont-facultative,spinose,0
V25-060,,3.283,-34.833,3749,North Atlantic,40,symbiont-obligate,spinose,0.628571428571429
V25-060,,3.283,-34.833,3749,North Atlantic,40,undetermined,non-spinose,0
V25-060,,3.283,-34.833,3749,North Atlantic,47.5,symbiont-barren,non-spinose,0.134897360703812
V25-060,,3.283,-34.833,3749,North Atlantic,47.5,symbiont-barren,spinose,0.0205278592375367
V25-060,,3.283,-34.833,3749,North Atlantic,47.5,symbiont-bearing,non-spinose,0
V25-060,,3.283,-34.833,3749,North Atlantic,47.5,symbiont-bearing,spinose,0.0117302052785924
V25-060,,3.283,-34.833,3749,North Atlantic,47.5,symbiont-facultative,non-spinose,0.231671554252199
V25-060,,3.283,-34.833,3749,North Atlantic,47.5,symbiont-facultative,spinose,0
V25-060,,3.283,-34.833,3749,North Atlantic,47.5,symbiont-obligate,spinose,0.601173020527859
V25-060,,3.283,-34.833,3749,North Atlantic,47.5,undetermined,non-spinose,0
V25-075,,8.583,-53.167,2743,North Atlantic,120,symbiont-barren,non-spinose,0.0566448801742919
V25-075,,8.583,-53.167,2743,North Atlantic,120,symbiont-barren,spinose,0.0697167755991285
V25-075,,8.583,-53.167,2743,North Atlantic,120,symbiont-bearing,non-spinose,0
V25-075,,8.583,-53.167,2743,North Atlantic,120,symbiont-bearing,spinose,0.0065359477124183
V25-075,,8.583,-53.167,2743,North Atlantic,120,symbiont-facultative,non-spinose,0.111111111111111
V25-075,,8.583,-53.167,2743,North Atlantic,120,symbiont-facultative,spinose,0
V25-075,,8.583,-53.167,2743,North Atlantic,120,symbiont-obligate,spinose,0.751633986928105
V25-075,,8.583,-53.167,2743,North Atlantic,120,undetermined,non-spinose,0
V25-56,,-3.55,-35.23,3512,South Atlantic,0.5,symbiont-barren,non-spinose,0.218
V25-56,,-3.55,-35.23,3512,South Atlantic,0.5,symbiont-barren,spinose,0.039
V25-56,,-3.55,-35.23,3512,South Atlantic,0.5,symbiont-bearing,non-spinose,0
V25-56,,-3.55,-35.23,3512,South Atlantic,0.5,symbiont-bearing,spinose,0
V25-56,,-3.55,-35.23,3512,South Atlantic,0.5,symbiont-facultative,non-spinose,0.297
V25-56,,-3.55,-35.23,3512,South Atlantic,0.5,symbiont-facultative,spinose,0
V25-56,,-3.55,-35.23,3512,South Atlantic,0.5,symbiont-obligate,spinose,0.442
V25-56,,-3.55,-35.23,3512,South Atlantic,0.5,undetermined,non-spinose,0
V25-56,,-3.55,-35.23,3512,South Atlantic,0.52,symbiont-barren,non-spinose,0.171
V25-56,,-3.55,-35.23,3512,South Atlantic,0.52,symbiont-barren,spinose,0.043
V25-56,,-3.55,-35.23,3512,South Atlantic,0.52,symbiont-bearing,non-spinose,0
V25-56,,-3.55,-35.23,3512,South Atlantic,0.52,symbiont-bearing,spinose,0.003
V25-56,,-3.55,-35.23,3512,South Atlantic,0.52,symbiont-facultative,non-spinose,0.298
V25-56,,-3.55,-35.23,3512,South Atlantic,0.52,symbiont-facultative,spinose,0
V25-56,,-3.55,-35.23,3512,South Atlantic,0.52,symbiont-obligate,spinose,0.486
V25-56,,-3.55,-35.23,3512,South Atlantic,0.52,undetermined,non-spinose,0
V25-56,,-3.55,-35.23,3512,South Atlantic,0.55,symbiont-barren,non-spinose,0.157
V25-56,,-3.55,-35.23,3512,South Atlantic,0.55,symbiont-barren,spinose,0.028
V25-56,,-3.55,-35.23,3512,South Atlantic,0.55,symbiont-bearing,non-spinose,0
V25-56,,-3.55,-35.23,3512,South Atlantic,0.55,symbiont-bearing,spinose,0.009
V25-56,,-3.55,-35.23,3512,South Atlantic,0.55,symbiont-facultative,non-spinose,0.345
V25-56,,-3.55,-35.23,3512,South Atlantic,0.55,symbiont-facultative,spinose,0
V25-56,,-3.55,-35.23,3512,South Atlantic,0.55,symbiont-obligate,spinose,0.459
V25-56,,-3.55,-35.23,3512,South Atlantic,0.55,undetermined,non-spinose,0
V25-56,,-3.55,-35.23,3512,South Atlantic,0.57,symbiont-barren,non-spinose,0.143
V25-56,,-3.55,-35.23,3512,South Atlantic,0.57,symbiont-barren,spinose,0.036
V25-56,,-3.55,-35.23,3512,South Atlantic,0.57,symbiont-bearing,non-spinose,0
V25-56,,-3.55,-35.23,3512,South Atlantic,0.57,symbiont-bearing,spinose,0.01
V25-56,,-3.55,-35.23,3512,South Atlantic,0.57,symbiont-facultative,non-spinose,0.342
V25-56,,-3.55,-35.23,3512,South Atlantic,0.57,symbiont-facultative,spinose,0
V25-56,,-3.55,-35.23,3512,South Atlantic,0.57,symbiont-obligate,spinose,0.468
V25-56,,-3.55,-35.23,3512,South Atlantic,0.57,undetermined,non-spinose,0
V25-56,,-3.55,-35.23,3512,South Atlantic,0.6,symbiont-barren,non-spinose,0.161
V25-56,,-3.55,-35.23,3512,South Atlantic,0.6,symbiont-barren,spinose,0.009
V25-56,,-3.55,-35.23,3512,South Atlantic,0.6,symbiont-bearing,non-spinose,0
V25-56,,-3.55,-35.23,3512,South Atlantic,0.6,symbiont-bearing,spinose,0.015
V25-56,,-3.55,-35.23,3512,South Atlantic,0.6,symbiont-facultative,non-spinose,0.325
V25-56,,-3.55,-35.23,3512,South Atlantic,0.6,symbiont-facultative,spinose,0
V25-56,,-3.55,-35.23,3512,South Atlantic,0.6,symbiont-obligate,spinose,0.484
V25-56,,-3.55,-35.23,3512,South Atlantic,0.6,undetermined,non-spinose,0
V25-56,,-3.55,-35.23,3512,South Atlantic,0.62,symbiont-barren,non-spinose,0.183
V25-56,,-3.55,-35.23,3512,South Atlantic,0.62,symbiont-barren,spinose,0.043
V25-56,,-3.55,-35.23,3512,South Atlantic,0.62,symbiont-bearing,non-spinose,0
V25-56,,-3.55,-35.23,3512,South Atlantic,0.62,symbiont-bearing,spinose,0.01
V25-56,,-3.55,-35.23,3512,South Atlantic,0.62,symbiont-facultative,non-spinose,0.316
V25-56,,-3.55,-35.23,3512,South Atlantic,0.62,symbiont-facultative,spinose,0
V25-56,,-3.55,-35.23,3512,South Atlantic,0.62,symbiont-obligate,spinose,0.449
V25-56,,-3.55,-35.23,3512,South Atlantic,0.62,undetermined,non-spinose,0
V25-56,,-3.55,-35.23,3512,South Atlantic,0.65,symbiont-barren,non-spinose,0.312
V25-56,,-3.55,-35.23,3512,South Atlantic,0.65,symbiont-barren,spinose,0.017
V25-56,,-3.55,-35.23,3512,South Atlantic,0.65,symbiont-bearing,non-spinose,0
V25-56,,-3.55,-35.23,3512,South Atlantic,0.65,symbiont-bearing,spinose,0.006
V25-56,,-3.55,-35.23,3512,South Atlantic,0.65,symbiont-facultative,non-spinose,0.527
V25-56,,-3.55,-35.23,3512,South Atlantic,0.65,symbiont-facultative,spinose,0
V25-56,,-3.55,-35.23,3512,South Atlantic,0.65,symbiont-obligate,spinose,0.125
V25-56,,-3.55,-35.23,3512,South Atlantic,0.65,undetermined,non-spinose,0
V25-56,,-3.55,-35.23,3512,South Atlantic,0.7,symbiont-barren,non-spinose,0.411
V25-56,,-3.55,-35.23,3512,South Atlantic,0.7,symbiont-barren,spinose,0.011
V25-56,,-3.55,-35.23,3512,South Atlantic,0.7,symbiont-bearing,non-spinose,0
V25-56,,-3.55,-35.23,3512,South Atlantic,0.7,symbiont-bearing,spinose,0.032
V25-56,,-3.55,-35.23,3512,South Atlantic,0.7,symbiont-facultative,non-spinose,0.737
V25-56,,-3.55,-35.23,3512,South Atlantic,0.7,symbiont-facultative,spinose,0.002
V25-56,,-3.55,-35.23,3512,South Atlantic,0.7,symbiont-obligate,spinose,0.789
V25-56,,-3.55,-35.23,3512,South Atlantic,0.7,undetermined,non-spinose,0
V25-56,,-3.55,-35.23,3512,South Atlantic,0.76,symbiont-barren,non-spinose,0.33
V25-56,,-3.55,-35.23,3512,South Atlantic,0.76,symbiont-barren,spinose,0.021
V25-56,,-3.55,-35.23,3512,South Atlantic,0.76,symbiont-bearing,non-spinose,0
V25-56,,-3.55,-35.23,3512,South Atlantic,0.76,symbiont-bearing,spinose,0.005
V25-56,,-3.55,-35.23,3512,South Atlantic,0.76,symbiont-facultative,non-spinose,0.51
V25-56,,-3.55,-35.23,3512,South Atlantic,0.76,symbiont-facultative,spinose,0
V25-56,,-3.55,-35.23,3512,South Atlantic,0.76,symbiont-obligate,spinose,0.092
V25-56,,-3.55,-35.23,3512,South Atlantic,0.76,undetermined,non-spinose,0
V25-56,,-3.55,-35.23,3512,South Atlantic,0.8,symbiont-barren,non-spinose,0.405
V25-56,,-3.55,-35.23,3512,South Atlantic,0.8,symbiont-barren,spinose,0.025
V25-56,,-3.55,-35.23,3512,South Atlantic,0.8,symbiont-bearing,non-spinose,0
V25-56,,-3.55,-35.23,3512,South Atlantic,0.8,symbiont-bearing,spinose,0.134
V25-56,,-3.55,-35.23,3512,South Atlantic,0.8,symbiont-facultative,non-spinose,0.868
V25-56,,-3.55,-35.23,3512,South Atlantic,0.8,symbiont-facultative,spinose,0.01
V25-56,,-3.55,-35.23,3512,South Atlantic,0.8,symbiont-obligate,spinose,0.535
V25-56,,-3.55,-35.23,3512,South Atlantic,0.8,undetermined,non-spinose,0
V25-56,,-3.55,-35.23,3512,South Atlantic,0.85,symbiont-barren,non-spinose,0.34
V25-56,,-3.55,-35.23,3512,South Atlantic,0.85,symbiont-barren,spinose,0.017
V25-56,,-3.55,-35.23,3512,South Atlantic,0.85,symbiont-bearing,non-spinose,0
V25-56,,-3.55,-35.23,3512,South Atlantic,0.85,symbiont-bearing,spinose,0.008
V25-56,,-3.55,-35.23,3512,South Atlantic,0.85,symbiont-facultative,non-spinose,0.479
V25-56,,-3.55,-35.23,3512,South Atlantic,0.85,symbiont-facultative,spinose,0.002
V25-56,,-3.55,-35.23,3512,South Atlantic,0.85,symbiont-obligate,spinose,0.098
V25-56,,-3.55,-35.23,3512,South Atlantic,0.85,undetermined,non-spinose,0
V25-59,,1.367,-33.48,3824,North Atlantic,0.5,symbiont-barren,non-spinose,0.218
V25-59,,1.367,-33.48,3824,North Atlantic,0.5,symbiont-barren,spinose,0.039
V25-59,,1.367,-33.48,3824,North Atlantic,0.5,symbiont-bearing,non-spinose,0
V25-59,,1.367,-33.48,3824,North Atlantic,0.5,symbiont-bearing,spinose,0
V25-59,,1.367,-33.48,3824,North Atlantic,0.5,symbiont-facultative,non-spinose,0.297
V25-59,,1.367,-33.48,3824,North Atlantic,0.5,symbiont-facultative,spinose,0
V25-59,,1.367,-33.48,3824,North Atlantic,0.5,symbiont-obligate,spinose,0.442
V25-59,,1.367,-33.48,3824,North Atlantic,0.5,undetermined,non-spinose,0
V25-59,,1.367,-33.48,3824,North Atlantic,0.52,symbiont-barren,non-spinose,0.171
V25-59,,1.367,-33.48,3824,North Atlantic,0.52,symbiont-barren,spinose,0.043
V25-59,,1.367,-33.48,3824,North Atlantic,0.52,symbiont-bearing,non-spinose,0
V25-59,,1.367,-33.48,3824,North Atlantic,0.52,symbiont-bearing,spinose,0.003
V25-59,,1.367,-33.48,3824,North Atlantic,0.52,symbiont-facultative,non-spinose,0.298
V25-59,,1.367,-33.48,3824,North Atlantic,0.52,symbiont-facultative,spinose,0
V25-59,,1.367,-33.48,3824,North Atlantic,0.52,symbiont-obligate,spinose,0.486
V25-59,,1.367,-33.48,3824,North Atlantic,0.52,undetermined,non-spinose,0
V25-59,,1.367,-33.48,3824,North Atlantic,0.55,symbiont-barren,non-spinose,0.157
V25-59,,1.367,-33.48,3824,North Atlantic,0.55,symbiont-barren,spinose,0.028
V25-59,,1.367,-33.48,3824,North Atlantic,0.55,symbiont-bearing,non-spinose,0
V25-59,,1.367,-33.48,3824,North Atlantic,0.55,symbiont-bearing,spinose,0.009
V25-59,,1.367,-33.48,3824,North Atlantic,0.55,symbiont-facultative,non-spinose,0.345
V25-59,,1.367,-33.48,3824,North Atlantic,0.55,symbiont-facultative,spinose,0
V25-59,,1.367,-33.48,3824,North Atlantic,0.55,symbiont-obligate,spinose,0.459
V25-59,,1.367,-33.48,3824,North Atlantic,0.55,undetermined,non-spinose,0
V25-59,,1.367,-33.48,3824,North Atlantic,0.57,symbiont-barren,non-spinose,0.143
V25-59,,1.367,-33.48,3824,North Atlantic,0.57,symbiont-barren,spinose,0.036
V25-59,,1.367,-33.48,3824,North Atlantic,0.57,symbiont-bearing,non-spinose,0
V25-59,,1.367,-33.48,3824,North Atlantic,0.57,symbiont-bearing,spinose,0.01
V25-59,,1.367,-33.48,3824,North Atlantic,0.57,symbiont-facultative,non-spinose,0.342
V25-59,,1.367,-33.48,3824,North Atlantic,0.57,symbiont-facultative,spinose,0
V25-59,,1.367,-33.48,3824,North Atlantic,0.57,symbiont-obligate,spinose,0.468
V25-59,,1.367,-33.48,3824,North Atlantic,0.57,undetermined,non-spinose,0
V25-59,,1.367,-33.48,3824,North Atlantic,0.6,symbiont-barren,non-spinose,0.161
V25-59,,1.367,-33.48,3824,North Atlantic,0.6,symbiont-barren,spinose,0.009
V25-59,,1.367,-33.48,3824,North Atlantic,0.6,symbiont-bearing,non-spinose,0
V25-59,,1.367,-33.48,3824,North Atlantic,0.6,symbiont-bearing,spinose,0.015
V25-59,,1.367,-33.48,3824,North Atlantic,0.6,symbiont-facultative,non-spinose,0.325
V25-59,,1.367,-33.48,3824,North Atlantic,0.6,symbiont-facultative,spinose,0
V25-59,,1.367,-33.48,3824,North Atlantic,0.6,symbiont-obligate,spinose,0.484
V25-59,,1.367,-33.48,3824,North Atlantic,0.6,undetermined,non-spinose,0
V25-59,,1.367,-33.48,3824,North Atlantic,0.62,symbiont-barren,non-spinose,0.183
V25-59,,1.367,-33.48,3824,North Atlantic,0.62,symbiont-barren,spinose,0.043
V25-59,,1.367,-33.48,3824,North Atlantic,0.62,symbiont-bearing,non-spinose,0
V25-59,,1.367,-33.48,3824,North Atlantic,0.62,symbiont-bearing,spinose,0.01
V25-59,,1.367,-33.48,3824,North Atlantic,0.62,symbiont-facultative,non-spinose,0.316
V25-59,,1.367,-33.48,3824,North Atlantic,0.62,symbiont-facultative,spinose,0
V25-59,,1.367,-33.48,3824,North Atlantic,0.62,symbiont-obligate,spinose,0.449
V25-59,,1.367,-33.48,3824,North Atlantic,0.62,undetermined,non-spinose,0
V26-041,,19.319,-26.102,4341,North Atlantic,42,symbiont-barren,non-spinose,0.294685990338164
V26-041,,19.319,-26.102,4341,North Atlantic,42,symbiont-barren,spinose,0.0555555555555556
V26-041,,19.319,-26.102,4341,North Atlantic,42,symbiont-bearing,non-spinose,0
V26-041,,19.319,-26.102,4341,North Atlantic,42,symbiont-bearing,spinose,0.0241545893719807
V26-041,,19.319,-26.102,4341,North Atlantic,42,symbiont-facultative,non-spinose,0.214975845410628
V26-041,,19.319,-26.102,4341,North Atlantic,42,symbiont-facultative,spinose,0
V26-041,,19.319,-26.102,4341,North Atlantic,42,symbiont-obligate,spinose,0.408212560386473
V26-041,,19.319,-26.102,4341,North Atlantic,42,undetermined,non-spinose,0.00241545893719807
V26-041,,19.319,-26.102,4341,North Atlantic,43,symbiont-barren,non-spinose,0.30188679245283
V26-041,,19.319,-26.102,4341,North Atlantic,43,symbiont-barren,spinose,0.0534591194968554
V26-041,,19.319,-26.102,4341,North Atlantic,43,symbiont-bearing,non-spinose,0
V26-041,,19.319,-26.102,4341,North Atlantic,43,symbiont-bearing,spinose,0.00628930817610063
V26-041,,19.319,-26.102,4341,North Atlantic,43,symbiont-facultative,non-spinose,0.238993710691824
V26-041,,19.319,-26.102,4341,North Atlantic,43,symbiont-facultative,spinose,0
V26-041,,19.319,-26.102,4341,North Atlantic,43,symbiont-obligate,spinose,0.393081761006289
V26-041,,19.319,-26.102,4341,North Atlantic,43,undetermined,non-spinose,0
V26-046,,9.552,-18.169,2898,North Atlantic,45,symbiont-barren,non-spinose,0.461615191369883
V26-046,,9.552,-18.169,2898,North Atlantic,45,symbiont-barren,spinose,0.0669794591399439
V26-046,,9.552,-18.169,2898,North Atlantic,45,symbiont-bearing,non-spinose,0
V26-046,,9.552,-18.169,2898,North Atlantic,45,symbiont-bearing,spinose,0.0322521058075957
V26-046,,9.552,-18.169,2898,North Atlantic,45,symbiont-facultative,non-spinose,0.661223585045072
V26-046,,9.552,-18.169,2898,North Atlantic,45,symbiont-facultative,spinose,0
V26-046,,9.552,-18.169,2898,North Atlantic,45,symbiont-obligate,spinose,0.741909265553421
V26-046,,9.552,-18.169,2898,North Atlantic,45,undetermined,non-spinose,0
V26-053,,0.3,-14.8,4323,North Atlantic,50,symbiont-barren,non-spinose,0.154185022026432
V26-053,,0.3,-14.8,4323,North Atlantic,50,symbiont-barren,spinose,0.00881057268722467
V26-053,,0.3,-14.8,4323,North Atlantic,50,symbiont-bearing,non-spinose,0
V26-053,,0.3,-14.8,4323,North Atlantic,50,symbiont-bearing,spinose,0
V26-053,,0.3,-14.8,4323,North Atlantic,50,symbiont-facultative,non-spinose,0.748898678414097
V26-053,,0.3,-14.8,4323,North Atlantic,50,symbiont-facultative,spinose,0
V26-053,,0.3,-14.8,4323,North Atlantic,50,symbiont-obligate,spinose,0.0859030837004405
V26-053,,0.3,-14.8,4323,North Atlantic,50,undetermined,non-spinose,0
V26-063,,-23.952,-37.951,3619,South Atlantic,30,symbiont-barren,non-spinose,0.053921568627451
V26-063,,-23.952,-37.951,3619,South Atlantic,30,symbiont-barren,spinose,0.0318627450980392
V26-063,,-23.952,-37.951,3619,South Atlantic,30,symbiont-bearing,non-spinose,0
V26-063,,-23.952,-37.951,3619,South Atlantic,30,symbiont-bearing,spinose,0.0367647058823529
V26-063,,-23.952,-37.951,3619,South Atlantic,30,symbiont-facultative,non-spinose,0.259803921568627
V26-063,,-23.952,-37.951,3619,South Atlantic,30,symbiont-facultative,spinose,0
V26-063,,-23.952,-37.951,3619,South Atlantic,30,symbiont-obligate,spinose,0.605392156862745
V26-063,,-23.952,-37.951,3619,South Atlantic,30,undetermined,non-spinose,0
V26-082,,-27.751,-40.385,3878,South Atlantic,20,symbiont-barren,non-spinose,0.11219512195122
V26-082,,-27.751,-40.385,3878,South Atlantic,20,symbiont-barren,spinose,0.0268292682926829
V26-082,,-27.751,-40.385,3878,South Atlantic,20,symbiont-bearing,non-spinose,0
V26-082,,-27.751,-40.385,3878,South Atlantic,20,symbiont-bearing,spinose,0.0414634146341463
V26-082,,-27.751,-40.385,3878,South Atlantic,20,symbiont-facultative,non-spinose,0.231707317073171
V26-082,,-27.751,-40.385,3878,South Atlantic,20,symbiont-facultative,spinose,0
V26-082,,-27.751,-40.385,3878,South Atlantic,20,symbiont-obligate,spinose,0.563414634146342
V26-082,,-27.751,-40.385,3878,South Atlantic,20,undetermined,non-spinose,0
V26-104,,-0.083,-41.783,3864,South Atlantic,150,symbiont-barren,non-spinose,0.109195402298851
V26-104,,-0.083,-41.783,3864,South Atlantic,150,symbiont-barren,spinose,0.00383141762452107
V26-104,,-0.083,-41.783,3864,South Atlantic,150,symbiont-bearing,non-spinose,0
V26-104,,-0.083,-41.783,3864,South Atlantic,150,symbiont-bearing,spinose,0.0268199233716475
V26-104,,-0.083,-41.783,3864,South Atlantic,150,symbiont-facultative,non-spinose,0.283524904214559
V26-104,,-0.083,-41.783,3864,South Atlantic,150,symbiont-facultative,spinose,0.00574712643678161
V26-104,,-0.083,-41.783,3864,South Atlantic,150,symbiont-obligate,spinose,0.57088122605364
V26-104,,-0.083,-41.783,3864,South Atlantic,150,undetermined,non-spinose,0
V26-104,,-0.083,-41.783,3864,South Atlantic,155,symbiont-barren,non-spinose,0.100609756097561
V26-104,,-0.083,-41.783,3864,South Atlantic,155,symbiont-barren,spinose,0
V26-104,,-0.083,-41.783,3864,South Atlantic,155,symbiont-bearing,non-spinose,0
V26-104,,-0.083,-41.783,3864,South Atlantic,155,symbiont-bearing,spinose,0.00914634146341463
V26-104,,-0.083,-41.783,3864,South Atlantic,155,symbiont-facultative,non-spinose,0.228658536585366
V26-104,,-0.083,-41.783,3864,South Atlantic,155,symbiont-facultative,spinose,0.00609756097560976
V26-104,,-0.083,-41.783,3864,South Atlantic,155,symbiont-obligate,spinose,0.652439024390244
V26-104,,-0.083,-41.783,3864,South Atlantic,155,undetermined,non-spinose,0
V26-107,,4.683,-46.867,3224,North Atlantic,100,symbiont-barren,non-spinose,0.111111111111111
V26-107,,4.683,-46.867,3224,North Atlantic,100,symbiont-barren,spinose,0.00493827160493827
V26-107,,4.683,-46.867,3224,North Atlantic,100,symbiont-bearing,non-spinose,0
V26-107,,4.683,-46.867,3224,North Atlantic,100,symbiont-bearing,spinose,0.054320987654321
V26-107,,4.683,-46.867,3224,North Atlantic,100,symbiont-facultative,non-spinose,0.266666666666667
V26-107,,4.683,-46.867,3224,North Atlantic,100,symbiont-facultative,spinose,0
V26-107,,4.683,-46.867,3224,North Atlantic,100,symbiont-obligate,spinose,0.562962962962963
V26-107,,4.683,-46.867,3224,North Atlantic,100,undetermined,non-spinose,0
V26-124,,16.133,-74.45,3005,North Atlantic,0.64,symbiont-barren,non-spinose,0.04
V26-124,,16.133,-74.45,3005,North Atlantic,0.64,symbiont-barren,spinose,0.045
V26-124,,16.133,-74.45,3005,North Atlantic,0.64,symbiont-bearing,non-spinose,0
V26-124,,16.133,-74.45,3005,North Atlantic,0.64,symbiont-bearing,spinose,0.016
V26-124,,16.133,-74.45,3005,North Atlantic,0.64,symbiont-facultative,non-spinose,0.224
V26-124,,16.133,-74.45,3005,North Atlantic,0.64,symbiont-facultative,spinose,0.004
V26-124,,16.133,-74.45,3005,North Atlantic,0.64,symbiont-obligate,spinose,0.657
V26-124,,16.133,-74.45,3005,North Atlantic,0.64,undetermined,non-spinose,0
V26-124,,16.133,-74.45,3005,North Atlantic,0.71,symbiont-barren,non-spinose,0.037
V26-124,,16.133,-74.45,3005,North Atlantic,0.71,symbiont-barren,spinose,0.049
V26-124,,16.133,-74.45,3005,North Atlantic,0.71,symbiont-bearing,non-spinose,0
V26-124,,16.133,-74.45,3005,North Atlantic,0.71,symbiont-bearing,spinose,0.015
V26-124,,16.133,-74.45,3005,North Atlantic,0.71,symbiont-facultative,non-spinose,0.208
V26-124,,16.133,-74.45,3005,North Atlantic,0.71,symbiont-facultative,spinose,0
V26-124,,16.133,-74.45,3005,North Atlantic,0.71,symbiont-obligate,spinose,0.681
V26-124,,16.133,-74.45,3005,North Atlantic,0.71,undetermined,non-spinose,0
V26-124,,16.133,-74.45,3005,North Atlantic,0.74,symbiont-barren,non-spinose,0.042
V26-124,,16.133,-74.45,3005,North Atlantic,0.74,symbiont-barren,spinose,0.033
V26-124,,16.133,-74.45,3005,North Atlantic,0.74,symbiont-bearing,non-spinose,0
V26-124,,16.133,-74.45,3005,North Atlantic,0.74,symbiont-bearing,spinose,0.034
V26-124,,16.133,-74.45,3005,North Atlantic,0.74,symbiont-facultative,non-spinose,0.214
V26-124,,16.133,-74.45,3005,North Atlantic,0.74,symbiont-facultative,spinose,0.001
V26-124,,16.133,-74.45,3005,North Atlantic,0.74,symbiont-obligate,spinose,0.667
V26-124,,16.133,-74.45,3005,North Atlantic,0.74,undetermined,non-spinose,0
V27-017,,50.085,-37.3,2165,North Atlantic,35,symbiont-barren,non-spinose,0.996996996996997
V27-017,,50.085,-37.3,2165,North Atlantic,35,symbiont-barren,spinose,0
V27-017,,50.085,-37.3,2165,North Atlantic,35,symbiont-bearing,non-spinose,0
V27-017,,50.085,-37.3,2165,North Atlantic,35,symbiont-bearing,spinose,0
V27-017,,50.085,-37.3,2165,North Atlantic,35,symbiont-facultative,non-spinose,0.003003003003003
V27-017,,50.085,-37.3,2165,North Atlantic,35,symbiont-facultative,spinose,0
V27-017,,50.085,-37.3,2165,North Atlantic,35,symbiont-obligate,spinose,0
V27-017,,50.085,-37.3,2165,North Atlantic,35,undetermined,non-spinose,0
V27-019,,52.085,-38.8,3466,North Atlantic,35,symbiont-barren,non-spinose,0.922360248447205
V27-019,,52.085,-38.8,3466,North Atlantic,35,symbiont-barren,spinose,0.0496894409937888
V27-019,,52.085,-38.8,3466,North Atlantic,35,symbiont-bearing,non-spinose,0
V27-019,,52.085,-38.8,3466,North Atlantic,35,symbiont-bearing,spinose,0
V27-019,,52.085,-38.8,3466,North Atlantic,35,symbiont-facultative,non-spinose,0.0279503105590062
V27-019,,52.085,-38.8,3466,North Atlantic,35,symbiont-facultative,spinose,0
V27-019,,52.085,-38.8,3466,North Atlantic,35,symbiont-obligate,spinose,0
V27-019,,52.085,-38.8,3466,North Atlantic,35,undetermined,non-spinose,0
V27-020,,54,-46.2,3510,North Atlantic,80,symbiont-barren,non-spinose,0.87603305785124
V27-020,,54,-46.2,3510,North Atlantic,80,symbiont-barren,spinose,0.0716253443526171
V27-020,,54,-46.2,3510,North Atlantic,80,symbiont-bearing,non-spinose,0
V27-020,,54,-46.2,3510,North Atlantic,80,symbiont-bearing,spinose,0
V27-020,,54,-46.2,3510,North Atlantic,80,symbiont-facultative,non-spinose,0.0523415977961433
V27-020,,54,-46.2,3510,North Atlantic,80,symbiont-facultative,spinose,0
V27-020,,54,-46.2,3510,North Atlantic,80,symbiont-obligate,spinose,0
V27-020,,54,-46.2,3510,North Atlantic,80,undetermined,non-spinose,0
V27-110,,56.885,-18.485,1264,North Atlantic,47,symbiont-barren,non-spinose,0.883495145631068
V27-110,,56.885,-18.485,1264,North Atlantic,47,symbiont-barren,spinose,0.0752427184466019
V27-110,,56.885,-18.485,1264,North Atlantic,47,symbiont-bearing,non-spinose,0
V27-110,,56.885,-18.485,1264,North Atlantic,47,symbiont-bearing,spinose,0
V27-110,,56.885,-18.485,1264,North Atlantic,47,symbiont-facultative,non-spinose,0.0412621359223301
V27-110,,56.885,-18.485,1264,North Atlantic,47,symbiont-facultative,spinose,0
V27-110,,56.885,-18.485,1264,North Atlantic,47,symbiont-obligate,spinose,0
V27-110,,56.885,-18.485,1264,North Atlantic,47,undetermined,non-spinose,0
V27-116,,52.834,-30.334,3202,North Atlantic,60,symbiont-barren,non-spinose,0.935828877005348
V27-116,,52.834,-30.334,3202,North Atlantic,60,symbiont-barren,spinose,0.0454545454545455
V27-116,,52.834,-30.334,3202,North Atlantic,60,symbiont-bearing,non-spinose,0
V27-116,,52.834,-30.334,3202,North Atlantic,60,symbiont-bearing,spinose,0
V27-116,,52.834,-30.334,3202,North Atlantic,60,symbiont-facultative,non-spinose,0.018716577540107
V27-116,,52.834,-30.334,3202,North Atlantic,60,symbiont-facultative,spinose,0
V27-116,,52.834,-30.334,3202,North Atlantic,60,symbiont-obligate,spinose,0
V27-116,,52.834,-30.334,3202,North Atlantic,60,undetermined,non-spinose,0
V27-137,,42.685,-17.067,4883,North Atlantic,40,symbiont-barren,non-spinose,0.772151898734177
V27-137,,42.685,-17.067,4883,North Atlantic,40,symbiont-barren,spinose,0.108860759493671
V27-137,,42.685,-17.067,4883,North Atlantic,40,symbiont-bearing,non-spinose,0
V27-137,,42.685,-17.067,4883,North Atlantic,40,symbiont-bearing,spinose,0
V27-137,,42.685,-17.067,4883,North Atlantic,40,symbiont-facultative,non-spinose,0.0860759493670886
V27-137,,42.685,-17.067,4883,North Atlantic,40,symbiont-facultative,spinose,0
V27-137,,42.685,-17.067,4883,North Atlantic,40,symbiont-obligate,spinose,0.0177215189873418
V27-137,,42.685,-17.067,4883,North Atlantic,40,undetermined,non-spinose,0
V27-175,,8.801,-22.103,4548,North Atlantic,50,symbiont-barren,non-spinose,0.173202614379085
V27-175,,8.801,-22.103,4548,North Atlantic,50,symbiont-barren,spinose,0
V27-175,,8.801,-22.103,4548,North Atlantic,50,symbiont-bearing,non-spinose,0
V27-175,,8.801,-22.103,4548,North Atlantic,50,symbiont-bearing,spinose,0
V27-175,,8.801,-22.103,4548,North Atlantic,50,symbiont-facultative,non-spinose,0.428104575163399
V27-175,,8.801,-22.103,4548,North Atlantic,50,symbiont-facultative,spinose,0
V27-175,,8.801,-22.103,4548,North Atlantic,50,symbiont-obligate,spinose,0.398692810457516
V27-175,,8.801,-22.103,4548,North Atlantic,50,undetermined,non-spinose,0
V27-178,,5.1,-26.65,4327,North Atlantic,55,symbiont-barren,non-spinose,0.106976744186047
V27-178,,5.1,-26.65,4327,North Atlantic,55,symbiont-barren,spinose,0.0395348837209302
V27-178,,5.1,-26.65,4327,North Atlantic,55,symbiont-bearing,non-spinose,0
V27-178,,5.1,-26.65,4327,North Atlantic,55,symbiont-bearing,spinose,0.00232558139534884
V27-178,,5.1,-26.65,4327,North Atlantic,55,symbiont-facultative,non-spinose,0.255813953488372
V27-178,,5.1,-26.65,4327,North Atlantic,55,symbiont-facultative,spinose,0
V27-178,,5.1,-26.65,4327,North Atlantic,55,symbiont-obligate,spinose,0.588372093023256
V27-178,,5.1,-26.65,4327,North Atlantic,55,undetermined,non-spinose,0
V27-178,,5.1,-26.65,4327,North Atlantic,58,symbiont-barren,non-spinose,0.0917721518987342
V27-178,,5.1,-26.65,4327,North Atlantic,58,symbiont-barren,spinose,0.0221518987341772
V27-178,,5.1,-26.65,4327,North Atlantic,58,symbiont-bearing,non-spinose,0
V27-178,,5.1,-26.65,4327,North Atlantic,58,symbiont-bearing,spinose,0
V27-178,,5.1,-26.65,4327,North Atlantic,58,symbiont-facultative,non-spinose,0.193037974683544
V27-178,,5.1,-26.65,4327,North Atlantic,58,symbiont-facultative,spinose,0
V27-178,,5.1,-26.65,4327,North Atlantic,58,symbiont-obligate,spinose,0.689873417721519
V27-178,,5.1,-26.65,4327,North Atlantic,58,undetermined,non-spinose,0
V27-228,,-10.068,11.435,2392,South Atlantic,90,symbiont-barren,non-spinose,0.31457800511509
V27-228,,-10.068,11.435,2392,South Atlantic,90,symbiont-barren,spinose,0.0179028132992327
V27-228,,-10.068,11.435,2392,South Atlantic,90,symbiont-bearing,non-spinose,0
V27-228,,-10.068,11.435,2392,South Atlantic,90,symbiont-bearing,spinose,0.0051150895140665
V27-228,,-10.068,11.435,2392,South Atlantic,90,symbiont-facultative,non-spinose,0.153452685421995
V27-228,,-10.068,11.435,2392,South Atlantic,90,symbiont-facultative,spinose,0
V27-228,,-10.068,11.435,2392,South Atlantic,90,symbiont-obligate,spinose,0.460358056265985
V27-228,,-10.068,11.435,2392,South Atlantic,90,undetermined,non-spinose,0
V27-232,,-0.219,7.535,2615,South Atlantic,60,symbiont-barren,non-spinose,0.129230769230769
V27-232,,-0.219,7.535,2615,South Atlantic,60,symbiont-barren,spinose,0.0646153846153846
V27-232,,-0.219,7.535,2615,South Atlantic,60,symbiont-bearing,non-spinose,0
V27-232,,-0.219,7.535,2615,South Atlantic,60,symbiont-bearing,spinose,0.00307692307692308
V27-232,,-0.219,7.535,2615,South Atlantic,60,symbiont-facultative,non-spinose,0.209230769230769
V27-232,,-0.219,7.535,2615,South Atlantic,60,symbiont-facultative,spinose,0
V27-232,,-0.219,7.535,2615,South Atlantic,60,symbiont-obligate,spinose,0.553846153846154
V27-232,,-0.219,7.535,2615,South Atlantic,60,undetermined,non-spinose,0
V27-239,,-7.819,-1.502,4464,South Atlantic,20,symbiont-barren,non-spinose,0.243243243243243
V27-239,,-7.819,-1.502,4464,South Atlantic,20,symbiont-barren,spinose,0.0567567567567568
V27-239,,-7.819,-1.502,4464,South Atlantic,20,symbiont-bearing,non-spinose,0
V27-239,,-7.819,-1.502,4464,South Atlantic,20,symbiont-bearing,spinose,0.0027027027027027
V27-239,,-7.819,-1.502,4464,South Atlantic,20,symbiont-facultative,non-spinose,0.505405405405405
V27-239,,-7.819,-1.502,4464,South Atlantic,20,symbiont-facultative,spinose,0
V27-239,,-7.819,-1.502,4464,South Atlantic,20,symbiont-obligate,spinose,0.181081081081081
V27-239,,-7.819,-1.502,4464,South Atlantic,20,undetermined,non-spinose,0
V27-248,,3.05,-11.803,4543,North Atlantic,82,symbiont-barren,non-spinose,0.262295081967213
V27-248,,3.05,-11.803,4543,North Atlantic,82,symbiont-barren,spinose,0
V27-248,,3.05,-11.803,4543,North Atlantic,82,symbiont-bearing,non-spinose,0
V27-248,,3.05,-11.803,4543,North Atlantic,82,symbiont-bearing,spinose,0.0163934426229508
V27-248,,3.05,-11.803,4543,North Atlantic,82,symbiont-facultative,non-spinose,0.278688524590164
V27-248,,3.05,-11.803,4543,North Atlantic,82,symbiont-facultative,spinose,0
V27-248,,3.05,-11.803,4543,North Atlantic,82,symbiont-obligate,spinose,0.442622950819672
V27-248,,3.05,-11.803,4543,North Atlantic,82,undetermined,non-spinose,0
V27-263,,35.017,-40.917,3704,North Atlantic,20,symbiont-barren,non-spinose,0.254957507082153
V27-263,,35.017,-40.917,3704,North Atlantic,20,symbiont-barren,spinose,0.135977337110482
V27-263,,35.017,-40.917,3704,North Atlantic,20,symbiont-bearing,non-spinose,0
V27-263,,35.017,-40.917,3704,North Atlantic,20,symbiont-bearing,spinose,0.0028328611898017
V27-263,,35.017,-40.917,3704,North Atlantic,20,symbiont-facultative,non-spinose,0.305949008498584
V27-263,,35.017,-40.917,3704,North Atlantic,20,symbiont-facultative,spinose,0
V27-263,,35.017,-40.917,3704,North Atlantic,20,symbiont-obligate,spinose,0.28328611898017
V27-263,,35.017,-40.917,3704,North Atlantic,20,undetermined,non-spinose,0.0056657223796034
V27-60,,72.183,8.583,2525,North Atlantic,2,symbiont-barren,non-spinose,0.988
V27-60,,72.183,8.583,2525,North Atlantic,2,symbiont-barren,spinose,0.006
V27-60,,72.183,8.583,2525,North Atlantic,2,symbiont-bearing,non-spinose,0
V27-60,,72.183,8.583,2525,North Atlantic,2,symbiont-bearing,spinose,0
V27-60,,72.183,8.583,2525,North Atlantic,2,symbiont-facultative,non-spinose,0.006
V27-60,,72.183,8.583,2525,North Atlantic,2,symbiont-facultative,spinose,0
V27-60,,72.183,8.583,2525,North Atlantic,2,symbiont-obligate,spinose,0
V27-60,,72.183,8.583,2525,North Atlantic,2,undetermined,non-spinose,0
V27-86,,66.6,1.117,2900,North Atlantic,0.6,symbiont-barren,non-spinose,0.995
V27-86,,66.6,1.117,2900,North Atlantic,0.6,symbiont-barren,spinose,0.002
V27-86,,66.6,1.117,2900,North Atlantic,0.6,symbiont-bearing,non-spinose,0
V27-86,,66.6,1.117,2900,North Atlantic,0.6,symbiont-bearing,spinose,0
V27-86,,66.6,1.117,2900,North Atlantic,0.6,symbiont-facultative,non-spinose,0.003
V27-86,,66.6,1.117,2900,North Atlantic,0.6,symbiont-facultative,spinose,0
V27-86,,66.6,1.117,2900,North Atlantic,0.6,symbiont-obligate,spinose,0
V27-86,,66.6,1.117,2900,North Atlantic,0.6,undetermined,non-spinose,0
V27-86,,66.6,1.117,2900,North Atlantic,0.7,symbiont-barren,non-spinose,0.99
V27-86,,66.6,1.117,2900,North Atlantic,0.7,symbiont-barren,spinose,0.01
V27-86,,66.6,1.117,2900,North Atlantic,0.7,symbiont-bearing,non-spinose,0
V27-86,,66.6,1.117,2900,North Atlantic,0.7,symbiont-bearing,spinose,0
V27-86,,66.6,1.117,2900,North Atlantic,0.7,symbiont-facultative,non-spinose,0
V27-86,,66.6,1.117,2900,North Atlantic,0.7,symbiont-facultative,spinose,0
V27-86,,66.6,1.117,2900,North Atlantic,0.7,symbiont-obligate,spinose,0
V27-86,,66.6,1.117,2900,North Atlantic,0.7,undetermined,non-spinose,0
V28-089,,44.533,-32.583,3643,North Atlantic,72,symbiont-barren,non-spinose,0.835699797160243
V28-089,,44.533,-32.583,3643,North Atlantic,72,symbiont-barren,spinose,0.101419878296146
V28-089,,44.533,-32.583,3643,North Atlantic,72,symbiont-bearing,non-spinose,0
V28-089,,44.533,-32.583,3643,North Atlantic,72,symbiont-bearing,spinose,0
V28-089,,44.533,-32.583,3643,North Atlantic,72,symbiont-facultative,non-spinose,0.0425963488843813
V28-089,,44.533,-32.583,3643,North Atlantic,72,symbiont-facultative,spinose,0
V28-089,,44.533,-32.583,3643,North Atlantic,72,symbiont-obligate,spinose,0.0202839756592292
V28-089,,44.533,-32.583,3643,North Atlantic,72,undetermined,non-spinose,0
V28-119,,17.033,-76.6,1781,North Atlantic,80,symbiont-barren,non-spinose,0.0672043010752688
V28-119,,17.033,-76.6,1781,North Atlantic,80,symbiont-barren,spinose,0.00806451612903226
V28-119,,17.033,-76.6,1781,North Atlantic,80,symbiont-bearing,non-spinose,0
V28-119,,17.033,-76.6,1781,North Atlantic,80,symbiont-bearing,spinose,0.0456989247311828
V28-119,,17.033,-76.6,1781,North Atlantic,80,symbiont-facultative,non-spinose,0.18010752688172
V28-119,,17.033,-76.6,1781,North Atlantic,80,symbiont-facultative,spinose,0
V28-119,,17.033,-76.6,1781,North Atlantic,80,symbiont-obligate,spinose,0.696236559139785
V28-119,,17.033,-76.6,1781,North Atlantic,80,undetermined,non-spinose,0
V28-122,,11.933,-78.683,3623,North Atlantic,100,symbiont-barren,non-spinose,0.0474576271186441
V28-122,,11.933,-78.683,3623,North Atlantic,100,symbiont-barren,spinose,0.0135593220338983
V28-122,,11.933,-78.683,3623,North Atlantic,100,symbiont-bearing,non-spinose,0
V28-122,,11.933,-78.683,3623,North Atlantic,100,symbiont-bearing,spinose,0.0508474576271186
V28-122,,11.933,-78.683,3623,North Atlantic,100,symbiont-facultative,non-spinose,0.11864406779661
V28-122,,11.933,-78.683,3623,North Atlantic,100,symbiont-facultative,spinose,0
V28-122,,11.933,-78.683,3623,North Atlantic,100,symbiont-obligate,spinose,0.766101694915254
V28-122,,11.933,-78.683,3623,North Atlantic,100,undetermined,non-spinose,0
V28-127,,11.65,-80.13,3237,North Atlantic,0.6,symbiont-barren,non-spinose,0.089
V28-127,,11.65,-80.13,3237,North Atlantic,0.6,symbiont-barren,spinose,0.006
V28-127,,11.65,-80.13,3237,North Atlantic,0.6,symbiont-bearing,non-spinose,0
V28-127,,11.65,-80.13,3237,North Atlantic,0.6,symbiont-bearing,spinose,0.028
V28-127,,11.65,-80.13,3237,North Atlantic,0.6,symbiont-facultative,non-spinose,0.134
V28-127,,11.65,-80.13,3237,North Atlantic,0.6,symbiont-facultative,spinose,0
V28-127,,11.65,-80.13,3237,North Atlantic,0.6,symbiont-obligate,spinose,0.745
V28-127,,11.65,-80.13,3237,North Atlantic,0.6,undetermined,non-spinose,0
V28-129,,11.117,-80.4,3400,North Atlantic,80,symbiont-barren,non-spinose,0.0612903225806452
V28-129,,11.117,-80.4,3400,North Atlantic,80,symbiont-barren,spinose,0.0032258064516129
V28-129,,11.117,-80.4,3400,North Atlantic,80,symbiont-bearing,non-spinose,0
V28-129,,11.117,-80.4,3400,North Atlantic,80,symbiont-bearing,spinose,0.0483870967741936
V28-129,,11.117,-80.4,3400,North Atlantic,80,symbiont-facultative,non-spinose,0.196774193548387
V28-129,,11.117,-80.4,3400,North Atlantic,80,symbiont-facultative,spinose,0
V28-129,,11.117,-80.4,3400,North Atlantic,80,symbiont-obligate,spinose,0.680645161290323
V28-129,,11.117,-80.4,3400,North Atlantic,80,undetermined,non-spinose,0
V28-14,,64.783,-29.57,1855,North Atlantic,1.6,symbiont-barren,non-spinose,0.994
V28-14,,64.783,-29.57,1855,North Atlantic,1.6,symbiont-barren,spinose,0.006
V28-14,,64.783,-29.57,1855,North Atlantic,1.6,symbiont-bearing,non-spinose,0
V28-14,,64.783,-29.57,1855,North Atlantic,1.6,symbiont-bearing,spinose,0
V28-14,,64.783,-29.57,1855,North Atlantic,1.6,symbiont-facultative,non-spinose,0
V28-14,,64.783,-29.57,1855,North Atlantic,1.6,symbiont-facultative,spinose,0
V28-14,,64.783,-29.57,1855,North Atlantic,1.6,symbiont-obligate,spinose,0
V28-14,,64.783,-29.57,1855,North Atlantic,1.6,undetermined,non-spinose,0
V28-14,,64.783,-29.57,1855,North Atlantic,1.7,symbiont-barren,non-spinose,0.996
V28-14,,64.783,-29.57,1855,North Atlantic,1.7,symbiont-barren,spinose,0
V28-14,,64.783,-29.57,1855,North Atlantic,1.7,symbiont-bearing,non-spinose,0
V28-14,,64.783,-29.57,1855,North Atlantic,1.7,symbiont-bearing,spinose,0
V28-14,,64.783,-29.57,1855,North Atlantic,1.7,symbiont-facultative,non-spinose,0.003
V28-14,,64.783,-29.57,1855,North Atlantic,1.7,symbiont-facultative,spinose,0
V28-14,,64.783,-29.57,1855,North Atlantic,1.7,symbiont-obligate,spinose,0
V28-14,,64.783,-29.57,1855,North Atlantic,1.7,undetermined,non-spinose,0
V28-201,,2.767,-173.933,,Pacific,20,symbiont-barren,non-spinose,0.0037037037037037
V28-201,,2.767,-173.933,,Pacific,20,symbiont-barren,spinose,0.154320987654321
V28-201,,2.767,-173.933,,Pacific,20,symbiont-bearing,non-spinose,0
V28-201,,2.767,-173.933,,Pacific,20,symbiont-bearing,spinose,0.0777777777777778
V28-201,,2.767,-173.933,,Pacific,20,symbiont-facultative,non-spinose,0.367901234567901
V28-201,,2.767,-173.933,,Pacific,20,symbiont-facultative,spinose,0.00123456790123457
V28-201,,2.767,-173.933,,Pacific,20,symbiont-obligate,spinose,0.376543209876543
V28-201,,2.767,-173.933,,Pacific,20,undetermined,non-spinose,0.00987654320987654
V28-203,,0.95,-179.417,,Pacific,40,symbiont-barren,non-spinose,0.0380859375
V28-203,,0.95,-179.417,,Pacific,40,symbiont-barren,spinose,0.0927734375
V28-203,,0.95,-179.417,,Pacific,40,symbiont-bearing,non-spinose,0
V28-203,,0.95,-179.417,,Pacific,40,symbiont-bearing,spinose,0.0244140625
V28-203,,0.95,-179.417,,Pacific,40,symbiont-facultative,non-spinose,0.392578125
V28-203,,0.95,-179.417,,Pacific,40,symbiont-facultative,spinose,0
V28-203,,0.95,-179.417,,Pacific,40,symbiont-obligate,spinose,0.416015625
V28-203,,0.95,-179.417,,Pacific,40,undetermined,non-spinose,0.0224609375
V28-238,,1.016666667,160.4833333,3120,Pacific,0.39,symbiont-barren,non-spinose,0
V28-238,,1.016666667,160.4833333,3120,Pacific,0.39,symbiont-barren,spinose,0
V28-238,,1.016666667,160.4833333,3120,Pacific,0.39,symbiont-bearing,non-spinose,0
V28-238,,1.016666667,160.4833333,3120,Pacific,0.39,symbiont-bearing,spinose,0
V28-238,,1.016666667,160.4833333,3120,Pacific,0.39,symbiont-facultative,non-spinose,0
V28-238,,1.016666667,160.4833333,3120,Pacific,0.39,symbiont-facultative,spinose,0
V28-238,,1.016666667,160.4833333,3120,Pacific,0.39,symbiont-obligate,spinose,0
V28-238,,1.016666667,160.4833333,3120,Pacific,0.39,undetermined,non-spinose,0
V28-239,,3.25,159.1833333,3490,Pacific,0.52,symbiont-barren,non-spinose,0
V28-239,,3.25,159.1833333,3490,Pacific,0.52,symbiont-barren,spinose,0
V28-239,,3.25,159.1833333,3490,Pacific,0.52,symbiont-bearing,non-spinose,0
V28-239,,3.25,159.1833333,3490,Pacific,0.52,symbiont-bearing,spinose,0
V28-239,,3.25,159.1833333,3490,Pacific,0.52,symbiont-facultative,non-spinose,0
V28-239,,3.25,159.1833333,3490,Pacific,0.52,symbiont-facultative,spinose,0
V28-239,,3.25,159.1833333,3490,Pacific,0.52,symbiont-obligate,spinose,0
V28-239,,3.25,159.1833333,3490,Pacific,0.52,undetermined,non-spinose,0
V28-310,,25.417,125.633,,Pacific,40,symbiont-barren,non-spinose,0.0124575311438279
V28-310,,25.417,125.633,,Pacific,40,symbiont-barren,spinose,0.0883352208380521
V28-310,,25.417,125.633,,Pacific,40,symbiont-bearing,non-spinose,0
V28-310,,25.417,125.633,,Pacific,40,symbiont-bearing,spinose,0.118912797281993
V28-310,,25.417,125.633,,Pacific,40,symbiont-facultative,non-spinose,0.490373725934315
V28-310,,25.417,125.633,,Pacific,40,symbiont-facultative,spinose,0
V28-310,,25.417,125.633,,Pacific,40,symbiont-obligate,spinose,0.28312570781427
V28-310,,25.417,125.633,,Pacific,40,undetermined,non-spinose,0
V28-342 (P),,-14.1,120.5,2730,Indian,0.9,symbiont-barren,non-spinose,0.027
V28-342 (P),,-14.1,120.5,2730,Indian,0.9,symbiont-barren,spinose,0.086
V28-342 (P),,-14.1,120.5,2730,Indian,0.9,symbiont-bearing,non-spinose,0
V28-342 (P),,-14.1,120.5,2730,Indian,0.9,symbiont-bearing,spinose,0.077
V28-342 (P),,-14.1,120.5,2730,Indian,0.9,symbiont-facultative,non-spinose,0.405
V28-342 (P),,-14.1,120.5,2730,Indian,0.9,symbiont-facultative,spinose,0
V28-342 (P),,-14.1,120.5,2730,Indian,0.9,symbiont-obligate,spinose,0.405
V28-342 (P),,-14.1,120.5,2730,Indian,0.9,undetermined,non-spinose,0
V28-342 (W),,-14.1,120.5,2730,Indian,0.89,symbiont-barren,non-spinose,0
V28-342 (W),,-14.1,120.5,2730,Indian,0.89,symbiont-barren,spinose,0
V28-342 (W),,-14.1,120.5,2730,Indian,0.89,symbiont-bearing,non-spinose,0
V28-342 (W),,-14.1,120.5,2730,Indian,0.89,symbiont-bearing,spinose,0
V28-342 (W),,-14.1,120.5,2730,Indian,0.89,symbiont-facultative,non-spinose,0
V28-342 (W),,-14.1,120.5,2730,Indian,0.89,symbiont-facultative,spinose,0
V28-342 (W),,-14.1,120.5,2730,Indian,0.89,symbiont-obligate,spinose,0
V28-342 (W),,-14.1,120.5,2730,Indian,0.89,undetermined,non-spinose,0
V28-345,,-17.67,117.95,1904,Indian,0.9,symbiont-barren,non-spinose,0.054
V28-345,,-17.67,117.95,1904,Indian,0.9,symbiont-barren,spinose,0.101
V28-345,,-17.67,117.95,1904,Indian,0.9,symbiont-bearing,non-spinose,0
V28-345,,-17.67,117.95,1904,Indian,0.9,symbiont-bearing,spinose,0.067
V28-345,,-17.67,117.95,1904,Indian,0.9,symbiont-facultative,non-spinose,0.397
V28-345,,-17.67,117.95,1904,Indian,0.9,symbiont-facultative,spinose,0
V28-345,,-17.67,117.95,1904,Indian,0.9,symbiont-obligate,spinose,0.38
V28-345,,-17.67,117.95,1904,Indian,0.9,undetermined,non-spinose,0
V28-56,,68.033,-6.117,2941,North Atlantic,0.6,symbiont-barren,non-spinose,1
V28-56,,68.033,-6.117,2941,North Atlantic,0.6,symbiont-barren,spinose,0
V28-56,,68.033,-6.117,2941,North Atlantic,0.6,symbiont-bearing,non-spinose,0
V28-56,,68.033,-6.117,2941,North Atlantic,0.6,symbiont-bearing,spinose,0
V28-56,,68.033,-6.117,2941,North Atlantic,0.6,symbiont-facultative,non-spinose,0
V28-56,,68.033,-6.117,2941,North Atlantic,0.6,symbiont-facultative,spinose,0
V28-56,,68.033,-6.117,2941,North Atlantic,0.6,symbiont-obligate,spinose,0
V28-56,,68.033,-6.117,2941,North Atlantic,0.6,undetermined,non-spinose,0
V28-56,,68.033,-6.117,2941,North Atlantic,0.7,symbiont-barren,non-spinose,1
V28-56,,68.033,-6.117,2941,North Atlantic,0.7,symbiont-barren,spinose,0
V28-56,,68.033,-6.117,2941,North Atlantic,0.7,symbiont-bearing,non-spinose,0
V28-56,,68.033,-6.117,2941,North Atlantic,0.7,symbiont-bearing,spinose,0
V28-56,,68.033,-6.117,2941,North Atlantic,0.7,symbiont-facultative,non-spinose,0
V28-56,,68.033,-6.117,2941,North Atlantic,0.7,symbiont-facultative,spinose,0
V28-56,,68.033,-6.117,2941,North Atlantic,0.7,symbiont-obligate,spinose,0
V28-56,,68.033,-6.117,2941,North Atlantic,0.7,undetermined,non-spinose,0
V28-56,,68.033,-6.117,2941,North Atlantic,0.8,symbiont-barren,non-spinose,1
V28-56,,68.033,-6.117,2941,North Atlantic,0.8,symbiont-barren,spinose,0
V28-56,,68.033,-6.117,2941,North Atlantic,0.8,symbiont-bearing,non-spinose,0
V28-56,,68.033,-6.117,2941,North Atlantic,0.8,symbiont-bearing,spinose,0
V28-56,,68.033,-6.117,2941,North Atlantic,0.8,symbiont-facultative,non-spinose,0
V28-56,,68.033,-6.117,2941,North Atlantic,0.8,symbiont-facultative,spinose,0
V28-56,,68.033,-6.117,2941,North Atlantic,0.8,symbiont-obligate,spinose,0
V28-56,,68.033,-6.117,2941,North Atlantic,0.8,undetermined,non-spinose,0
V29-015,,11.95,88.733,3173,Indian,0.7,symbiont-barren,non-spinose,0.008
V29-015,,11.95,88.733,3173,Indian,0.7,symbiont-barren,spinose,0.084
V29-015,,11.95,88.733,3173,Indian,0.7,symbiont-bearing,non-spinose,0
V29-015,,11.95,88.733,3173,Indian,0.7,symbiont-bearing,spinose,0.064
V29-015,,11.95,88.733,3173,Indian,0.7,symbiont-facultative,non-spinose,0.436
V29-015,,11.95,88.733,3173,Indian,0.7,symbiont-facultative,spinose,0
V29-015,,11.95,88.733,3173,Indian,0.7,symbiont-obligate,spinose,0.338
V29-015,,11.95,88.733,3173,Indian,0.7,undetermined,non-spinose,0.07
V29-029,,5.116666667,77.58333333,2673,Indian,0.8,symbiont-barren,non-spinose,0
V29-029,,5.116666667,77.58333333,2673,Indian,0.8,symbiont-barren,spinose,0
V29-029,,5.116666667,77.58333333,2673,Indian,0.8,symbiont-bearing,non-spinose,0
V29-029,,5.116666667,77.58333333,2673,Indian,0.8,symbiont-bearing,spinose,0
V29-029,,5.116666667,77.58333333,2673,Indian,0.8,symbiont-facultative,non-spinose,0
V29-029,,5.116666667,77.58333333,2673,Indian,0.8,symbiont-facultative,spinose,0
V29-029,,5.116666667,77.58333333,2673,Indian,0.8,symbiont-obligate,spinose,0
V29-029,,5.116666667,77.58333333,2673,Indian,0.8,undetermined,non-spinose,0
V29-030,,3.083333333,76.25,3651,Indian,0.8,symbiont-barren,non-spinose,0
V29-030,,3.083333333,76.25,3651,Indian,0.8,symbiont-barren,spinose,0
V29-030,,3.083333333,76.25,3651,Indian,0.8,symbiont-bearing,non-spinose,0
V29-030,,3.083333333,76.25,3651,Indian,0.8,symbiont-bearing,spinose,0
V29-030,,3.083333333,76.25,3651,Indian,0.8,symbiont-facultative,non-spinose,0
V29-030,,3.083333333,76.25,3651,Indian,0.8,symbiont-facultative,spinose,0
V29-030,,3.083333333,76.25,3651,Indian,0.8,symbiont-obligate,spinose,0
V29-030,,3.083333333,76.25,3651,Indian,0.8,undetermined,non-spinose,0
V29-045,,-6,69.817,2860,Indian,0.4,symbiont-barren,non-spinose,0
V29-045,,-6,69.817,2860,Indian,0.4,symbiont-barren,spinose,0
V29-045,,-6,69.817,2860,Indian,0.4,symbiont-bearing,non-spinose,0
V29-045,,-6,69.817,2860,Indian,0.4,symbiont-bearing,spinose,0
V29-045,,-6,69.817,2860,Indian,0.4,symbiont-facultative,non-spinose,0
V29-045,,-6,69.817,2860,Indian,0.4,symbiont-facultative,spinose,0
V29-045,,-6,69.817,2860,Indian,0.4,symbiont-obligate,spinose,0
V29-045,,-6,69.817,2860,Indian,0.4,undetermined,non-spinose,0
V29-048,,-6.266666667,63.43333333,3882,Indian,0.2,symbiont-barren,non-spinose,0
V29-048,,-6.266666667,63.43333333,3882,Indian,0.2,symbiont-barren,spinose,0
V29-048,,-6.266666667,63.43333333,3882,Indian,0.2,symbiont-bearing,non-spinose,0
V29-048,,-6.266666667,63.43333333,3882,Indian,0.2,symbiont-bearing,spinose,0
V29-048,,-6.266666667,63.43333333,3882,Indian,0.2,symbiont-facultative,non-spinose,0
V29-048,,-6.266666667,63.43333333,3882,Indian,0.2,symbiont-facultative,spinose,0
V29-048,,-6.266666667,63.43333333,3882,Indian,0.2,symbiont-obligate,spinose,0
V29-048,,-6.266666667,63.43333333,3882,Indian,0.2,undetermined,non-spinose,0
V29-064,,-27.283,74.867,3404,Indian,0.3,symbiont-barren,non-spinose,0
V29-064,,-27.283,74.867,3404,Indian,0.3,symbiont-barren,spinose,0
V29-064,,-27.283,74.867,3404,Indian,0.3,symbiont-bearing,non-spinose,0
V29-064,,-27.283,74.867,3404,Indian,0.3,symbiont-bearing,spinose,0
V29-064,,-27.283,74.867,3404,Indian,0.3,symbiont-facultative,non-spinose,0
V29-064,,-27.283,74.867,3404,Indian,0.3,symbiont-facultative,spinose,0
V29-064,,-27.283,74.867,3404,Indian,0.3,symbiont-obligate,spinose,0
V29-064,,-27.283,74.867,3404,Indian,0.3,undetermined,non-spinose,0
V29-144,,-0.2,6.05,2685,South Atlantic,85,symbiont-barren,non-spinose,0.198952879581152
V29-144,,-0.2,6.05,2685,South Atlantic,85,symbiont-barren,spinose,0.049738219895288
V29-144,,-0.2,6.05,2685,South Atlantic,85,symbiont-bearing,non-spinose,0
V29-144,,-0.2,6.05,2685,South Atlantic,85,symbiont-bearing,spinose,0.0235602094240838
V29-144,,-0.2,6.05,2685,South Atlantic,85,symbiont-facultative,non-spinose,0.447643979057592
V29-144,,-0.2,6.05,2685,South Atlantic,85,symbiont-facultative,spinose,0
V29-144,,-0.2,6.05,2685,South Atlantic,85,symbiont-obligate,spinose,0.274869109947644
V29-144,,-0.2,6.05,2685,South Atlantic,85,undetermined,non-spinose,0
V29-172,,33.7,-29.383,3257,North Atlantic,40,symbiont-barren,non-spinose,0.350806451612903
V29-172,,33.7,-29.383,3257,North Atlantic,40,symbiont-barren,spinose,0.0120967741935484
V29-172,,33.7,-29.383,3257,North Atlantic,40,symbiont-bearing,non-spinose,0
V29-172,,33.7,-29.383,3257,North Atlantic,40,symbiont-bearing,spinose,0.0362903225806452
V29-172,,33.7,-29.383,3257,North Atlantic,40,symbiont-facultative,non-spinose,0.370967741935484
V29-172,,33.7,-29.383,3257,North Atlantic,40,symbiont-facultative,spinose,0
V29-172,,33.7,-29.383,3257,North Atlantic,40,symbiont-obligate,spinose,0.213709677419355
V29-172,,33.7,-29.383,3257,North Atlantic,40,undetermined,non-spinose,0
V29-173,,33.7,-29.383,3278,North Atlantic,25,symbiont-barren,non-spinose,0.249201277955272
V29-173,,33.7,-29.383,3278,North Atlantic,25,symbiont-barren,spinose,0.0543130990415336
V29-173,,33.7,-29.383,3278,North Atlantic,25,symbiont-bearing,non-spinose,0
V29-173,,33.7,-29.383,3278,North Atlantic,25,symbiont-bearing,spinose,0.012779552715655
V29-173,,33.7,-29.383,3278,North Atlantic,25,symbiont-facultative,non-spinose,0.319488817891374
V29-173,,33.7,-29.383,3278,North Atlantic,25,symbiont-facultative,spinose,0.00958466453674121
V29-173,,33.7,-29.383,3278,North Atlantic,25,symbiont-obligate,spinose,0.348242811501597
V29-173,,33.7,-29.383,3278,North Atlantic,25,undetermined,non-spinose,0
V29-174,,36.286,-29.352,3420,North Atlantic,40,symbiont-barren,non-spinose,0.268115942028986
V29-174,,36.286,-29.352,3420,North Atlantic,40,symbiont-barren,spinose,0.123188405797101
V29-174,,36.286,-29.352,3420,North Atlantic,40,symbiont-bearing,non-spinose,0
V29-174,,36.286,-29.352,3420,North Atlantic,40,symbiont-bearing,spinose,0
V29-174,,36.286,-29.352,3420,North Atlantic,40,symbiont-facultative,non-spinose,0.306763285024155
V29-174,,36.286,-29.352,3420,North Atlantic,40,symbiont-facultative,spinose,0
V29-174,,36.286,-29.352,3420,North Atlantic,40,symbiont-obligate,spinose,0.294685990338164
V29-174,,36.286,-29.352,3420,North Atlantic,40,undetermined,non-spinose,0
V29-177,,41.534,-25.701,3391,North Atlantic,42,symbiont-barren,non-spinose,0.363095238095238
V29-177,,41.534,-25.701,3391,North Atlantic,42,symbiont-barren,spinose,0.319444444444444
V29-177,,41.534,-25.701,3391,North Atlantic,42,symbiont-bearing,non-spinose,0
V29-177,,41.534,-25.701,3391,North Atlantic,42,symbiont-bearing,spinose,0.00198412698412698
V29-177,,41.534,-25.701,3391,North Atlantic,42,symbiont-facultative,non-spinose,0.275793650793651
V29-177,,41.534,-25.701,3391,North Atlantic,42,symbiont-facultative,spinose,0
V29-177,,41.534,-25.701,3391,North Atlantic,42,symbiont-obligate,spinose,0.0396825396825397
V29-177,,41.534,-25.701,3391,North Atlantic,42,undetermined,non-spinose,0
V29-178,,42.836,-25.15,3448,North Atlantic,49,symbiont-barren,non-spinose,0.479381443298969
V29-178,,42.836,-25.15,3448,North Atlantic,49,symbiont-barren,spinose,0.337628865979382
V29-178,,42.836,-25.15,3448,North Atlantic,49,symbiont-bearing,non-spinose,0
V29-178,,42.836,-25.15,3448,North Atlantic,49,symbiont-bearing,spinose,0
V29-178,,42.836,-25.15,3448,North Atlantic,49,symbiont-facultative,non-spinose,0.167525773195876
V29-178,,42.836,-25.15,3448,North Atlantic,49,symbiont-facultative,spinose,0
V29-178,,42.836,-25.15,3448,North Atlantic,49,symbiont-obligate,spinose,0.0154639175257732
V29-178,,42.836,-25.15,3448,North Atlantic,49,undetermined,non-spinose,0
V29-179,,44.017,-24.53,3331,North Atlantic,0.87,symbiont-barren,non-spinose,0.623
V29-179,,44.017,-24.53,3331,North Atlantic,0.87,symbiont-barren,spinose,0.21
V29-179,,44.017,-24.53,3331,North Atlantic,0.87,symbiont-bearing,non-spinose,0
V29-179,,44.017,-24.53,3331,North Atlantic,0.87,symbiont-bearing,spinose,0
V29-179,,44.017,-24.53,3331,North Atlantic,0.87,symbiont-facultative,non-spinose,0.147
V29-179,,44.017,-24.53,3331,North Atlantic,0.87,symbiont-facultative,spinose,0
V29-179,,44.017,-24.53,3331,North Atlantic,0.87,symbiont-obligate,spinose,0.018
V29-179,,44.017,-24.53,3331,North Atlantic,0.87,undetermined,non-spinose,0
V29-179,,44.017,-24.53,3331,North Atlantic,1.01,symbiont-barren,non-spinose,0.549
V29-179,,44.017,-24.53,3331,North Atlantic,1.01,symbiont-barren,spinose,0.28
V29-179,,44.017,-24.53,3331,North Atlantic,1.01,symbiont-bearing,non-spinose,0
V29-179,,44.017,-24.53,3331,North Atlantic,1.01,symbiont-bearing,spinose,0
V29-179,,44.017,-24.53,3331,North Atlantic,1.01,symbiont-facultative,non-spinose,0.146
V29-179,,44.017,-24.53,3331,North Atlantic,1.01,symbiont-facultative,spinose,0
V29-179,,44.017,-24.53,3331,North Atlantic,1.01,symbiont-obligate,spinose,0.024
V29-179,,44.017,-24.53,3331,North Atlantic,1.01,undetermined,non-spinose,0
V29-180,,45.301,-23.868,3179,North Atlantic,58,symbiont-barren,non-spinose,0.63821892393321
V29-180,,45.301,-23.868,3179,North Atlantic,58,symbiont-barren,spinose,0.272727272727273
V29-180,,45.301,-23.868,3179,North Atlantic,58,symbiont-bearing,non-spinose,0
V29-180,,45.301,-23.868,3179,North Atlantic,58,symbiont-bearing,spinose,0
V29-180,,45.301,-23.868,3179,North Atlantic,58,symbiont-facultative,non-spinose,0.0760667903525046
V29-180,,45.301,-23.868,3179,North Atlantic,58,symbiont-facultative,spinose,0
V29-180,,45.301,-23.868,3179,North Atlantic,58,symbiont-obligate,spinose,0.012987012987013
V29-180,,45.301,-23.868,3179,North Atlantic,58,undetermined,non-spinose,0
V30-036,,5.35,-27.317,4245,North Atlantic,40,symbiont-barren,non-spinose,0.135509833275754
V30-036,,5.35,-27.317,4245,North Atlantic,40,symbiont-barren,spinose,0.0474773841055366
V30-036,,5.35,-27.317,4245,North Atlantic,40,symbiont-bearing,non-spinose,0
V30-036,,5.35,-27.317,4245,North Atlantic,40,symbiont-bearing,spinose,0.00820825816027536
V30-036,,5.35,-27.317,4245,North Atlantic,40,symbiont-facultative,non-spinose,0.297256663211905
V30-036,,5.35,-27.317,4245,North Atlantic,40,symbiont-facultative,spinose,0
V30-036,,5.35,-27.317,4245,North Atlantic,40,undetermined,non-spinose,0
V30-041K,,0.217,-23.067,3874,North Atlantic,44.5,symbiont-barren,non-spinose,0.407202216066482
V30-041K,,0.217,-23.067,3874,North Atlantic,44.5,symbiont-barren,spinose,0.0858725761772853
V30-041K,,0.217,-23.067,3874,North Atlantic,44.5,symbiont-bearing,non-spinose,0
V30-041K,,0.217,-23.067,3874,North Atlantic,44.5,symbiont-bearing,spinose,0.0332409972299169
V30-041K,,0.217,-23.067,3874,North Atlantic,44.5,symbiont-facultative,non-spinose,0.307479224376731
V30-041K,,0.217,-23.067,3874,North Atlantic,44.5,symbiont-facultative,spinose,0.0110803324099723
V30-041K,,0.217,-23.067,3874,North Atlantic,44.5,symbiont-obligate,spinose,0.130193905817175
V30-041K,,0.217,-23.067,3874,North Atlantic,44.5,undetermined,non-spinose,0.0166204986149585
V30-051K,,19.867,-19.917,3409,North Atlantic,54,symbiont-barren,non-spinose,0.375
V30-051K,,19.867,-19.917,3409,North Atlantic,54,symbiont-barren,spinose,0.253378378378378
V30-051K,,19.867,-19.917,3409,North Atlantic,54,symbiont-bearing,non-spinose,0
V30-051K,,19.867,-19.917,3409,North Atlantic,54,symbiont-bearing,spinose,0.00337837837837838
V30-051K,,19.867,-19.917,3409,North Atlantic,54,symbiont-facultative,non-spinose,0.266891891891892
V30-051K,,19.867,-19.917,3409,North Atlantic,54,symbiont-facultative,spinose,0
V30-051K,,19.867,-19.917,3409,North Atlantic,54,symbiont-obligate,spinose,0.0878378378378378
V30-051K,,19.867,-19.917,3409,North Atlantic,54,undetermined,non-spinose,0
V30-096,,39.933,-33.133,3188,North Atlantic,63,symbiont-barren,non-spinose,0.318181818181818
V30-096,,39.933,-33.133,3188,North Atlantic,63,symbiont-barren,spinose,0.301136363636364
V30-096,,39.933,-33.133,3188,North Atlantic,63,symbiont-bearing,non-spinose,0
V30-096,,39.933,-33.133,3188,North Atlantic,63,symbiont-bearing,spinose,0
V30-096,,39.933,-33.133,3188,North Atlantic,63,symbiont-facultative,non-spinose,0.306818181818182
V30-096,,39.933,-33.133,3188,North Atlantic,63,symbiont-facultative,spinose,0
V30-096,,39.933,-33.133,3188,North Atlantic,63,symbiont-obligate,spinose,0.0738636363636364
V30-096,,39.933,-33.133,3188,North Atlantic,63,undetermined,non-spinose,0
V30-099,,43.15,-32.45,3594,North Atlantic,32,symbiont-barren,non-spinose,0.362862010221465
V30-099,,43.15,-32.45,3594,North Atlantic,32,symbiont-barren,spinose,0.385008517887564
V30-099,,43.15,-32.45,3594,North Atlantic,32,symbiont-bearing,non-spinose,0
V30-099,,43.15,-32.45,3594,North Atlantic,32,symbiont-bearing,spinose,0
V30-099,,43.15,-32.45,3594,North Atlantic,32,symbiont-facultative,non-spinose,0.207836456558773
V30-099,,43.15,-32.45,3594,North Atlantic,32,symbiont-facultative,spinose,0
V30-099,,43.15,-32.45,3594,North Atlantic,32,symbiont-obligate,spinose,0.0442930153321976
V30-099,,43.15,-32.45,3594,North Atlantic,32,undetermined,non-spinose,0
V30-100,,44.1,-32.5,3519,North Atlantic,65,symbiont-barren,non-spinose,0.529715762273902
V30-100,,44.1,-32.5,3519,North Atlantic,65,symbiont-barren,spinose,0.338501291989664
V30-100,,44.1,-32.5,3519,North Atlantic,65,symbiont-bearing,non-spinose,0
V30-100,,44.1,-32.5,3519,North Atlantic,65,symbiont-bearing,spinose,0
V30-100,,44.1,-32.5,3519,North Atlantic,65,symbiont-facultative,non-spinose,0.121447028423773
V30-100,,44.1,-32.5,3519,North Atlantic,65,symbiont-facultative,spinose,0
V30-100,,44.1,-32.5,3519,North Atlantic,65,symbiont-obligate,spinose,0.0129198966408269
V30-100,,44.1,-32.5,3519,North Atlantic,65,undetermined,non-spinose,0
V30-40,,-0.2,-23.15,3706,South Atlantic,0.48,symbiont-barren,non-spinose,0.242
V30-40,,-0.2,-23.15,3706,South Atlantic,0.48,symbiont-barren,spinose,0.051
V30-40,,-0.2,-23.15,3706,South Atlantic,0.48,symbiont-bearing,non-spinose,0
V30-40,,-0.2,-23.15,3706,South Atlantic,0.48,symbiont-bearing,spinose,0.011
V30-40,,-0.2,-23.15,3706,South Atlantic,0.48,symbiont-facultative,non-spinose,0.302
V30-40,,-0.2,-23.15,3706,South Atlantic,0.48,symbiont-facultative,spinose,0.003
V30-40,,-0.2,-23.15,3706,South Atlantic,0.48,symbiont-obligate,spinose,0.391
V30-40,,-0.2,-23.15,3706,South Atlantic,0.48,undetermined,non-spinose,0
V30-40,,-0.2,-23.15,3706,South Atlantic,0.51,symbiont-barren,non-spinose,0.33
V30-40,,-0.2,-23.15,3706,South Atlantic,0.51,symbiont-barren,spinose,0.055
V30-40,,-0.2,-23.15,3706,South Atlantic,0.51,symbiont-bearing,non-spinose,0
V30-40,,-0.2,-23.15,3706,South Atlantic,0.51,symbiont-bearing,spinose,0
V30-40,,-0.2,-23.15,3706,South Atlantic,0.51,symbiont-facultative,non-spinose,0.291
V30-40,,-0.2,-23.15,3706,South Atlantic,0.51,symbiont-facultative,spinose,0
V30-40,,-0.2,-23.15,3706,South Atlantic,0.51,symbiont-obligate,spinose,0.323
V30-40,,-0.2,-23.15,3706,South Atlantic,0.51,undetermined,non-spinose,0
V30-40,,-0.2,-23.15,3706,South Atlantic,0.54,symbiont-barren,non-spinose,0.288
V30-40,,-0.2,-23.15,3706,South Atlantic,0.54,symbiont-barren,spinose,0.069
V30-40,,-0.2,-23.15,3706,South Atlantic,0.54,symbiont-bearing,non-spinose,0
V30-40,,-0.2,-23.15,3706,South Atlantic,0.54,symbiont-bearing,spinose,0.01
V30-40,,-0.2,-23.15,3706,South Atlantic,0.54,symbiont-facultative,non-spinose,0.368
V30-40,,-0.2,-23.15,3706,South Atlantic,0.54,symbiont-facultative,spinose,0.002
V30-40,,-0.2,-23.15,3706,South Atlantic,0.54,symbiont-obligate,spinose,0.258
V30-40,,-0.2,-23.15,3706,South Atlantic,0.54,undetermined,non-spinose,0
V30-40,,-0.2,-23.15,3706,South Atlantic,0.57,symbiont-barren,non-spinose,0.298
V30-40,,-0.2,-23.15,3706,South Atlantic,0.57,symbiont-barren,spinose,0.071
V30-40,,-0.2,-23.15,3706,South Atlantic,0.57,symbiont-bearing,non-spinose,0
V30-40,,-0.2,-23.15,3706,South Atlantic,0.57,symbiont-bearing,spinose,0.005
V30-40,,-0.2,-23.15,3706,South Atlantic,0.57,symbiont-facultative,non-spinose,0.33
V30-40,,-0.2,-23.15,3706,South Atlantic,0.57,symbiont-facultative,spinose,0
V30-40,,-0.2,-23.15,3706,South Atlantic,0.57,symbiont-obligate,spinose,0.29
V30-40,,-0.2,-23.15,3706,South Atlantic,0.57,undetermined,non-spinose,0
V30-40,,-0.2,-23.15,3706,South Atlantic,0.6,symbiont-barren,non-spinose,0.385
V30-40,,-0.2,-23.15,3706,South Atlantic,0.6,symbiont-barren,spinose,0.092
V30-40,,-0.2,-23.15,3706,South Atlantic,0.6,symbiont-bearing,non-spinose,0
V30-40,,-0.2,-23.15,3706,South Atlantic,0.6,symbiont-bearing,spinose,0.005
V30-40,,-0.2,-23.15,3706,South Atlantic,0.6,symbiont-facultative,non-spinose,0.325
V30-40,,-0.2,-23.15,3706,South Atlantic,0.6,symbiont-facultative,spinose,0
V30-40,,-0.2,-23.15,3706,South Atlantic,0.6,symbiont-obligate,spinose,0.192
V30-40,,-0.2,-23.15,3706,South Atlantic,0.6,undetermined,non-spinose,0
V30-40,,-0.2,-23.15,3706,South Atlantic,0.63,symbiont-barren,non-spinose,0.331
V30-40,,-0.2,-23.15,3706,South Atlantic,0.63,symbiont-barren,spinose,0.066
V30-40,,-0.2,-23.15,3706,South Atlantic,0.63,symbiont-bearing,non-spinose,0
V30-40,,-0.2,-23.15,3706,South Atlantic,0.63,symbiont-bearing,spinose,0.003
V30-40,,-0.2,-23.15,3706,South Atlantic,0.63,symbiont-facultative,non-spinose,0.362
V30-40,,-0.2,-23.15,3706,South Atlantic,0.63,symbiont-facultative,spinose,0
V30-40,,-0.2,-23.15,3706,South Atlantic,0.63,symbiont-obligate,spinose,0.232
V30-40,,-0.2,-23.15,3706,South Atlantic,0.63,undetermined,non-spinose,0
V30-49,,18.433,-21.08,3093,North Atlantic,0.64,symbiont-barren,non-spinose,0.277
V30-49,,18.433,-21.08,3093,North Atlantic,0.64,symbiont-barren,spinose,0.263
V30-49,,18.433,-21.08,3093,North Atlantic,0.64,symbiont-bearing,non-spinose,0
V30-49,,18.433,-21.08,3093,North Atlantic,0.64,symbiont-bearing,spinose,0.012
V30-49,,18.433,-21.08,3093,North Atlantic,0.64,symbiont-facultative,non-spinose,0.31
V30-49,,18.433,-21.08,3093,North Atlantic,0.64,symbiont-facultative,spinose,0
V30-49,,18.433,-21.08,3093,North Atlantic,0.64,symbiont-obligate,spinose,0.139
V30-49,,18.433,-21.08,3093,North Atlantic,0.64,undetermined,non-spinose,0
V30-49,,18.433,-21.08,3093,North Atlantic,0.68,symbiont-barren,non-spinose,0.206
V30-49,,18.433,-21.08,3093,North Atlantic,0.68,symbiont-barren,spinose,0.194
V30-49,,18.433,-21.08,3093,North Atlantic,0.68,symbiont-bearing,non-spinose,0
V30-49,,18.433,-21.08,3093,North Atlantic,0.68,symbiont-bearing,spinose,0.03
V30-49,,18.433,-21.08,3093,North Atlantic,0.68,symbiont-facultative,non-spinose,0.414
V30-49,,18.433,-21.08,3093,North Atlantic,0.68,symbiont-facultative,spinose,0
V30-49,,18.433,-21.08,3093,North Atlantic,0.68,symbiont-obligate,spinose,0.156
V30-49,,18.433,-21.08,3093,North Atlantic,0.68,undetermined,non-spinose,0
V30-49,,18.433,-21.08,3093,North Atlantic,0.72,symbiont-barren,non-spinose,0.179
V30-49,,18.433,-21.08,3093,North Atlantic,0.72,symbiont-barren,spinose,0.238
V30-49,,18.433,-21.08,3093,North Atlantic,0.72,symbiont-bearing,non-spinose,0
V30-49,,18.433,-21.08,3093,North Atlantic,0.72,symbiont-bearing,spinose,0.015
V30-49,,18.433,-21.08,3093,North Atlantic,0.72,symbiont-facultative,non-spinose,0.414
V30-49,,18.433,-21.08,3093,North Atlantic,0.72,symbiont-facultative,spinose,0
V30-49,,18.433,-21.08,3093,North Atlantic,0.72,symbiont-obligate,spinose,0.151
V30-49,,18.433,-21.08,3093,North Atlantic,0.72,undetermined,non-spinose,0
V30-49,,18.433,-21.08,3093,North Atlantic,0.76,symbiont-barren,non-spinose,0.16
V30-49,,18.433,-21.08,3093,North Atlantic,0.76,symbiont-barren,spinose,0.255
V30-49,,18.433,-21.08,3093,North Atlantic,0.76,symbiont-bearing,non-spinose,0
V30-49,,18.433,-21.08,3093,North Atlantic,0.76,symbiont-bearing,spinose,0.008
V30-49,,18.433,-21.08,3093,North Atlantic,0.76,symbiont-facultative,non-spinose,0.458
V30-49,,18.433,-21.08,3093,North Atlantic,0.76,symbiont-facultative,spinose,0
V30-49,,18.433,-21.08,3093,North Atlantic,0.76,symbiont-obligate,spinose,0.117
V30-49,,18.433,-21.08,3093,North Atlantic,0.76,undetermined,non-spinose,0
V32-008,,34.783,-32.417,3252,North Atlantic,76,symbiont-barren,non-spinose,0.238213399503722
V32-008,,34.783,-32.417,3252,North Atlantic,76,symbiont-barren,spinose,0.0818858560794045
V32-008,,34.783,-32.417,3252,North Atlantic,76,symbiont-bearing,non-spinose,0
V32-008,,34.783,-32.417,3252,North Atlantic,76,symbiont-bearing,spinose,0.00992555831265509
V32-008,,34.783,-32.417,3252,North Atlantic,76,symbiont-facultative,non-spinose,0.387096774193548
V32-008,,34.783,-32.417,3252,North Atlantic,76,symbiont-facultative,spinose,0.00248138957816377
V32-008,,34.783,-32.417,3252,North Atlantic,76,symbiont-obligate,spinose,0.280397022332506
V32-008,,34.783,-32.417,3252,North Atlantic,76,undetermined,non-spinose,0
V32-128,,36.467,177.167,,Pacific,32,symbiont-barren,non-spinose,0.517857142857143
V32-128,,36.467,177.167,,Pacific,32,symbiont-barren,spinose,0.189484126984127
V32-128,,36.467,177.167,,Pacific,32,symbiont-bearing,non-spinose,0
V32-128,,36.467,177.167,,Pacific,32,symbiont-bearing,spinose,0
V32-128,,36.467,177.167,,Pacific,32,symbiont-facultative,non-spinose,0.257936507936508
V32-128,,36.467,177.167,,Pacific,32,symbiont-facultative,spinose,0
V32-128,,36.467,177.167,,Pacific,32,symbiont-obligate,spinose,0.0168650793650794
V32-128,,36.467,177.167,,Pacific,32,undetermined,non-spinose,0.00694444444444444
V33-065,,-22.73333333,112.5833333,1692,Indian,0.4,symbiont-barren,non-spinose,0
V33-065,,-22.73333333,112.5833333,1692,Indian,0.4,symbiont-barren,spinose,0
V33-065,,-22.73333333,112.5833333,1692,Indian,0.4,symbiont-bearing,non-spinose,0
V33-065,,-22.73333333,112.5833333,1692,Indian,0.4,symbiont-bearing,spinose,0
V33-065,,-22.73333333,112.5833333,1692,Indian,0.4,symbiont-facultative,non-spinose,0
V33-065,,-22.73333333,112.5833333,1692,Indian,0.4,symbiont-facultative,spinose,0
V33-065,,-22.73333333,112.5833333,1692,Indian,0.4,symbiont-obligate,spinose,0
V33-065,,-22.73333333,112.5833333,1692,Indian,0.4,undetermined,non-spinose,0
V34-087,,13.273,57.348,2144,Indian,1,symbiont-barren,non-spinose,0.016
V34-087,,13.273,57.348,2144,Indian,1,symbiont-barren,spinose,0.25
V34-087,,13.273,57.348,2144,Indian,1,symbiont-bearing,non-spinose,0
V34-087,,13.273,57.348,2144,Indian,1,symbiont-bearing,spinose,0.03
V34-087,,13.273,57.348,2144,Indian,1,symbiont-facultative,non-spinose,0.302
V34-087,,13.273,57.348,2144,Indian,1,symbiont-facultative,spinose,0
V34-087,,13.273,57.348,2144,Indian,1,symbiont-obligate,spinose,0.401
V34-087,,13.273,57.348,2144,Indian,1,undetermined,non-spinose,0
V34-088,,16.54,59.755,2171,Indian,1,symbiont-barren,non-spinose,0.027
V34-088,,16.54,59.755,2171,Indian,1,symbiont-barren,spinose,0.231
V34-088,,16.54,59.755,2171,Indian,1,symbiont-bearing,non-spinose,0
V34-088,,16.54,59.755,2171,Indian,1,symbiont-bearing,spinose,0.07
V34-088,,16.54,59.755,2171,Indian,1,symbiont-facultative,non-spinose,0.316
V34-088,,16.54,59.755,2171,Indian,1,symbiont-facultative,spinose,0
V34-088,,16.54,59.755,2171,Indian,1,symbiont-obligate,spinose,0.356
V34-088,,16.54,59.755,2171,Indian,1,undetermined,non-spinose,0
V34-091,,20.937,64.033,3393,Indian,0.7,symbiont-barren,non-spinose,0.019
V34-091,,20.937,64.033,3393,Indian,0.7,symbiont-barren,spinose,0.171
V34-091,,20.937,64.033,3393,Indian,0.7,symbiont-bearing,non-spinose,0
V34-091,,20.937,64.033,3393,Indian,0.7,symbiont-bearing,spinose,0.016
V34-091,,20.937,64.033,3393,Indian,0.7,symbiont-facultative,non-spinose,0.266
V34-091,,20.937,64.033,3393,Indian,0.7,symbiont-facultative,spinose,0
V34-091,,20.937,64.033,3393,Indian,0.7,symbiont-obligate,spinose,0.526
V34-091,,20.937,64.033,3393,Indian,0.7,undetermined,non-spinose,0
V34-092,,21.148,65.118,3166,Indian,0.85,symbiont-barren,non-spinose,0
V34-092,,21.148,65.118,3166,Indian,0.85,symbiont-barren,spinose,0.039
V34-092,,21.148,65.118,3166,Indian,0.85,symbiont-bearing,non-spinose,0
V34-092,,21.148,65.118,3166,Indian,0.85,symbiont-bearing,spinose,0.008
V34-092,,21.148,65.118,3166,Indian,0.85,symbiont-facultative,non-spinose,0.104
V34-092,,21.148,65.118,3166,Indian,0.85,symbiont-facultative,spinose,0
V34-092,,21.148,65.118,3166,Indian,0.85,symbiont-obligate,spinose,0.848
V34-092,,21.148,65.118,3166,Indian,0.85,undetermined,non-spinose,0
V34-101,,17.488,67.423,3038,Indian,0.4,symbiont-barren,non-spinose,0.012
V34-101,,17.488,67.423,3038,Indian,0.4,symbiont-barren,spinose,0.054
V34-101,,17.488,67.423,3038,Indian,0.4,symbiont-bearing,non-spinose,0
V34-101,,17.488,67.423,3038,Indian,0.4,symbiont-bearing,spinose,0.026
V34-101,,17.488,67.423,3038,Indian,0.4,symbiont-facultative,non-spinose,0.294
V34-101,,17.488,67.423,3038,Indian,0.4,symbiont-facultative,spinose,0
V34-101,,17.488,67.423,3038,Indian,0.4,symbiont-obligate,spinose,0.613
V34-101,,17.488,67.423,3038,Indian,0.4,undetermined,non-spinose,0
V34-109,,19.733,66.083,2742,Indian,0.8,symbiont-barren,non-spinose,0.011
V34-109,,19.733,66.083,2742,Indian,0.8,symbiont-barren,spinose,0.058
V34-109,,19.733,66.083,2742,Indian,0.8,symbiont-bearing,non-spinose,0
V34-109,,19.733,66.083,2742,Indian,0.8,symbiont-bearing,spinose,0.031
V34-109,,19.733,66.083,2742,Indian,0.8,symbiont-facultative,non-spinose,0.256
V34-109,,19.733,66.083,2742,Indian,0.8,symbiont-facultative,spinose,0
V34-109,,19.733,66.083,2742,Indian,0.8,symbiont-obligate,spinose,0.644
V34-109,,19.733,66.083,2742,Indian,0.8,undetermined,non-spinose,0
V34-111,,17.617,63.883,3623,Indian,0.6,symbiont-barren,non-spinose,0.022
V34-111,,17.617,63.883,3623,Indian,0.6,symbiont-barren,spinose,0.053
V34-111,,17.617,63.883,3623,Indian,0.6,symbiont-bearing,non-spinose,0
V34-111,,17.617,63.883,3623,Indian,0.6,symbiont-bearing,spinose,0.025
V34-111,,17.617,63.883,3623,Indian,0.6,symbiont-facultative,non-spinose,0.276
V34-111,,17.617,63.883,3623,Indian,0.6,symbiont-facultative,spinose,0
V34-111,,17.617,63.883,3623,Indian,0.6,symbiont-obligate,spinose,0.626
V34-111,,17.617,63.883,3623,Indian,0.6,undetermined,non-spinose,0
VNTRO1-8,,0.033,-110.483,,Pacific,41,symbiont-barren,non-spinose,0.229979466119097
VNTRO1-8,,0.033,-110.483,,Pacific,41,symbiont-barren,spinose,0.0513347022587269
VNTRO1-8,,0.033,-110.483,,Pacific,41,symbiont-bearing,non-spinose,0
VNTRO1-8,,0.033,-110.483,,Pacific,41,symbiont-bearing,spinose,0.00205338809034908
VNTRO1-8,,0.033,-110.483,,Pacific,41,symbiont-facultative,non-spinose,0.64476386036961
VNTRO1-8,,0.033,-110.483,,Pacific,41,symbiont-facultative,spinose,0
VNTRO1-8,,0.033,-110.483,,Pacific,41,symbiont-obligate,spinose,0.0677618069815195
VNTRO1-8,,0.033,-110.483,,Pacific,41,undetermined,non-spinose,0.00410677618069815
W8709A-01BC,,41.54,-131.96,3680,Pacific,21,symbiont-barren,non-spinose,0.678
W8709A-01BC,,41.54,-131.96,3680,Pacific,21,symbiont-barren,spinose,0.275
W8709A-01BC,,41.54,-131.96,3680,Pacific,21,symbiont-bearing,non-spinose,0
W8709A-01BC,,41.54,-131.96,3680,Pacific,21,symbiont-bearing,spinose,0
W8709A-01BC,,41.54,-131.96,3680,Pacific,21,symbiont-facultative,non-spinose,0.047
W8709A-01BC,,41.54,-131.96,3680,Pacific,21,symbiont-facultative,spinose,0
W8709A-01BC,,41.54,-131.96,3680,Pacific,21,symbiont-obligate,spinose,0.002
W8709A-01BC,,41.54,-131.96,3680,Pacific,21,undetermined,non-spinose,0
W8709A-08PC,,42.26,-127.68,3111,Pacific,22,symbiont-barren,non-spinose,0.59
W8709A-08PC,,42.26,-127.68,3111,Pacific,22,symbiont-barren,spinose,0.308
W8709A-08PC,,42.26,-127.68,3111,Pacific,22,symbiont-bearing,non-spinose,0
W8709A-08PC,,42.26,-127.68,3111,Pacific,22,symbiont-bearing,spinose,0
W8709A-08PC,,42.26,-127.68,3111,Pacific,22,symbiont-facultative,non-spinose,0.093
W8709A-08PC,,42.26,-127.68,3111,Pacific,22,symbiont-facultative,spinose,0
W8709A-08PC,,42.26,-127.68,3111,Pacific,22,symbiont-obligate,spinose,0.011
W8709A-08PC,,42.26,-127.68,3111,Pacific,22,undetermined,non-spinose,0
W8709A-13PC,,42.12,-125.75,2717,Pacific,275,symbiont-barren,non-spinose,0.552
W8709A-13PC,,42.12,-125.75,2717,Pacific,275,symbiont-barren,spinose,0.396
W8709A-13PC,,42.12,-125.75,2717,Pacific,275,symbiont-bearing,non-spinose,0
W8709A-13PC,,42.12,-125.75,2717,Pacific,275,symbiont-bearing,spinose,0
W8709A-13PC,,42.12,-125.75,2717,Pacific,275,symbiont-facultative,non-spinose,0.053
W8709A-13PC,,42.12,-125.75,2717,Pacific,275,symbiont-facultative,spinose,0
W8709A-13PC,,42.12,-125.75,2717,Pacific,275,symbiont-obligate,spinose,0
W8709A-13PC,,42.12,-125.75,2717,Pacific,275,undetermined,non-spinose,0
W8809A-21GC,,42.14,-126.91,2799,Pacific,140,symbiont-barren,non-spinose,0.59
W8809A-21GC,,42.14,-126.91,2799,Pacific,140,symbiont-barren,spinose,0.311
W8809A-21GC,,42.14,-126.91,2799,Pacific,140,symbiont-bearing,non-spinose,0
W8809A-21GC,,42.14,-126.91,2799,Pacific,140,symbiont-bearing,spinose,0
W8809A-21GC,,42.14,-126.91,2799,Pacific,140,symbiont-facultative,non-spinose,0.096
W8809A-21GC,,42.14,-126.91,2799,Pacific,140,symbiont-facultative,spinose,0
W8809A-21GC,,42.14,-126.91,2799,Pacific,140,symbiont-obligate,spinose,0
W8809A-21GC,,42.14,-126.91,2799,Pacific,140,undetermined,non-spinose,0
W8809A-29GC,,41.8,-129,3136,Pacific,156,symbiont-barren,non-spinose,0.424
W8809A-29GC,,41.8,-129,3136,Pacific,156,symbiont-barren,spinose,0.525
W8809A-29GC,,41.8,-129,3136,Pacific,156,symbiont-bearing,non-spinose,0
W8809A-29GC,,41.8,-129,3136,Pacific,156,symbiont-bearing,spinose,0
W8809A-29GC,,41.8,-129,3136,Pacific,156,symbiont-facultative,non-spinose,0.05
W8809A-29GC,,41.8,-129,3136,Pacific,156,symbiont-facultative,spinose,0
W8809A-29GC,,41.8,-129,3136,Pacific,156,symbiont-obligate,spinose,0
W8809A-29GC,,41.8,-129,3136,Pacific,156,undetermined,non-spinose,0
W8809A-31GC,,41.68,-130.01,3136,Pacific,15,symbiont-barren,non-spinose,0.451
W8809A-31GC,,41.68,-130.01,3136,Pacific,15,symbiont-barren,spinose,0.475
W8809A-31GC,,41.68,-130.01,3136,Pacific,15,symbiont-bearing,non-spinose,0
W8809A-31GC,,41.68,-130.01,3136,Pacific,15,symbiont-bearing,spinose,0
W8809A-31GC,,41.68,-130.01,3136,Pacific,15,symbiont-facultative,non-spinose,0.063
W8809A-31GC,,41.68,-130.01,3136,Pacific,15,symbiont-facultative,spinose,0
W8809A-31GC,,41.68,-130.01,3136,Pacific,15,symbiont-obligate,spinose,0.009
W8809A-31GC,,41.68,-130.01,3136,Pacific,15,undetermined,non-spinose,0
W8809A-53GC,,42.75,-126.26,2408,Pacific,168,symbiont-barren,non-spinose,0.436
W8809A-53GC,,42.75,-126.26,2408,Pacific,168,symbiont-barren,spinose,0.479
W8809A-53GC,,42.75,-126.26,2408,Pacific,168,symbiont-bearing,non-spinose,0
W8809A-53GC,,42.75,-126.26,2408,Pacific,168,symbiont-bearing,spinose,0
W8809A-53GC,,42.75,-126.26,2408,Pacific,168,symbiont-facultative,non-spinose,0.083
W8809A-53GC,,42.75,-126.26,2408,Pacific,168,symbiont-facultative,spinose,0
W8809A-53GC,,42.75,-126.26,2408,Pacific,168,symbiont-obligate,spinose,0
W8809A-53GC,,42.75,-126.26,2408,Pacific,168,undetermined,non-spinose,0
W8909A-48GC,,41.33,-132.67,3670,Pacific,17,symbiont-barren,non-spinose,0.615
W8909A-48GC,,41.33,-132.67,3670,Pacific,17,symbiont-barren,spinose,0.334
W8909A-48GC,,41.33,-132.67,3670,Pacific,17,symbiont-bearing,non-spinose,0
W8909A-48GC,,41.33,-132.67,3670,Pacific,17,symbiont-bearing,spinose,0
W8909A-48GC,,41.33,-132.67,3670,Pacific,17,symbiont-facultative,non-spinose,0.038
W8909A-48GC,,41.33,-132.67,3670,Pacific,17,symbiont-facultative,spinose,0
W8909A-48GC,,41.33,-132.67,3670,Pacific,17,symbiont-obligate,spinose,0.006
W8909A-48GC,,41.33,-132.67,3670,Pacific,17,undetermined,non-spinose,0
W8909A-57GC,,41.58,-130.62,3330,Pacific,22,symbiont-barren,non-spinose,0.406
W8909A-57GC,,41.58,-130.62,3330,Pacific,22,symbiont-barren,spinose,0.499
W8909A-57GC,,41.58,-130.62,3330,Pacific,22,symbiont-bearing,non-spinose,0
W8909A-57GC,,41.58,-130.62,3330,Pacific,22,symbiont-bearing,spinose,0
W8909A-57GC,,41.58,-130.62,3330,Pacific,22,symbiont-facultative,non-spinose,0.089
W8909A-57GC,,41.58,-130.62,3330,Pacific,22,symbiont-facultative,spinose,0
W8909A-57GC,,41.58,-130.62,3330,Pacific,22,symbiont-obligate,spinose,0.006
W8909A-57GC,,41.58,-130.62,3330,Pacific,22,undetermined,non-spinose,0
Y69-106p,,2.983,-86.55,,Pacific,30,symbiont-barren,non-spinose,0.116838487972509
Y69-106p,,2.983,-86.55,,Pacific,30,symbiont-barren,spinose,0.134020618556701
Y69-106p,,2.983,-86.55,,Pacific,30,symbiont-bearing,non-spinose,0
Y69-106p,,2.983,-86.55,,Pacific,30,symbiont-bearing,spinose,0.0206185567010309
Y69-106p,,2.983,-86.55,,Pacific,30,symbiont-facultative,non-spinose,0.604810996563574
Y69-106p,,2.983,-86.55,,Pacific,30,symbiont-facultative,spinose,0.00343642611683849
Y69-106p,,2.983,-86.55,,Pacific,30,symbiont-obligate,spinose,0.103092783505155
Y69-106p,,2.983,-86.55,,Pacific,30,undetermined,non-spinose,0.0171821305841924
Y69-71P,,0.1,-86.483,,Pacific,180,symbiont-barren,non-spinose,0.0818181818181818
Y69-71P,,0.1,-86.483,,Pacific,180,symbiont-barren,spinose,0.203030303030303
Y69-71P,,0.1,-86.483,,Pacific,180,symbiont-bearing,non-spinose,0
Y69-71P,,0.1,-86.483,,Pacific,180,symbiont-bearing,spinose,0.00303030303030303
Y69-71P,,0.1,-86.483,,Pacific,180,symbiont-facultative,non-spinose,0.654545454545455
Y69-71P,,0.1,-86.483,,Pacific,180,symbiont-facultative,spinose,0
Y69-71P,,0.1,-86.483,,Pacific,180,symbiont-obligate,spinose,0.0575757575757576
Y69-71P,,0.1,-86.483,,Pacific,180,undetermined,non-spinose,0
Y71-3-2,,7.167,-85.15,,Pacific,20,symbiont-barren,non-spinose,0.0129032258064516
Y71-3-2,,7.167,-85.15,,Pacific,20,symbiont-barren,spinose,0.112903225806452
Y71-3-2,,7.167,-85.15,,Pacific,20,symbiont-bearing,non-spinose,0
Y71-3-2,,7.167,-85.15,,Pacific,20,symbiont-bearing,spinose,0
Y71-3-2,,7.167,-85.15,,Pacific,20,symbiont-facultative,non-spinose,0.735483870967742
Y71-3-2,,7.167,-85.15,,Pacific,20,symbiont-facultative,spinose,0
Y71-3-2,,7.167,-85.15,,Pacific,20,symbiont-obligate,spinose,0.138709677419355
Y71-3-2,,7.167,-85.15,,Pacific,20,undetermined,non-spinose,0
Y71-6-12,,-16.443,-77.563,,Pacific,46,symbiont-barren,non-spinose,0.201474201474201
Y71-6-12,,-16.443,-77.563,,Pacific,46,symbiont-barren,spinose,0.272727272727273
Y71-6-12,,-16.443,-77.563,,Pacific,46,symbiont-bearing,non-spinose,0
Y71-6-12,,-16.443,-77.563,,Pacific,46,symbiont-bearing,spinose,0.00737100737100737
Y71-6-12,,-16.443,-77.563,,Pacific,46,symbiont-facultative,non-spinose,0.447174447174447
Y71-6-12,,-16.443,-77.563,,Pacific,46,symbiont-facultative,spinose,0
Y71-6-12,,-16.443,-77.563,,Pacific,46,symbiont-obligate,spinose,0.0614250614250614
Y71-6-12,,-16.443,-77.563,,Pacific,46,undetermined,non-spinose,0.00737100737100737
Y71-6-12,,-16.443,-77.563,,Pacific,49,symbiont-barren,non-spinose,0.295252225519288
Y71-6-12,,-16.443,-77.563,,Pacific,49,symbiont-barren,spinose,0.157270029673591
Y71-6-12,,-16.443,-77.563,,Pacific,49,symbiont-bearing,non-spinose,0
Y71-6-12,,-16.443,-77.563,,Pacific,49,symbiont-bearing,spinose,0
Y71-6-12,,-16.443,-77.563,,Pacific,49,symbiont-facultative,non-spinose,0.508902077151335
Y71-6-12,,-16.443,-77.563,,Pacific,49,symbiont-facultative,spinose,0
Y71-6-12,,-16.443,-77.563,,Pacific,49,symbiont-obligate,spinose,0.029673590504451
Y71-6-12,,-16.443,-77.563,,Pacific,49,undetermined,non-spinose,0.00445103857566766
Y71-6-12,,-16.443,-77.563,,Pacific,50,symbiont-barren,non-spinose,0.31637519872814
Y71-6-12,,-16.443,-77.563,,Pacific,50,symbiont-barren,spinose,0.16852146263911
Y71-6-12,,-16.443,-77.563,,Pacific,50,symbiont-bearing,non-spinose,0
Y71-6-12,,-16.443,-77.563,,Pacific,50,symbiont-bearing,spinose,0
Y71-6-12,,-16.443,-77.563,,Pacific,50,symbiont-facultative,non-spinose,0.473767885532591
Y71-6-12,,-16.443,-77.563,,Pacific,50,symbiont-facultative,spinose,0
Y71-6-12,,-16.443,-77.563,,Pacific,50,symbiont-obligate,spinose,0.0317965023847377
Y71-6-12,,-16.443,-77.563,,Pacific,50,undetermined,non-spinose,0.00476947535771065
Y71-6-12,,-16.443,-77.563,,Pacific,56,symbiont-barren,non-spinose,0.2
Y71-6-12,,-16.443,-77.563,,Pacific,56,symbiont-barren,spinose,0.136363636363636
Y71-6-12,,-16.443,-77.563,,Pacific,56,symbiont-bearing,non-spinose,0
Y71-6-12,,-16.443,-77.563,,Pacific,56,symbiont-bearing,spinose,0.00909090909090909
Y71-6-12,,-16.443,-77.563,,Pacific,56,symbiont-facultative,non-spinose,0.581818181818182
Y71-6-12,,-16.443,-77.563,,Pacific,56,symbiont-facultative,spinose,0
Y71-6-12,,-16.443,-77.563,,Pacific,56,symbiont-obligate,spinose,0.0606060606060606
Y71-6-12,,-16.443,-77.563,,Pacific,56,undetermined,non-spinose,0.00606060606060606
Z2108,,-33.3765,161.6125,1448,Pacific,0.75,symbiont-barren,non-spinose,0
Z2108,,-33.3765,161.6125,1448,Pacific,0.75,symbiont-barren,spinose,0
Z2108,,-33.3765,161.6125,1448,Pacific,0.75,symbiont-bearing,non-spinose,0
Z2108,,-33.3765,161.6125,1448,Pacific,0.75,symbiont-bearing,spinose,0
Z2108,,-33.3765,161.6125,1448,Pacific,0.75,symbiont-facultative,non-spinose,0
Z2108,,-33.3765,161.6125,1448,Pacific,0.75,symbiont-facultative,spinose,0
Z2108,,-33.3765,161.6125,1448,Pacific,0.75,symbiont-obligate,spinose,0
Z2108,,-33.3765,161.6125,1448,Pacific,0.75,undetermined,non-spinose,0
Z2112,,-33.53,166.53,2858,Pacific,0.935,symbiont-barren,non-spinose,0
Z2112,,-33.53,166.53,2858,Pacific,0.935,symbiont-barren,spinose,0
Z2112,,-33.53,166.53,2858,Pacific,0.935,symbiont-bearing,non-spinose,0
Z2112,,-33.53,166.53,2858,Pacific,0.935,symbiont-bearing,spinose,0
Z2112,,-33.53,166.53,2858,Pacific,0.935,symbiont-facultative,non-spinose,0
Z2112,,-33.53,166.53,2858,Pacific,0.935,symbiont-facultative,spinose,0
Z2112,,-33.53,166.53,2858,Pacific,0.935,symbiont-obligate,spinose,0
Z2112,,-33.53,166.53,2858,Pacific,0.935,undetermined,non-spinose,0
y71-9-101,,-6.383,-106.933,,Pacific,63,symbiont-barren,non-spinose,0.0328947368421053
y71-9-101,,-6.383,-106.933,,Pacific,63,symbiont-barren,spinose,0.0526315789473684
y71-9-101,,-6.383,-106.933,,Pacific,63,symbiont-bearing,non-spinose,0
y71-9-101,,-6.383,-106.933,,Pacific,63,symbiont-bearing,spinose,0
y71-9-101,,-6.383,-106.933,,Pacific,63,symbiont-facultative,non-spinose,0.766447368421053
y71-9-101,,-6.383,-106.933,,Pacific,63,symbiont-facultative,spinose,0
y71-9-101,,-6.383,-106.933,,Pacific,63,symbiont-obligate,spinose,0.148026315789474
y71-9-101,,-6.383,-106.933,,Pacific,63,undetermined,non-spinose,0
